[1,["11c345c6a@6c48a"],["_textureSource"],["cc.SpriteFrame","cc.SpriteAtlas"],0,[[[{"name":"btn_hall_vip","rect":{"x":905,"y":273,"width":93,"height":98},"offset":{"x":0,"y":0},"originalSize":{"width":93,"height":98},"rotated":true,"capInsets":[0,0,0,0],"packable":true,"pixelsToUnit":100,"pivot":{"x":0.5,"y":0.5},"meshType":0}],[0],0,[0],[0],[0]],[[{"name":"sokt_close","rect":{"x":282,"y":299,"width":60,"height":64},"offset":{"x":0,"y":0},"originalSize":{"width":64,"height":64},"rotated":false,"capInsets":[0,0,0,0],"packable":true,"pixelsToUnit":100,"pivot":{"x":0.5,"y":0.5},"meshType":0}],[0],0,[0],[0],[0]],[[{"name":"bg_you","rect":{"x":3,"y":140,"width":205,"height":750},"offset":{"x":8.5,"y":0},"originalSize":{"width":222,"height":750},"rotated":false,"capInsets":[0,0,0,0],"packable":true,"pixelsToUnit":100,"pivot":{"x":0.5,"y":0.5},"meshType":0}],[0],0,[0],[0],[0]],[[{"name":"word_hall_pertama","rect":{"x":907,"y":3,"width":103,"height":25},"offset":{"x":0,"y":0},"originalSize":{"width":107,"height":29},"rotated":false,"capInsets":[0,0,0,0],"packable":true,"pixelsToUnit":100,"pivot":{"x":0.5,"y":0.5},"meshType":0}],[0],0,[0],[0],[0]],[[{"name":"btn_type_other1","rect":{"x":368,"y":883,"width":132,"height":39},"offset":{"x":-0.5,"y":0},"originalSize":{"width":133,"height":39},"rotated":true,"capInsets":[0,0,0,0],"packable":true,"pixelsToUnit":100,"pivot":{"x":0.5,"y":0.5},"meshType":0}],[0],0,[0],[0],[0]],[[{"name":"panel_hall_head","rect":{"x":230,"y":139,"width":341,"height":154},"offset":{"x":0,"y":0},"originalSize":{"width":341,"height":154},"rotated":false,"capInsets":[0,0,0,0],"packable":true,"pixelsToUnit":100,"pivot":{"x":0.5,"y":0.5},"meshType":0}],[0],0,[0],[0],[0]],[[{"name":"img_hall_kuang","rect":{"x":589,"y":61,"width":310,"height":284},"offset":{"x":0.5,"y":0.5},"originalSize":{"width":311,"height":285},"rotated":false,"capInsets":[0,0,0,0],"packable":true,"pixelsToUnit":100,"pivot":{"x":0.5,"y":0.5},"meshType":0}],[0],0,[0],[0],[0]],[[{"name":"btn_dt_share_copy","rect":{"x":635,"y":883,"width":25,"height":26},"offset":{"x":0,"y":0},"originalSize":{"width":25,"height":26},"rotated":true,"capInsets":[0,0,0,0],"packable":true,"pixelsToUnit":100,"pivot":{"x":0.5,"y":0.5},"meshType":0}],[0],0,[0],[0],[0]],[[{"name":"btn_hall_head","rect":{"x":907,"y":34,"width":100,"height":100},"offset":{"x":0,"y":0},"originalSize":{"width":100,"height":100},"rotated":false,"capInsets":[0,0,0,0],"packable":true,"pixelsToUnit":100,"pivot":{"x":0.5,"y":0.5},"meshType":0}],[0],0,[0],[0],[0]],[[{"name":"Download","rect":{"x":168,"y":896,"width":98,"height":56},"offset":{"x":0,"y":0},"originalSize":{"width":98,"height":56},"rotated":true,"capInsets":[0,0,0,0],"packable":true,"pixelsToUnit":100,"pivot":{"x":0.5,"y":0.5},"meshType":0}],[0],0,[0],[0],[0]],[[{"name":"btn_hall_head2","rect":{"x":905,"y":169,"width":98,"height":98},"offset":{"x":0,"y":0},"originalSize":{"width":98,"height":98},"rotated":false,"capInsets":[0,0,0,0],"packable":true,"pixelsToUnit":100,"pivot":{"x":0.5,"y":0.5},"meshType":0}],[0],0,[0],[0],[0]],[[{"name":"word_hall_promosi","rect":{"x":957,"y":908,"width":97,"height":26},"offset":{"x":0,"y":0},"originalSize":{"width":101,"height":30},"rotated":true,"capInsets":[0,0,0,0],"packable":true,"pixelsToUnit":100,"pivot":{"x":0.5,"y":0.5},"meshType":0}],[0],0,[0],[0],[0]],[[{"name":"btn_type_all2","rect":{"x":348,"y":299,"width":216,"height":52},"offset":{"x":0,"y":0},"originalSize":{"width":216,"height":52},"rotated":false,"capInsets":[0,0,0,0],"packable":true,"pixelsToUnit":100,"pivot":{"x":0.5,"y":0.5},"meshType":0}],[0],0,[0],[0],[0]],[[{"name":"sokt_retry","rect":{"x":214,"y":299,"width":62,"height":64},"offset":{"x":0,"y":0},"originalSize":{"width":64,"height":64},"rotated":false,"capInsets":[0,0,0,0],"packable":true,"pixelsToUnit":100,"pivot":{"x":0.5,"y":0.5},"meshType":0}],[0],0,[0],[0],[0]],[[{"name":"img_hall_ad4","rect":{"x":675,"y":686,"width":309,"height":276},"offset":{"x":0,"y":0},"originalSize":{"width":309,"height":276},"rotated":true,"capInsets":[0,0,0,0],"packable":true,"pixelsToUnit":100,"pivot":{"x":0.5,"y":0.5},"meshType":0}],[0],0,[0],[0],[0]],[[{"name":"btn_hall_toko","rect":{"x":3,"y":896,"width":159,"height":120},"offset":{"x":-3,"y":0},"originalSize":{"width":165,"height":120},"rotated":false,"capInsets":[0,0,0,0],"packable":true,"pixelsToUnit":100,"pivot":{"x":0.5,"y":0.5},"meshType":0}],[0],0,[0],[0],[0]],[[{"name":"icon_uncheck","rect":{"x":168,"y":1000,"width":14,"height":14},"offset":{"x":0,"y":0},"originalSize":{"width":14,"height":14},"rotated":false,"capInsets":[0,0,0,0],"packable":true,"pixelsToUnit":100,"pivot":{"x":0.5,"y":0.5},"meshType":0}],[0],0,[0],[0],[0]],[[{"name":"download_jindu","rect":{"x":1013,"y":34,"width":88,"height":6},"offset":{"x":0,"y":0},"originalSize":{"width":88,"height":6},"rotated":true,"capInsets":[0,0,0,0],"packable":true,"pixelsToUnit":100,"pivot":{"x":0.5,"y":0.5},"meshType":0}],[0],0,[0],[0],[0]],[[{"name":"panel_type_bg","rect":{"x":3,"y":3,"width":898,"height":52},"offset":{"x":0,"y":0},"originalSize":{"width":898,"height":52},"rotated":false,"capInsets":[0,0,0,0],"packable":true,"pixelsToUnit":100,"pivot":{"x":0.5,"y":0.5},"meshType":0}],[0],0,[0],[0],[0]],[[{"name":"auto_hall","spriteFrames":[]}],[1],0,[],[],[]],[[{"name":"btn_type_slots2","rect":{"x":957,"y":686,"width":216,"height":52},"offset":{"x":0,"y":0},"originalSize":{"width":216,"height":52},"rotated":true,"capInsets":[0,0,0,0],"packable":true,"pixelsToUnit":100,"pivot":{"x":0.5,"y":0.5},"meshType":0}],[0],0,[0],[0],[0]],[[{"name":"word_tips_cancel","rect":{"x":905,"y":140,"width":99,"height":23},"offset":{"x":0,"y":0},"originalSize":{"width":99,"height":23},"rotated":false,"capInsets":[0,0,0,0],"packable":true,"pixelsToUnit":100,"pivot":{"x":0.5,"y":0.5},"meshType":0}],[0],0,[0],[0],[0]],[[{"name":"bg_dating_gonggaoban","rect":{"x":675,"y":372,"width":338,"height":308},"offset":{"x":0.5,"y":3.5},"originalSize":{"width":339,"height":317},"rotated":false,"capInsets":[0,0,0,0],"packable":true,"pixelsToUnit":100,"pivot":{"x":0.5,"y":0.5},"meshType":0}],[0],0,[0],[0],[0]],[[{"name":"btn_type_domino2","rect":{"x":413,"y":883,"width":216,"height":52},"offset":{"x":0,"y":0},"originalSize":{"width":216,"height":52},"rotated":false,"capInsets":[0,0,0,0],"packable":true,"pixelsToUnit":100,"pivot":{"x":0.5,"y":0.5},"meshType":0}],[0],0,[0],[0],[0]],[[{"name":"bg_rukou_vipnew","rect":{"x":230,"y":883,"width":132,"height":134},"offset":{"x":0,"y":0.5},"originalSize":{"width":144,"height":147},"rotated":false,"capInsets":[0,0,0,0],"packable":true,"pixelsToUnit":100,"pivot":{"x":0.5,"y":0.5},"meshType":0}],[0],0,[0],[0],[0]],[[{"name":"word_hall_rabat","rect":{"x":591,"y":941,"width":74,"height":27},"offset":{"x":0,"y":0},"originalSize":{"width":78,"height":31},"rotated":false,"capInsets":[0,0,0,0],"packable":true,"pixelsToUnit":100,"pivot":{"x":0.5,"y":0.5},"meshType":0}],[0],0,[0],[0],[0]],[[{"name":"icon_gold","rect":{"x":591,"y":974,"width":37,"height":36},"offset":{"x":0.5,"y":0},"originalSize":{"width":38,"height":40},"rotated":true,"capInsets":[0,0,0,0],"packable":true,"pixelsToUnit":100,"pivot":{"x":0.5,"y":0.5},"meshType":0}],[0],0,[0],[0],[0]],[[{"name":"bg_zuozo","rect":{"x":214,"y":372,"width":455,"height":505},"offset":{"x":-0.5,"y":-13.5},"originalSize":{"width":456,"height":532},"rotated":false,"capInsets":[0,0,0,0],"packable":true,"pixelsToUnit":100,"pivot":{"x":0.5,"y":0.5},"meshType":0}],[0],0,[0],[0],[0]],[[{"name":"word_remind_content","rect":{"x":3,"y":61,"width":580,"height":72},"offset":{"x":0,"y":0},"originalSize":{"width":580,"height":72},"rotated":false,"capInsets":[0,0,0,0],"packable":true,"pixelsToUnit":100,"pivot":{"x":0.5,"y":0.5},"meshType":0}],[0],0,[0],[0],[0]],[[{"name":"btn_type_all1","rect":{"x":989,"y":908,"width":75,"height":31},"offset":{"x":0,"y":0},"originalSize":{"width":77,"height":33},"rotated":true,"capInsets":[0,0,0,0],"packable":true,"pixelsToUnit":100,"pivot":{"x":0.5,"y":0.5},"meshType":0}],[0],0,[0],[0],[0]],[[{"name":"btn_hall_bank","rect":{"x":413,"y":941,"width":79,"height":83},"offset":{"x":0,"y":0},"originalSize":{"width":79,"height":83},"rotated":true,"capInsets":[0,0,0,0],"packable":true,"pixelsToUnit":100,"pivot":{"x":0.5,"y":0.5},"meshType":0}],[0],0,[0],[0],[0]],[[{"name":"icon_check","rect":{"x":989,"y":989,"width":28,"height":28},"offset":{"x":0,"y":0},"originalSize":{"width":30,"height":30},"rotated":false,"capInsets":[0,0,0,0],"packable":true,"pixelsToUnit":100,"pivot":{"x":0.5,"y":0.5},"meshType":0}],[0],0,[0],[0],[0]],[[{"name":"btn_hall_service","rect":{"x":502,"y":941,"width":79,"height":83},"offset":{"x":0,"y":0},"originalSize":{"width":79,"height":83},"rotated":true,"capInsets":[0,0,0,0],"packable":true,"pixelsToUnit":100,"pivot":{"x":0.5,"y":0.5},"meshType":0}],[0],0,[0],[0],[0]]]]
