{"type":"cc.ImageAsset","data":[[1,0,0,["cc.ImageAsset"],0,[{"fmt":"0","w":0,"h":0},-1],[0],0,[],[],[]],[1,0,0,["cc.ImageAsset"],0,[{"fmt":"0","w":0,"h":0},-1],[0],0,[],[],[]],[1,0,0,["cc.ImageAsset"],0,[{"fmt":"0","w":0,"h":0},-1],[0],0,[],[],[]],[1,0,0,["cc.ImageAsset"],0,[{"fmt":"0","w":736,"h":956},-1],[0],0,[],[],[]],[1,0,0,["cc.ImageAsset"],0,[{"fmt":"0","w":999,"h":1023},-1],[0],0,[],[],[]],[1,0,0,["cc.ImageAsset"],0,[{"fmt":"0","w":707,"h":841},-1],[0],0,[],[],[]],[1,0,0,["cc.ImageAsset"],0,[{"fmt":"0","w":796,"h":791},-1],[0],0,[],[],[]],[1,0,0,["cc.ImageAsset"],0,[{"fmt":"0","w":720,"h":712},-1],[0],0,[],[],[]],[1,0,0,["cc.ImageAsset"],0,[{"fmt":"0","w":1024,"h":1024},-1],[0],0,[],[],[]],[1,0,0,["cc.ImageAsset"],0,[{"fmt":"0","w":438,"h":1022},-1],[0],0,[],[],[]],[1,0,0,["cc.ImageAsset"],0,[{"fmt":"0","w":384,"h":373},-1],[0],0,[],[],[]],[1,0,0,["cc.ImageAsset"],0,[{"fmt":"0","w":0,"h":0},-1],[0],0,[],[],[]],[1,0,0,["cc.ImageAsset"],0,[{"fmt":"0","w":1020,"h":509},-1],[0],0,[],[],[]],[1,0,0,["cc.ImageAsset"],0,[{"fmt":"0","w":0,"h":0},-1],[0],0,[],[],[]],[1,0,0,["cc.ImageAsset"],0,[{"fmt":"0","w":0,"h":0},-1],[0],0,[],[],[]],[1,0,0,["cc.ImageAsset"],0,[{"fmt":"0","w":0,"h":0},-1],[0],0,[],[],[]],[1,0,0,["cc.ImageAsset"],0,[{"fmt":"0","w":0,"h":0},-1],[0],0,[],[],[]],[1,0,0,["cc.ImageAsset"],0,[{"fmt":"0","w":0,"h":0},-1],[0],0,[],[],[]],[1,0,0,["cc.ImageAsset"],0,[{"fmt":"0","w":0,"h":0},-1],[0],0,[],[],[]],[1,0,0,["cc.ImageAsset"],0,[{"fmt":"0","w":0,"h":0},-1],[0],0,[],[],[]],[1,0,0,["cc.ImageAsset"],0,[{"fmt":"0","w":0,"h":0},-1],[0],0,[],[],[]],[1,0,0,["cc.ImageAsset"],0,[{"fmt":"0","w":0,"h":0},-1],[0],0,[],[],[]],[1,0,0,["cc.ImageAsset"],0,[{"fmt":"0","w":0,"h":0},-1],[0],0,[],[],[]],[1,0,0,["cc.ImageAsset"],0,[{"fmt":"0","w":0,"h":0},-1],[0],0,[],[],[]],[1,0,0,["cc.ImageAsset"],0,[{"fmt":"0","w":0,"h":0},-1],[0],0,[],[],[]],[1,0,0,["cc.ImageAsset"],0,[{"fmt":"0","w":0,"h":0},-1],[0],0,[],[],[]],[1,0,0,["cc.ImageAsset"],0,[{"fmt":"0","w":0,"h":0},-1],[0],0,[],[],[]],[1,0,0,["cc.ImageAsset"],0,[{"fmt":"0","w":0,"h":0},-1],[0],0,[],[],[]],[1,0,0,["cc.ImageAsset"],0,[{"fmt":"0","w":0,"h":0},-1],[0],0,[],[],[]],[1,0,0,["cc.ImageAsset"],0,[{"fmt":"0","w":0,"h":0},-1],[0],0,[],[],[]],[1,0,0,["cc.ImageAsset"],0,[{"fmt":"0","w":0,"h":0},-1],[0],0,[],[],[]],[1,0,0,["cc.ImageAsset"],0,[{"fmt":"0","w":0,"h":0},-1],[0],0,[],[],[]],[1,0,0,["cc.ImageAsset"],0,[{"fmt":"0","w":0,"h":0},-1],[0],0,[],[],[]],[1,0,0,["cc.ImageAsset"],0,[{"fmt":"0","w":0,"h":0},-1],[0],0,[],[],[]],[1,0,0,["cc.ImageAsset"],0,[{"fmt":"0","w":0,"h":0},-1],[0],0,[],[],[]],[1,0,0,["cc.ImageAsset"],0,[{"fmt":"0","w":0,"h":0},-1],[0],0,[],[],[]],[1,0,0,["cc.ImageAsset"],0,[{"fmt":"0","w":0,"h":0},-1],[0],0,[],[],[]],[1,0,0,["cc.ImageAsset"],0,[{"fmt":"0","w":0,"h":0},-1],[0],0,[],[],[]],[1,0,0,["cc.ImageAsset"],0,[{"fmt":"0","w":0,"h":0},-1],[0],0,[],[],[]],[1,0,0,["cc.ImageAsset"],0,[{"fmt":"0","w":0,"h":0},-1],[0],0,[],[],[]],[1,0,0,["cc.ImageAsset"],0,[{"fmt":"0","w":0,"h":0},-1],[0],0,[],[],[]],[1,0,0,["cc.ImageAsset"],0,[{"fmt":"0","w":0,"h":0},-1],[0],0,[],[],[]],[1,0,0,["cc.ImageAsset"],0,[{"fmt":"0","w":0,"h":0},-1],[0],0,[],[],[]],[1,0,0,["cc.ImageAsset"],0,[{"fmt":"0","w":0,"h":0},-1],[0],0,[],[],[]],[1,0,0,["cc.ImageAsset"],0,[{"fmt":"0","w":0,"h":0},-1],[0],0,[],[],[]],[1,0,0,["cc.ImageAsset"],0,[{"fmt":"1","w":0,"h":0},-1],[0],0,[],[],[]],[1,0,0,["cc.ImageAsset"],0,[{"fmt":"0","w":0,"h":0},-1],[0],0,[],[],[]],[1,0,0,["cc.ImageAsset"],0,[{"fmt":"0","w":0,"h":0},-1],[0],0,[],[],[]],[1,0,0,["cc.ImageAsset"],0,[{"fmt":"0","w":0,"h":0},-1],[0],0,[],[],[]],[1,0,0,["cc.ImageAsset"],0,[{"fmt":"0","w":0,"h":0},-1],[0],0,[],[],[]],[1,0,0,["cc.ImageAsset"],0,[{"fmt":"0","w":1023,"h":1023},-1],[0],0,[],[],[]],[1,0,0,["cc.ImageAsset"],0,[{"fmt":"0","w":0,"h":0},-1],[0],0,[],[],[]],[1,0,0,["cc.ImageAsset"],0,[{"fmt":"0","w":0,"h":0},-1],[0],0,[],[],[]],[1,0,0,["cc.ImageAsset"],0,[{"fmt":"0","w":0,"h":0},-1],[0],0,[],[],[]],[1,0,0,["cc.ImageAsset"],0,[{"fmt":"0","w":64,"h":744},-1],[0],0,[],[],[]],[1,0,0,["cc.ImageAsset"],0,[{"fmt":"0","w":988,"h":979},-1],[0],0,[],[],[]],[1,0,0,["cc.ImageAsset"],0,[{"fmt":"0","w":0,"h":0},-1],[0],0,[],[],[]],[1,0,0,["cc.ImageAsset"],0,[{"fmt":"0","w":1008,"h":811},-1],[0],0,[],[],[]],[1,0,0,["cc.ImageAsset"],0,[{"fmt":"0","w":0,"h":0},-1],[0],0,[],[],[]],[1,0,0,["cc.ImageAsset"],0,[{"fmt":"0","w":0,"h":0},-1],[0],0,[],[],[]],[1,0,0,["cc.ImageAsset"],0,[{"fmt":"0","w":0,"h":0},-1],[0],0,[],[],[]],[1,0,0,["cc.ImageAsset"],0,[{"fmt":"0","w":0,"h":0},-1],[0],0,[],[],[]],[1,0,0,["cc.ImageAsset"],0,[{"fmt":"0","w":90,"h":678},-1],[0],0,[],[],[]],[1,0,0,["cc.ImageAsset"],0,[{"fmt":"0","w":820,"h":674},-1],[0],0,[],[],[]],[1,0,0,["cc.ImageAsset"],0,[{"fmt":"1","w":0,"h":0},-1],[0],0,[],[],[]],[1,0,0,["cc.ImageAsset"],0,[{"fmt":"0","w":0,"h":0},-1],[0],0,[],[],[]],[1,0,0,["cc.ImageAsset"],0,[{"fmt":"0","w":0,"h":0},-1],[0],0,[],[],[]],[1,0,0,["cc.ImageAsset"],0,[{"fmt":"0","w":0,"h":0},-1],[0],0,[],[],[]],[1,0,0,["cc.ImageAsset"],0,[{"fmt":"0","w":0,"h":0},-1],[0],0,[],[],[]],[1,0,0,["cc.ImageAsset"],0,[{"fmt":"0","w":0,"h":0},-1],[0],0,[],[],[]],[1,0,0,["cc.ImageAsset"],0,[{"fmt":"0","w":0,"h":0},-1],[0],0,[],[],[]],[1,0,0,["cc.ImageAsset"],0,[{"fmt":"0","w":0,"h":0},-1],[0],0,[],[],[]],[1,0,0,["cc.ImageAsset"],0,[{"fmt":"0","w":0,"h":0},-1],[0],0,[],[],[]],[1,0,0,["cc.ImageAsset"],0,[{"fmt":"0","w":0,"h":0},-1],[0],0,[],[],[]],[1,0,0,["cc.ImageAsset"],0,[{"fmt":"0","w":0,"h":0},-1],[0],0,[],[],[]],[1,0,0,["cc.ImageAsset"],0,[{"fmt":"0","w":0,"h":0},-1],[0],0,[],[],[]],[1,0,0,["cc.ImageAsset"],0,[{"fmt":"0","w":0,"h":0},-1],[0],0,[],[],[]],[1,0,0,["cc.ImageAsset"],0,[{"fmt":"0","w":0,"h":0},-1],[0],0,[],[],[]],[1,0,0,["cc.ImageAsset"],0,[{"fmt":"0","w":0,"h":0},-1],[0],0,[],[],[]],[1,0,0,["cc.ImageAsset"],0,[{"fmt":"0","w":0,"h":0},-1],[0],0,[],[],[]],[1,0,0,["cc.ImageAsset"],0,[{"fmt":"0","w":0,"h":0},-1],[0],0,[],[],[]],[1,0,0,["cc.ImageAsset"],0,[{"fmt":"0","w":0,"h":0},-1],[0],0,[],[],[]],[1,0,0,["cc.ImageAsset"],0,[{"fmt":"0","w":0,"h":0},-1],[0],0,[],[],[]],[1,0,0,["cc.ImageAsset"],0,[{"fmt":"0","w":0,"h":0},-1],[0],0,[],[],[]],[1,0,0,["cc.ImageAsset"],0,[{"fmt":"0","w":0,"h":0},-1],[0],0,[],[],[]],[1,0,0,["cc.ImageAsset"],0,[{"fmt":"0","w":0,"h":0},-1],[0],0,[],[],[]],[1,0,0,["cc.ImageAsset"],0,[{"fmt":"0","w":0,"h":0},-1],[0],0,[],[],[]],[1,0,0,["cc.ImageAsset"],0,[{"fmt":"0","w":1024,"h":1024},-1],[0],0,[],[],[]],[1,0,0,["cc.ImageAsset"],0,[{"fmt":"0","w":90,"h":798},-1],[0],0,[],[],[]],[1,0,0,["cc.ImageAsset"],0,[{"fmt":"0","w":312,"h":1006},-1],[0],0,[],[],[]],[1,0,0,["cc.ImageAsset"],0,[{"fmt":"0","w":0,"h":0},-1],[0],0,[],[],[]],[1,0,0,["cc.ImageAsset"],0,[{"fmt":"0","w":1023,"h":1023},-1],[0],0,[],[],[]],[1,0,0,["cc.ImageAsset"],0,[{"fmt":"0","w":1024,"h":1023},-1],[0],0,[],[],[]],[1,0,0,["cc.ImageAsset"],0,[{"fmt":"0","w":988,"h":1011},-1],[0],0,[],[],[]],[1,0,0,["cc.ImageAsset"],0,[{"fmt":"0","w":0,"h":0},-1],[0],0,[],[],[]],[1,0,0,["cc.ImageAsset"],0,[{"fmt":"0","w":0,"h":0},-1],[0],0,[],[],[]],[1,0,0,["cc.ImageAsset"],0,[{"fmt":"0","w":0,"h":0},-1],[0],0,[],[],[]],[1,0,0,["cc.ImageAsset"],0,[{"fmt":"0","w":0,"h":0},-1],[0],0,[],[],[]],[1,0,0,["cc.ImageAsset"],0,[{"fmt":"0","w":0,"h":0},-1],[0],0,[],[],[]],[1,0,0,["cc.ImageAsset"],0,[{"fmt":"0","w":0,"h":0},-1],[0],0,[],[],[]],[1,0,0,["cc.ImageAsset"],0,[{"fmt":"1","w":0,"h":0},-1],[0],0,[],[],[]],[1,0,0,["cc.ImageAsset"],0,[{"fmt":"0","w":0,"h":0},-1],[0],0,[],[],[]],[1,0,0,["cc.ImageAsset"],0,[{"fmt":"0","w":0,"h":0},-1],[0],0,[],[],[]],[1,0,0,["cc.ImageAsset"],0,[{"fmt":"0","w":0,"h":0},-1],[0],0,[],[],[]],[1,0,0,["cc.ImageAsset"],0,[{"fmt":"0","w":0,"h":0},-1],[0],0,[],[],[]],[1,0,0,["cc.ImageAsset"],0,[{"fmt":"0","w":0,"h":0},-1],[0],0,[],[],[]],[1,0,0,["cc.ImageAsset"],0,[{"fmt":"0","w":0,"h":0},-1],[0],0,[],[],[]],[1,0,0,["cc.ImageAsset"],0,[{"fmt":"0","w":0,"h":0},-1],[0],0,[],[],[]],[1,0,0,["cc.ImageAsset"],0,[{"fmt":"0","w":0,"h":0},-1],[0],0,[],[],[]],[1,0,0,["cc.ImageAsset"],0,[{"fmt":"0","w":0,"h":0},-1],[0],0,[],[],[]],[1,0,0,["cc.ImageAsset"],0,[{"fmt":"0","w":0,"h":0},-1],[0],0,[],[],[]],[1,0,0,["cc.ImageAsset"],0,[{"fmt":"0","w":1022,"h":1023},-1],[0],0,[],[],[]],[1,0,0,["cc.ImageAsset"],0,[{"fmt":"0","w":0,"h":0},-1],[0],0,[],[],[]],[1,0,0,["cc.ImageAsset"],0,[{"fmt":"0","w":0,"h":0},-1],[0],0,[],[],[]],[1,0,0,["cc.ImageAsset"],0,[{"fmt":"0","w":0,"h":0},-1],[0],0,[],[],[]],[1,0,0,["cc.ImageAsset"],0,[{"fmt":"1","w":0,"h":0},-1],[0],0,[],[],[]],[1,0,0,["cc.ImageAsset"],0,[{"fmt":"0","w":0,"h":0},-1],[0],0,[],[],[]],[1,0,0,["cc.ImageAsset"],0,[{"fmt":"0","w":0,"h":0},-1],[0],0,[],[],[]],[1,0,0,["cc.ImageAsset"],0,[{"fmt":"0","w":0,"h":0},-1],[0],0,[],[],[]],[1,0,0,["cc.ImageAsset"],0,[{"fmt":"0","w":253,"h":836},-1],[0],0,[],[],[]],[1,0,0,["cc.ImageAsset"],0,[{"fmt":"0","w":831,"h":831},-1],[0],0,[],[],[]],[1,0,0,["cc.ImageAsset"],0,[{"fmt":"0","w":687,"h":972},-1],[0],0,[],[],[]],[1,0,0,["cc.ImageAsset"],0,[{"fmt":"0","w":0,"h":0},-1],[0],0,[],[],[]],[1,0,0,["cc.ImageAsset"],0,[{"fmt":"0","w":0,"h":0},-1],[0],0,[],[],[]],[1,0,0,["cc.ImageAsset"],0,[{"fmt":"0","w":0,"h":0},-1],[0],0,[],[],[]],[1,0,0,["cc.ImageAsset"],0,[{"fmt":"0","w":0,"h":0},-1],[0],0,[],[],[]],[1,0,0,["cc.ImageAsset"],0,[{"fmt":"0","w":0,"h":0},-1],[0],0,[],[],[]],[1,0,0,["cc.ImageAsset"],0,[{"fmt":"0","w":206,"h":1024},-1],[0],0,[],[],[]],[1,0,0,["cc.ImageAsset"],0,[{"fmt":"0","w":1024,"h":1022},-1],[0],0,[],[],[]],[1,0,0,["cc.ImageAsset"],0,[{"fmt":"0","w":0,"h":0},-1],[0],0,[],[],[]],[1,0,0,["cc.ImageAsset"],0,[{"fmt":"0","w":0,"h":0},-1],[0],0,[],[],[]],[1,0,0,["cc.ImageAsset"],0,[{"fmt":"0","w":0,"h":0},-1],[0],0,[],[],[]],[1,0,0,["cc.ImageAsset"],0,[{"fmt":"0","w":239,"h":608},-1],[0],0,[],[],[]],[1,0,0,["cc.ImageAsset"],0,[{"fmt":"0","w":0,"h":0},-1],[0],0,[],[],[]],[1,0,0,["cc.ImageAsset"],0,[{"fmt":"0","w":0,"h":0},-1],[0],0,[],[],[]],[1,0,0,["cc.ImageAsset"],0,[{"fmt":"0","w":0,"h":0},-1],[0],0,[],[],[]],[1,0,0,["cc.ImageAsset"],0,[{"fmt":"0","w":0,"h":0},-1],[0],0,[],[],[]],[1,0,0,["cc.ImageAsset"],0,[{"fmt":"0","w":0,"h":0},-1],[0],0,[],[],[]],[1,0,0,["cc.ImageAsset"],0,[{"fmt":"0","w":0,"h":0},-1],[0],0,[],[],[]],[1,0,0,["cc.ImageAsset"],0,[{"fmt":"0","w":0,"h":0},-1],[0],0,[],[],[]],[1,0,0,["cc.ImageAsset"],0,[{"fmt":"0","w":0,"h":0},-1],[0],0,[],[],[]],[1,0,0,["cc.ImageAsset"],0,[{"fmt":"0","w":0,"h":0},-1],[0],0,[],[],[]],[1,0,0,["cc.ImageAsset"],0,[{"fmt":"0","w":0,"h":0},-1],[0],0,[],[],[]],[1,0,0,["cc.ImageAsset"],0,[{"fmt":"0","w":0,"h":0},-1],[0],0,[],[],[]],[1,0,0,["cc.ImageAsset"],0,[{"fmt":"0","w":0,"h":0},-1],[0],0,[],[],[]],[1,0,0,["cc.ImageAsset"],0,[{"fmt":"0","w":0,"h":0},-1],[0],0,[],[],[]],[1,0,0,["cc.ImageAsset"],0,[{"fmt":"0","w":0,"h":0},-1],[0],0,[],[],[]],[1,0,0,["cc.ImageAsset"],0,[{"fmt":"0","w":0,"h":0},-1],[0],0,[],[],[]],[1,0,0,["cc.ImageAsset"],0,[{"fmt":"0","w":0,"h":0},-1],[0],0,[],[],[]],[1,0,0,["cc.ImageAsset"],0,[{"fmt":"0","w":0,"h":0},-1],[0],0,[],[],[]],[1,0,0,["cc.ImageAsset"],0,[{"fmt":"0","w":0,"h":0},-1],[0],0,[],[],[]],[1,0,0,["cc.ImageAsset"],0,[{"fmt":"0","w":0,"h":0},-1],[0],0,[],[],[]],[1,0,0,["cc.ImageAsset"],0,[{"fmt":"0","w":0,"h":0},-1],[0],0,[],[],[]],[1,0,0,["cc.ImageAsset"],0,[{"fmt":"0","w":0,"h":0},-1],[0],0,[],[],[]],[1,0,0,["cc.ImageAsset"],0,[{"fmt":"0","w":0,"h":0},-1],[0],0,[],[],[]],[1,0,0,["cc.ImageAsset"],0,[{"fmt":"0","w":0,"h":0},-1],[0],0,[],[],[]],[1,0,0,["cc.ImageAsset"],0,[{"fmt":"0","w":0,"h":0},-1],[0],0,[],[],[]],[1,0,0,["cc.ImageAsset"],0,[{"fmt":"0","w":0,"h":0},-1],[0],0,[],[],[]],[1,0,0,["cc.ImageAsset"],0,[{"fmt":"0","w":0,"h":0},-1],[0],0,[],[],[]],[1,0,0,["cc.ImageAsset"],0,[{"fmt":"0","w":0,"h":0},-1],[0],0,[],[],[]],[1,0,0,["cc.ImageAsset"],0,[{"fmt":"0","w":0,"h":0},-1],[0],0,[],[],[]],[1,0,0,["cc.ImageAsset"],0,[{"fmt":"0","w":0,"h":0},-1],[0],0,[],[],[]],[1,0,0,["cc.ImageAsset"],0,[{"fmt":"0","w":0,"h":0},-1],[0],0,[],[],[]],[1,0,0,["cc.ImageAsset"],0,[{"fmt":"0","w":0,"h":0},-1],[0],0,[],[],[]],[1,0,0,["cc.ImageAsset"],0,[{"fmt":"0","w":0,"h":0},-1],[0],0,[],[],[]],[1,0,0,["cc.ImageAsset"],0,[{"fmt":"0","w":0,"h":0},-1],[0],0,[],[],[]],[1,0,0,["cc.ImageAsset"],0,[{"fmt":"0","w":0,"h":0},-1],[0],0,[],[],[]],[1,0,0,["cc.ImageAsset"],0,[{"fmt":"0","w":0,"h":0},-1],[0],0,[],[],[]],[1,0,0,["cc.ImageAsset"],0,[{"fmt":"0","w":0,"h":0},-1],[0],0,[],[],[]],[1,0,0,["cc.ImageAsset"],0,[{"fmt":"0","w":0,"h":0},-1],[0],0,[],[],[]],[1,0,0,["cc.ImageAsset"],0,[{"fmt":"0","w":0,"h":0},-1],[0],0,[],[],[]],[1,0,0,["cc.ImageAsset"],0,[{"fmt":"0","w":0,"h":0},-1],[0],0,[],[],[]],[1,0,0,["cc.ImageAsset"],0,[{"fmt":"1","w":0,"h":0},-1],[0],0,[],[],[]],[1,0,0,["cc.ImageAsset"],0,[{"fmt":"0","w":0,"h":0},-1],[0],0,[],[],[]],[1,0,0,["cc.ImageAsset"],0,[{"fmt":"0","w":0,"h":0},-1],[0],0,[],[],[]],[1,0,0,["cc.ImageAsset"],0,[{"fmt":"0","w":0,"h":0},-1],[0],0,[],[],[]],[1,0,0,["cc.ImageAsset"],0,[{"fmt":"0","w":0,"h":0},-1],[0],0,[],[],[]],[1,0,0,["cc.ImageAsset"],0,[{"fmt":"0","w":0,"h":0},-1],[0],0,[],[],[]],[1,0,0,["cc.ImageAsset"],0,[{"fmt":"0","w":0,"h":0},-1],[0],0,[],[],[]],[1,0,0,["cc.ImageAsset"],0,[{"fmt":"0","w":0,"h":0},-1],[0],0,[],[],[]],[1,0,0,["cc.ImageAsset"],0,[{"fmt":"0","w":0,"h":0},-1],[0],0,[],[],[]],[1,0,0,["cc.ImageAsset"],0,[{"fmt":"0","w":0,"h":0},-1],[0],0,[],[],[]],[1,0,0,["cc.ImageAsset"],0,[{"fmt":"0","w":0,"h":0},-1],[0],0,[],[],[]],[1,0,0,["cc.ImageAsset"],0,[{"fmt":"0","w":0,"h":0},-1],[0],0,[],[],[]],[1,0,0,["cc.ImageAsset"],0,[{"fmt":"0","w":0,"h":0},-1],[0],0,[],[],[]],[1,0,0,["cc.ImageAsset"],0,[{"fmt":"0","w":0,"h":0},-1],[0],0,[],[],[]],[1,0,0,["cc.ImageAsset"],0,[{"fmt":"0","w":0,"h":0},-1],[0],0,[],[],[]],[1,0,0,["cc.ImageAsset"],0,[{"fmt":"0","w":0,"h":0},-1],[0],0,[],[],[]],[1,0,0,["cc.ImageAsset"],0,[{"fmt":"0","w":0,"h":0},-1],[0],0,[],[],[]],[1,0,0,["cc.ImageAsset"],0,[{"fmt":"0","w":0,"h":0},-1],[0],0,[],[],[]],[1,0,0,["cc.ImageAsset"],0,[{"fmt":"0","w":0,"h":0},-1],[0],0,[],[],[]],[1,0,0,["cc.ImageAsset"],0,[{"fmt":"0","w":0,"h":0},-1],[0],0,[],[],[]],[1,0,0,["cc.ImageAsset"],0,[{"fmt":"0","w":0,"h":0},-1],[0],0,[],[],[]]]}
