[1,["72W2ILio5Nv737kUqHy9NN","e5oNriWYtEDK6a9M8++4Z3@f9941","b42f4+sbpIE7j9uAypqmvp@f9941","95laigR1tMPLPvoYZpxyd/","7f0UjSa0pKd4rR2m0CJ9NJ@f9941","30+4knAmhHxK2lYu2R4TZd@f9941","c3qwh04KJNfIn3e2QVZ7as@f9941","c8WFpITy1JupiYQKiloIqc","73OFB0Qf1GsL992ul8dfB1@6c48a"],["node","_spriteFrame","_atlas","_skeletonData","root","data","_normalSprite"],[["cc.Node",["_name","_active","_components","_prefab","_parent","_lpos","_children","_lscale"],1,9,4,1,5,2,5],["cc.Sprite",["_sizeMode","node","__prefab","_spriteFrame","_atlas"],2,1,4,6,6],["cc.Prefab",["_name"],2],["cc.UITransform",["node","__prefab","_contentSize"],3,1,4,5],["cc.CompPrefabInfo",["fileId"],2],["cc.PrefabInfo",["fileId","instance","targetOverrides","nestedPrefabInstanceRoots","root","asset"],-1,1,1],["cc.Label",["_string","_actualFontSize","_fontSize","_enableWrapText","_isBold","node","__prefab"],-2,1,4],["cc.LabelOutline",["node","__prefab","_color"],3,1,4,5],["cc.Button",["_transition","_zoomScale","node","__prefab","_normalSprite"],1,1,4,6],["sp.Skeleton",["_preCacheMode","_premultipliedAlpha","defaultSkin","defaultAnimation","node","__prefab","_skeletonData"],-1,1,4,6],["sp.SkeletonData",["_name","_atlasText","textureNames","_skeletonJson","textures"],-1,3]],[[4,0,2],[3,0,1,2,1],[5,0,1,2,3,4,5,5],[0,0,4,2,3,5,2],[1,1,2,3,4,1],[6,0,1,2,3,4,5,6,6],[7,0,1,2,1],[9,0,1,2,3,4,5,6,5],[2,0,2],[0,0,6,2,3,2],[0,0,1,4,2,3,5,3],[0,0,4,2,3,5,7,2],[1,0,1,2,3,4,2],[8,0,1,2,3,4,3],[10,0,1,2,3,4,5]],[[[[8,"note_turntable_win"],[9,"note_turntable_win",[-3,-4,-5,-6,-7,-8,-9,-10,-11],[[1,-2,[0,"91QC11gApNV5L2kHCjndm9"],[5,1600,800]]],[2,"c46/YsCPVOJYA4mWEpNYRx",null,null,null,-1,0]],[3,"props_win_gift_name",1,[[1,-12,[0,"e1IjdDOcdBTKsRHWaOG6Vb"],[5,4,54.4]],[5,"",36,36,false,true,-13,[0,"b8C/14e0tKHYz0L8YT8aI2"]],[6,-14,[0,"8bDnuvCRJParCXfasnp5Q+"],[4,4278480822]]],[2,"48E3ct+lNKtb0ZAp00TfNm",null,null,null,1,0],[1,0,-186,0]],[3,"props_win_gift_num",1,[[1,-15,[0,"99vyZ3/lVBCp1t81eyTo/a"],[5,44.04,54.4]],[5,"x1",36,36,false,true,-16,[0,"45UZiMiWBJt6AYbabY9/ob"]],[6,-17,[0,"0cSwX9xIdI+Y4oAUKXskAN"],[4,4278480822]]],[2,"370gIOqLpD2b/+MUKzT+ai",null,null,null,1,0],[1,0,-224,0]],[3,"props_btn_off",1,[[1,-18,[0,"07jCxeA/hArJol0oz3Kmd6"],[5,240,76]],[4,-19,[0,"53JSlvxfhGMrhSU10XZKin"],10,11],[13,3,0.9,-20,[0,"feqd47+KRO7IgY2Rh2kw0j"],12]],[2,"acFtrY26FIk6c3OVO6Lg5V",null,null,null,1,0],[1,0,-286,0]],[10,"spr_win_bg_light",false,1,[[1,-21,[0,"85o07VvOhHB4vqC2yCfb6r"],[5,600,600]],[12,0,-22,[0,"1dYOCXxxRP5pLpGKBK0YQb"],0,1]],[2,"06aOOxn5tGtahKcpiFgf08",null,null,null,1,0],[1,0,-10,0]],[3,"skeleton_win_bg_light",1,[[1,-23,[0,"38l5p7XpVPHq6em70wVrbH"],[5,600,600]],[7,0,false,"default","animation",-24,[0,"83C9ovsUFCuZ9AJlyQLuJY"],2]],[2,"f3MXWYuzZBTZjql2ItldaA",null,null,null,1,0],[1,0,-10,0]],[3,"spe_win_bg",1,[[1,-25,[0,"57wBO8ZWFOwbEtJg2p+Far"],[5,516,111]],[4,-26,[0,"73JblASq5MF78iSxTZV8ue"],3,4]],[2,"76KXsovhlLPpfLgEV0IjBL",null,null,null,1,0],[1,0,-168,0]],[3,"spr_win_baoxiang",1,[[1,-27,[0,"f5/mn0cQRN4rop/+BXwUns"],[5,386,278]],[4,-28,[0,"dbavaWqHJHv47/DxGqt5cZ"],5,6]],[2,"9aNV4PnYNLlb9ayFPaywW0",null,null,null,1,0],[1,0,-36,0]],[3,"spr_win_title",1,[[1,-29,[0,"717fYqfBVJ1pv9luGpN9gH"],[5,846,130]],[4,-30,[0,"10+Zp+FTdED6fesr/A7orF"],7,8]],[2,"8dWDTEZyZN/LfbkpY7zOsw",null,null,null,1,0],[1,0,244,0]],[11,"skeleton_light",1,[[1,-31,[0,"1ezTLYsfpGaJ2bvmlcPRNM"],[5,767,714]],[7,0,false,"default","animation",-32,[0,"f1BXYBnANDNLNpIRHxsHYE"],9]],[2,"86hC0Po/FJ0qyFCiwsVEBA",null,null,null,1,0],[1,0,300,0],[1,1.5,1.5,1]]],0,[0,4,1,0,0,1,0,-1,5,0,-2,6,0,-3,7,0,-4,8,0,-5,9,0,-6,2,0,-7,3,0,-8,10,0,-9,4,0,0,2,0,0,2,0,0,2,0,0,3,0,0,3,0,0,3,0,0,4,0,0,4,0,0,4,0,0,5,0,0,5,0,0,6,0,0,6,0,0,7,0,0,7,0,0,8,0,0,8,0,0,9,0,0,9,0,0,10,0,0,10,0,5,1,32],[0,0,0,0,0,0,0,0,0,0,0,0,0],[1,2,3,1,2,1,2,1,2,3,1,2,6],[2,0,3,4,0,5,0,6,0,7,1,0,1]],[[[14,"zhongjbj","\r\nzhongjbj.png\r\nsize: 462,482\r\nformat: RGBA8888\r\nfilter: Linear,Linear\r\nrepeat: none\r\nzhongjiangguangxiao\r\n  rotate: false\r\n  xy: 2, 2\r\n  size: 458, 478\r\n  orig: 600, 600\r\n  offset: 69, 72\r\n  index: -1\r\n",["zhongjbj.png"],{"skeleton":{"hash":"V2sj41ah6wYt7Z/kV1AYVfq1uS8","spine":"3.8.99","x":-300,"y":-300,"width":600,"height":600,"images":"./images/","audio":"D:/12月/新建文件夹/动画"},"bones":[{"name":"root"},{"name":"zhongjiangguangxiao","parent":"root","length":45.46,"rotation":88.73,"x":-3.85,"y":6.28}],"slots":[{"name":"zhongjiangguangxiao","bone":"zhongjiangguangxiao","attachment":"zhongjiangguangxiao"}],"skins":[{"name":"default","attachments":{"zhongjiangguangxiao":{"zhongjiangguangxiao":{"x":-6.19,"y":-3.99,"rotation":-88.73,"width":600,"height":600}}}}],"animations":{"animation":{"bones":{"zhongjiangguangxiao":{"rotate":[{"angle":-88.73},{"time":1,"angle":91.27},{"time":2,"angle":-88.73}]}}}}},[0]]],0,0,[0],[-1],[8]]]]
