{"importBase":"import","nativeBase":"native","name":"main","deps":[],"uuids":["14ad46CnxGH4lm4ZljKy7H","19c4+MswpJr5YuBOEhorsJ","1aa1bcd93","20g1ukYUVPvKWKBRznAKo+","24pwTaKGdEbY0aXpIMdeCd","54TknWPwVPqJqeCR+Y/Czo","55IsPniUZOG5QRQxVxsnVk","63LtX/Pk1IbJXWkotx583T","76s5u9acJOo73EtAsJftjf","7dj5uJT9FMn6OrOOx83tfK","95EkngnxZFbYuFpsqVTaFr","9f2QDdIhtPiY8s+6NCQ8g1","baIUdvKGZPgZxNbjWTFuRI","fdjsU2o1RKF5x0TziDw3jI","067189125","0a6d1f17f","0c0a1bddb","0c670ff67","16Kts+7hxMF4K08q6+RaZK@f9941","19c4+MswpJr5YuBOEhorsJ@6c48a","19c4+MswpJr5YuBOEhorsJ@f9941","1aa1bcd93@6c48a","20g1ukYUVPvKWKBRznAKo+@6c48a","20g1ukYUVPvKWKBRznAKo+@f9941","24pwTaKGdEbY0aXpIMdeCd@6c48a","24pwTaKGdEbY0aXpIMdeCd@f9941","27+iiTItxCLqvdI5pTJSkD@f9941","3cDYNR2VRA0a7dNtbd5eN6@f9941","53SsWWTFlAxLz/IGJC+L8L@f9941","54TknWPwVPqJqeCR+Y/Czo@6c48a","54TknWPwVPqJqeCR+Y/Czo@f9941","71Q7Lxw5pP0og4vnns9YM2@f9941","7dj5uJT9FMn6OrOOx83tfK@6c48a","7dj5uJT9FMn6OrOOx83tfK@f9941","86iR7oxj9Cy5ZTU4hR24tW@f9941","95EkngnxZFbYuFpsqVTaFr@6c48a","95EkngnxZFbYuFpsqVTaFr@f9941","9f2QDdIhtPiY8s+6NCQ8g1@6c48a","9f2QDdIhtPiY8s+6NCQ8g1@f9941","bcdm2bF8xLJa+TKyGfcOfB@f9941","c8jVnKP05M9aMb9e9GHild@f9941","f6VUC2zu9Amq9znGMEy1Ws","fcW3dRsYJEwIVr+/aVmE1c@f9941"],"paths":{"12":["db:/internal/physics/default-physics-material",1],"13":["db:/internal/default_renderpipeline/builtin-forward",0]},"scenes":{"db://assets/AssetBundle/sence/hall.scene":6},"packs":{"067189125":["21","32","37","24","29","19","22","35"],"0a6d1f17f":["0","20","23","25","30","6","7","8","33","36","38","41"],"0c0a1bddb":["0","18","26","27","28","31","34","39","40","42"],"0c670ff67":["2","9","11","4","5","1","3","10"]},"versions":{"import":[14,"a0564",15,"81645",16,"69559",17,"206d8",12,"8bce7",13,"731f4"],"native":[1,"e9c27",2,"5d30c",3,"90cf4",4,"a4b59",5,"83fcc",7,"24872",9,"cea68",10,"c06a9",11,"d1118",8,"f8046"]},"redirect":[],"debug":false,"extensionMap":{},"hasPreloadScript":true,"types":["cc.RenderPipeline","cc.PhysicsMaterial"]}