[1,["125e89911@6c48a"],["_textureSource"],["cc.SpriteFrame","cc.SpriteAtlas"],0,[[[{"name":"withdrawal","spriteFrames":[]}],[1],0,[],[],[]],[[{"name":"word_withdrawal_metode","rect":{"x":3,"y":34,"width":299,"height":30},"offset":{"x":0,"y":0},"originalSize":{"width":299,"height":30},"rotated":false,"capInsets":[0,0,0,0],"packable":true,"pixelsToUnit":100,"pivot":{"x":0.5,"y":0.5},"meshType":0}],[0],0,[0],[0],[0]],[[{"name":"word_withdrawal_nomor1","rect":{"x":3,"y":772,"width":135,"height":62},"offset":{"x":0,"y":0},"originalSize":{"width":135,"height":62},"rotated":false,"capInsets":[0,0,0,0],"packable":true,"pixelsToUnit":100,"pivot":{"x":0.5,"y":0.5},"meshType":0}],[0],0,[0],[0],[0]],[[{"name":"icon_withdrawal_va","rect":{"x":147,"y":693,"width":106,"height":44},"offset":{"x":0,"y":0},"originalSize":{"width":106,"height":44},"rotated":false,"capInsets":[0,0,0,0],"packable":true,"pixelsToUnit":100,"pivot":{"x":0.5,"y":0.5},"meshType":0}],[0],0,[0],[0],[0]],[[{"name":"icon_withdrawal_help","rect":{"x":259,"y":101,"width":19,"height":21},"offset":{"x":0,"y":0},"originalSize":{"width":19,"height":21},"rotated":true,"capInsets":[0,0,0,0],"packable":true,"pixelsToUnit":100,"pivot":{"x":0.5,"y":0.5},"meshType":0}],[0],0,[0],[0],[0]],[[{"name":"panel_withdrawal_bg3","rect":{"x":3,"y":676,"width":138,"height":90},"offset":{"x":0,"y":0},"originalSize":{"width":138,"height":90},"rotated":false,"capInsets":[13,14,15,14],"packable":true,"pixelsToUnit":100,"pivot":{"x":0.5,"y":0.5},"meshType":0}],[0],0,[0],[0],[0]],[[{"name":"btn_withdrawal_subtract1","rect":{"x":267,"y":149,"width":35,"height":38},"offset":{"x":0,"y":0},"originalSize":{"width":35,"height":38},"rotated":true,"capInsets":[0,0,0,0],"packable":true,"pixelsToUnit":100,"pivot":{"x":0.5,"y":0.5},"meshType":0}],[0],0,[0],[0],[0]],[[{"name":"panel_withdrawal_bg1","rect":{"x":3,"y":545,"width":125,"height":158},"offset":{"x":0,"y":0},"originalSize":{"width":125,"height":158},"rotated":true,"capInsets":[0,0,0,0],"packable":true,"pixelsToUnit":100,"pivot":{"x":0.5,"y":0.5},"meshType":0}],[0],0,[0],[0],[0]],[[{"name":"icon_withdrawal_dana","rect":{"x":147,"y":743,"width":106,"height":44},"offset":{"x":0,"y":0},"originalSize":{"width":106,"height":44},"rotated":false,"capInsets":[0,0,0,0],"packable":true,"pixelsToUnit":100,"pivot":{"x":0.5,"y":0.5},"meshType":0}],[0],0,[0],[0],[0]],[[{"name":"panel_withdrawal_line","rect":{"x":259,"y":126,"width":214,"height":2},"offset":{"x":0,"y":0},"originalSize":{"width":214,"height":2},"rotated":true,"capInsets":[0,0,0,0],"packable":true,"pixelsToUnit":100,"pivot":{"x":0.5,"y":0.5},"meshType":0}],[0],0,[0],[0],[0]],[[{"name":"word_withdrawal_jumlah","rect":{"x":3,"y":3,"width":301,"height":25},"offset":{"x":0,"y":0},"originalSize":{"width":301,"height":25},"rotated":false,"capInsets":[0,0,0,0],"packable":true,"pixelsToUnit":100,"pivot":{"x":0.5,"y":0.5},"meshType":0}],[0],0,[0],[0],[0]],[[{"name":"word_withdrawal_penarikan","rect":{"x":3,"y":225,"width":234,"height":80},"offset":{"x":-1,"y":-0.5},"originalSize":{"width":238,"height":83},"rotated":false,"capInsets":[0,0,0,0],"packable":true,"pixelsToUnit":100,"pivot":{"x":0.5,"y":0.5},"meshType":0}],[0],0,[0],[0],[0]],[[{"name":"icon_withdrawal_qris","rect":{"x":144,"y":793,"width":106,"height":44},"offset":{"x":0,"y":0},"originalSize":{"width":106,"height":44},"rotated":false,"capInsets":[0,0,0,0],"packable":true,"pixelsToUnit":100,"pivot":{"x":0.5,"y":0.5},"meshType":0}],[0],0,[0],[0],[0]],[[{"name":"word_withdrawal_rekening1","rect":{"x":267,"y":313,"width":320,"height":36},"offset":{"x":0,"y":0},"originalSize":{"width":320,"height":36},"rotated":true,"capInsets":[0,0,0,0],"packable":true,"pixelsToUnit":100,"pivot":{"x":0.5,"y":0.5},"meshType":0}],[0],0,[0],[0],[0]],[[{"name":"word_withdrawal_kirim","rect":{"x":287,"y":70,"width":73,"height":22},"offset":{"x":0,"y":0},"originalSize":{"width":73,"height":22},"rotated":true,"capInsets":[0,0,0,0],"packable":true,"pixelsToUnit":100,"pivot":{"x":0.5,"y":0.5},"meshType":0}],[0],0,[0],[0],[0]],[[{"name":"btn_withdrawal_add1","rect":{"x":267,"y":190,"width":35,"height":38},"offset":{"x":0,"y":0},"originalSize":{"width":35,"height":38},"rotated":true,"capInsets":[0,0,0,0],"packable":true,"pixelsToUnit":100,"pivot":{"x":0.5,"y":0.5},"meshType":0}],[0],0,[0],[0],[0]],[[{"name":"btn_withdrawal_catatan","rect":{"x":3,"y":137,"width":234,"height":82},"offset":{"x":0,"y":0},"originalSize":{"width":234,"height":82},"rotated":false,"capInsets":[0,0,0,0],"packable":true,"pixelsToUnit":100,"pivot":{"x":0.5,"y":0.5},"meshType":0}],[0],0,[0],[0],[0]],[[{"name":"btn_withdrawal_subtract","rect":{"x":267,"y":231,"width":35,"height":38},"offset":{"x":0,"y":0},"originalSize":{"width":35,"height":38},"rotated":true,"capInsets":[0,0,0,0],"packable":true,"pixelsToUnit":100,"pivot":{"x":0.5,"y":0.5},"meshType":0}],[0],0,[0],[0],[0]],[[{"name":"icon_withdrawal_shopee","rect":{"x":256,"y":806,"width":106,"height":44},"offset":{"x":0,"y":0},"originalSize":{"width":106,"height":44},"rotated":true,"capInsets":[0,0,0,0],"packable":true,"pixelsToUnit":100,"pivot":{"x":0.5,"y":0.5},"meshType":0}],[0],0,[0],[0],[0]],[[{"name":"word_withdrawal_rekening","rect":{"x":3,"y":101,"width":250,"height":30},"offset":{"x":0,"y":0},"originalSize":{"width":250,"height":30},"rotated":false,"capInsets":[0,0,0,0],"packable":true,"pixelsToUnit":100,"pivot":{"x":0.5,"y":0.5},"meshType":0}],[0],0,[0],[0],[0]],[[{"name":"btn_withdrawal_ikat1","rect":{"x":214,"y":449,"width":79,"height":47},"offset":{"x":0,"y":0},"originalSize":{"width":79,"height":47},"rotated":true,"capInsets":[0,0,0,0],"packable":true,"pixelsToUnit":100,"pivot":{"x":0.5,"y":0.5},"meshType":0}],[0],0,[0],[0],[0]],[[{"name":"word_withdrawal_biaya","rect":{"x":3,"y":379,"width":174,"height":25},"offset":{"x":0,"y":0},"originalSize":{"width":174,"height":25},"rotated":false,"capInsets":[0,0,0,0],"packable":true,"pixelsToUnit":100,"pivot":{"x":0.5,"y":0.5},"meshType":0}],[0],0,[0],[0],[0]],[[{"name":"icon_withdrawal_linkaji","rect":{"x":143,"y":843,"width":106,"height":44},"offset":{"x":0,"y":0},"originalSize":{"width":106,"height":44},"rotated":false,"capInsets":[0,0,0,0],"packable":true,"pixelsToUnit":100,"pivot":{"x":0.5,"y":0.5},"meshType":0}],[0],0,[0],[0],[0]],[[{"name":"panel_withdrawal_bg4","rect":{"x":143,"y":943,"width":134,"height":60},"offset":{"x":0,"y":0},"originalSize":{"width":134,"height":60},"rotated":false,"capInsets":[12,13,16,12],"packable":true,"pixelsToUnit":100,"pivot":{"x":0.5,"y":0.5},"meshType":0}],[0],0,[0],[0],[0]],[[{"name":"word_withdrawal_namaS","rect":{"x":3,"y":345,"width":204,"height":28},"offset":{"x":0,"y":0},"originalSize":{"width":204,"height":28},"rotated":false,"capInsets":[0,0,0,0],"packable":true,"pixelsToUnit":100,"pivot":{"x":0.5,"y":0.5},"meshType":0}],[0],0,[0],[0],[0]],[[{"name":"btn_withdrawal_max1","rect":{"x":205,"y":534,"width":93,"height":54},"offset":{"x":0,"y":0},"originalSize":{"width":93,"height":54},"rotated":true,"capInsets":[0,0,0,0],"packable":true,"pixelsToUnit":100,"pivot":{"x":0.5,"y":0.5},"meshType":0}],[0],0,[0],[0],[0]],[[{"name":"btn_withdrawal_hui","rect":{"x":3,"y":478,"width":165,"height":61},"offset":{"x":0,"y":0},"originalSize":{"width":165,"height":61},"rotated":false,"capInsets":[0,0,0,0],"packable":true,"pixelsToUnit":100,"pivot":{"x":0.5,"y":0.5},"meshType":0}],[0],0,[0],[0],[0]],[[{"name":"word_withdrawal_nomor","rect":{"x":3,"y":410,"width":169,"height":62},"offset":{"x":0,"y":0},"originalSize":{"width":169,"height":62},"rotated":false,"capInsets":[0,0,0,0],"packable":true,"pixelsToUnit":100,"pivot":{"x":0.5,"y":0.5},"meshType":0}],[0],0,[0],[0],[0]],[[{"name":"btn_withdrawal_ikat","rect":{"x":183,"y":379,"width":110,"height":25},"offset":{"x":0,"y":0},"originalSize":{"width":110,"height":25},"rotated":true,"capInsets":[0,0,0,0],"packable":true,"pixelsToUnit":100,"pivot":{"x":0.5,"y":0.5},"meshType":0}],[0],0,[0],[0],[0]],[[{"name":"word_withdrawal_rekeningP","rect":{"x":3,"y":70,"width":278,"height":25},"offset":{"x":0,"y":0},"originalSize":{"width":278,"height":25},"rotated":false,"capInsets":[0,0,0,0],"packable":true,"pixelsToUnit":100,"pivot":{"x":0.5,"y":0.5},"meshType":0}],[0],0,[0],[0],[0]],[[{"name":"word_withdrawal_tentukan1","rect":{"x":266,"y":669,"width":131,"height":23},"offset":{"x":0,"y":0},"originalSize":{"width":131,"height":23},"rotated":true,"capInsets":[0,0,0,0],"packable":true,"pixelsToUnit":100,"pivot":{"x":0.5,"y":0.5},"meshType":0}],[0],0,[0],[0],[0]],[[{"name":"btn_withdrawal_max","rect":{"x":167,"y":633,"width":93,"height":54},"offset":{"x":0,"y":0},"originalSize":{"width":93,"height":54},"rotated":false,"capInsets":[0,0,0,0],"packable":true,"pixelsToUnit":100,"pivot":{"x":0.5,"y":0.5},"meshType":0}],[0],0,[0],[0],[0]],[[{"name":"word_withdrawal_catatan","rect":{"x":216,"y":311,"width":132,"height":29},"offset":{"x":0,"y":0},"originalSize":{"width":132,"height":29},"rotated":true,"capInsets":[0,0,0,0],"packable":true,"pixelsToUnit":100,"pivot":{"x":0.5,"y":0.5},"meshType":0}],[0],0,[0],[0],[0]],[[{"name":"btn_withdrawal_add","rect":{"x":267,"y":272,"width":35,"height":38},"offset":{"x":0,"y":0},"originalSize":{"width":35,"height":38},"rotated":true,"capInsets":[0,0,0,0],"packable":true,"pixelsToUnit":100,"pivot":{"x":0.5,"y":0.5},"meshType":0}],[0],0,[0],[0],[0]],[[{"name":"word_withdrawal_nama","rect":{"x":3,"y":311,"width":207,"height":28},"offset":{"x":0,"y":0},"originalSize":{"width":207,"height":28},"rotated":false,"capInsets":[0,0,0,0],"packable":true,"pixelsToUnit":100,"pivot":{"x":0.5,"y":0.5},"meshType":0}],[0],0,[0],[0],[0]],[[{"name":"panel_withdrawal_bg2","rect":{"x":3,"y":840,"width":134,"height":133},"offset":{"x":0,"y":0},"originalSize":{"width":134,"height":133},"rotated":false,"capInsets":[10,16,12,21],"packable":true,"pixelsToUnit":100,"pivot":{"x":0.5,"y":0.5},"meshType":0}],[0],0,[0],[0],[0]],[[{"name":"word_withdrawal_tentukan","rect":{"x":3,"y":979,"width":131,"height":23},"offset":{"x":0,"y":0},"originalSize":{"width":131,"height":23},"rotated":false,"capInsets":[0,0,0,0],"packable":true,"pixelsToUnit":100,"pivot":{"x":0.5,"y":0.5},"meshType":0}],[0],0,[0],[0],[0]],[[{"name":"icon_withdrawal_warning","rect":{"x":266,"y":639,"width":24,"height":24},"offset":{"x":0,"y":0},"originalSize":{"width":24,"height":24},"rotated":false,"capInsets":[0,0,0,0],"packable":true,"pixelsToUnit":100,"pivot":{"x":0.5,"y":0.5},"meshType":0}],[0],0,[0],[0],[0]],[[{"name":"icon_withdrawal_ovo","rect":{"x":143,"y":893,"width":106,"height":44},"offset":{"x":0,"y":0},"originalSize":{"width":106,"height":44},"rotated":false,"capInsets":[0,0,0,0],"packable":true,"pixelsToUnit":100,"pivot":{"x":0.5,"y":0.5},"meshType":0}],[0],0,[0],[0],[0]],[[{"name":"btn_withdrawal_ikatRed","rect":{"x":174,"y":495,"width":110,"height":25},"offset":{"x":0,"y":0},"originalSize":{"width":110,"height":25},"rotated":true,"capInsets":[0,0,0,0],"packable":true,"pixelsToUnit":100,"pivot":{"x":0.5,"y":0.5},"meshType":0}],[0],0,[0],[0],[0]]]]
