[1,["7dj5uJT9FMn6OrOOx83tfK@f9941","85zja/udRIFLq/qUCU49xv@6c48a","27bUDf+tFA5r0CrdylQU0O","a7NsayjfZDoJYGc466lwBI@f9941","adnj557IFIpIwlUcO0fUr3@f9941","c4Xr+RCOtAV7IRIu7khx/q","0bVv+UHFpJ9L83akJ31hyN@f9941","a4ZWfHTVtA1YoR4q0PUKwd","3170vwTIJHCK218reuj0dv@f9941","c9rl7R19RF1oHr5kmgRCdB","58Z5dgCtZPs5CsEklt9SRy@f9941","b4Y5y0WotEE5AFhfLWE5j7","9f2QDdIhtPiY8s+6NCQ8g1@f9941","50oYpeEVFAl6a0mHuZD7/S@f9941","a9SfSvkVBCcZm2w9XSgVqJ@f9941","a7NsayjfZDoJYGc466lwBI@6c48a","c4WnveCUlBn42/riaT7oia@6c48a"],["node","_spriteFrame","_atlas","_target","_parent","_skeletonData","root","_barSprite","data","_textureSource"],[["cc.Node",["_name","_layer","_active","_components","_prefab","_children","_parent","_lpos","_lscale"],0,9,4,2,1,5,5],["cc.Sprite",["_sizeMode","_type","_enabled","node","__prefab","_spriteFrame","_color","_atlas"],0,1,4,6,5,6],["cc.Widget",["_alignFlags","_originalHeight","_top","_originalWidth","_bottom","_enabled","_left","node","__prefab"],-4,1,4],"cc.SpriteAtlas",["cc.UITransform",["node","__prefab","_contentSize","_anchorPoint"],3,1,4,5,5],["cc.Layout",["_resizeMode","_layoutType","node","__prefab"],1,1,4],["cc.Button",["_transition","_zoomScale","_enabled","node","__prefab","_target","_hoverColor","_pressedColor"],0,1,4,1,5,5],["sp.Skeleton",["_preCacheMode","_premultipliedAlpha","defaultSkin","defaultAnimation","node","__prefab","_skeletonData"],-1,1,4,6],"cc.SpriteFrame",["sp.SkeletonData",["_name","_atlasText","textureNames","_skeletonJson","textures"],-1,3],["cc.Prefab",["_name"],2],["cc.Node",["_name","_layer","_parent","_components","_prefab","_lpos"],1,1,12,4,5],["cc.CompPrefabInfo",["fileId"],2],["cc.PrefabInfo",["fileId","instance","targetOverrides","nestedPrefabInstanceRoots","root","asset"],-1,1,1],["cc.ProgressBar",["_totalLength","_progress","node","__prefab","_barSprite"],1,1,4,1],["cc.Label",["_string","_actualFontSize","_fontSize","node","__prefab","_color"],0,1,4,5],["cc.LabelOutline",["node","__prefab"],3,1,4]],[[12,0,2],[13,0,1,2,3,4,5,5],[4,0,1,2,1],[0,0,2,1,6,3,4,7,4],[0,0,2,1,6,3,4,4],[2,0,3,1,7,8,4],[9,0,1,2,3,4,5],[0,0,2,1,6,5,3,4,4],[0,0,1,6,3,4,7,3],[4,0,1,2,3,1],[1,0,3,4,5,2],[1,3,4,5,7,1],[10,0,2],[0,0,1,5,3,4,3],[0,0,1,6,5,3,4,3],[0,0,1,5,3,4,7,8,3],[0,0,1,5,3,4,7,3],[0,0,1,6,5,3,4,7,3],[11,0,1,2,3,4,5,3],[5,2,3,1],[5,0,1,2,3,3],[2,5,0,2,4,1,7,8,6],[2,0,3,7,8,3],[2,0,2,1,7,8,4],[2,0,4,7,8,3],[2,0,7,8,2],[2,0,6,2,3,1,7,8,6],[6,0,1,3,4,5,3],[6,2,0,1,3,4,6,7,5,4],[7,0,1,2,4,5,6,4],[7,0,1,2,3,4,5,6,5],[1,3,4,6,5,7,1],[1,2,0,3,4,5,3],[1,1,0,3,4,5,3],[1,3,4,5,1],[1,0,3,4,6,5,2],[1,1,0,3,4,3],[14,0,1,2,3,4,3],[15,0,1,2,3,4,5,4],[16,0,1,1]],[[[[6,"szj_rk","\r\nszj_rk.png\r\nsize: 1024,256\r\nformat: RGBA8888\r\nfilter: Linear,Linear\r\nrepeat: none\r\nembiyan\r\n  rotate: true\r\n  xy: 2, 3\r\n  size: 33, 20\r\n  orig: 33, 20\r\n  offset: 0, 0\r\n  index: -1\r\nemlian\r\n  rotate: true\r\n  xy: 220, 10\r\n  size: 58, 92\r\n  orig: 58, 92\r\n  offset: 0, 0\r\n  index: -1\r\nemshenti\r\n  rotate: true\r\n  xy: 597, 134\r\n  size: 120, 103\r\n  orig: 120, 103\r\n  offset: 0, 0\r\n  index: -1\r\nemtoufa01\r\n  rotate: false\r\n  xy: 574, 2\r\n  size: 111, 120\r\n  orig: 111, 120\r\n  offset: 0, 0\r\n  index: -1\r\ngebo\r\n  rotate: true\r\n  xy: 314, 15\r\n  size: 53, 107\r\n  orig: 53, 107\r\n  offset: 0, 0\r\n  index: -1\r\nguangquan01\r\n  rotate: false\r\n  xy: 477, 37\r\n  size: 95, 53\r\n  orig: 95, 53\r\n  offset: 0, 0\r\n  index: -1\r\nszxbg\r\n  rotate: false\r\n  xy: 2, 38\r\n  size: 216, 216\r\n  orig: 216, 216\r\n  offset: 0, 0\r\n  index: -1\r\ntoushangshipin\r\n  rotate: true\r\n  xy: 687, 41\r\n  size: 91, 52\r\n  orig: 91, 52\r\n  offset: 0, 0\r\n  index: -1\r\ntsbiyan\r\n  rotate: false\r\n  xy: 24, 6\r\n  size: 49, 30\r\n  orig: 49, 30\r\n  offset: 0, 0\r\n  index: -1\r\ntslian\r\n  rotate: false\r\n  xy: 423, 23\r\n  size: 52, 67\r\n  orig: 52, 67\r\n  offset: 0, 0\r\n  index: -1\r\ntsshenti\r\n  rotate: false\r\n  xy: 502, 124\r\n  size: 93, 130\r\n  orig: 93, 130\r\n  offset: 0, 0\r\n  index: -1\r\ntstoufa01\r\n  rotate: false\r\n  xy: 355, 92\r\n  size: 145, 162\r\n  orig: 145, 162\r\n  offset: 0, 0\r\n  index: -1\r\nyifu\r\n  rotate: true\r\n  xy: 220, 70\r\n  size: 184, 133\r\n  orig: 184, 133\r\n  offset: 0, 0\r\n  index: -1\r\n",["szj_rk.png"],{"skeleton":{"hash":"8guggEhJHX0gSqb2+V/W56aVJwI","spine":"3.8.99","x":-115.88,"y":-2.72,"width":223.88,"height":219.23,"images":"","audio":""},"bones":[{"name":"root"},{"name":"hongshenti","parent":"root","length":74.01,"rotation":103.69,"x":-30.27,"y":17.48},{"name":"lanshenti","parent":"root","length":81.15,"rotation":62.83,"x":7.85,"y":11.08},{"name":"lanshenti2","parent":"lanshenti","length":63.47,"rotation":42.29,"x":98.96,"y":21.94},{"name":"hongshenti2","parent":"hongshenti","length":56.19,"rotation":-9.03,"x":104.13,"y":-31.87},{"name":"bone","parent":"lanshenti2","length":32.85,"rotation":-3.64,"x":69.08,"y":-12.84}],"slots":[{"name":"bg","bone":"root","attachment":"szxbg"},{"name":"root","bone":"root","attachment":"root"},{"name":"emshenti","bone":"hongshenti","attachment":"emshenti"},{"name":"yifu","bone":"hongshenti","attachment":"yifu"},{"name":"emlian","bone":"hongshenti2","attachment":"emlian"},{"name":"emtoufa01","bone":"hongshenti2","attachment":"emtoufa01"},{"name":"tsshenti","bone":"lanshenti","attachment":"tsshenti"},{"name":"gebo","bone":"lanshenti","attachment":"gebo"},{"name":"tslian","bone":"lanshenti2","attachment":"tslian"},{"name":"tstoufa01","bone":"lanshenti2","attachment":"tstoufa01"},{"name":"tsbiyan","bone":"lanshenti2","attachment":"tsbiyan"},{"name":"embiyan","bone":"hongshenti2","attachment":"embiyan"},{"name":"lanshenti","bone":"bone","attachment":"guangquan01"},{"name":"toushangshipin","bone":"lanshenti2","attachment":"toushangshipin"}],"skins":[{"name":"default","attachments":{"bg":{"szxbg":{"y":105.28,"width":216,"height":216}},"embiyan":{"embiyan":{"x":41.27,"y":-2.54,"rotation":-94.96,"width":33,"height":20}},"emlian":{"emlian":{"x":36.75,"y":1.78,"scaleX":0.9231,"scaleY":0.9231,"rotation":-93.09,"width":58,"height":92}},"emshenti":{"emshenti":{"x":76.61,"y":-26.4,"rotation":-97.93,"width":120,"height":103}},"emtoufa01":{"emtoufa01":{"type":"mesh","hull":40,"width":111,"height":120,"uvs":[0.26111,0.00014,0.30459,0,0.46917,0,0.53581,0.04156,0.60135,0.0414,0.67601,0.03054,0.67592,0.09753,0.69402,0.11685,0.76975,0.23366,0.80971,0.34787,0.78484,0.49065,0.89542,0.4729,0.87431,0.5901,0.89746,0.61172,1,0.6645,1,0.75962,0.99975,0.79478,0.94536,0.86236,0.86916,0.90872,0.74068,0.84143,0.50063,0.91114,0.59459,1,0.51215,1,0.46618,0.99703,0.35929,0.85122,0.39793,0.45323,0.20545,0.87617,0.19612,0.95132,0.11379,0.98927,0.05024,0.97379,0,0.92485,0,0.69626,0.10602,0.71621,0.06209,0.61861,0.01735,0.5456,0.01819,0.27013,0,0.18433,0,0.09836,0.01345,0.04816,0.09297,0.15509],"triangles":[6,4,5,37,38,39,36,37,39,35,36,39,3,25,1,3,1,2,3,4,6,7,25,3,9,25,8,39,0,1,25,39,1,35,39,25,12,10,11,25,34,35,33,34,25,32,33,25,7,3,6,13,14,15,15,19,13,10,25,9,8,25,7,19,10,12,19,12,13,15,17,19,19,25,10,25,26,32,25,20,24,16,17,15,18,19,17,19,20,25,30,31,32,30,32,26,26,29,30,26,28,29,27,28,26,23,24,20,21,22,20,23,20,22],"vertices":[88.76,12.57,88.72,7.75,88.52,-10.52,83.45,-17.86,83.38,-25.14,84.59,-33.44,76.55,-33.33,74.21,-35.32,60.1,-43.56,46.35,-47.84,29.24,-44.89,31.24,-57.19,17.2,-54.68,14.58,-57.22,8.11,-68.53,-3.3,-68.4,-7.52,-68.33,-15.56,-62.2,-21.03,-53.68,-12.79,-39.51,-20.85,-12.77,-31.63,-23.08,-31.53,-13.93,-31.12,-8.83,-13.48,2.84,34.22,-2,-16.28,19.94,-25.29,21.08,-29.74,30.27,-27.8,37.3,-21.87,42.81,5.56,42.5,3.03,30.76,14.8,35.51,23.62,40.37,56.67,39.9,66.99,41.81,77.31,41.69,83.31,40.13,70.38,31.45],"edges":[0,78,0,2,2,4,4,6,6,8,8,10,10,12,12,14,14,16,16,18,18,20,20,22,22,24,24,26,26,28,28,30,30,32,32,34,34,36,36,38,38,40,40,42,42,44,44,46,46,48,48,50,50,52,52,54,54,56,56,58,58,60,60,62,62,64,64,66,66,68,68,70,70,72,72,74,74,76,76,78]}},"gebo":{"gebo":{"x":51.78,"y":-2.38,"rotation":-65.66,"width":53,"height":107}},"lanshenti":{"guangquan01":{"x":12.36,"y":6.45,"rotation":-101.48,"width":95,"height":53}},"root":{"root":{"type":"clipping","end":"root","vertexCount":25,"color":"ce3a3aff","vertices":[-65.95,37.8,-56.38,30.2,-44.72,22.64,-32.23,17.39,-20.99,13.82,-10.81,11.83,4.21,11.09,17.02,12.67,30.98,16.34,41.8,21.17,51.98,27.26,59.54,33.04,65.53,37.76,72.9,44.1,87.31,43.1,105.08,49.07,167.24,62.69,177.37,233.9,98.61,244.62,-65.88,250.68,-160.48,242.75,-179.12,206.87,-154.42,44.71,-80.1,56.05,-74.08,46.5]}},"toushangshipin":{"toushangshipin":{"x":70.67,"y":-6.96,"rotation":-107.42,"width":91,"height":52}},"tsbiyan":{"tsbiyan":{"x":29.68,"y":-14.72,"rotation":-96.91,"width":49,"height":30}},"tslian":{"tslian":{"x":27.1,"y":-12.33,"rotation":-99.19,"width":52,"height":67}},"tsshenti":{"tsshenti":{"x":59.9,"y":-9.62,"rotation":-71.88,"width":93,"height":130}},"tstoufa01":{"tstoufa01":{"type":"mesh","hull":31,"width":145,"height":162,"uvs":[0.5865,0,0.68827,0.02164,0.83374,0.12736,0.87569,0.20315,0.89845,0.29403,0.89215,0.37824,1,0.40726,1,0.41756,0.95479,0.43658,0.98615,0.54817,0.95144,0.68755,0.86878,0.65889,0.72642,0.56036,0.52784,0.87082,0.47016,0.91796,0.27859,1,0.2312,1,0.1961,0.98258,0.06115,0.8651,0,0.80825,0,0.77122,0.00629,0.75428,0.0338,0.65428,0.09642,0.53691,0.25143,0.42433,0.29686,0.4034,0.29558,0.18921,0.30908,0.13866,0.34446,0.08665,0.38949,0.04629,0.50991,0],"triangles":[4,12,3,12,25,26,8,5,6,7,8,6,29,2,3,2,29,1,5,12,4,12,5,8,12,8,9,29,30,0,1,29,0,29,27,28,11,12,9,10,11,9,18,19,20,22,14,18,21,22,18,18,20,21,29,3,27,3,12,27,27,12,26,13,25,12,24,25,13,23,24,13,13,22,23,13,14,22,17,18,14,15,16,17,14,15,17],"vertices":[79.23,-17.04,72.13,-30.45,50.27,-46.58,36.86,-49.39,21.78,-48.9,8.8,-44.6,0.33,-58.56,-1.28,-58.14,-2.62,-51.02,-21.26,-50.9,-41.86,-40.37,-34.37,-29.93,-13.74,-13.94,-55.22,26.53,-60.52,36.54,-66.42,66.77,-64.7,73.42,-60.7,77.64,-37.37,91.81,-26.23,98.09,-20.42,96.59,-18,95.02,-3.31,87.1,12.82,73.54,24.85,47.22,26.48,39.99,60.12,31.47,67.56,27.53,74.43,20.45,79.12,12.49,82.01,-6.29],"edges":[0,60,0,2,2,4,4,6,6,8,8,10,10,12,12,14,14,16,16,18,18,20,20,22,22,24,24,26,26,28,28,30,30,32,32,34,34,36,36,38,38,40,40,42,42,44,44,46,46,48,48,50,50,52,52,54,54,56,56,58,58,60]}},"yifu":{"yifu":{"x":41.55,"y":-19.92,"rotation":-100.91,"width":184,"height":133}}}}],"animations":{"animation":{"slots":{"embiyan":{"attachment":[{"name":null},{"time":3,"name":"embiyan"},{"time":3.1667,"name":null},{"time":4,"name":"embiyan"},{"time":4.1667,"name":null}]},"tsbiyan":{"attachment":[{"name":null},{"time":2.1667,"name":"tsbiyan"},{"time":2.3333,"name":null},{"time":4.8333,"name":"tsbiyan"},{"time":5,"name":null}]}},"bones":{"hongshenti2":{"rotate":[{},{"time":3,"angle":9.03},{"time":6}]},"lanshenti2":{"rotate":[{},{"time":3,"angle":-8.16},{"time":6}]},"hongshenti":{"rotate":[{"curve":0.25,"c3":0.75},{"time":3,"angle":3.23,"curve":0.25,"c3":0.75},{"time":6}]},"lanshenti":{"rotate":[{"curve":0.25,"c3":0.75},{"time":3,"angle":-2.84,"curve":0.25,"c3":0.75},{"time":6}]},"bone":{"translate":[{"curve":0.25,"c3":0.75},{"time":3,"x":9.04,"y":-0.58,"curve":0.25,"c3":0.75},{"time":6}]}},"deform":{"default":{"emtoufa01":{"emtoufa01":[{"curve":0.25,"c3":0.625,"c4":0.5},{"time":3,"offset":18,"curve":0.375,"c2":0.5,"c3":0.75,"vertices":[-0.62218,0.75809,0,0,0,0,0,0,0,0,-0.86993,10.2164,3.77957,6.81045,0.1375,14.4589,3.80292,12.48987,1.23425,8.72274,-5.2476,16.38288,-5.66627,15.94166,0,0,0,0,1.78883,10.54417,11.28055,6.2326,-2.37195,1.68156,1.6521,2.6246,-0.85907,6.51682,4.32326,12.33148,8.35072,9.68359,8.54256,5.64461,5.60027,-0.28345,-0.59959,-0.10175]},{"time":6}]},"tstoufa01":{"tstoufa01":[{"curve":0.25,"c3":0.75},{"time":3,"offset":16,"curve":0.25,"c3":0.75,"vertices":[-1.56631,2.96021,0.13055,6.75303,5.92338,8.1154,2.68563,7.63674,0.20406,2.83268,-3.89977,-8.79248,-11.144,-3.55252,-12.28225,-9.27751,-7.29929,-0.56302,-1.93536,-1.67528,-9.05564,-4.79174,-13.49242,-5.92388,-9.70515,-2.91949,-2.63453,-6.34309,-7.68944,-5.97892,-8.41151,-5.92693,-4.71981,-0.02294,-0.37958,-0.32856]},{"time":6}]}}}}}},[0]]],0,0,[0],[-1],[1]],[[[12,"subGameGate"],[13,"subGameGate",33554432,[-6],[[2,-2,[0,"35fiPKuJ9Dmb00tXKGMcMa"],[5,260,465]],[19,-3,[0,"58lYrQ0YRBLa5eBDqQDpcq"]],[21,false,5,142.5,142.5,460,-4,[0,"e3zc3eDAdFHJhq3guNw/vU"]],[20,2,2,-5,[0,"6e7mB6EdVCn5DXG6HRo860"]]],[1,"f3GbV6XoFGb7dOspNYZv9J",null,null,null,-1,0]],[14,"props_gameItem_template",33554432,1,[-11,-12,-13,-14,-15,-16,-17,-18],[[2,-7,[0,"21cTghVodMILOztsUjq3/L"],[5,260,465]],[22,40,100,-8,[0,"62Qb6KZOZJOLEqn4uxr0yM"]],[27,3,1.1,-10,[0,"92oQ3BCJ5DY43j5VXE6Meh"],-9]],[1,"93p4uyeX1AcLnuV8RqaRGp",null,null,null,1,0]],[3,"gameSkeleton",false,33554432,2,[[9,-19,[0,"f3iCpnqxVDBIXUzs8X1IQ3"],[5,223.88,219.23],[0,0.5,0]],[28,false,3,0.95,-21,[0,"8aNqU6uT9OAakC4Q9OTHef"],[4,4278255981],[4,4279177203],-20],[29,0,false,"default",-22,[0,"10UGnhYfxE85sBuNq/dfXR"],0],[23,5,245.77,315,-23,[0,"19I9trzB5NUKfAfrEQrdXe"]]],[1,"15Es4DjC9PgrA4V/jCElon",null,null,null,1,0],[1,0,-232.5,0]],[15,"vip_jiaobiao",33554432,[-27,-28],[[2,-24,[0,"e7IwHrwKBKQLG6n/n54b5M"],[5,84,84]],[31,-25,[0,"acJCmdpcFKW6skhe4yrlOd"],[4,3539992575],9,10],[24,4,26,-26,[0,"5edoXIO91Oppb4Krf06F8A"]]],[1,"47WNCKCatE5oUASUZssadt",null,null,null,1,0],[1,92,-181.3,0],[1,0.6,0.6,1]],[7,"loadWrap",false,33554432,2,[-32],[[2,-29,[0,"4cyT/WMX9HxL85p+ZNzf2M"],[5,260,465]],[32,false,0,-30,[0,"1bpe2sL1BI749Y0hHRwUA9"],13],[5,45,100,100,-31,[0,"9elMmYADxO9bvx7rI51x4m"]]],[1,"0ft5fshctAcLVqZjbwuYTB",null,null,null,1,0]],[16,"progressBar",33554432,[-37],[[2,-33,[0,"76CMWj+U1G963Bu+G9+xxu"],[5,100,10]],[33,1,0,-34,[0,"cf3VEQk0tDh66nfqK4BHWP"],11],[37,100,0,-36,[0,"d6WIeE0uhL4YR2VbYat/5f"],-35]],[1,"10fPqkIU1LKKnZWP8M/NDf",null,null,null,1,0],[1,0,-10.556,0]],[3,"spr_word",false,33554432,2,[[2,-38,[0,"4cD1gQQ3JJno3LTo029+Yj"],[5,199,91]],[34,-39,[0,"6aU5GHMcdDR7DM/plaNSdB"],1],[25,4,-40,[0,"97Ue1amGxFTo2xnQIsxngw"]]],[1,"85UWgnj3BFZaCRrAOaOxAd",null,null,null,1,0],[1,0,-187,0]],[4,"log_label",false,33554432,2,[[2,-41,[0,"af4iAjGHdGH5c+Aet2l0Ge"],[5,4,54.4]],[38,"",20,20,-42,[0,"bdWv7mdCZMVZl75nglRbsw"],[4,4294769916]],[39,-43,[0,"bc3BPLerdPyJZKY+mBkALu"]]],[1,"05FV7cY09H96TITY/Ixijk",null,null,null,1,0]],[4,"SpriteSplash",false,33554432,2,[[2,-44,[0,"97Lkx7tZFLcYBONIWNU/Sk"],[5,260,465]],[10,0,-45,[0,"c8FoAw6jtMeIugQm+sDGKD"],2],[5,45,100,100,-46,[0,"c66f/GQb9HdbTn/Vs4UMKp"]]],[1,"32Ge4He3FJ2Ys7ncy+3ndu",null,null,null,1,0]],[3,"hot_jiaobiao",false,33554432,2,[[2,-47,[0,"5fWxwQ/mJFX6yL9XRqg3q2"],[5,76,82]],[30,0,false,"default","animation",-48,[0,"3d/4p3pqRDbp0yCbLLUirS"],4],[26,33,176,-5,76,82,-49,[0,"1cExGoRhhLObbVC+3S7tgl"]]],[1,"a2SyGaqGdMVr+ULl2yYG/T",null,null,null,1,0],[1,92,196.5,0]],[7,"vipWrap",false,33554432,2,[4],[[2,-50,[0,"ea8K94YjZA/rzyEWunyUqW"],[5,260,465]],[5,45,100,100,-51,[0,"efm+EfIoxCmoV5PZkZt/cA"]]],[1,"edwj/FQphHB7jY0t8UItSB",null,null,null,1,0]],[17,"DownloadPb",33554432,5,[6],[[2,-52,[0,"faglBxyKpL7oPLSF55oRJ+"],[5,105,56]],[10,0,-53,[0,"3fkxEnueVPGJTrJy3u5Epo"],12]],[1,"abKP2qPJZIY5T6JpYPOt1V",null,null,null,1,0],[1,0,20,0]],[4,"download_icon",false,33554432,2,[[2,-54,[0,"819P1LfOxKQ7xF4pKrFjuC"],[5,70,72]],[35,0,-55,[0,"79FX9emyZNNrp7onRj9Di8"],[4,3254779903],3]],[1,"38qj26hIVMJ5yJDbU4Lqmm",null,null,null,1,0]],[8,"spr_vipIcon",33554432,4,[[2,-56,[0,"b0eZYFqAdH5IPUqwB8NYyA"],[5,54,60]],[11,-57,[0,"02yTqivftEVbOVkFCbGaFv"],5,6]],[1,"8aWJ1Nb7tPGqPFi7YL52nf",null,null,null,1,0],[1,0,18,0]],[8,"spr_vipLevel",33554432,4,[[2,-58,[0,"2csI7cvw9IoIcMuyZ6yzFO"],[5,61,20]],[11,-59,[0,"bf0VNuAelKFp1gBkyEgGk3"],7,8]],[1,"baG0d/IxlOV4e/q2gnx2VN",null,null,null,1,0],[1,0,-22,0]],[18,"Bar",33554432,6,[[[9,-60,[0,"09zf/TA49LabUY8VHLflYf"],[5,0,8],[0,0,0.5]],-61],4,1],[1,"70EPWWfpZFyIRKBDy4c3kd",null,null,null,1,0],[1,-50,0.10199999999999998,0]],[36,1,0,16,[0,"1c/+dTihZLcoTUjAnvX4s/"]]],0,[0,6,1,0,0,1,0,0,1,0,0,1,0,0,1,0,-1,2,0,0,2,0,0,2,0,3,2,0,0,2,0,-1,3,0,-2,7,0,-3,8,0,-4,9,0,-5,13,0,-6,10,0,-7,11,0,-8,5,0,0,3,0,3,3,0,0,3,0,0,3,0,0,3,0,0,4,0,0,4,0,0,4,0,-1,14,0,-2,15,0,0,5,0,0,5,0,0,5,0,-1,12,0,0,6,0,0,6,0,7,17,0,0,6,0,-1,16,0,0,7,0,0,7,0,0,7,0,0,8,0,0,8,0,0,8,0,0,9,0,0,9,0,0,9,0,0,10,0,0,10,0,0,10,0,0,11,0,0,11,0,0,12,0,0,12,0,0,13,0,0,13,0,0,14,0,0,14,0,0,15,0,0,15,0,0,16,0,-2,17,0,8,1,4,4,11,6,4,12,61],[0,0,0,0,0,0,0,0,0,0,0,0,0,0,17],[5,1,1,1,5,1,2,1,2,1,2,1,1,1,1],[2,3,0,4,5,6,7,8,9,10,11,12,13,0,14]],[[{"name":"auto_vip","spriteFrames":[]}],[3],0,[],[],[]],[[{"name":"Wealth1","rect":{"x":0,"y":0,"width":199,"height":91},"offset":{"x":0,"y":0},"originalSize":{"width":199,"height":91},"rotated":false,"capInsets":[0,0,0,0],"vertices":{"rawPosition":[-99.5,-45.5,0,99.5,-45.5,0,-99.5,45.5,0,99.5,45.5,0],"indexes":[0,1,2,2,1,3],"uv":[0,91,199,91,0,0,199,0],"nuv":[0,0,1,0,0,1,1,1],"minPos":{"x":-99.5,"y":-45.5,"z":0},"maxPos":{"x":99.5,"y":45.5,"z":0}},"packable":true,"pixelsToUnit":100,"pivot":{"x":0.5,"y":0.5},"meshType":0}],[8],0,[0],[9],[15]],[[[6,"hot_jiaobiao","\r\nhot_jiaobiao.png\r\nsize: 1024,128\r\nformat: RGBA8888\r\nfilter: Linear,Linear\r\nrepeat: none\r\nh0\r\n  rotate: false\r\n  xy: 80, 2\r\n  size: 76, 82\r\n  orig: 76, 82\r\n  offset: 0, 0\r\n  index: -1\r\nh1\r\n  rotate: false\r\n  xy: 158, 2\r\n  size: 76, 82\r\n  orig: 76, 82\r\n  offset: 0, 0\r\n  index: -1\r\nh2\r\n  rotate: false\r\n  xy: 236, 2\r\n  size: 76, 82\r\n  orig: 76, 82\r\n  offset: 0, 0\r\n  index: -1\r\nh3\r\n  rotate: false\r\n  xy: 314, 2\r\n  size: 76, 82\r\n  orig: 76, 82\r\n  offset: 0, 0\r\n  index: -1\r\nh4\r\n  rotate: false\r\n  xy: 392, 2\r\n  size: 76, 82\r\n  orig: 76, 82\r\n  offset: 0, 0\r\n  index: -1\r\nh5\r\n  rotate: false\r\n  xy: 470, 2\r\n  size: 76, 82\r\n  orig: 76, 82\r\n  offset: 0, 0\r\n  index: -1\r\nh6\r\n  rotate: false\r\n  xy: 548, 2\r\n  size: 76, 82\r\n  orig: 76, 82\r\n  offset: 0, 0\r\n  index: -1\r\nh7\r\n  rotate: false\r\n  xy: 626, 2\r\n  size: 76, 82\r\n  orig: 76, 82\r\n  offset: 0, 0\r\n  index: -1\r\nh8\r\n  rotate: false\r\n  xy: 704, 2\r\n  size: 76, 82\r\n  orig: 76, 82\r\n  offset: 0, 0\r\n  index: -1\r\nh9\r\n  rotate: false\r\n  xy: 2, 2\r\n  size: 76, 82\r\n  orig: 76, 82\r\n  offset: 0, 0\r\n  index: -1\r\n",["hot_jiaobiao.png"],{"skeleton":{"hash":"hQRsw7NuELhNb8M+U/Wrx5ourkU","spine":"3.8.99","x":-38,"y":-41,"width":76,"height":82,"images":"E:/新版UI/平台/大厅new/动画/源文件/hot角标","audio":""},"bones":[{"name":"root"}],"slots":[{"name":"11","bone":"root","attachment":"h9"}],"skins":[{"name":"default","attachments":{"11":{"h0":{"width":76,"height":82},"h1":{"width":76,"height":82},"h2":{"width":76,"height":82},"h3":{"width":76,"height":82},"h4":{"width":76,"height":82},"h5":{"width":76,"height":82},"h6":{"width":76,"height":82},"h7":{"width":76,"height":82},"h8":{"width":76,"height":82},"h9":{"width":76,"height":82}}}}],"animations":{"animation":{"slots":{"11":{"attachment":[{"name":"h0"},{"time":0.0667,"name":"h1"},{"time":0.1333,"name":"h2"},{"time":0.2,"name":"h3"},{"time":0.2667,"name":"h4"},{"time":0.3333,"name":"h5"},{"time":0.4,"name":"h6"},{"time":0.4667,"name":"h7"},{"time":0.5333,"name":"h8"},{"time":0.6,"name":"h9"}]}}}}},[0]]],0,0,[0],[-1],[16]],[[{"name":"auto_vip","spriteFrames":["VIP7","66G+P0t4ZNUrHaxuGqOJD5@f9941","VIP1","74QNuO01BGb57HYxgiDqgg@f9941","VIP4","97L71xauJNspUlyHZYu80d@f9941","VIP2","d1r9I1NudNCL4DrZlE3DYQ@f9941","VIP0","47KmA44ctAaIJnPYuc+i3g@f9941","VIP3","75mBQQ9cpJLpFKwhemnJK7@f9941","VIP8","98MHxJQGJGioJVNJ/iiGxL@f9941","VIP5","b1cxaL9z5ClbWb/5fKMfNY@f9941","VIP9","b3meWfhjJANp9JR+RpzWx0@f9941","VIP6","eafYRmHFRBKoPsheqTavh1@f9941","b_VIP4","0eO0yRr/FBzqLvk7aotfiC@f9941","b_VIP1","a1fhFbeMpLL48MH9ShcT8m@f9941","b_VIP2","b9g91CLKRLwK5i0LjeST1Y@f9941","b_VIP3","1co/WZrGFFeKVWVuae/Poi@f9941","b_VIP0","3en3BvYrZEWIDgX1hBEHCB@f9941","b_VIP5","5aZZH2KGpE37CzAcBTh0iM@f9941","b_VIP6","7353CbBfFJVot/J0Jhb7R+@f9941","b_VIP9","8berpXqJlOqJiXFoROuMCl@f9941","b_VIP8","b3kGqVY+RNvoll1WiLF+vv@f9941","b_VIP7","3170vwTIJHCK218reuj0dv@f9941","VIP10","09goxYmEBGeZ9E3jEG/DgB@f9941","b_VIP11","b90O8FJIpEEpeDnaUsR5BX@f9941","b_VIP14","724OXKhzBCX5lBd/d3gP2s@f9941","b_VIP12","330NdTw15Iu7mCMVmWWjlr@f9941","b_VIP10","2eMawkd+BAuaJTOerixHlF@f9941","b_VIP15","61KTUJdppBU4DIbXn2dxqC@f9941","b_VIP13","e6HzYdUYJLB7Z5hJKqAJH6@f9941"]}],[3],0,[],[],[]]]]
