[1,["e3T4HMQiVMsKWSPFjKDS75@6c48a"],["_textureSource"],["cc.SpriteFrame"],0,[{"name":"bg_shop","rect":{"x":0,"y":0,"width":1624,"height":750},"offset":{"x":0,"y":0},"originalSize":{"width":1624,"height":750},"rotated":false,"capInsets":[0,0,0,0],"vertices":{"rawPosition":[-812,-375,0,812,-375,0,-812,375,0,812,375,0],"indexes":[0,1,2,2,1,3],"uv":[0,750,1624,750,0,0,1624,0],"nuv":[0,0,1,0,0,1,1,1],"minPos":{"x":-812,"y":-375,"z":0},"maxPos":{"x":812,"y":375,"z":0}},"packable":true,"pixelsToUnit":100,"pivot":{"x":0.5,"y":0.5},"meshType":0}],[0],0,[0],[0],[0]]
