[1,["75dl25X9FIE539caA7uNoo@6c48a"],0,[["sp.SkeletonData",["_name","_atlasText","textureNames","_skeletonJson","textures"],-1,3]],[[0,0,1,2,3,4,5]],[[0,"rukou_bdqiuqiu_big","\r\nrukou_bdqiuqiu_big.png\r\nsize: 1024,256\r\nformat: RGBA8888\r\nfilter: Linear,Linear\r\nrepeat: none\r\n10\r\n  rotate: false\r\n  xy: 220, 39\r\n  size: 155, 192\r\n  orig: 155, 192\r\n  offset: 0, 0\r\n  index: -1\r\n4\r\n  rotate: false\r\n  xy: 509, 117\r\n  size: 83, 114\r\n  orig: 83, 114\r\n  offset: 0, 0\r\n  index: -1\r\n5\r\n  rotate: false\r\n  xy: 509, 2\r\n  size: 79, 113\r\n  orig: 79, 113\r\n  offset: 0, 0\r\n  index: -1\r\nbg_barqiu_sml\r\n  rotate: false\r\n  xy: 2, 15\r\n  size: 216, 216\r\n  orig: 216, 216\r\n  offset: 0, 0\r\n  index: -1\r\nwss\r\n  rotate: true\r\n  xy: 377, 39\r\n  size: 192, 130\r\n  orig: 192, 130\r\n  offset: 0, 0\r\n  index: -1\r\n",["rukou_bdqiuqiu_big.png"],{"skeleton":{"hash":"hG8BwARx3VdYZuX8Ttos0l+Q7Nc","spine":"3.8.99","x":-108,"y":11.83,"width":216,"height":202.32,"images":"","audio":"E:/新版UI/平台/入口新源文件/bandarqiuqiu"},"bones":[{"name":"root"},{"name":"ss","parent":"root","scaleX":0.8,"scaleY":0.8},{"name":"ss2","parent":"ss","length":122.12,"rotation":99.69,"x":-64.13,"y":99.11},{"name":"ss3","parent":"ss","length":130.73,"rotation":77.68,"x":33,"y":78.54},{"name":"ee","parent":"ss","y":-52.87,"scaleX":1.2202,"scaleY":1.2202},{"name":"qweqw","parent":"ee","length":58.79,"rotation":92.86,"x":-5.04,"y":77.37},{"name":"1312","parent":"ee","y":39.63,"scaleY":0.6132}],"slots":[{"name":"bg","bone":"root","attachment":"bg_barqiu_sml"},{"name":"ss","bone":"ss","attachment":"ss"},{"name":"wss","bone":"qweqw","attachment":"wss"},{"name":"10","bone":"1312","attachment":"10"},{"name":"5","bone":"ss2","attachment":"5"},{"name":"4","bone":"ss3","attachment":"4"}],"skins":[{"name":"default","attachments":{"4":{"4":{"x":79.33,"y":0.28,"scaleX":1.4113,"scaleY":1.4113,"rotation":-80.2,"width":83,"height":114}},"5":{"5":{"x":85.92,"y":-19.2,"scaleX":1.3584,"scaleY":1.3584,"rotation":-101.41,"width":79,"height":113}},"10":{"10":{"x":0.5,"y":211.39,"width":155,"height":192}},"bg":{"bg_barqiu_sml":{"y":106.16,"width":216,"height":216}},"ss":{"ss":{"type":"clipping","end":"ss","vertexCount":19,"color":"ce3a3aff","vertices":[-87.55,54.44,-77.14,44.03,-65.91,34.84,-52.43,25.64,-32.22,18.9,-10.98,14.79,13.9,15.21,36.72,19.68,58.59,29.09,74.52,40.12,91.3,56.28,137.85,47.09,153.77,165.31,162.96,268.82,-116.95,323.94,-161.66,247.99,-191.06,135.29,-121.85,64.24,-108.99,48.93]}},"wss":{"wss":{"x":7.51,"y":-5.42,"rotation":-92.86,"width":192,"height":130}}}}],"animations":{"animation":{"slots":{"10":{"color":[{"color":"ffffffff"},{"time":1,"color":"ffffff70"},{"time":2,"color":"ffffffff"}]}},"bones":{"ss2":{"rotate":[{},{"time":1,"angle":11.63},{"time":2}],"translate":[{},{"time":1,"x":10.61,"y":-27.19},{"time":2}]},"ss3":{"rotate":[{},{"time":1,"angle":-7.29},{"time":2}],"translate":[{},{"time":1,"x":-11.86,"y":-33.3},{"time":2}]}}}}},[0]]],0,0,[0],[-1],[0]]
