[1,["14ad46CnxGH4lm4ZljKy7H","92TV9zMHNBUYnWqxQ8WrUV@f9941","0aHq2RFGhJe7z/DrkSO1N5@f9941","92TV9zMHNBUYnWqxQ8WrUV@6c48a","19c4+MswpJr5YuBOEhorsJ@f9941","bcdm2bF8xLJa+TKyGfcOfB@f9941","f5FbxlrnJIWrDtj/oTafi8","53SsWWTFlAxLz/IGJC+L8L@f9941","abU+dMzmdMB4tXJuuOxaY4","86iR7oxj9Cy5ZTU4hR24tW@f9941"],["node","_spriteFrame","_atlas","_textureSource","spriteFrame","root","_barSprite","_target","data","_file","_normalSprite"],[["cc.Node",["_name","_active","_layer","_components","_prefab","_parent","_lpos","_children","_lscale"],0,9,4,1,5,2,5],["cc.Sprite",["_sizeMode","_type","node","__prefab","_spriteFrame","_atlas"],1,1,4,6,6],["cc.UITransform",["node","__prefab","_contentSize","_anchorPoint"],3,1,4,5,5],["cc.Label",["_string","_actualFontSize","_fontSize","_lineHeight","node","__prefab","_color"],-1,1,4,5],["cc.Widget",["_alignFlags","_originalWidth","_originalHeight","_right","_top","node","__prefab"],-2,1,4],"cc.SpriteFrame","cc.SpriteAtlas",["cc.ParticleAsset",["_name","_native"],1],["cc.Prefab",["_name"],2],["cc.Node",["_name","_layer","_parent","_children","_components","_prefab","_lpos"],1,1,2,12,4,5],["cc.CompPrefabInfo",["fileId"],2],["cc.PrefabInfo",["fileId","instance","targetOverrides","nestedPrefabInstanceRoots","root","asset"],-1,1,1],["cc.ProgressBar",["_totalLength","_progress","node","__prefab","_barSprite"],1,1,4,1],["cc.Button",["_transition","_zoomScale","node","__prefab","_normalColor","_target","_normalSprite"],1,1,4,5,1,6],["cc.Layout",["_layoutType","_horizontalDirection","node","__prefab"],1,1,4],["cc.LabelOutline",["node","__prefab","_color"],3,1,4,5],["cc.ParticleSystem2D",["_dstBlendFactor","emissionRate","life","lifeVar","angle","angleVar","startSize","startSizeVar","endSize","speed","speedVar","tangentialAccel","_totalParticles","node","__prefab","posVar","_startColor","_startColorVar","_endColor","_endColorVar","_file","_spriteFrame"],-10,1,4,5,5,5,5,5,6,6]],[[10,0,2],[11,0,1,2,3,4,5,5],[2,0,1,2,1],[0,0,5,3,4,6,2],[4,0,1,2,5,6,4],[0,0,2,5,3,4,6,3],[2,0,1,2,3,1],[1,1,0,2,3,4,5,3],[7,0,1,3],[8,0,2],[0,0,7,3,4,2],[0,0,5,7,3,4,6,8,2],[0,0,1,5,3,4,6,3],[0,0,5,3,4,2],[9,0,1,2,3,4,5,6,3],[2,0,1,3,1],[4,0,3,4,5,6,4],[1,0,2,3,4,2],[1,2,3,4,5,1],[1,1,0,2,3,3],[12,0,1,2,3,4,3],[13,0,1,2,3,4,5,6,3],[14,0,1,2,3,3],[3,0,1,2,3,4,5,5],[3,0,1,2,4,5,6,4],[3,0,1,2,4,5,4],[15,0,1,2,1],[16,0,1,2,3,4,5,6,7,8,9,10,11,12,13,14,15,16,17,18,19,20,21,14]],[[[{"name":"fire","rect":{"x":1,"y":1,"width":29,"height":29},"offset":{"x":-0.5,"y":0.5},"originalSize":{"width":32,"height":32},"rotated":false,"capInsets":[0,0,0,0],"vertices":{"rawPosition":[-14.5,-14.5,0,14.5,-14.5,0,-14.5,14.5,0,14.5,14.5,0],"indexes":[0,1,2,2,1,3],"uv":[1,31,30,31,1,2,30,2],"nuv":[0.03125,0.0625,0.9375,0.0625,0.03125,0.96875,0.9375,0.96875],"minPos":{"x":-14.5,"y":-14.5,"z":0},"maxPos":{"x":14.5,"y":14.5,"z":0}},"packable":true,"pixelsToUnit":100,"pivot":{"x":0.5,"y":0.5},"meshType":0}],[5],0,[0],[3],[3]],[[{"name":"auto_tips","spriteFrames":[]}],[6],0,[],[],[]],[[[8,"fire",".plist"],-1],0,0,[0],[4],[1]],[[[9,"loaderPanel"],[10,"loaderPanel",[-5,-6,-7,-8,-9,-10],[[2,-2,[0,"3crnIGNYhOcbmwQdzzzOOS"],[5,1600,800]],[4,45,800,80,-3,[0,"82x30JsIxMrrpuCZo5pxPs"]],[4,45,1600,800,-4,[0,"a3oys6CeBIpYtWUk4ImjZ5"]]],[1,"c46/YsCPVOJYA4mWEpNYRx",null,null,null,-1,0]],[11,"props_progressBar",1,[-15,-16],[[2,-11,[0,"67MsGul71PDKarBnzjWV3j"],[5,424,59]],[7,1,0,-12,[0,"1bxdo8eEJBxLj4F1xGNzFi"],5,6],[20,330,1,-14,[0,"73W1oJG5lPhqxBxpKyTeaq"],-13]],[1,"0ffg4jGstEWrXRJAts81gb",null,null,null,1,0],[1,0,-246,0],[1,-1,1,1]],[12,"props_btn_return",false,1,[[2,-17,[0,"bb9l/nKfhOx7J0qjoPQkOg"],[5,62,62]],[7,1,0,-18,[0,"2d6wz+naFBrrWXdl7DGWDm"],7,8],[21,3,0.9,-20,[0,"70w0pm0aFFq4EvQGWJFJ3W"],[4,4292269782],-19,9],[16,33,15,15,-21,[0,"a7X+s8qwNAgreg5v+GFduq"]]],[1,"afj+8OgfxI1bNhpVmCDIjS",null,null,null,1,0],[1,754,354,0]],[14,"Bar",33554432,2,[-25],[[[6,-22,[0,"f5cR8I9bFL8qIEZZS48gVP"],[5,330,26],[0,0,0.5]],-23,[22,1,1,-24,[0,"c8ME1DL+9OV6CE3iBen0UE"]]],4,1,4],[1,"57KNbN2U1HI7W7JBkreUpY",null,null,null,1,0],[1,-166,7,0]],[13,"bg_dt_loading",1,[[2,-26,[0,"1diUamXE5NxoT2YFzZKu3N"],[5,1600,800]],[17,0,-27,[0,"eb4omkXYVKSrf3t7wNeUy6"],0],[4,45,1625,750,-28,[0,"619C45iapGj6yxWcGkWdPI"]]],[1,"2fi5ySOz9PgbDphpffJZ4K",null,null,null,1,0]],[3,"props_progressTip",1,[[2,-29,[0,"f4KldD28tLrLQD1QKcy2eL"],[5,85.17,41.8]],[23,"loading...",20,20,30,-30,[0,"ack5NJGNRAZYBnjGUGme1b"]],[26,-31,[0,"74FqElCKZODK3wImzP4GyL"],[4,2533359616]]],[1,"5fmv9P6CpKurFRr51+kumw",null,null,null,1,0],[1,0,-237.512,0]],[3,"props_error_log",1,[[2,-32,[0,"40CjlwxPpIkLwajtSIFEK4"],[5,0,50.4]],[24,"",20,20,-33,[0,"40VA1odARIXYFp2Zscerku"],[4,4283980031]]],[1,"cdoilZuPpLCLJIKkdwdXKn",null,null,null,1,0],[1,0,343.295,0]],[5,"Sprite",33554432,2,[[6,-34,[0,"4dMy6CSLdEuJPfbu4d1PU3"],[5,330,26],[0,1,0.5]],[18,-35,[0,"a7fpP3bbtKdYRLG3LIy07m"],1,2]],[1,"04Ql3TbpJKSaF+0VtEPuJT",null,null,null,1,0],[1,164,7,0]],[5,"fire",33554432,4,[[15,-36,[0,"3bxuMOnlBFMJm/V3TPVoGz"],[0,1,0.5]],[27,1,50,0.3,0.1,180,0,20,5,30,30,20,0,100,-37,[0,"32vLcgc75G5qXeoD17K77W"],[0,10,5],[4,65535],[4,5570560],[4,4278190335],[4,4281597952],3,4]],[1,"5e51d9fcxKJ6QIG/Co1X5u",null,null,null,1,0],[1,31,0,0]],[3,"props_version",1,[[2,-38,[0,"52ifAbhplLmqkqdm/aSGCC"],[5,54.48,50.4]],[25,"v0.0.0",20,20,-39,[0,"fcULS/7LFGE6hQrKtwhwD3"]]],[1,"e85nsf1U5Ka7EdoJZrSp/P",null,null,null,1,0],[1,0,-307.692,0]],[19,1,0,4,[0,"f7+pLiDe1Em4FyL+QXo2eI"]]],0,[0,5,1,0,0,1,0,0,1,0,0,1,0,-1,5,0,-2,7,0,-3,2,0,-4,6,0,-5,3,0,-6,10,0,0,2,0,0,2,0,6,11,0,0,2,0,-1,8,0,-2,4,0,0,3,0,0,3,0,7,3,0,0,3,0,0,3,0,0,4,0,-2,11,0,0,4,0,-1,9,0,0,5,0,0,5,0,0,5,0,0,6,0,0,6,0,0,6,0,0,7,0,0,7,0,0,8,0,0,8,0,0,9,0,0,9,0,0,10,0,0,10,0,8,1,39],[0,0,0,0,0,0,0,0,0,0,11,11],[1,1,2,9,1,1,2,1,2,10,1,2],[4,5,0,6,1,7,0,2,8,2,9,0]]]]
