[1,["19d6590bc@6c48a"],["_textureSource"],["cc.SpriteFrame","cc.SpriteAtlas"],0,[[[{"name":"word_shop_shopee1","rect":{"x":3,"y":104,"width":108,"height":34},"offset":{"x":0,"y":0},"originalSize":{"width":108,"height":34},"rotated":false,"capInsets":[0,0,0,0],"packable":true,"pixelsToUnit":100,"pivot":{"x":0.5,"y":0.5},"meshType":0}],[0],0,[0],[0],[0]],[[{"name":"img_shop_title3","rect":{"x":282,"y":3,"width":567,"height":94},"offset":{"x":0,"y":0},"originalSize":{"width":567,"height":94},"rotated":true,"capInsets":[0,0,0,0],"packable":true,"pixelsToUnit":100,"pivot":{"x":0.5,"y":0.5},"meshType":0}],[0],0,[0],[0],[0]],[[{"name":"auto_shop","spriteFrames":[]}],[1],0,[],[],[]],[[{"name":"img_shop_title2","rect":{"x":382,"y":3,"width":567,"height":94},"offset":{"x":0.5,"y":0},"originalSize":{"width":568,"height":94},"rotated":true,"capInsets":[0,0,0,0],"packable":true,"pixelsToUnit":100,"pivot":{"x":0.5,"y":0.5},"meshType":0}],[0],0,[0],[0],[0]],[[{"name":"img_shop_title5","rect":{"x":184,"y":3,"width":567,"height":92},"offset":{"x":0,"y":0},"originalSize":{"width":567,"height":92},"rotated":true,"capInsets":[0,0,0,0],"packable":true,"pixelsToUnit":100,"pivot":{"x":0.5,"y":0.5},"meshType":0}],[0],0,[0],[0],[0]],[[{"name":"img_shop_title4","rect":{"x":3,"y":576,"width":567,"height":95},"offset":{"x":0,"y":0},"originalSize":{"width":567,"height":95},"rotated":false,"capInsets":[0,0,0,0],"packable":true,"pixelsToUnit":100,"pivot":{"x":0.5,"y":0.5},"meshType":0}],[0],0,[0],[0],[0]],[[{"name":"pro_shop_bg","rect":{"x":150,"y":3,"width":392,"height":28},"offset":{"x":0,"y":0},"originalSize":{"width":392,"height":28},"rotated":true,"capInsets":[0,0,0,0],"packable":true,"pixelsToUnit":100,"pivot":{"x":0.5,"y":0.5},"meshType":0}],[0],0,[0],[0],[0]],[[{"name":"icon_shop_bule","rect":{"x":3,"y":3,"width":110,"height":19},"offset":{"x":0,"y":0},"originalSize":{"width":110,"height":19},"rotated":false,"capInsets":[0,0,0,0],"packable":true,"pixelsToUnit":100,"pivot":{"x":0.5,"y":0.5},"meshType":0}],[0],0,[0],[0],[0]],[[{"name":"pro_shop_in","rect":{"x":119,"y":3,"width":389,"height":25},"offset":{"x":0,"y":0},"originalSize":{"width":389,"height":25},"rotated":true,"capInsets":[22,0,18,0],"packable":true,"pixelsToUnit":100,"pivot":{"x":0.5,"y":0.5},"meshType":0}],[0],0,[0],[0],[0]],[[{"name":"word_shop_linkaja1","rect":{"x":3,"y":64,"width":106,"height":34},"offset":{"x":0,"y":0},"originalSize":{"width":106,"height":34},"rotated":false,"capInsets":[0,0,0,0],"packable":true,"pixelsToUnit":100,"pivot":{"x":0.5,"y":0.5},"meshType":0}],[0],0,[0],[0],[0]],[[{"name":"img_shop_title6","rect":{"x":482,"y":3,"width":567,"height":94},"offset":{"x":0,"y":0},"originalSize":{"width":567,"height":94},"rotated":true,"capInsets":[0,0,0,0],"packable":true,"pixelsToUnit":100,"pivot":{"x":0.5,"y":0.5},"meshType":0}],[0],0,[0],[0],[0]],[[{"name":"bg_shop_rolr2","rect":{"x":582,"y":3,"width":235,"height":549},"offset":{"x":0.5,"y":2.5},"originalSize":{"width":236,"height":554},"rotated":false,"capInsets":[0,0,0,0],"packable":true,"pixelsToUnit":100,"pivot":{"x":0.5,"y":0.5},"meshType":0}],[0],0,[0],[0],[0]],[[{"name":"word_shop_linkaja","rect":{"x":3,"y":28,"width":103,"height":30},"offset":{"x":0,"y":0},"originalSize":{"width":103,"height":30},"rotated":false,"capInsets":[0,0,0,0],"packable":true,"pixelsToUnit":100,"pivot":{"x":0.5,"y":0.5},"meshType":0}],[0],0,[0],[0],[0]]]]
