[1,["2dolI7wGJL7Kbox7joZjT0@6c48a"],["_textureSource"],["cc.SpriteFrame"],0,[{"name":"small","rect":{"x":2,"y":2,"width":91,"height":39},"offset":{"x":0.5,"y":2},"originalSize":{"width":94,"height":47},"rotated":false,"capInsets":[0,0,0,0],"vertices":{"rawPosition":[-45.5,-19.5,0,45.5,-19.5,0,-45.5,19.5,0,45.5,19.5,0],"indexes":[0,1,2,2,1,3],"uv":[2,45,93,45,2,6,93,6],"nuv":[0.02127659574468085,0.1276595744680851,0.9893617021276596,0.1276595744680851,0.02127659574468085,0.9574468085106383,0.9893617021276596,0.9574468085106383],"minPos":{"x":-45.5,"y":-19.5,"z":0},"maxPos":{"x":45.5,"y":19.5,"z":0}},"packable":true,"pixelsToUnit":100,"pivot":{"x":0.5,"y":0.5},"meshType":0}],[0],0,[0],[0],[0]]
