[1,["e9cCqxBiFHTJbgylRYzGMP@6c48a"],["_textureSource"],["cc.SpriteFrame"],0,[{"name":"large","rect":{"x":0,"y":0,"width":178,"height":48},"offset":{"x":0,"y":0},"originalSize":{"width":178,"height":48},"rotated":false,"capInsets":[0,0,0,0],"vertices":{"rawPosition":[-89,-24,0,89,-24,0,-89,24,0,89,24,0],"indexes":[0,1,2,2,1,3],"uv":[0,48,178,48,0,0,178,0],"nuv":[0,0,1,0,0,1,1,1],"minPos":{"x":-89,"y":-24,"z":0},"maxPos":{"x":89,"y":24,"z":0}},"packable":true,"pixelsToUnit":100,"pivot":{"x":0.5,"y":0.5},"meshType":0}],[0],0,[0],[0],[0]]
