[1,["d9oDWVJjlKPon5zIPQxUPt@6c48a"],0,[["sp.SkeletonData",["_name","_atlasText","textureNames","_skeletonJson","textures"],-1,3]],[[0,0,1,2,3,4,5]],[[0,"qiuqiuda","\r\nqiuqiuda.png\r\nsize: 2048,256\r\nformat: RGBA8888\r\nfilter: Linear,Linear\r\nrepeat: none\r\nchouma\r\n  rotate: true\r\n  xy: 885, 124\r\n  size: 111, 108\r\n  orig: 111, 108\r\n  offset: 0, 0\r\n  index: -1\r\ngp1\r\n  rotate: false\r\n  xy: 885, 2\r\n  size: 88, 120\r\n  orig: 88, 120\r\n  offset: 0, 0\r\n  index: -1\r\ngp2\r\n  rotate: false\r\n  xy: 975, 2\r\n  size: 88, 120\r\n  orig: 88, 120\r\n  offset: 0, 0\r\n  index: -1\r\nqiuqiubg\r\n  rotate: false\r\n  xy: 464, 19\r\n  size: 216, 216\r\n  orig: 216, 216\r\n  offset: 0, 0\r\n  index: -1\r\nqiuqiudabg\r\n  rotate: true\r\n  xy: 2, 5\r\n  size: 230, 460\r\n  orig: 230, 460\r\n  offset: 0, 0\r\n  index: -1\r\nshafa\r\n  rotate: false\r\n  xy: 682, 33\r\n  size: 201, 202\r\n  orig: 201, 202\r\n  offset: 0, 0\r\n  index: -1\r\n",["qiuqiuda.png"],{"skeleton":{"hash":"Bjjzkm/DrFCuvwIJb+wlmiJGytI","spine":"3.8.99","x":-152.61,"y":-2.62,"width":314.47,"height":460,"images":"./qiuqiurukou/","audio":""},"bones":[{"name":"root"},{"name":"bone","parent":"root","length":81.04,"rotation":111.8,"x":-54.18,"y":182.35,"scaleX":1.1718,"scaleY":1.1718},{"name":"bone2","parent":"root","length":83.16,"rotation":70.56,"x":42.41,"y":239.17,"scaleX":1.1666,"scaleY":1.1666},{"name":"bone3","parent":"root","length":60.19,"rotation":90.75,"x":1.33,"y":203.48,"scaleX":1.3921,"scaleY":1.3921},{"name":"骨骼","parent":"root"},{"name":"骨骼2","parent":"骨骼"}],"slots":[{"name":"bg","bone":"root","attachment":"qiuqiudabg"},{"name":"sf","bone":"骨骼2","attachment":"sf"},{"name":"ss","bone":"骨骼2","attachment":"shafa"},{"name":"gp1","bone":"bone2","attachment":"gp1"},{"name":"gp2","bone":"bone","attachment":"gp2"},{"name":"chouma","bone":"bone3","attachment":"chouma"}],"skins":[{"name":"default","attachments":{"bg":{"qiuqiubg":{"y":106.42,"width":216,"height":216},"qiuqiudabg":{"y":227.38,"width":230,"height":460}},"chouma":{"chouma":{"x":31.5,"y":-3.76,"rotation":-91.18,"width":111,"height":108}},"gp1":{"gp1":{"x":-0.66,"y":-16.59,"rotation":-75.02,"width":88,"height":120}},"gp2":{"gp2":{"x":39.05,"y":-12.21,"rotation":-111.8,"width":88,"height":120}},"sf":{"sf":{"type":"clipping","end":"sf","vertexCount":7,"color":"ce3a3aff","vertices":[-101.94,206.1,-102.84,146.37,-103.75,40.49,103.5,37.77,103.5,212.44,184.95,378.96,-159.86,379.86]}},"ss":{"shafa":{"x":-0.4,"y":195.04,"scaleX":1.6146,"scaleY":1.6146,"width":201,"height":202}}}}],"animations":{"animation":{"bones":{"bone3":{"translate":[{},{"time":1,"x":-0.39,"y":29.75},{"time":1.2333,"x":0.07,"y":-5.54},{"time":2}]},"bone2":{"rotate":[{},{"time":1,"angle":-5.08},{"time":2}]},"bone":{"rotate":[{},{"time":1,"angle":4.58},{"time":2}]}}}}},[0]]],0,0,[0],[-1],[0]]
