[1,["178554358@6c48a"],["_textureSource"],["cc.SpriteFrame","cc.SpriteAtlas"],0,[[[{"name":"btn_off","rect":{"x":974,"y":44,"width":31,"height":31},"offset":{"x":0,"y":0},"originalSize":{"width":31,"height":31},"rotated":false,"capInsets":[0,0,0,0],"packable":true,"pixelsToUnit":100,"pivot":{"x":0.5,"y":0.5},"meshType":0}],[0],0,[0],[0],[0]],[[{"name":"bg_peringatan","rect":{"x":3,"y":3,"width":965,"height":588},"offset":{"x":-1,"y":0},"originalSize":{"width":967,"height":588},"rotated":false,"capInsets":[0,0,0,0],"packable":true,"pixelsToUnit":100,"pivot":{"x":0.5,"y":0.5},"meshType":0}],[0],0,[0],[0],[0]],[[{"name":"ID_3","rect":{"x":551,"y":597,"width":352,"height":272},"offset":{"x":0,"y":0},"originalSize":{"width":352,"height":272},"rotated":true,"capInsets":[0,0,0,0],"packable":true,"pixelsToUnit":100,"pivot":{"x":0.5,"y":0.5},"meshType":0}],[0],0,[0],[0],[0]],[[{"name":"auto_download","spriteFrames":["bg_peringatan","26bDQrMa5PWrLovUI06rjm@f9941","img_share","bclijoXudLNpahOnzaSKAi@f9941","btn_off","1dEF0TYgVK4JlE9jTN+nFY@f9941","dian_hui","b6MZU4NdNOjaFSIRiZoBD/@f9941","dian_shi","ecJTtJ6H9Gd4QMu0CYLWNA@f9941","ID_1","8bSw2KINhM9YuGL4f+Syc8@f9941","ID_4","dad2jDLflN6qIimNlqPL6s@f9941","ID_3","50PPGERKhMiZ1Ik7ydfNiB@f9941","guanbi","f4fMHsFW1MW4yjWSX6X6uH@f9941","btm_xiazai ","68+IN7E/FBC7nlCaRb/QjA@f9941","btn_apk","a3uwV6vt9Djbv4yfxwydlK@f9941","btn_add","fe3gss5sxA8b+TYOo0Qf4M@f9941","tanchuangkuang","dbgRpZD/lE+KN+66wWwrgx@f9941","ID_2","370s2SfJ5IbaRCK7PAA3TY@f9941"]}],[1],0,[],[],[]],[[{"name":"btm_xiazai ","rect":{"x":829,"y":597,"width":316,"height":87},"offset":{"x":0,"y":0},"originalSize":{"width":316,"height":87},"rotated":true,"capInsets":[0,0,0,0],"packable":true,"pixelsToUnit":100,"pivot":{"x":0.5,"y":0.5},"meshType":0}],[0],0,[0],[0],[0]],[[{"name":"ID_1","rect":{"x":3,"y":597,"width":390,"height":269},"offset":{"x":0,"y":0},"originalSize":{"width":390,"height":269},"rotated":true,"capInsets":[0,0,0,0],"packable":true,"pixelsToUnit":100,"pivot":{"x":0.5,"y":0.5},"meshType":0}],[0],0,[0],[0],[0]],[[{"name":"btn_apk","rect":{"x":829,"y":919,"width":114,"height":76},"offset":{"x":0,"y":0},"originalSize":{"width":114,"height":76},"rotated":false,"capInsets":[0,0,0,0],"packable":true,"pixelsToUnit":100,"pivot":{"x":0.5,"y":0.5},"meshType":0}],[0],0,[0],[0],[0]],[[{"name":"dian_hui","rect":{"x":1011,"y":44,"width":10,"height":10},"offset":{"x":0,"y":0},"originalSize":{"width":10,"height":10},"rotated":false,"capInsets":[0,0,0,0],"packable":true,"pixelsToUnit":100,"pivot":{"x":0.5,"y":0.5},"meshType":0}],[0],0,[0],[0],[0]],[[{"name":"img_share","rect":{"x":974,"y":3,"width":35,"height":43},"offset":{"x":0,"y":0},"originalSize":{"width":35,"height":43},"rotated":true,"capInsets":[0,0,0,0],"packable":true,"pixelsToUnit":100,"pivot":{"x":0.5,"y":0.5},"meshType":0}],[0],0,[0],[0],[0]],[[{"name":"ID_4","rect":{"x":278,"y":597,"width":385,"height":267},"offset":{"x":-0.5,"y":0},"originalSize":{"width":390,"height":269},"rotated":true,"capInsets":[0,0,0,0],"packable":true,"pixelsToUnit":100,"pivot":{"x":0.5,"y":0.5},"meshType":0}],[0],0,[0],[0],[0]],[[{"name":"dian_shi","rect":{"x":1011,"y":60,"width":10,"height":10},"offset":{"x":0,"y":0},"originalSize":{"width":10,"height":10},"rotated":false,"capInsets":[0,0,0,0],"packable":true,"pixelsToUnit":100,"pivot":{"x":0.5,"y":0.5},"meshType":0}],[0],0,[0],[0],[0]],[[{"name":"guanbi","rect":{"x":551,"y":955,"width":61,"height":64},"offset":{"x":0,"y":0},"originalSize":{"width":61,"height":64},"rotated":false,"capInsets":[0,0,0,0],"packable":true,"pixelsToUnit":100,"pivot":{"x":0.5,"y":0.5},"meshType":0}],[0],0,[0],[0],[0]],[[{"name":"btn_add","rect":{"x":922,"y":597,"width":83,"height":87},"offset":{"x":0,"y":-0.5},"originalSize":{"width":87,"height":88},"rotated":true,"capInsets":[0,0,0,0],"packable":true,"pixelsToUnit":100,"pivot":{"x":0.5,"y":0.5},"meshType":0}],[0],0,[0],[0],[0]]]]
