[1,["25Lo5L2FNBM6kI1ljRy0yj@6c48a"],["_textureSource"],["cc.SpriteFrame"],0,[{"name":"btn_caozuo_xiazhu_jian","rect":{"x":0,"y":0,"width":48,"height":67},"offset":{"x":0,"y":0},"originalSize":{"width":48,"height":67},"rotated":false,"capInsets":[0,0,0,0],"vertices":{"rawPosition":[-24,-33.5,0,24,-33.5,0,-24,33.5,0,24,33.5,0],"indexes":[0,1,2,2,1,3],"uv":[0,67,48,67,0,0,48,0],"nuv":[0,0,1,0,0,1,1,1],"minPos":{"x":-24,"y":-33.5,"z":0},"maxPos":{"x":24,"y":33.5,"z":0}},"packable":true,"pixelsToUnit":100,"pivot":{"x":0.5,"y":0.5},"meshType":0}],[0],0,[0],[0],[0]]
