[1,["f7zXylUjVIZqU26N/gNyoa@6c48a"],0,[["sp.SkeletonData",["_name","_atlasText","textureNames","_skeletonJson","textures"],-1,3]],[[0,0,1,2,3,4,5]],[[0,"eff_spine_Higgsdominoo_dt","\r\neff_spine_Higgsdominoo_dt.png\r\nsize: 512,128\r\nformat: RGBA8888\r\nfilter: Linear,Linear\r\nrepeat: none\r\nd_an\r\n  rotate: false\r\n  xy: 259, 2\r\n  size: 32, 32\r\n  orig: 32, 32\r\n  offset: 0, 0\r\n  index: -1\r\nd_liang\r\n  rotate: false\r\n  xy: 293, 2\r\n  size: 32, 32\r\n  orig: 32, 32\r\n  offset: 0, 0\r\n  index: -1\r\npenzai_pen\r\n  rotate: true\r\n  xy: 321, 49\r\n  size: 76, 44\r\n  orig: 76, 44\r\n  offset: 0, 0\r\n  index: -1\r\npenzai_yezi1\r\n  rotate: true\r\n  xy: 259, 36\r\n  size: 89, 60\r\n  orig: 89, 60\r\n  offset: 0, 0\r\n  index: -1\r\npenzai_yezi2\r\n  rotate: true\r\n  xy: 2, 21\r\n  size: 104, 102\r\n  orig: 104, 102\r\n  offset: 0, 0\r\n  index: -1\r\npenzai_yezi3\r\n  rotate: false\r\n  xy: 195, 17\r\n  size: 62, 108\r\n  orig: 62, 108\r\n  offset: 0, 0\r\n  index: -1\r\nzz1\r\n  rotate: true\r\n  xy: 106, 17\r\n  size: 108, 87\r\n  orig: 108, 87\r\n  offset: 0, 0\r\n  index: -1\r\n",["eff_spine_Higgsdominoo_dt.png"],{"skeleton":{"hash":"rp+oODl8jZtLIUkQxBx6m30j2Ws","spine":"3.8.99","x":-165.99,"y":-4.93,"width":341.86,"height":363.41,"images":"./asdas/","audio":""},"bones":[{"name":"root"},{"name":"bg","parent":"root","x":280.87,"y":255.47},{"name":"penzai","parent":"bg","x":-170.49,"y":-3.86},{"name":"penzai_yezi1","parent":"penzai","length":25.97,"rotation":42.75,"x":-1.82,"y":39.98},{"name":"penzai_yezi2","parent":"penzai","length":23.31,"rotation":66.01,"x":-4.86,"y":41.97},{"name":"penzai_yezi3","parent":"penzai","x":4.88,"y":54.59},{"name":"penzai_yezi4","parent":"penzai_yezi1","length":25.97,"x":25.97},{"name":"penzai_yezi5","parent":"penzai_yezi4","length":25.97,"x":25.97},{"name":"penzai_yezi6","parent":"penzai_yezi2","length":23.31,"x":23.31},{"name":"penzai_yezi7","parent":"penzai_yezi6","length":23.31,"x":23.31},{"name":"penzai_yezi8","parent":"penzai","length":43.84,"rotation":-50,"x":17.99,"y":42.02},{"name":"penzai_yezi9","parent":"penzai_yezi3","length":31.01,"rotation":-76.47,"x":23.58,"y":-4.4},{"name":"penzai_yezi10","parent":"penzai_yezi9","length":31.01,"x":31.01},{"name":"penzai_yezi11","parent":"penzai_yezi10","length":31.01,"x":31.01},{"name":"deng","parent":"bg","x":-274.09,"y":-131.27},{"name":"d1","parent":"deng","x":-156.77,"y":97.02},{"name":"d2","parent":"deng","x":-156.77,"y":26.68},{"name":"d3","parent":"deng","x":-156.77,"y":-42.67},{"name":"d4","parent":"deng","x":-156.77,"y":-113.13},{"name":"d5","parent":"deng","x":127.93,"y":91.55,"scaleX":0.9,"scaleY":0.9},{"name":"d6","parent":"deng","x":127.09,"y":33.62,"scaleX":0.9,"scaleY":0.9},{"name":"d7","parent":"deng","x":125.06,"y":-23.47,"scaleX":0.9,"scaleY":0.9},{"name":"d8","parent":"deng","x":124.31,"y":-81.63,"scaleX":0.9,"scaleY":0.9}],"slots":[{"name":"penzai_yezi3","bone":"penzai_yezi3","attachment":"penzai_yezi3"},{"name":"penzai_pen","bone":"penzai","attachment":"penzai_pen"},{"name":"penzai_yezi2","bone":"penzai_yezi2","attachment":"penzai_yezi2"},{"name":"penzai_yezi1","bone":"penzai_yezi1","attachment":"penzai_yezi1"},{"name":"zz3","bone":"bg"},{"name":"zz2","bone":"bg"},{"name":"zz1","bone":"bg","attachment":"zz1"},{"name":"d1","bone":"d1","attachment":"d_an"},{"name":"d2","bone":"d2","attachment":"d_an"},{"name":"d3","bone":"d3","attachment":"d_an"},{"name":"d4","bone":"d4","attachment":"d_an"},{"name":"d5","bone":"d5","attachment":"d_an"},{"name":"d6","bone":"d6","attachment":"d_an"},{"name":"d7","bone":"d7","attachment":"d_an"},{"name":"d8","bone":"d8","attachment":"d_an"}],"skins":[{"name":"default","attachments":{"d1":{"d_an":{"width":32,"height":32},"d_liang":{"width":32,"height":32}},"d2":{"d_an":{"width":32,"height":32},"d_liang":{"width":32,"height":32}},"d3":{"d_an":{"width":32,"height":32},"d_liang":{"width":32,"height":32}},"d4":{"d_an":{"width":32,"height":32},"d_liang":{"width":32,"height":32}},"d5":{"d_an":{"width":32,"height":32},"d_liang":{"width":32,"height":32}},"d6":{"d_an":{"width":32,"height":32},"d_liang":{"width":32,"height":32}},"d7":{"d_an":{"width":32,"height":32},"d_liang":{"width":32,"height":32}},"d8":{"d_an":{"width":32,"height":32},"d_liang":{"width":32,"height":32}},"penzai_pen":{"penzai_pen":{"x":-2.51,"y":19.86,"width":76,"height":44}},"penzai_yezi1":{"penzai_yezi1":{"type":"mesh","hull":29,"width":89,"height":60,"uvs":[0.99669,0.29355,0.88738,0.4988,0.73582,0.53073,0.57349,0.45731,0.47138,0.59701,0.56811,0.55451,0.73098,0.60395,0.89464,0.59702,0.80252,0.86119,0.63785,0.987,0.4636,0.99999,0.34778,0.94075,0.06457,0.97167,0.00001,0.62783,0.19759,0.67849,0.30511,0.77299,0.33354,0.71033,0.23253,0.61849,0.2159,0.39049,0.33321,0.00001,0.36919,0,0.50369,0.26415,0.51043,0.40449,0.5456,0.36715,0.56848,0.21217,0.66829,0.10449,0.87482,0.10667,0.95957,0.00653,0.99339,0.00245],"triangles":[12,15,11,26,24,25,24,26,1,1,26,0,0,26,28,26,27,28,24,1,2,22,23,3,2,3,23,24,2,23,8,6,7,9,6,8,4,9,10,4,10,16,9,4,6,12,14,15,12,13,14,11,15,10,15,16,10,16,17,4,17,18,4,4,18,22,3,4,22,18,21,22,18,19,21,19,20,21,6,4,5],"vertices":[2,6,42.66,-12.7,0.00007,7,16.69,-12.7,0.99993,3,3,53.13,-15.14,0.00004,6,27.16,-15.14,0.28871,7,1.19,-15.14,0.71126,3,3,41.92,-7.39,0.00035,6,15.95,-7.39,0.9547,7,-10.02,-7.39,0.04495,3,3,34.31,5.65,0.28154,6,8.34,5.65,0.71841,7,-17.63,5.65,0.00005,2,3,21.94,5.67,0.97001,6,-4.03,5.67,0.02999,1,3,30,1.7,1,1,3,38.63,-10.32,1,1,3,49.6,-19.9,1,1,3,32.83,-25.98,1,1,3,16.94,-21.57,1,1,3,5.02,-11.62,1,1,2,-0.56,38.41,1,1,2,-25.76,36.56,1,1,3,-10.12,32.79,1,1,3,0.73,18.62,1,1,3,3.91,7.96,1,1,3,8.32,9,1,1,3,5.46,19.15,1,2,3,13.66,30.2,0.99759,6,-12.31,30.2,0.00241,2,3,37.23,40.32,0.98652,6,11.26,40.32,0.01348,2,3,39.58,38.15,0.98587,6,13.61,38.15,0.01413,2,3,37.61,18.38,0.8849,6,11.64,18.38,0.1151,3,3,32.34,11.79,0.63147,6,6.37,11.79,0.36827,7,-19.61,11.79,0.00026,3,3,36.15,11.31,0.24969,6,10.18,11.31,0.73659,7,-15.79,11.31,0.01372,3,3,43.96,16.76,0.01777,6,17.99,16.76,0.81722,7,-7.98,16.76,0.16501,2,6,28.9,15.47,0.45535,7,2.93,15.47,0.54465,1,7,16.34,2.9,1,1,7,25.96,2.19,1,1,7,28.33,0.33,1],"edges":[24,22,22,20,18,20,18,16,16,14,14,12,12,10,10,8,8,6,6,4,4,2,0,56,2,0,54,56,54,52,52,50,50,48,48,46,46,44,44,42,42,40,38,40,38,36,36,34,34,32,32,30,30,28,28,26,26,24]}},"penzai_yezi2":{"penzai_yezi2":{"type":"mesh","hull":26,"width":104,"height":102,"uvs":[0.79193,0.13653,0.74716,0.25117,0.6518,0.31746,0.6225,0.48716,0.80346,0.62072,0.91743,0.65411,1,0.78382,1,1,0.70558,0.8169,0.66486,0.69699,0.56245,0.63784,0.32372,0.69387,0.20228,0.76022,0.08963,0.73732,0,0.64792,0,0.61718,0.11634,0.54805,0.21622,0.50957,0.15956,0.40881,0.193,0.24631,0.46698,0.3409,0.43176,0.20501,0.50045,0.08969,0.67032,0.0456,0.75744,0,0.7973,0],"triangles":[10,11,20,7,8,6,5,6,8,8,4,5,8,9,4,4,9,3,9,10,3,13,16,12,12,17,11,12,16,17,13,14,16,14,15,16,11,17,20,10,20,3,17,18,20,18,19,20,3,20,2,20,21,2,21,22,2,2,22,23,2,23,1,1,23,0,23,24,0,0,24,25],"vertices":[1,9,12.43,-7.34,1,2,9,-0.14,-7.84,0.60484,8,23.16,-7.84,0.39516,1,8,12.95,-1.53,1,3,8,-4.1,-5.78,0.04165,4,19.21,-5.78,0.85727,10,-17.88,2.26,0.10108,1,10,4.66,7.92,1,1,10,14.88,14.81,1,1,10,30.54,12.88,1,1,10,47.43,-1.29,1,1,10,13.44,-12.74,1,2,4,1.45,-18.51,0.07449,10,1.35,-8.12,0.92551,1,2,1.99,41.8,1,1,2,-22.84,36.08,1,1,4,-24.01,22.82,1,1,4,-26.64,34.47,1,1,4,-22.1,46.7,1,1,4,-19.23,47.97,1,1,4,-7.87,39.78,1,2,8,-23.37,31.89,0.00247,4,-0.06,31.89,0.99753,2,8,-16.37,41.45,0.08804,4,6.93,41.45,0.91196,2,8,0.18,45.01,0.32121,4,23.49,45.01,0.67879,3,9,-20.35,15.06,0.01277,8,2.95,15.06,0.53831,4,26.26,15.06,0.44893,3,9,-9.18,24.04,0.19434,8,14.13,24.04,0.79004,4,37.44,24.04,0.01561,2,9,4.47,22.3,0.47241,8,27.78,22.3,0.52759,2,9,15.76,7.99,0.96901,8,39.07,7.99,0.03099,1,9,23.7,1.6,1,1,9,25.38,-2.19,1],"edges":[24,22,22,20,20,18,18,16,16,14,14,12,12,10,10,8,8,6,6,4,4,2,2,0,0,50,48,50,48,46,46,44,44,42,42,40,40,38,38,36,36,34,34,32,32,30,28,30,28,26,26,24]}},"penzai_yezi3":{"penzai_yezi3":{"type":"mesh","hull":16,"width":62,"height":108,"uvs":[0.92263,0.13791,0.75447,0.21928,0.87529,0.24696,0.97134,0.33603,1,0.42534,0.8079,0.44668,0.99331,0.64614,0.78432,0.99999,0.71647,0.99999,0.41871,0.81698,0.39023,0.67328,0.17515,0.65356,0.10751,0.45653,0,0.10545,0.12768,0.00001,0.54268,0],"triangles":[15,12,14,12,13,14,7,8,6,6,8,5,8,9,5,9,10,5,11,12,10,1,5,10,1,10,12,1,12,15,5,3,4,5,2,3,5,1,2,1,15,0],"vertices":[1,11,5.82,31.75,1,2,11,11.92,19.56,0.99213,12,-19.09,19.56,0.00787,2,11,16.58,26.14,0.94746,12,-14.43,26.14,0.05254,2,11,27.33,29.68,0.85293,12,-3.68,29.68,0.14707,2,11,37.12,29.15,0.78739,12,6.11,29.15,0.21261,3,11,36.57,17.03,0.48835,12,5.56,17.03,0.51042,13,-25.45,17.03,0.00123,3,11,60.21,23.17,0.00042,12,29.2,23.17,0.65831,13,-1.81,23.17,0.34127,1,13,32.31,1.63,1,1,13,31.33,-2.46,1,2,12,38.8,-15.79,0.22009,13,7.79,-15.79,0.77991,3,11,54.31,-13.87,0.02579,12,23.3,-13.87,0.90404,13,-7.71,-13.87,0.07017,3,11,49.12,-26.34,0.09955,12,18.11,-26.34,0.62045,5,9.47,-58.31,0.28,3,11,27.45,-25.43,0.37451,12,-3.56,-25.43,0.20949,5,5.28,-37.03,0.416,1,5,-1.39,0.88,1,2,11,-20.2,-12.68,0.16,5,6.53,12.27,0.84,2,11,-14.18,12.34,0.848,5,32.26,12.27,0.152],"edges":[26,28,28,30,30,0,0,2,2,4,4,6,6,8,8,10,10,12,12,14,14,16,16,18,18,20,20,22,22,24,24,26]}},"zz1":{"zz1":{"x":-177,"y":-6.5,"width":108,"height":87}}}}],"animations":{"animation":{"slots":{"d1":{"attachment":[{"time":0.8333,"name":"d_liang"},{"time":1.6667,"name":"d_an"},{"time":2.5,"name":"d_liang"},{"time":3.3333,"name":"d_an"}]},"d2":{"attachment":[{"name":"d_liang"},{"time":0.8333,"name":"d_an"},{"time":1.6667,"name":"d_liang"},{"time":2.5,"name":"d_an"},{"time":3.3333,"name":"d_liang"}]},"d3":{"attachment":[{"time":0.8333,"name":"d_liang"},{"time":1.6667,"name":"d_an"},{"time":2.5,"name":"d_liang"},{"time":3.3333,"name":"d_an"}]},"d4":{"attachment":[{"name":"d_liang"},{"time":0.8333,"name":"d_an"},{"time":1.6667,"name":"d_liang"},{"time":2.5,"name":"d_an"},{"time":3.3333,"name":"d_liang"}]},"d5":{"attachment":[{"name":"d_liang"},{"time":0.8333,"name":"d_an"},{"time":1.6667,"name":"d_liang"},{"time":2.5,"name":"d_an"},{"time":3.3333,"name":"d_liang"}]},"d6":{"attachment":[{"time":0.8333,"name":"d_liang"},{"time":1.6667,"name":"d_an"},{"time":2.5,"name":"d_liang"},{"time":3.3333,"name":"d_an"}]},"d7":{"attachment":[{"name":"d_liang"},{"time":0.8333,"name":"d_an"},{"time":1.6667,"name":"d_liang"},{"time":2.5,"name":"d_an"},{"time":3.3333,"name":"d_liang"}]},"d8":{"attachment":[{"time":0.8333,"name":"d_liang"},{"time":1.6667,"name":"d_an"},{"time":2.5,"name":"d_liang"},{"time":3.3333,"name":"d_an"}]}},"bones":{"penzai_yezi8":{"rotate":[{"angle":1.05},{"time":0.7,"angle":3.86},{"time":2.3333,"angle":-2.98},{"time":3.3333,"angle":1.05}]},"penzai_yezi6":{"rotate":[{"angle":1.21},{"time":0.3333,"angle":2.72},{"time":2,"angle":-4.62},{"time":3.3333,"angle":1.21}]},"penzai_yezi5":{"rotate":[{"angle":-1.71},{"time":1.0333,"angle":8.56},{"time":2.7,"angle":-8.11},{"time":3.3333,"angle":-1.71}]},"penzai_yezi10":{"rotate":[{"angle":-0.15},{"time":0.7,"angle":2.39},{"time":2.3333,"angle":-3.79},{"time":3.3333,"angle":-0.15}]},"penzai_yezi9":{"rotate":[{"angle":0.33},{"time":0.3333,"angle":0.78},{"time":2,"angle":-1.4},{"time":3.3333,"angle":0.33}]},"penzai_yezi3":{"rotate":[{"angle":1.07},{"time":1.6667,"angle":-0.99},{"time":3.3333,"angle":1.07}]},"penzai_yezi1":{"rotate":[{"angle":-0.04},{"time":0.3333,"angle":0.71},{"time":2,"angle":-2.93},{"time":3.3333,"angle":-0.04}]},"penzai_yezi7":{"rotate":[{"angle":-0.67},{"time":0.7,"angle":5.8},{"time":2.3333,"angle":-9.96},{"time":3.3333,"angle":-0.67}]},"penzai_yezi4":{"rotate":[{"angle":-0.23},{"time":0.7,"angle":3.3},{"time":2.3333,"angle":-5.3},{"time":3.3333,"angle":-0.23}]},"penzai_yezi11":{"rotate":[{"angle":-3.25},{"time":1.0333,"angle":4.73},{"time":2.7,"angle":-8.21},{"time":3.3333,"angle":-3.25}]},"penzai_yezi2":{"rotate":[{"angle":0.76},{"time":1.6667,"angle":-2},{"time":3.3333,"angle":0.76}]}}}}},[0]]],0,0,[0],[-1],[0]]
