[1,["3azUMfF/9KaYrc5SVjUW1P@6c48a"],0,[["sp.SkeletonData",["_name","_atlasText","textureNames","_skeletonJson","textures"],-1,3]],[[0,0,1,2,3,4,5]],[[0,"rk_bandar_da","\r\nrk_bandar_da.png\r\nsize: 512,512\r\nformat: RGBA8888\r\nfilter: Linear,Linear\r\nrepeat: none\r\nID_624\r\n  rotate: false\r\n  xy: 150, 252\r\n  size: 140, 118\r\n  orig: 140, 118\r\n  offset: 0, 0\r\n  index: -1\r\nbg_bar_da\r\n  rotate: true\r\n  xy: 2, 2\r\n  size: 230, 460\r\n  orig: 230, 460\r\n  offset: 0, 0\r\n  index: -1\r\ngp\r\n  rotate: true\r\n  xy: 292, 234\r\n  size: 136, 180\r\n  orig: 136, 180\r\n  offset: 0, 0\r\n  index: -1\r\ngp[2\r\n  rotate: true\r\n  xy: 2, 260\r\n  size: 110, 146\r\n  orig: 110, 146\r\n  offset: 0, 0\r\n  index: -1\r\n",["rk_bandar_da.png"],{"skeleton":{"hash":"7+XonDG0Nl0Gkln7kxcIAYSFxvw","spine":"3.8.99","x":-115.59,"y":-3,"width":234.91,"height":460,"images":"","audio":""},"bones":[{"name":"root"},{"name":"bone","parent":"root","length":145.88,"rotation":106.32,"x":-91.7,"y":256.59},{"name":"bone2","parent":"root","length":115.76,"rotation":58.78,"x":24.49,"y":199.47,"scaleX":1.3002,"scaleY":1.3002},{"name":"bone3","parent":"root","length":57.04,"rotation":-4.29,"x":22.57,"y":85.88}],"slots":[{"name":"组 1 拷贝 5","bone":"root","attachment":"bg_bar_da"},{"name":"gp[2","bone":"bone2","attachment":"gp[2"},{"name":"gp","bone":"bone","attachment":"gp"},{"name":"ID_624","bone":"bone3","attachment":"ID_624"}],"skins":[{"name":"default","attachments":{"ID_624":{"ID_624":{"x":-15.82,"y":55.66,"scaleX":1.3563,"scaleY":1.3563,"width":140,"height":118}},"gp":{"gp":{"x":11.34,"y":-66.9,"scaleX":1.2406,"scaleY":1.2406,"rotation":-106.04,"width":136,"height":180}},"gp[2":{"gp[2":{"x":46.86,"y":15.03,"rotation":-64.07,"width":110,"height":146}},"组 1 拷贝 5":{"bg_bar_da":{"y":227,"width":230,"height":460}}}}],"animations":{"animation":{"bones":{"bone":{"rotate":[{"time":0.3333},{"time":0.8333,"angle":7.49},{"time":1.3333}]},"bone2":{"rotate":[{"time":0.3333},{"time":0.8333,"angle":-7.64},{"time":1.3333}]},"bone3":{"translate":[{},{"time":0.6667,"x":1.65,"y":22.03},{"time":1.3333}]}}}}},[0]]],0,0,[0],[-1],[0]]
