[1,["146f3853b@6c48a"],["_textureSource"],["cc.SpriteFrame","cc.SpriteAtlas"],0,[[[{"name":"icon_gift_user","rect":{"x":625,"y":600,"width":43,"height":38},"offset":{"x":0,"y":0},"originalSize":{"width":43,"height":38},"rotated":false,"capInsets":[0,0,0,0],"packable":true,"pixelsToUnit":100,"pivot":{"x":0.5,"y":0.5},"meshType":0}],[0],0,[0],[0],[0]],[[{"name":"bg_gift_daojubox_daojuban","rect":{"x":573,"y":647,"width":71,"height":70},"offset":{"x":0,"y":0},"originalSize":{"width":71,"height":70},"rotated":true,"capInsets":[0,0,0,0],"packable":true,"pixelsToUnit":100,"pivot":{"x":0.5,"y":0.5},"meshType":0}],[0],0,[0],[0],[0]],[[{"name":"img_icon_shoe","rect":{"x":636,"y":371,"width":48,"height":89},"offset":{"x":0,"y":0},"originalSize":{"width":48,"height":89},"rotated":true,"capInsets":[0,0,0,0],"packable":true,"pixelsToUnit":100,"pivot":{"x":0.5,"y":0.5},"meshType":0}],[0],0,[0],[0],[0]],[[{"name":"img_icon_durian","rect":{"x":636,"y":271,"width":90,"height":94},"offset":{"x":0,"y":0},"originalSize":{"width":90,"height":94},"rotated":false,"capInsets":[0,0,0,0],"packable":true,"pixelsToUnit":100,"pivot":{"x":0.5,"y":0.5},"meshType":0}],[0],0,[0],[0],[0]],[[{"name":"img_icon_kiss","rect":{"x":675,"y":3,"width":92,"height":50},"offset":{"x":0,"y":0},"originalSize":{"width":92,"height":50},"rotated":true,"capInsets":[0,0,0,0],"packable":true,"pixelsToUnit":100,"pivot":{"x":0.5,"y":0.5},"meshType":0}],[0],0,[0],[0],[0]],[[{"name":"btn_gift_xuanzhong","rect":{"x":636,"y":45,"width":30,"height":31},"offset":{"x":-1,"y":1.5},"originalSize":{"width":34,"height":34},"rotated":true,"capInsets":[0,0,0,0],"packable":true,"pixelsToUnit":100,"pivot":{"x":0.5,"y":0.5},"meshType":0}],[0],0,[0],[0],[0]],[[{"name":"bg_touxiangbox_me","rect":{"x":229,"y":647,"width":80,"height":80},"offset":{"x":0,"y":0},"originalSize":{"width":80,"height":80},"rotated":false,"capInsets":[0,0,0,0],"packable":true,"pixelsToUnit":100,"pivot":{"x":0.5,"y":0.5},"meshType":0}],[0],0,[0],[0],[0]],[[{"name":"img_icon_rose","rect":{"x":636,"y":101,"width":81,"height":92},"offset":{"x":0,"y":0},"originalSize":{"width":81,"height":92},"rotated":true,"capInsets":[0,0,0,0],"packable":true,"pixelsToUnit":100,"pivot":{"x":0.5,"y":0.5},"meshType":0}],[0],0,[0],[0],[0]],[[{"name":"auto-gift","spriteFrames":[]}],[1],0,[],[],[]],[[{"name":"img_icon_bucket","rect":{"x":315,"y":647,"width":83,"height":79},"offset":{"x":0,"y":0},"originalSize":{"width":83,"height":79},"rotated":false,"capInsets":[0,0,0,0],"packable":true,"pixelsToUnit":100,"pivot":{"x":0.5,"y":0.5},"meshType":0}],[0],0,[0],[0],[0]],[[{"name":"img_icon_brick","rect":{"x":485,"y":647,"width":71,"height":82},"offset":{"x":0,"y":0},"originalSize":{"width":71,"height":82},"rotated":true,"capInsets":[0,0,0,0],"packable":true,"pixelsToUnit":100,"pivot":{"x":0.5,"y":0.5},"meshType":0}],[0],0,[0],[0],[0]],[[{"name":"img_icon_cock","rect":{"x":636,"y":425,"width":88,"height":104},"offset":{"x":0,"y":0},"originalSize":{"width":88,"height":104},"rotated":false,"capInsets":[0,0,0,0],"packable":true,"pixelsToUnit":100,"pivot":{"x":0.5,"y":0.5},"meshType":0}],[0],0,[0],[0],[0]],[[{"name":"bg_gift_daojubox","rect":{"x":3,"y":169,"width":470,"height":445},"offset":{"x":0,"y":-0.5},"originalSize":{"width":470,"height":446},"rotated":false,"capInsets":[55,174,55,87],"packable":true,"pixelsToUnit":100,"pivot":{"x":0.5,"y":0.5},"meshType":0}],[0],0,[0],[0],[0]],[[{"name":"img_icon_egg","rect":{"x":636,"y":188,"width":77,"height":91},"offset":{"x":0,"y":0},"originalSize":{"width":77,"height":91},"rotated":true,"capInsets":[0,0,0,0],"packable":true,"pixelsToUnit":100,"pivot":{"x":0.5,"y":0.5},"meshType":0}],[0],0,[0],[0],[0]],[[{"name":"heguan_bandar","rect":{"x":3,"y":3,"width":472,"height":160},"offset":{"x":0,"y":0},"originalSize":{"width":472,"height":160},"rotated":false,"capInsets":[0,0,0,0],"packable":true,"pixelsToUnit":100,"pivot":{"x":0.5,"y":0.5},"meshType":0}],[0],0,[0],[0],[0]],[[{"name":"heguan_yxx","rect":{"x":481,"y":45,"width":450,"height":149},"offset":{"x":0,"y":0},"originalSize":{"width":470,"height":149},"rotated":true,"capInsets":[0,0,0,0],"packable":true,"pixelsToUnit":100,"pivot":{"x":0.5,"y":0.5},"meshType":0}],[0],0,[0],[0],[0]],[[{"name":"bg_gift_daojubox_jinbi","rect":{"x":481,"y":3,"width":188,"height":36},"offset":{"x":-3,"y":0},"originalSize":{"width":194,"height":36},"rotated":false,"capInsets":[0,0,0,0],"packable":true,"pixelsToUnit":100,"pivot":{"x":0.5,"y":0.5},"meshType":0}],[0],0,[0],[0],[0]],[[{"name":"img_icon_pan","rect":{"x":79,"y":647,"width":97,"height":81},"offset":{"x":0,"y":0},"originalSize":{"width":97,"height":81},"rotated":false,"capInsets":[0,0,0,0],"packable":true,"pixelsToUnit":100,"pivot":{"x":0.5,"y":0.5},"meshType":0}],[0],0,[0],[0],[0]],[[{"name":"img_icon_beer","rect":{"x":3,"y":620,"width":108,"height":70},"offset":{"x":0,"y":0},"originalSize":{"width":108,"height":70},"rotated":true,"capInsets":[0,0,0,0],"packable":true,"pixelsToUnit":100,"pivot":{"x":0.5,"y":0.5},"meshType":0}],[0],0,[0],[0],[0]],[[{"name":"btn_gift_on","rect":{"x":182,"y":647,"width":81,"height":41},"offset":{"x":-1,"y":-1},"originalSize":{"width":83,"height":43},"rotated":true,"capInsets":[0,0,0,0],"packable":true,"pixelsToUnit":100,"pivot":{"x":0.5,"y":0.5},"meshType":0}],[0],0,[0],[0],[0]],[[{"name":"btn_gift_off","rect":{"x":649,"y":644,"width":82,"height":36},"offset":{"x":1.5,"y":-3.5},"originalSize":{"width":85,"height":45},"rotated":true,"capInsets":[0,0,0,0],"packable":true,"pixelsToUnit":100,"pivot":{"x":0.5,"y":0.5},"meshType":0}],[0],0,[0],[0],[0]],[[{"name":"img_icon_tomato","rect":{"x":404,"y":647,"width":75,"height":77},"offset":{"x":0,"y":0},"originalSize":{"width":75,"height":77},"rotated":false,"capInsets":[0,0,0,0],"packable":true,"pixelsToUnit":100,"pivot":{"x":0.5,"y":0.5},"meshType":0}],[0],0,[0],[0],[0]],[[{"name":"img_icon_money","rect":{"x":625,"y":535,"width":97,"height":59},"offset":{"x":0,"y":0},"originalSize":{"width":97,"height":59},"rotated":false,"capInsets":[0,0,0,0],"packable":true,"pixelsToUnit":100,"pivot":{"x":0.5,"y":0.5},"meshType":0}],[0],0,[0],[0],[0]],[[{"name":"head1","rect":{"x":479,"y":501,"width":140,"height":140},"offset":{"x":0,"y":0},"originalSize":{"width":140,"height":140},"rotated":false,"capInsets":[0,0,0,0],"packable":true,"pixelsToUnit":100,"pivot":{"x":0.5,"y":0.5},"meshType":0}],[0],0,[0],[0],[0]],[[{"name":"btn_gift_weixuan","rect":{"x":691,"y":600,"width":30,"height":31},"offset":{"x":0,"y":0},"originalSize":{"width":30,"height":31},"rotated":true,"capInsets":[0,0,0,0],"packable":true,"pixelsToUnit":100,"pivot":{"x":0.5,"y":0.5},"meshType":0}],[0],0,[0],[0],[0]]]]
