[1,["93nNZTA1FLXKdjsoMxmBl0@6c48a"],["_textureSource"],["cc.SpriteFrame"],0,[{"name":"Fruit777","rect":{"x":0,"y":0,"width":218,"height":46},"offset":{"x":0,"y":0},"originalSize":{"width":218,"height":46},"rotated":false,"capInsets":[0,0,0,0],"vertices":{"rawPosition":[-109,-23,0,109,-23,0,-109,23,0,109,23,0],"indexes":[0,1,2,2,1,3],"uv":[0,46,218,46,0,0,218,0],"nuv":[0,0,1,0,0,1,1,1],"minPos":{"x":-109,"y":-23,"z":0},"maxPos":{"x":109,"y":23,"z":0}},"packable":true,"pixelsToUnit":100,"pivot":{"x":0.5,"y":0.5},"meshType":0}],[0],0,[0],[0],[0]]
