[1,["d0GOjp9adPILvpuZwmviHK@6c48a"],["_textureSource"],["cc.SpriteFrame"],0,[{"name":"shuiguo","rect":{"x":2,"y":4,"width":545,"height":250},"offset":{"x":-237.5,"y":-1},"originalSize":{"width":1024,"height":256},"rotated":false,"capInsets":[0,0,0,0],"vertices":{"rawPosition":[-272.5,-125,0,272.5,-125,0,-272.5,125,0,272.5,125,0],"indexes":[0,1,2,2,1,3],"uv":[2,252,547,252,2,2,547,2],"nuv":[0.001953125,0.0078125,0.5341796875,0.0078125,0.001953125,0.984375,0.5341796875,0.984375],"minPos":{"x":-272.5,"y":-125,"z":0},"maxPos":{"x":272.5,"y":125,"z":0}},"packable":true,"pixelsToUnit":100,"pivot":{"x":0.5,"y":0.5},"meshType":0}],[0],0,[0],[0],[0]]
