[1,["b4Y5y0WotEE5AFhfLWE5j7","b3u4fN0kVHyqXH5GUhQS0W","4cLP0QNuFCnJq/KUEnhLWJ@f9941","76s5u9acJOo73EtAsJftjf","c6vJaGFDhIGYC1IkQ1x1pm@f9941","b7T7THVudFpJtgxZOI53Q8@f9941","aejNzzcX9L/p5JvfLlWub8@f9941","c9cEKtUWdCooTfyHKwGzke@f9941","dfRnz50p5CnYHko2UAaQ/4@f9941","2f/FQd955NM6u6lYVfXdIo@f9941","eaEZ5XedZDFKC7CJeivRqQ@f9941","26S9ntYHRBsrydlQAhn9hT@f9941","651DPqo65CHLr2b/yETSWl","7dj5uJT9FMn6OrOOx83tfK@f9941","11VATWE4xAkrXHd+Q8q7Sm@f9941","8fyjNvAhZPd6DfgjrfAdig@f9941","ecj6fOEqJND4BWyVwueyzv@f9941","f0k6XiVDVI9K3nzZb3ZsIu@f9941","c7b2eVleNIL6s1mPdVNa6R@f9941","f5p4MZDttIsrPSbYswVLI5@f9941","cfGOK+ZS5EPa1n3PA07C9k@f9941","0c1Xw5cqhMwJUREtQmgpUd@6c48a","b7xTiWRMxF8o3rmve36KOM@6c48a","3fFCuxoo9C2btukoM9auPJ@6c48a","36zAFuN8hB+7TE0cMSw6g+@6c48a","ee956AY6JIwoWshZhQSbdc@6c48a","57R+mr/1BIhqLICKXTauqz@6c48a","39uRaM79NCgajTuNlGiIDZ@6c48a","36zAFuN8hB+7TE0cMSw6g+@f9941","eeoDli9nVFh4iaa1vSX2iA@f9941","c3j6NjTj9Et5TowllWf0VQ@f9941","60kFBzKX5HxYSlbWHj1kdG@f9941","a5Fai9v3JFva459+yDH4zd@f9941","47KmA44ctAaIJnPYuc+i3g@f9941","0c1Xw5cqhMwJUREtQmgpUd@f9941","9dmbHfCE9KKo5CgZUiHxGH","d4nh+ok5JHxbptQeNrg+cr@f9941","b7MFJ8MjNBwqr3fNq1j5dJ@f9941","c0IW6gqDlDLYcch3usoCKt@f9941","abPMDLn5pDb6b1p7UqOkRu@f9941","ffuIqPr2JI9I8dPLYGRDpD@f9941","acRpMtcdFNirDuBgl06mcx@f9941","c6TDSbEQhBVo9nJzBUiASK","05HCLAcB5IXoecsF79N0bc@f9941","93wgMmXzNPg40oCpPAcrAv","57R+mr/1BIhqLICKXTauqz@f9941","20g1ukYUVPvKWKBRznAKo+@f9941","54TknWPwVPqJqeCR+Y/Czo@f9941","95EkngnxZFbYuFpsqVTaFr@f9941","a1w2/+NTpGXqimVN466E6i","52aYh+Cm9OnIERr9V594wQ","3fkXfaOa1Hfr0Aej6C+0Uj@f9941","18fFp9FnhNLrwO3nIMeWIo","6dXMvh+n1AxKREpn7SuwSN@f9941","1btIpcWfNJ35jHwPDarfck","22+pP2wNVD7bLEAQJ+Msle@f9941","e0adYb2/xBx7hdzNwp7mn/","efU6Gf9+RP0rncMMs7vmon@f9941","8buhB6oZlAAZfdo1adznt0@f9941","c4+VAKeHJHJq+LA5uL2/sG@f9941","b8E21H4/VDn6xT/xFvctJ+@f9941","d4MbR5bvJIaJcIJ5DPWL16@f9941","afxHkx8GZGsJC+n+YfITQo@f9941","6cp/bGIdlLjZEeqFRKvms0@6c48a","26t4w2YZZKhrNP0mrnLFOG@6c48a","a5Fai9v3JFva459+yDH4zd@6c48a","afxHkx8GZGsJC+n+YfITQo@6c48a","b7MFJ8MjNBwqr3fNq1j5dJ@6c48a","adOYZPv39IGYDkTkIV8OGc@6c48a","eeoDli9nVFh4iaa1vSX2iA@6c48a","ffuIqPr2JI9I8dPLYGRDpD@6c48a"],["node","_spriteFrame","_atlas","_normalSprite","_target","_skeletonData","_textureSource","_checkMark","_parent","_font","root","_indicator","data","_scrollView","_hoverSprite","_pressedSprite","_disabledSprite"],[["cc.Sprite",["_sizeMode","_type","_name","node","__prefab","_spriteFrame","_atlas","_color"],0,1,4,6,6,5],["cc.Node",["_name","_layer","_active","_components","_prefab","_parent","_children","_lpos","_lscale"],0,9,4,1,2,5,5],["cc.Widget",["_alignFlags","_originalWidth","_originalHeight","_top","_left","_right","_bottom","_alignMode","node","__prefab"],-5,1,4],"cc.SpriteFrame",["cc.Button",["_transition","_zoomScale","node","__prefab","_normalSprite","_target","_normalColor","_hoverColor","_pressedColor","_hoverSprite","_pressedSprite","_disabledSprite"],1,1,4,6,1,5,5,5,6,6,6],["cc.Layout",["_resizeMode","_layoutType","_isAlign","_affectedByScale","_spacingX","_enabled","node","__prefab"],-3,1,4],["cc.Node",["_name","_layer","_active","_components","_prefab","_parent","_children","_lpos"],0,12,4,1,2,5],["cc.UITransform",["_name","node","__prefab","_contentSize","_anchorPoint"],2,1,4,5,5],["cc.Label",["_string","_actualFontSize","_fontSize","_lineHeight","_isSystemFontUsed","_overflow","_enableWrapText","node","__prefab","_font"],-4,1,4,6],"cc.SpriteAtlas",["cc.Toggle",["_isChecked","node","__prefab","_normalColor","_target","_checkMark","_normalSprite"],2,1,4,5,1,1,6],["cc.LabelOutline",["_width","node","__prefab","_color"],2,1,4,5],["sp.SkeletonData",["_name","_atlasText","textureNames","_skeletonJson","textures"],-1,3],["cc.Prefab",["_name"],2],["cc.CompPrefabInfo",["fileId"],2],["cc.PrefabInfo",["fileId","instance","targetOverrides","nestedPrefabInstanceRoots","root","asset"],-1,1,1],["cc.BlockInputEvents",["node","__prefab"],3,1,4],["cc.PageView",["_name","horizontal","node","__prefab","_content","_indicator"],1,1,4,1,1],["cc.ToggleContainer",["node","__prefab"],3,1,4],["cc.Mask",["node","__prefab"],3,1,4],["cc.Graphics",["node","__prefab","_fillColor"],3,1,4,5],["sp.Skeleton",["_preCacheMode","_premultipliedAlpha","defaultSkin","defaultAnimation","node","__prefab","_skeletonData"],-1,1,4,6],["cc.PageViewIndicator",["spacing","node","__prefab","_cellSize"],2,1,4,5],["cc.ScrollBar",["_direction","node","__prefab","_handle"],2,1,4,1],["cc.ScrollView",["bounceDuration","brake","vertical","node","__prefab","_content","_verticalScrollBar"],0,1,4,1,1]],[[14,0,2],[15,0,1,2,3,4,5,5],[7,1,2,3,1],[1,0,1,5,3,4,7,3],[1,0,1,5,6,3,4,7,3],[0,0,3,4,5,6,2],[0,1,0,3,4,5,6,3],[21,0,1,2,3,4,5,6,5],[12,0,1,2,3,4,5],[2,0,1,2,8,9,4],[1,0,1,5,3,4,3],[7,1,2,3,4,1],[4,0,1,2,3,6,5,4,3],[0,3,4,5,6,1],[7,0,1,2,3,2],[5,6,7,1],[4,0,1,2,3,3],[1,0,1,5,6,3,4,3],[6,0,1,5,3,4,7,3],[6,0,2,1,5,3,4,4],[7,1,2,1],[0,2,3,4,2],[2,0,4,3,8,9,4],[10,0,1,2,3,4,5,6,2],[4,0,1,2,3,5,3],[4,2,3,4,1],[1,0,1,6,3,4,7,3],[0,0,3,4,2],[0,1,0,3,4,3],[0,0,3,4,5,2],[0,0,3,4,7,5,2],[0,3,4,5,1],[2,0,4,5,3,6,1,2,8,9,8],[2,0,5,3,8,9,4],[5,0,1,4,6,7,4],[19,0,1,1],[20,0,1,2,1],[4,0,1,2,3,7,8,5,4,3],[4,0,1,2,3,4,3],[11,0,1,2,2],[13,0,2],[1,0,1,6,3,4,3],[1,0,1,5,6,3,4,7,8,3],[1,0,2,1,5,6,3,4,4],[1,0,2,1,5,3,4,7,8,4],[1,0,1,5,3,4,7,8,3],[6,0,1,6,3,4,3],[6,0,2,1,5,6,3,4,7,4],[0,2,1,0,3,4,5,4],[0,1,0,3,4,5,3],[2,0,3,6,1,2,8,9,6],[2,0,2,7,8,9,4],[2,0,4,5,1,2,8,9,6],[2,0,4,5,3,8,9,5],[2,0,1,8,9,3],[5,0,1,2,6,7,4],[5,0,1,3,6,7,4],[5,5,0,1,6,7,4],[16,0,1,1],[17,0,1,2,3,4,5,3],[18,0,1,1],[10,1,2,3,4,5,6,1],[4,0,1,2,3,6,5,4,9,10,11,3],[8,0,1,2,3,5,6,4,7,8,9,8],[8,0,1,2,3,4,7,8,9,6],[8,0,1,2,7,8,4],[11,1,2,3,1],[22,0,1,2,3,2],[23,0,1,2,3,2],[24,0,1,2,3,4,5,6,4]],[[[{"name":"img_hall_desk","rect":{"x":0,"y":0,"width":1624,"height":370},"offset":{"x":0,"y":0},"originalSize":{"width":1624,"height":370},"rotated":false,"capInsets":[0,0,0,0],"vertices":{"rawPosition":[-812,-185,0,812,-185,0,-812,185,0,812,185,0],"indexes":[0,1,2,2,1,3],"uv":[0,370,1624,370,0,0,1624,0],"nuv":[0,0,1,0,0,1,1,1],"minPos":{"x":-812,"y":-185,"z":0},"maxPos":{"x":812,"y":185,"z":0}},"packable":true,"pixelsToUnit":100,"pivot":{"x":0.5,"y":0.5},"meshType":0}],[3],0,[0],[6],[21]],[[[8,"bangding","\r\nbangding.png\r\nsize: 1024,512\r\nformat: RGBA8888\r\nfilter: Linear,Linear\r\nrepeat: none\r\n1\r\n  rotate: false\r\n  xy: 89, 270\r\n  size: 159, 132\r\n  orig: 159, 132\r\n  offset: 0, 0\r\n  index: -1\r\n10\r\n  rotate: false\r\n  xy: 485, 136\r\n  size: 159, 132\r\n  orig: 159, 132\r\n  offset: 0, 0\r\n  index: -1\r\n11\r\n  rotate: false\r\n  xy: 646, 136\r\n  size: 159, 132\r\n  orig: 159, 132\r\n  offset: 0, 0\r\n  index: -1\r\n12\r\n  rotate: false\r\n  xy: 807, 136\r\n  size: 159, 132\r\n  orig: 159, 132\r\n  offset: 0, 0\r\n  index: -1\r\n13\r\n  rotate: false\r\n  xy: 2, 2\r\n  size: 159, 132\r\n  orig: 159, 132\r\n  offset: 0, 0\r\n  index: -1\r\n14\r\n  rotate: false\r\n  xy: 163, 2\r\n  size: 159, 132\r\n  orig: 159, 132\r\n  offset: 0, 0\r\n  index: -1\r\n15\r\n  rotate: false\r\n  xy: 324, 2\r\n  size: 159, 132\r\n  orig: 159, 132\r\n  offset: 0, 0\r\n  index: -1\r\n16\r\n  rotate: false\r\n  xy: 485, 2\r\n  size: 159, 132\r\n  orig: 159, 132\r\n  offset: 0, 0\r\n  index: -1\r\n2\r\n  rotate: false\r\n  xy: 250, 270\r\n  size: 159, 132\r\n  orig: 159, 132\r\n  offset: 0, 0\r\n  index: -1\r\n3\r\n  rotate: false\r\n  xy: 411, 270\r\n  size: 159, 132\r\n  orig: 159, 132\r\n  offset: 0, 0\r\n  index: -1\r\n4\r\n  rotate: false\r\n  xy: 572, 270\r\n  size: 159, 132\r\n  orig: 159, 132\r\n  offset: 0, 0\r\n  index: -1\r\n5\r\n  rotate: false\r\n  xy: 733, 270\r\n  size: 159, 132\r\n  orig: 159, 132\r\n  offset: 0, 0\r\n  index: -1\r\n6\r\n  rotate: false\r\n  xy: 2, 136\r\n  size: 159, 132\r\n  orig: 159, 132\r\n  offset: 0, 0\r\n  index: -1\r\n7\r\n  rotate: false\r\n  xy: 163, 136\r\n  size: 159, 132\r\n  orig: 159, 132\r\n  offset: 0, 0\r\n  index: -1\r\n8\r\n  rotate: false\r\n  xy: 324, 136\r\n  size: 159, 132\r\n  orig: 159, 132\r\n  offset: 0, 0\r\n  index: -1\r\n9\r\n  rotate: false\r\n  xy: 646, 2\r\n  size: 159, 132\r\n  orig: 159, 132\r\n  offset: 0, 0\r\n  index: -1\r\ndi\r\n  rotate: true\r\n  xy: 2, 328\r\n  size: 74, 85\r\n  orig: 74, 85\r\n  offset: 0, 0\r\n  index: -1\r\n",["bangding.png"],{"skeleton":{"hash":"nii0CD1FBjgZBrXEloGkQd1DNB8","spine":"3.8.99","x":-79,"y":-66,"width":159,"height":132,"images":"./素材/","audio":""},"bones":[{"name":"root"}],"slots":[{"name":"d","bone":"root","attachment":"di"},{"name":"g","bone":"root","attachment":"9"}],"skins":[{"name":"default","attachments":{"d":{"di":{"y":0.5,"width":74,"height":85}},"g":{"1":{"x":0.5,"width":159,"height":132},"2":{"x":0.5,"width":159,"height":132},"3":{"x":0.5,"width":159,"height":132},"4":{"x":0.5,"width":159,"height":132},"5":{"x":0.5,"width":159,"height":132},"6":{"x":0.5,"width":159,"height":132},"7":{"x":0.5,"width":159,"height":132},"8":{"x":0.5,"width":159,"height":132},"9":{"x":0.5,"width":159,"height":132},"10":{"x":0.5,"width":159,"height":132},"11":{"x":0.5,"width":159,"height":132},"12":{"x":0.5,"width":159,"height":132},"13":{"x":0.5,"width":159,"height":132},"14":{"x":0.5,"width":159,"height":132},"15":{"x":0.5,"width":159,"height":132},"16":{"x":0.5,"width":159,"height":132}}}}],"animations":{"animation":{"slots":{"g":{"attachment":[{"name":"1"},{"time":0.0667,"name":"2"},{"time":0.1333,"name":"3"},{"time":0.2,"name":"4"},{"time":0.2667,"name":"5"},{"time":0.3333,"name":"6"},{"time":0.4,"name":"7"},{"time":0.4667,"name":"8"},{"time":0.5333,"name":"9"},{"time":0.6,"name":"10"},{"time":0.6667,"name":"11"},{"time":0.7333,"name":"12"},{"time":0.8,"name":"13"},{"time":0.8667,"name":"14"},{"time":0.9333,"name":"15"},{"time":1,"name":"16"}]}}}}},[0]]],0,0,[0],[-1],[22]],[[[8,"libaoicon","\r\nlibaoicon.png\r\nsize: 2048,128\r\nformat: RGBA8888\r\nfilter: Linear,Linear\r\nrepeat: none\r\n1\r\n  rotate: false\r\n  xy: 2, 2\r\n  size: 108, 104\r\n  orig: 108, 104\r\n  offset: 0, 0\r\n  index: -1\r\n10\r\n  rotate: false\r\n  xy: 992, 2\r\n  size: 108, 104\r\n  orig: 108, 104\r\n  offset: 0, 0\r\n  index: -1\r\n11\r\n  rotate: false\r\n  xy: 1102, 2\r\n  size: 108, 104\r\n  orig: 108, 104\r\n  offset: 0, 0\r\n  index: -1\r\n12\r\n  rotate: false\r\n  xy: 1212, 2\r\n  size: 108, 104\r\n  orig: 108, 104\r\n  offset: 0, 0\r\n  index: -1\r\n13\r\n  rotate: false\r\n  xy: 1322, 2\r\n  size: 108, 104\r\n  orig: 108, 104\r\n  offset: 0, 0\r\n  index: -1\r\n14\r\n  rotate: false\r\n  xy: 1432, 2\r\n  size: 108, 104\r\n  orig: 108, 104\r\n  offset: 0, 0\r\n  index: -1\r\n15\r\n  rotate: false\r\n  xy: 1542, 2\r\n  size: 108, 104\r\n  orig: 108, 104\r\n  offset: 0, 0\r\n  index: -1\r\n2\r\n  rotate: false\r\n  xy: 112, 2\r\n  size: 108, 104\r\n  orig: 108, 104\r\n  offset: 0, 0\r\n  index: -1\r\n3\r\n  rotate: false\r\n  xy: 222, 2\r\n  size: 108, 104\r\n  orig: 108, 104\r\n  offset: 0, 0\r\n  index: -1\r\n4\r\n  rotate: false\r\n  xy: 332, 2\r\n  size: 108, 104\r\n  orig: 108, 104\r\n  offset: 0, 0\r\n  index: -1\r\n5\r\n  rotate: false\r\n  xy: 442, 2\r\n  size: 108, 104\r\n  orig: 108, 104\r\n  offset: 0, 0\r\n  index: -1\r\n6\r\n  rotate: false\r\n  xy: 552, 2\r\n  size: 108, 104\r\n  orig: 108, 104\r\n  offset: 0, 0\r\n  index: -1\r\n7\r\n  rotate: false\r\n  xy: 662, 2\r\n  size: 108, 104\r\n  orig: 108, 104\r\n  offset: 0, 0\r\n  index: -1\r\n8\r\n  rotate: false\r\n  xy: 772, 2\r\n  size: 108, 104\r\n  orig: 108, 104\r\n  offset: 0, 0\r\n  index: -1\r\n9\r\n  rotate: false\r\n  xy: 882, 2\r\n  size: 108, 104\r\n  orig: 108, 104\r\n  offset: 0, 0\r\n  index: -1\r\n",["libaoicon.png"],{"skeleton":{"hash":"TzRMsIiHJ/7h0Lq+V4EgFjU3O1Q","spine":"3.8.99","x":-64,"y":-52,"width":129,"height":104,"images":"./1/","audio":""},"bones":[{"name":"root"}],"slots":[{"name":"1","bone":"root","attachment":"9"}],"skins":[{"name":"default","attachments":{"1":{"1":{"width":108,"height":104},"2":{"width":108,"height":104},"3":{"width":108,"height":104},"4":{"width":108,"height":104},"5":{"width":108,"height":104},"6":{"width":108,"height":104},"7":{"width":108,"height":104},"8":{"width":108,"height":104},"9":{"width":108,"height":104},"10":{"width":108,"height":104},"11":{"width":108,"height":104},"12":{"width":108,"height":104},"13":{"width":108,"height":104},"14":{"width":108,"height":104},"15":{"width":108,"height":104}}}}],"animations":{"animation":{"slots":{"1":{"attachment":[{"name":"1"},{"time":0.0667,"name":"2"},{"time":0.1333,"name":"14"},{"time":0.2,"name":"3"},{"time":0.2667,"name":"4"},{"time":0.3333,"name":"5"},{"time":0.4,"name":"6"},{"time":0.4667,"name":"15"},{"time":0.5333,"name":"7"},{"time":0.6,"name":"8"},{"time":0.6667,"name":"9"},{"time":0.7333,"name":"10"},{"time":0.8,"name":"11"},{"time":0.8667,"name":"12"},{"time":0.9333,"name":"13"}]}}}}},[0]]],0,0,[0],[-1],[23]],[[{"name":"img_hall_v2_bg1","rect":{"x":0,"y":0,"width":1624,"height":750},"offset":{"x":0,"y":0},"originalSize":{"width":1624,"height":750},"rotated":false,"capInsets":[0,0,0,0],"vertices":{"rawPosition":[-812,-375,0,812,-375,0,-812,375,0,812,375,0],"indexes":[0,1,2,2,1,3],"uv":[0,750,1624,750,0,0,1624,0],"nuv":[0,0,1,0,0,1,1,1],"minPos":{"x":-812,"y":-375,"z":0},"maxPos":{"x":812,"y":375,"z":0}},"packable":true,"pixelsToUnit":100,"pivot":{"x":0.5,"y":0.5},"meshType":0}],[3],0,[0],[6],[24]],[[[8,"tixianicon","\r\ntixianicon.png\r\nsize: 2048,512\r\nformat: RGBA8888\r\nfilter: Linear,Linear\r\nrepeat: none\r\n1\r\n  rotate: false\r\n  xy: 2, 154\r\n  size: 227, 150\r\n  orig: 227, 150\r\n  offset: 0, 0\r\n  index: -1\r\n10\r\n  rotate: true\r\n  xy: 1757, 77\r\n  size: 227, 150\r\n  orig: 227, 150\r\n  offset: 0, 0\r\n  index: -1\r\n11\r\n  rotate: false\r\n  xy: 2, 2\r\n  size: 227, 150\r\n  orig: 227, 150\r\n  offset: 0, 0\r\n  index: -1\r\n12\r\n  rotate: false\r\n  xy: 231, 2\r\n  size: 227, 150\r\n  orig: 227, 150\r\n  offset: 0, 0\r\n  index: -1\r\n13\r\n  rotate: false\r\n  xy: 460, 2\r\n  size: 227, 150\r\n  orig: 227, 150\r\n  offset: 0, 0\r\n  index: -1\r\n14\r\n  rotate: false\r\n  xy: 689, 2\r\n  size: 227, 150\r\n  orig: 227, 150\r\n  offset: 0, 0\r\n  index: -1\r\n15\r\n  rotate: false\r\n  xy: 918, 2\r\n  size: 227, 150\r\n  orig: 227, 150\r\n  offset: 0, 0\r\n  index: -1\r\n2\r\n  rotate: false\r\n  xy: 231, 154\r\n  size: 227, 150\r\n  orig: 227, 150\r\n  offset: 0, 0\r\n  index: -1\r\n3\r\n  rotate: false\r\n  xy: 460, 154\r\n  size: 227, 150\r\n  orig: 227, 150\r\n  offset: 0, 0\r\n  index: -1\r\n4\r\n  rotate: false\r\n  xy: 689, 154\r\n  size: 227, 150\r\n  orig: 227, 150\r\n  offset: 0, 0\r\n  index: -1\r\n5\r\n  rotate: false\r\n  xy: 918, 154\r\n  size: 227, 150\r\n  orig: 227, 150\r\n  offset: 0, 0\r\n  index: -1\r\n6\r\n  rotate: false\r\n  xy: 1147, 154\r\n  size: 227, 150\r\n  orig: 227, 150\r\n  offset: 0, 0\r\n  index: -1\r\n7\r\n  rotate: false\r\n  xy: 1376, 154\r\n  size: 227, 150\r\n  orig: 227, 150\r\n  offset: 0, 0\r\n  index: -1\r\n8\r\n  rotate: true\r\n  xy: 1605, 77\r\n  size: 227, 150\r\n  orig: 227, 150\r\n  offset: 0, 0\r\n  index: -1\r\n9\r\n  rotate: false\r\n  xy: 1147, 2\r\n  size: 227, 150\r\n  orig: 227, 150\r\n  offset: 0, 0\r\n  index: -1\r\nbao\r\n  rotate: true\r\n  xy: 1909, 165\r\n  size: 139, 105\r\n  orig: 139, 105\r\n  offset: 0, 0\r\n  index: -1\r\ndi\r\n  rotate: true\r\n  xy: 1376, 27\r\n  size: 125, 105\r\n  orig: 125, 105\r\n  offset: 0, 0\r\n  index: -1\r\nq\r\n  rotate: false\r\n  xy: 1483, 107\r\n  size: 44, 45\r\n  orig: 44, 45\r\n  offset: 0, 0\r\n  index: -1\r\nzi\r\n  rotate: true\r\n  xy: 1909, 24\r\n  size: 139, 105\r\n  orig: 139, 105\r\n  offset: 0, 0\r\n  index: -1\r\n",["tixianicon.png"],{"skeleton":{"hash":"lnIWAH5H40c0x20xUHdyIcR4CME","spine":"3.8.99","x":-113,"y":-53.15,"width":227,"height":150,"images":"./tixian/","audio":""},"bones":[{"name":"root"},{"name":"骨骼","parent":"root"},{"name":"q","parent":"root"}],"slots":[{"name":"di","bone":"root","attachment":"di"},{"name":"bao","bone":"骨骼","attachment":"bao"},{"name":"q","bone":"q","attachment":"q"},{"name":"zi","bone":"root","attachment":"zi"},{"name":"g","bone":"root","attachment":"9"}],"skins":[{"name":"default","attachments":{"bao":{"bao":{"x":0.5,"y":0.5,"width":139,"height":105}},"di":{"di":{"x":0.5,"y":0.5,"width":125,"height":105}},"g":{"1":{"x":0.5,"y":38.05,"width":227,"height":150},"2":{"x":0.5,"y":39.85,"width":227,"height":150},"3":{"x":0.5,"y":39.49,"width":227,"height":150},"4":{"x":0.5,"y":40,"width":227,"height":150},"5":{"x":0.5,"y":41,"width":227,"height":150},"6":{"x":0.5,"y":42,"width":227,"height":150},"7":{"x":0.5,"y":40,"width":227,"height":150},"8":{"x":0.5,"y":39,"width":227,"height":150},"9":{"x":0.5,"y":21.85,"width":227,"height":150},"10":{"x":0.5,"y":13.28,"width":227,"height":150},"11":{"x":0.5,"y":0.36,"width":227,"height":150},"12":{"x":0.5,"y":-14.36,"width":227,"height":150},"13":{"x":0.5,"y":-32.67,"width":227,"height":150},"14":{"x":0.5,"y":-39.13,"width":227,"height":150},"15":{"x":0.5,"y":-39.49,"width":227,"height":150}},"q":{"q":{"x":-35.18,"y":-5.6,"width":44,"height":45}},"zi":{"zi":{"x":0.48,"y":7.92,"rotation":0.16,"width":139,"height":105}}}}],"animations":{"animation":{"slots":{"g":{"attachment":[{"name":null},{"time":1.0667,"name":"1"},{"time":1.1333,"name":"2"},{"time":1.2,"name":"3"},{"time":1.2667,"name":"4"},{"time":1.3333,"name":"5"},{"time":1.4,"name":"6"},{"time":1.4667,"name":"7"},{"time":1.5333,"name":"8"},{"time":1.6,"name":"9"},{"time":1.6667,"name":"10"},{"time":1.7333,"name":"11"},{"time":1.8,"name":"12"},{"time":1.8667,"name":"13"},{"time":1.9333,"name":"14"},{"time":2,"name":"15"}]}},"bones":{"骨骼":{"rotate":[{"curve":0.25,"c3":0.75},{"time":1,"angle":8.99},{"time":2}],"scale":[{"curve":0.25,"c3":0.75},{"time":1,"x":1.1,"y":1.1},{"time":2}]},"q":{"translate":[{"curve":0.25,"c3":0.75},{"time":0.5,"y":3.95,"curve":0.25,"c3":0.75},{"time":1}]}}}}},[0]]],0,0,[0],[-1],[25]],[[{"name":"panel_hall_down","rect":{"x":0,"y":0,"width":1321,"height":125},"offset":{"x":0,"y":0},"originalSize":{"width":1321,"height":125},"rotated":false,"capInsets":[0,0,0,0],"vertices":{"rawPosition":[-660.5,-62.5,0,660.5,-62.5,0,-660.5,62.5,0,660.5,62.5,0],"indexes":[0,1,2,2,1,3],"uv":[0,125,1321,125,0,0,1321,0],"nuv":[0,0,1,0,0,1,1,1],"minPos":{"x":-660.5,"y":-62.5,"z":0},"maxPos":{"x":660.5,"y":62.5,"z":0}},"packable":true,"pixelsToUnit":100,"pivot":{"x":0.5,"y":0.5},"meshType":0}],[3],0,[0],[6],[26]],[[[8,"fany","\r\nfany.png\r\nsize: 64,64\r\nformat: RGBA8888\r\nfilter: Linear,Linear\r\nrepeat: none\r\nID_23_4\r\n  rotate: false\r\n  xy: 2, 2\r\n  size: 35, 52\r\n  orig: 35, 52\r\n  offset: 0, 0\r\n  index: -1\r\n",["fany.png"],{"skeleton":{"hash":"Jk+WrFm9nLYFqL3/or/z+m5slgw","spine":"3.8.99","x":-17,"y":-26,"width":35,"height":52,"images":"E:/新版UI/平台/大厅new/动画/源文件/翻页","audio":""},"bones":[{"name":"root"}],"slots":[{"name":"ID_23_4","bone":"root","attachment":"ID_23_4"}],"skins":[{"name":"default","attachments":{"ID_23_4":{"ID_23_4":{"x":0.5,"width":35,"height":52}}}}],"animations":{"animation":{"bones":{"root":{"translate":[{"curve":0.25,"c3":0.75},{"time":0.3333,"x":-23,"curve":0.25,"c3":0.75},{"time":1}]}}}}},[0]]],0,0,[0],[-1],[27]],[[[40,"mainPanel"],[41,"mainPanel",33554432,[-5,-6,-7,-8,-9,-10,-11,-12,-13,-14,-15,-16,-17],[[2,-2,[0,"70XyG9s0RBwK8L9i64fp4P"],[5,1600,800]],[27,0,-3,[0,"9feNr3/n5IxK2z9C3m+ZQs"]],[9,45,1624,750,-4,[0,"5dvVKSxnFGkZBMDIE3DwVH"]]],[1,"19cd+hiSNCu5vSQ+SrlZrL",null,null,null,-1,0]],[4,"Layout_hall_head",33554432,1,[-21,-22,-23,-24,-25,-26,-27,-28],[[2,-18,[0,"edbf5IWuxM/7OYuS1FG91N"],[5,350,150]],[15,-19,[0,"3fPPrepXdLRZAMrqIhTe8I"]],[22,9,7.3799999999999955,13.322999999999979,-20,[0,"19oXOUFwBBHITWl0TiOzup"]]],[1,"ad6Dm3ykZKTq5YqjgnY9RY",null,null,null,1,0],[1,-617.62,311.677,0]],[4,"Layout_hall_down",33554432,1,[-32,-33,-34,-35,-36,-37,-38,-39],[[2,-29,[0,"37wmJD9gJJP7/K/I5YbX2n"],[5,1600,100]],[15,-30,[0,"0fmOPjWwtD2Y2EED5eIfJc"]],[50,44,637,10,100,100,-31,[0,"5fhjQ+/IJKs5Wlzwjn16Hc"]]],[1,"aaFy8zpOJH05/LMIo6LNuc",null,null,null,1,0],[1,0,-340,0]],[42,"Layout_hall_left",33554432,1,[-43,-44,-45,-46,-47],[[20,-40,[0,"a8DMaE90ZMAZN4N23ljk8Y"]],[15,-41,[0,"faj76I0c5EGbnVtvm9WTL/"]],[32,12,675,750,350,284,100,100,-42,[0,"57MAsR/9lOKp0i3PQsO8w/"]]],[1,"8di+evZmJMKqMY05Xuu8V1",null,null,null,1,0],[1,-80,-71,0],[1,0.9,0.9,1]],[43,"props_disconnect_panel",false,33554432,1,[-51,-52,-53,-54],[[2,-48,[0,"61xJ7ecB5Fu5Ho3M/xtqdT"],[5,1600,800]],[9,45,100,100,-49,[0,"ecyF6fVVtKjIwVqOPR27mw"]],[58,-50,[0,"91Fy1uXENHXI1Oc1sSzYg9"]]],[1,"fctayLtZhGjp3JzfKwBrpW",null,null,null,1,0]],[26,"content",33554432,[-57,-58,-59],[[11,-55,[0,"8dLqQMDuNLxbv48J7+xOJf"],[5,927,276],[0,0,0.5]],[55,1,1,true,-56,[0,"73hZbTlq9FH4HC+ZDTxbE0"]]],[1,"73TR/xgktJj5ftyEtsxjeU",null,null,null,1,0],[1,-154.5,7.549516567451064e-15,0]],[46,"props_ScrollView_game_icon",33554432,[-64,-65],[[[2,-60,[0,"d4jhP4uGJJRaDD+GI5Onm6"],[5,1246,500]],[28,1,0,-61,[0,"98RLv1Fc1HDrPUvCB9nJLO"]],-62,[9,45,908.107,350,-63,[0,"20QBoKmS9JAa8bcSN4zYWr"]]],4,4,1,4],[1,"18gv6hOQBKRKQjN+CDRKRS",null,null,null,1,0]],[4,"Layout_hall_up",33554432,1,[-69,-70,-71],[[11,-66,[0,"3cBvzU+CxI6IrAjEkeeEPg"],[5,430,100],[0,0,0.5]],[56,1,1,true,-67,[0,"a6vBDXniRNbaH+4FJpPJx4"]],[22,9,349.687,7.273999999999987,-68,[0,"cbnnNn4U5EoKeznG5srryC"]]],[1,"47A7pJYhpI4LrLOwQVj3xD",null,null,null,1,0],[1,-450.313,342.726,0]],[4,"props_PageView",33554432,4,[-76,-77],[[14,"pageView-horizontal<UITransform>",-72,[0,"70dSYfo2FEjIBPAgjddUUn"],[5,309,276]],[48,"pageView-horizontal<Sprite>",1,0,-73,[0,"beQudnfilGC72UDSxX8CUn"],32],[59,"pageView-horizontal<PageView>",false,-75,[0,"b6OcWNrAJLH4ZsjN+YeA8A"],6,-74]],[1,"3eenjd8EdKVLI/vqcCFFBu",null,null,null,1,0],[1,-621,-126,0]],[26,"props_ToggleGroup_type",33554432,[-79,-80,-81,-82],[[60,-78,[0,"eeR1wKPshO2pGawIyp8bRY"]]],[1,"3cPfFJnQJB2YJsl/rFAB4r",null,null,null,1,0],[1,-16,5.743000000000052,0]],[4,"Toggle_all",33554432,10,[-88],[[2,-83,[0,"d7xb+TNwNJlY5XboypgEkQ"],[5,221,50]],[5,0,-84,[0,"fa+ZNFqdxM1JnR6NmEUAR0"],35,36],[61,-87,[0,"82McqizfVG8p+jGeu/aTkC"],[4,4292269782],-86,-85,37]],[1,"55Bx8QFNBOsoRq6Th963Y0",null,null,null,1,0],[1,-315,-4,0]],[4,"Toggle_domino",33554432,10,[-94],[[2,-89,[0,"deuCHs0JlPJbpbziyYw1dF"],[5,221,50]],[5,0,-90,[0,"49kgk+ucBMlbxLqjhMSh2m"],38,39],[23,false,-93,[0,"34Q6LI2f9KGZDzfa9m63nF"],[4,4292269782],-92,-91,40]],[1,"12jfdBY0BLLYD39F204g+c",null,null,null,1,0],[1,-94.457,-4.1,0]],[4,"Toggle_slots",33554432,10,[-100],[[2,-95,[0,"594gCMzMZEO4n/sjQeRzZd"],[5,221,50]],[5,0,-96,[0,"01FvG3C59MLYVHJ8B5DZSZ"],41,42],[23,false,-99,[0,"7feaJY1DtKY4J1HXwLvvgu"],[4,4292269782],-98,-97,43]],[1,"91pygL1lNMsbDznntmVTl8",null,null,null,1,0],[1,126.5,-3.5,0]],[4,"Toggle_other",33554432,10,[-106],[[2,-101,[0,"4cUFYtcudB+Lb2JNiwjRhM"],[5,221,50]],[5,0,-102,[0,"22IFZKlbhFI54N8ndGh+ex"],44,45],[23,false,-105,[0,"493vngIJRH24XoQrmQyV8h"],[4,4292269782],-104,-103,46]],[1,"a30RckkMBA/bk88Kj9RWAA",null,null,null,1,0],[1,347.3,-4,0]],[47,"scrollBar",false,33554432,7,[-111],[[[11,-107,[0,"43PboALVdIdavcQef86FZl"],[5,12,460],[0,1,0.5]],[49,1,0,-108,[0,"61uaf0J+dBIK0kOjKf4Dj3"],49],[51,37,250,1,-109,[0,"b1y+rqsqpG6qK0+MHpuzhH"]],-110],4,4,4,1],[1,"aa6rsOvshO3onXg4piQdFV",null,null,null,1,0],[1,480,0,0]],[4,"view",33554432,7,[-116],[[11,-112,[0,"aftC/cePJIU7IvjWhn5iYY"],[5,1246,500],[0,0,0.5]],[35,-113,[0,"6fFeL3I0VM+J2SARrKzX+j"]],[36,-114,[0,"53yHe97GlJQYZpIjcVvjDM"],[4,16777215]],[52,45,-1,1,960,407.627,-115,[0,"1aU6PZHMVB84r8GD7xbyoc"]]],[1,"aexvTk3b9JcbzsTSLVXiJI",null,null,null,1,0],[1,-624,0,0]],[3,"props_btn_down_signIn",33554432,1,[[2,-117,[0,"58OqHFQGtDKZjZhr9MgNoH"],[5,91,96]],[12,3,0.9,-119,[0,"a13FZHLAZGu7BGd7CA0Rtt"],[4,4292269782],-118,50],[33,33,10.5,1,-120,[0,"17LknQk/NKPqcxanCymeAt"]],[7,0,false,"default","animation",-121,[0,"f9esVXD1tB7Zi3Gnak4Y8Q"],51]],[1,"2fR9flfJlB/7Yk6awrWzcu",null,null,null,1,0],[1,744,351,0]],[3,"props_btn_down_vip",33554432,1,[[2,-122,[0,"7aI5rh21VHu5EBDWBD/rBh"],[5,93.52,98]],[12,3,0.9,-124,[0,"98HHjfLC9M3be+xmt4CNq7"],[4,4292269782],-123,52],[33,33,123.24000000000001,-1,-125,[0,"267fXFRaNE1b5dfk4Yjm8H"]],[7,0,false,"default","animation",-126,[0,"cdihLxf2pJqpVcDtCkyy8f"],53]],[1,"4bbuGRYZZLFozbkp8DyoIY",null,null,null,1,0],[1,630,352,0]],[4,"props_btn_down_phone",33554432,8,[-131],[[2,-127,[0,"8aY7N1mMtISKIaMQrRE3xm"],[5,159,132]],[7,0,false,"default","animation",-128,[0,"b45HrugINElYs+a09pTExR"],86],[24,3,0.9,-130,[0,"b709MlYmtLJabrsy2xw8nL"],-129]],[1,"24JjqEMW9Am6PwkTV9ruy5",null,null,null,1,0],[1,79.5,10,0]],[4,"props_btn_down_gift",33554432,8,[-136],[[2,-132,[0,"7ceGBfZwZIU7nve3HHiNVr"],[5,129,104]],[7,0,false,"default","animation",-133,[0,"dcQNV/0fNIjaQrjYJ1zqEk"],89],[24,3,0.9,-135,[0,"d1vcJR6GpCnJ/tBJd7jIEy"],-134]],[1,"80O+UdrjRPap+dcRoXncdk",null,null,null,1,0],[1,223.5,10,0]],[4,"props_btn_down_shopGift",33554432,8,[-141],[[2,-137,[0,"d3HvRo1BROypQYw1HtVN+S"],[5,142,120]],[7,0,false,"default","animation",-138,[0,"daYqo/73BCkKNvKJV9n51h"],92],[24,3,0.9,-140,[0,"77QLb7sjVNhKVuCPLG/eJG"],-139]],[1,"ebp+yBsIFBx5GJW46cjzl/",null,null,null,1,0],[1,359,10,0]],[17,"background",33554432,1,[-144,-145],[[2,-142,[0,"10y68HTfRBJ4rInJ5Csi/0"],[5,1600,800]],[9,45,100,100,-143,[0,"46P+qBG7BADJFckWhvJyja"]]],[1,"a9zc4+VWtA0ZL8s6H+RcZJ",null,null,null,1,0]],[3,"props_btn_head_choose",33554432,2,[[20,-146,[0,"9bQKBjNE1CbZKcNKSYkeyG"]],[6,1,0,-147,[0,"20wJIID49J0pUZ94x6inUM"],6,7],[37,1,1,-149,[0,"fakl1UlytBhqQulPCkCmnP"],[4,4281916366],[4,4279900822],-148,8]],[1,"81dK2/yLpIgKILrvSK6n8C",null,null,null,1,0],[1,-117.656,13.397,0]],[3,"props_btn_gold_add",33554432,2,[[2,-150,[0,"5ega88vW1Pg56V9A41nwDm"],[5,46,44]],[6,1,0,-151,[0,"19LAypcRhFLaTTkGQCw8NA"],13,14],[37,3,0.9,-153,[0,"5bON07/iZBFqnqffYvwxY4"],[4,4281916366],[4,4279900822],-152,15]],[1,"43HdHve6VEy6KQCaYa5jTN",null,null,null,1,0],[1,109.496,-4.603,0]],[17,"view",33554432,9,[6],[[2,-154,[0,"66td73bJ1GgLDn3Ydz/ltm"],[5,309,276]],[35,-155,[0,"d5PQWoA6hDRYS4WncqNDWE"]],[36,-156,[0,"beZu0kX+VPtKF7J4nGIj0x"],[4,16777215]]],[1,"09Me7WasFAUY9rpJnxx2jk",null,null,null,1,0]],[4,"Layout_spr_type_bg",33554432,1,[10],[[2,-157,[0,"48NwnqUk9NQ5VHfacYFn4s"],[5,885,56]],[5,0,-158,[0,"924swko2pK4rdVq9aV1uRx"],47,48],[22,9,357.5,134.417,-159,[0,"c35j+h6ktI7I+W+ZxoJMVp"]]],[1,"cfsr2gAbpOt6ssYCkknvJ5",null,null,null,1,0],[1,0,237.58299999999997,0]],[4,"Layout_hall_icon",33554432,1,[7],[[2,-160,[0,"7eXetz8CNEjrhOS/jD1XYx"],[5,1246,500]],[15,-161,[0,"00tLIDhztPKYYbfnGdUM1f"]],[32,45,355,-1,176.00000000000003,124,1000,375.461,-162,[0,"de9qFGlpJJBLmj2z5sK2JE"]]],[1,"c0YfhQaSVMU6zgVxne2d1k",null,null,null,1,0],[1,178,-26,0]],[17,"props_user_opa",33554432,5,[-165,-166],[[2,-163,[0,"2eZmPWXjNDwZk5mwkxNmFQ"],[5,192,100]],[34,1,1,70,-164,[0,"d6GUo5jYFIDIw7+WElT26Q"]]],[1,"20Gz8WAmZB6YQG0V8Z4xz1",null,null,null,1,0]],[3,"props_btn_down_bank",33554432,3,[[2,-167,[0,"8aS1Mg+mJLarB/gf6Gs1Up"],[5,79,83]],[6,1,0,-168,[0,"ddzkvKTK1A3qqZv63H3ZQj"],64,65],[62,3,0.9,-170,[0,"fdpsIxDe5GX42gzIJosjrc"],[4,4292269782],-169,66,67,68,69]],[1,"47g0+Jo0ZP/ITuRzX7Pp8+",null,null,null,1,0],[1,-446,-3,0]],[3,"props_btn_down_service",33554432,3,[[2,-171,[0,"36RH74topJLZKNTmB08pR5"],[5,79,83]],[6,1,0,-172,[0,"24YFuSI5RGa7p/TjnVAPQL"],70,71],[12,3,0.9,-174,[0,"dbgElDr8pKTJFK3pfj0SdQ"],[4,4292269782],-173,72]],[1,"aa6ywyC89CwrAxptGBKZck",null,null,null,1,0],[1,-316,-3,0]],[3,"props_btn_down_inbox",33554432,3,[[2,-175,[0,"60beZFrLRFbqLr/2c03ROq"],[5,79,83]],[6,1,0,-176,[0,"09D3l/WOJGZofX4U5vhBRb"],73,74],[12,3,0.9,-178,[0,"78PaSPAfVNdrYZLnF3+vdv"],[4,4292269782],-177,75]],[1,"65suCwoUJFaapUeRKDNcZ/",null,null,null,1,0],[1,-184,-3,0]],[3,"props_btn_down_bag",33554432,3,[[2,-179,[0,"47LVW6TXRPYaoQnq/Dn8On"],[5,81,85]],[6,1,0,-180,[0,"61zpdThMVFpaFiLKilJqa5"],76,77],[12,3,0.9,-182,[0,"64eKjtEXJNGrh3P5ohBSmR"],[4,4292269782],-181,78]],[1,"93d5QaL9BCW6QKPbueI2BJ",null,null,null,1,0],[1,-54,-3,0]],[3,"props_btn_down_task",33554432,3,[[2,-183,[0,"9d3JWcqkJKMaXzj2FhG94L"],[5,80,84]],[6,1,0,-184,[0,"7fUsoPWAdLJYduKhsqn9VK"],79,80],[12,3,0.9,-186,[0,"33WRhfFpVHU66/brU7AmuT"],[4,4292269782],-185,81]],[1,"33yb7BsrFEoLV684jRa1/l",null,null,null,1,0],[1,75,-3,0]],[10,"props_hall_background_day",33554432,22,[[2,-187,[0,"9cRiqAvfNPKrRgh+AvwQLE"],[5,1600,800]],[29,0,-188,[0,"ceMUQNyNNMmb9rRc6WIwqY"],0],[9,45,1714.403,847.936,-189,[0,"83LNwnpC5NUJe7TkWR5lEl"]]],[1,"3fXeACiYdEvLaV/5spmMos",null,null,null,1,0]],[10,"props_hall_background_night",33554432,22,[[2,-190,[0,"deNficljhGcLF1bRFaoRAe"],[5,1600,800]],[29,0,-191,[0,"b134h4xvhE7p+dnCW1vNt3"],1],[9,45,1714.403,847.936,-192,[0,"1bOl8JYclE+ZZ+Ycjk7/xB"]]],[1,"e8JaWQdoRMVZbZYi1euToj",null,null,null,1,0]],[3,"props_Label_name",33554432,2,[[2,-193,[0,"c7S6MABOJCHo1WwHXaecR3"],[5,156.97299999999998,27.274999999999995]],[63,"-",18,20,30,2,false,false,-194,[0,"c7QOlvlm9P77hn3RbRA8iF"],9],[39,1,-195,[0,"036+kWmtBMBbzcisW0rhKc"]]],[1,"2bNq7VyjBPMYnO+X/YLQpB",null,null,null,1,0],[1,32.7715,33.2345,0]],[3,"props_Label_gold",33554432,2,[[2,-196,[0,"d2uZcdP1ZHZLCHj3xssaTo"],[5,13.73,39.8]],[64,"0",20,20,30,false,-197,[0,"c3QPbXVpxArpPxW+lsSiNC"],10],[39,1,-198,[0,"8e0aaaVqVD3K0H7PcFccje"]]],[1,"61Tacy7VtH3YIOjS3Hu2XY",null,null,null,1,0],[1,27.344,-5.603,0]],[3,"page1",33554432,6,[[2,-199,[0,"9cug7g3e5JkbD8bInRlou1"],[5,309,276]],[6,1,0,-200,[0,"69H+MdQb1IOriKzoG/liJO"],23,24],[25,-201,[0,"d7JM6IzURDv6bkLsmYg2kK"],25]],[1,"21njgdZkRGyaiCIi/KvCUC",null,null,null,1,0],[1,154.5,0,0]],[3,"page2",33554432,6,[[2,-202,[0,"22m/AGoZhMbYNcXgvGhGp3"],[5,309,276]],[6,1,0,-203,[0,"a4B5WuxOhAR4tkGNjpKcVC"],26,27],[25,-204,[0,"bbx9OsnBdL2KEEYvh7Ve04"],28]],[1,"a9AQlmUbxJb4lMlRzvLkfO",null,null,null,1,0],[1,463.5,0,0]],[3,"page3",33554432,6,[[2,-205,[0,"64QJOxLKFMeapHXOZeWXOK"],[5,309,276]],[6,1,0,-206,[0,"9euCdkiPNHm5sPFfIQhaXB"],29,30],[25,-207,[0,"684IuxyA5NEK+LMNN/11m2"],31]],[1,"685EgS48JOlLv7bGvp4VFZ",null,null,null,1,0],[1,772.5,0,0]],[3,"props_Marquee_node",33554432,1,[[2,-208,[0,"3dpni1q2JCO5mx/N3X1PCA"],[5,890,26]],[53,9,355,471.467,107.536,-209,[0,"6a3snCmTNGOqRsqYWmMnap"]],[57,false,1,1,-210,[0,"c0rWCcFTtOSrH+R4iv9xaz"]]],[1,"c0WxcniuJP7rs4Jj7V1R//",null,null,null,1,0],[1,0,279.464,0]],[10,"content",33554432,16,[[11,-211,[0,"202ymMfVxByqnJfcVUsATR"],[5,-10,490],[0,0,0.5]],[34,1,1,10,-212,[0,"d24DFYwExMDKtdFfahyfIH"]]],[1,"e694EyPelLRr5YuQdyMPRt",null,null,null,1,0]],[44,"props_btn_left",false,33554432,1,[[2,-213,[0,"d2DPQPMZFFF4pWWYlJLW7A"],[5,35,52]],[7,0,false,"default","animation",-214,[0,"31+p1jXEFNcbA/vpVjKjNB"],54],[16,3,0.9,-215,[0,"b472JSFchFeKZ5THE+fuNJ"]]],[1,"a4KV98aHNBJIsEnjTVN1xz",null,null,null,1,0],[1,-440,0,0],[1,1.5,1.5,1]],[45,"props_btn_right",33554432,1,[[2,-216,[0,"72ewWuDSdLs6bHG+w03ibb"],[5,35,52]],[7,0,false,"default","animation",-217,[0,"29YktX6JlDyp/0cSuFmWnm"],55],[16,3,0.9,-218,[0,"dd8AUog5lB9bjoJpp65aOU"]]],[1,"d6F4O5PQ9Kop9ZbaQjdwRV",null,null,null,1,0],[1,730,0,0],[1,-1.5,1.5,1]],[10,"bg_bar",33554432,5,[[2,-219,[0,"87jotEh2RJqrYzAnCJsbJM"],[5,1600,200]],[30,0,-220,[0,"57Cy0DQJNDqJEAUaq/Pr+G"],[4,2348810240],56],[54,40,100,-221,[0,"40VQ/3D9lEcJJMfO02/30F"]]],[1,"6c6PVkrHNBu6VMqmsu07Q6",null,null,null,1,0]],[10,"SpriteSplash",33554432,5,[[2,-222,[0,"001DbWE/5J8r+J93pl6m+h"],[5,1600,800]],[30,0,-223,[0,"8fvtcdWjdJNKC29qxO3Zf9"],[4,1677721600],57],[9,45,100,100,-224,[0,"b5EuQ2Cm5BfLixKZJZRYQf"]]],[1,"dectcXMsNK7bC65rhMPZ7k",null,null,null,1,0]],[10,"props_connect_tip",33554432,5,[[2,-225,[0,"1cmHQX1EtErZnggmty9KyH"],[5,305.15,54.4]],[65,"连接断开，正在进行第{n}次重连...",20,20,-226,[0,"8dMe8RHUpLzK6sKhFfZxOd"]],[66,-227,[0,"d2Zg4Azw9BwbmYbq4hSmRJ"],[4,4280654592]]],[1,"5awC8itj5BtYag92X0sE75",null,null,null,1,0]],[3,"props_sokt_close",33554432,28,[[2,-228,[0,"2d7zf145hK6LaeaoeN3nQ7"],[5,60,64]],[31,-229,[0,"d8sKH9ZSlAeL/FKrd6G2F+"],58],[38,3,1.1,-230,[0,"45Uzu+AI1AcYz2IKIGHo9A"],59]],[1,"12m6UFN6JLhroaQwp/zCWJ",null,null,null,1,0],[1,-66,0,0]],[3,"props_sokt_retry",33554432,28,[[2,-231,[0,"56869aW11LVYXAzSmXVyI5"],[5,62,64]],[31,-232,[0,"bcVVhkGfVLX7MQ/d4zxmKJ"],60],[38,3,1.1,-233,[0,"12FJzWozRFkrNrNGIEGIpi"],61]],[1,"47fCJCLZZIp7UaSFs5t7kK",null,null,null,1,0],[1,65,0,0]],[3,"props_btn_down_shop",33554432,3,[[2,-234,[0,"a3dhp6iPpOOI7gLLP7sK7Q"],[5,237,214]],[7,0,false,"default","animation",-235,[0,"02Bw+n4/xFj4fT70PihQWq"],82],[16,3,0.9,-236,[0,"f3tYt9BwdJRpntpSPU57Qq"]]],[1,"6cA7cJXQRExZPgE3zgygvb",null,null,null,1,0],[1,282,1,0]],[3,"props_btn_down_withdrawal",33554432,3,[[2,-237,[0,"d3K3WLCkxMYpceRUz/iDS0"],[5,227,150]],[7,0,false,"default","animation",-238,[0,"4aChyGjcxD8rVBJCplMVIS"],83],[16,3,0.9,-239,[0,"7dwm3NxOVODLAB+8Tlp5ql"]]],[1,"7cyKFnwldEbLu05hlV/GTh",null,null,null,1,0],[1,434,1,0]],[3,"props_spr_head",33554432,2,[[20,-240,[0,"feciWemS5J0an5AYbxvDQH"]],[5,0,-241,[0,"33ANae51pBHqJpktMkdvlI"],2,3]],[1,"c52BJ25y5CNq3wF8vqYzjI",null,null,null,1,0],[1,-117.656,13.397,0]],[3,"spr_head_bg",33554432,2,[[2,-242,[0,"fdHMHwMqtIUZaDrTAuSxKh"],[5,321,147]],[13,-243,[0,"91T6yK281H4rgHhu/vgqP1"],4,5]],[1,"aej4Tu7GFA45ko48XhAySg",null,null,null,1,0],[1,-12.656,-4.603,0]],[3,"spr_gold",33554432,2,[[2,-244,[0,"79rn01wRdEKqlZr0CpHF4e"],[5,39,42]],[5,0,-245,[0,"fcJZ07NERGd5bO/phBsT5Y"],11,12]],[1,"0cTwxK8VJE1ae09kgfDq4S",null,null,null,1,0],[1,-51.088,-6.603,0]],[3,"props_spr_vip",33554432,2,[[2,-246,[0,"b2azrKwqhJnpwlFAbm4XyJ"],[5,45,15]],[5,0,-247,[0,"59C+pBwdpLZoa541hCzAzC"],16,17]],[1,"7apycIbK5Ii6yvo2DMz5Fb",null,null,null,1,0],[1,-117.656,-54.603,0]],[3,"spr_left_bg1",33554432,4,[[2,-248,[0,"e4PAH9J5FHAbNZEkULvm90"],[5,1474.13,370]],[5,0,-249,[0,"6fqpJQT+RHKZsqR54LUAHp"],18,19]],[1,"72Ct43aZtFnoYNlh+LgapY",null,null,null,1,0],[1,-63,-188,0]],[3,"eff_spine_Higgsdominoo_js",33554432,4,[[2,-250,[0,"35WULoQ8VHSK2BOnF5vnXF"],[5,186,224]],[7,0,false,"default","animation",-251,[0,"427SARNu5FsIxsZrF3Ow8T"],20]],[1,"9egpjSarRGaLk4GkDZtfJZ",null,null,null,1,0],[1,-625,46,0]],[3,"spr_bg_zuozo",33554432,4,[[2,-252,[0,"b7KQdV7KNOpIQWs3VKFE/W"],[5,358,372]],[13,-253,[0,"00dTvBR09HcZ1vQgtc06Wd"],21,22]],[1,"12bt0r6ZxLoa/QQaBiQ47m",null,null,null,1,0],[1,-625,-133,0]],[18,"indicator",33554432,9,[[[2,-254,[0,"b08cPH4YNLvraWPVzPsrex"],[5,500,60]],-255],4,1],[1,"62EoR3fH9E6oVLZogupYj3",null,null,null,1,0],[1,0,162,0]],[3,"spr_left_bg3",33554432,4,[[2,-256,[0,"acNxomfOtE44OxwAF8s8Sz"],[5,338,308]],[13,-257,[0,"23/sYqznRDoKAiui9rpUaU"],33,34]],[1,"0cXwUCE0dLkqCi6x1QLSVI",null,null,null,1,0],[1,-625,-118,0]],[18,"Checkmark",33554432,11,[[[2,-258,[0,"72WZxaOeJBn5qWjw1I+Byv"],[5,221,50]],-259],4,1],[1,"15MDVjUThLwLYcN9kDqHpH",null,null,null,1,0],[1,-1,0,0]],[19,"Checkmark",false,33554432,12,[[[14,"Checkmark<UITransformComponent>",-260,[0,"d4L3RLNP5IQob0Dl+FVEft"],[5,221,50]],-261],4,1],[1,"8c2yPb5ZlAXJhTJBYtxvKV",null,null,null,1,0]],[19,"Checkmark",false,33554432,13,[[[14,"Checkmark<UITransformComponent>",-262,[0,"54+ccX211OVa+Uh2v52BbZ"],[5,221,50]],-263],4,1],[1,"96J0rWcbxPA6MQRifqwM+4",null,null,null,1,0]],[19,"Checkmark",false,33554432,14,[[[14,"Checkmark<UITransformComponent>",-264,[0,"83G3p8XcBDAZqO8I1mbIBG"],[5,221,50]],-265],4,1],[1,"3dcgMI1nFIS64EQddVuJJy",null,null,null,1,0]],[18,"bar",33554432,15,[[[11,-266,[0,"0e1gQkpTtJRqEtainXqPok"],[5,10,156.25],[0,0,0]],-267],4,1],[1,"954gjttnpDG6LoE3cKJ1+8",null,null,null,1,0],[1,-11,-31.25,0]],[3," spr_down_bg",33554432,3,[[2,-268,[0,"57qp12AR5OurLZb5MuysBR"],[5,1321,125]],[5,2,-269,[0,"74qgdaVHdN8qIcxlrirl1G"],62,63]],[1,"13gsaIpopJNJveheifc+81",null,null,null,1,0],[1,0,4,0]],[3,"word_hall_akun",33554432,19,[[2,-270,[0,"09xhnY3X9L+IiI11Cxk/Km"],[5,141,25]],[13,-271,[0,"37VmXmMwFGzq8I3jdOe/Eh"],84,85]],[1,"c0yub+QL1LPr7ufXqMDGEE",null,null,null,1,0],[1,0,-18,0]],[3,"word_hall_pertama",33554432,20,[[2,-272,[0,"9bS2/OMCdLkqSaZVYTbcU5"],[5,99,25]],[13,-273,[0,"9b3hl+38JKiaGS0Q630IB1"],87,88]],[1,"18XawrKAhGQbe5BgAe70xd",null,null,null,1,0],[1,-4,-18,0]],[3,"word_hall_shopGift",33554432,21,[[2,-274,[0,"9e/oXEiA5JxZqVRKTNi28o"],[5,103,24]],[5,0,-275,[0,"b0BZjvSgJDjrTo0unCyasP"],90,91]],[1,"408A59b8JHa7HpqY9HiqUx",null,null,null,1,0],[1,0,-18,0]],[67,15,59,[0,"6beCOfT1dFOJUZqM1Yc6Uh"],[5,25,25]],[27,0,61,[0,"939KM+77FJW4p5nF8c6rMm"]],[21,"Checkmark<SpriteComponent>",62,[0,"7auyZcn5BCw7VFZsSXmYRN"]],[21,"Checkmark<SpriteComponent>",63,[0,"37Zgm3xUtNGIJxnN9+kHAM"]],[21,"Checkmark<SpriteComponent>",64,[0,"ceqKZ0p+VJS6Afl3r/LDEg"]],[28,1,0,65,[0,"beDUG2G9ZPN7CLseGVjIoq"]],[68,1,15,[0,"34V04Aif5LNKx8IjR7YQ78"],75],[69,0.23,0.75,false,7,[0,"cckECnenNGkpJXftmDHQz7"],42,76]],0,[0,10,1,0,0,1,0,0,1,0,0,1,0,-1,22,0,-2,2,0,-3,4,0,-4,26,0,-5,41,0,-6,27,0,-7,17,0,-8,18,0,-9,43,0,-10,44,0,-11,5,0,-12,3,0,-13,8,0,0,2,0,0,2,0,0,2,0,-1,52,0,-2,53,0,-3,23,0,-4,36,0,-5,37,0,-6,54,0,-7,24,0,-8,55,0,0,3,0,0,3,0,0,3,0,-1,66,0,-2,29,0,-3,30,0,-4,31,0,-5,32,0,-6,33,0,-7,50,0,-8,51,0,0,4,0,0,4,0,0,4,0,-1,56,0,-2,57,0,-3,58,0,-4,9,0,-5,60,0,0,5,0,0,5,0,0,5,0,-1,45,0,-2,46,0,-3,47,0,-4,28,0,0,6,0,0,6,0,-1,38,0,-2,39,0,-3,40,0,0,7,0,0,7,0,-3,77,0,0,7,0,-1,15,0,-2,16,0,0,8,0,0,8,0,0,8,0,-1,19,0,-2,20,0,-3,21,0,0,9,0,0,9,0,11,70,0,0,9,0,-1,25,0,-2,59,0,0,10,0,-1,11,0,-2,12,0,-3,13,0,-4,14,0,0,11,0,0,11,0,7,71,0,4,11,0,0,11,0,-1,61,0,0,12,0,0,12,0,7,72,0,4,12,0,0,12,0,-1,62,0,0,13,0,0,13,0,7,73,0,4,13,0,0,13,0,-1,63,0,0,14,0,0,14,0,7,74,0,4,14,0,0,14,0,-1,64,0,0,15,0,0,15,0,0,15,0,-4,76,0,-1,65,0,0,16,0,0,16,0,0,16,0,0,16,0,-1,42,0,0,17,0,4,17,0,0,17,0,0,17,0,0,17,0,0,18,0,4,18,0,0,18,0,0,18,0,0,18,0,0,19,0,0,19,0,4,19,0,0,19,0,-1,67,0,0,20,0,0,20,0,4,20,0,0,20,0,-1,68,0,0,21,0,0,21,0,4,21,0,0,21,0,-1,69,0,0,22,0,0,22,0,-1,34,0,-2,35,0,0,23,0,0,23,0,4,23,0,0,23,0,0,24,0,0,24,0,4,24,0,0,24,0,0,25,0,0,25,0,0,25,0,0,26,0,0,26,0,0,26,0,0,27,0,0,27,0,0,27,0,0,28,0,0,28,0,-1,48,0,-2,49,0,0,29,0,0,29,0,4,29,0,0,29,0,0,30,0,0,30,0,4,30,0,0,30,0,0,31,0,0,31,0,4,31,0,0,31,0,0,32,0,0,32,0,4,32,0,0,32,0,0,33,0,0,33,0,4,33,0,0,33,0,0,34,0,0,34,0,0,34,0,0,35,0,0,35,0,0,35,0,0,36,0,0,36,0,0,36,0,0,37,0,0,37,0,0,37,0,0,38,0,0,38,0,0,38,0,0,39,0,0,39,0,0,39,0,0,40,0,0,40,0,0,40,0,0,41,0,0,41,0,0,41,0,0,42,0,0,42,0,0,43,0,0,43,0,0,43,0,0,44,0,0,44,0,0,44,0,0,45,0,0,45,0,0,45,0,0,46,0,0,46,0,0,46,0,0,47,0,0,47,0,0,47,0,0,48,0,0,48,0,0,48,0,0,49,0,0,49,0,0,49,0,0,50,0,0,50,0,0,50,0,0,51,0,0,51,0,0,51,0,0,52,0,0,52,0,0,53,0,0,53,0,0,54,0,0,54,0,0,55,0,0,55,0,0,56,0,0,56,0,0,57,0,0,57,0,0,58,0,0,58,0,0,59,0,-2,70,0,0,60,0,0,60,0,0,61,0,-2,71,0,0,62,0,-2,72,0,0,63,0,-2,73,0,0,64,0,-2,74,0,0,65,0,-2,75,0,0,66,0,0,66,0,0,67,0,0,67,0,0,68,0,0,68,0,0,69,0,0,69,0,12,1,6,8,25,7,8,27,10,8,26,76,13,77,275],[0,0,0,0,0,0,0,0,0,0,0,0,0,0,0,0,0,0,0,0,0,0,0,0,0,0,0,0,0,0,0,0,0,0,0,0,0,0,0,0,0,0,0,0,0,0,0,0,0,0,0,0,0,0,0,0,0,0,0,0,0,0,0,0,0,0,0,0,0,0,0,0,0,0,0,0,0,0,0,0,0,0,0,0,0,0,0,0,0,0,0,0,0,70,71,71,72,72,73,73,74,74,75],[1,1,1,2,1,2,1,2,3,9,9,1,2,1,2,3,1,2,1,2,5,1,2,1,2,3,1,2,3,1,2,3,1,1,2,1,2,3,1,2,3,1,2,3,1,2,3,1,2,1,3,5,3,5,5,5,1,1,1,3,1,3,1,2,1,2,3,14,15,16,1,2,3,1,2,3,1,2,3,1,2,3,5,5,1,2,5,1,2,5,1,2,5,1,1,2,1,2,1,2,1,2,1],[28,29,30,1,31,0,2,0,2,3,3,32,1,4,0,4,33,1,34,0,35,36,0,5,0,5,6,0,6,7,0,7,37,38,0,8,0,8,9,0,9,10,0,10,11,0,11,39,0,40,41,42,43,44,12,12,13,13,14,14,15,15,45,0,16,0,16,46,47,48,17,0,17,18,0,18,19,0,19,20,0,20,49,50,51,0,52,53,0,54,55,0,56,57,58,0,59,0,60,0,61,0,62]],[[[8,"eff_spine_Higgsdominoo_js","\r\neff_spine_Higgsdominoo_js.png\r\nsize: 512,256\r\nformat: RGBA8888\r\nfilter: Linear,Linear\r\nrepeat: none\r\narmL\r\n  rotate: false\r\n  xy: 101, 19\r\n  size: 36, 83\r\n  orig: 36, 83\r\n  offset: 0, 0\r\n  index: -1\r\narmR\r\n  rotate: false\r\n  xy: 139, 25\r\n  size: 37, 77\r\n  orig: 37, 77\r\n  offset: 0, 0\r\n  index: -1\r\nbiyanL\r\n  rotate: true\r\n  xy: 314, 139\r\n  size: 56, 33\r\n  orig: 56, 33\r\n  offset: 0, 0\r\n  index: -1\r\nbiyanR\r\n  rotate: false\r\n  xy: 349, 160\r\n  size: 33, 35\r\n  orig: 33, 35\r\n  offset: 0, 0\r\n  index: -1\r\nbody\r\n  rotate: false\r\n  xy: 209, 7\r\n  size: 106, 111\r\n  orig: 106, 111\r\n  offset: 0, 0\r\n  index: -1\r\nerhuanL\r\n  rotate: true\r\n  xy: 101, 3\r\n  size: 14, 25\r\n  orig: 14, 25\r\n  offset: 0, 0\r\n  index: -1\r\nerhuanR\r\n  rotate: false\r\n  xy: 128, 4\r\n  size: 11, 13\r\n  orig: 11, 13\r\n  offset: 0, 0\r\n  index: -1\r\nhair\r\n  rotate: true\r\n  xy: 2, 104\r\n  size: 150, 142\r\n  orig: 150, 142\r\n  offset: 0, 0\r\n  index: -1\r\nhairR1\r\n  rotate: false\r\n  xy: 178, 72\r\n  size: 28, 31\r\n  orig: 28, 31\r\n  offset: 0, 0\r\n  index: -1\r\nhairR2\r\n  rotate: false\r\n  xy: 64, 13\r\n  size: 35, 89\r\n  orig: 35, 89\r\n  offset: 0, 0\r\n  index: -1\r\nhair_d\r\n  rotate: false\r\n  xy: 64, 2\r\n  size: 17, 9\r\n  orig: 17, 9\r\n  offset: 0, 0\r\n  index: -1\r\nhand\r\n  rotate: true\r\n  xy: 146, 118\r\n  size: 136, 38\r\n  orig: 136, 38\r\n  offset: 0, 0\r\n  index: -1\r\nhead\r\n  rotate: true\r\n  xy: 186, 120\r\n  size: 134, 126\r\n  orig: 134, 126\r\n  offset: 0, 0\r\n  index: -1\r\nhua\r\n  rotate: false\r\n  xy: 314, 197\r\n  size: 53, 57\r\n  orig: 53, 57\r\n  offset: 0, 0\r\n  index: -1\r\nhuarui\r\n  rotate: true\r\n  xy: 317, 82\r\n  size: 37, 31\r\n  orig: 37, 31\r\n  offset: 0, 0\r\n  index: -1\r\nmeimaoL\r\n  rotate: false\r\n  xy: 171, 105\r\n  size: 36, 11\r\n  orig: 36, 11\r\n  offset: 0, 0\r\n  index: -1\r\nmeimaoR\r\n  rotate: false\r\n  xy: 146, 104\r\n  size: 23, 12\r\n  orig: 23, 12\r\n  offset: 0, 0\r\n  index: -1\r\nxianglian\r\n  rotate: false\r\n  xy: 2, 4\r\n  size: 60, 98\r\n  orig: 60, 98\r\n  offset: 0, 0\r\n  index: -1\r\nyanbaiL\r\n  rotate: false\r\n  xy: 141, 3\r\n  size: 30, 20\r\n  orig: 30, 20\r\n  offset: 0, 0\r\n  index: -1\r\nyanbaiR\r\n  rotate: true\r\n  xy: 178, 48\r\n  size: 22, 25\r\n  orig: 22, 25\r\n  offset: 0, 0\r\n  index: -1\r\nyanqiuL\r\n  rotate: true\r\n  xy: 173, 3\r\n  size: 20, 17\r\n  orig: 20, 17\r\n  offset: 0, 0\r\n  index: -1\r\nyanqiuR\r\n  rotate: false\r\n  xy: 178, 28\r\n  size: 16, 18\r\n  orig: 16, 18\r\n  offset: 0, 0\r\n  index: -1\r\nzuiba\r\n  rotate: false\r\n  xy: 314, 121\r\n  size: 31, 16\r\n  orig: 31, 16\r\n  offset: 0, 0\r\n  index: -1\r\n",["eff_spine_Higgsdominoo_js.png"],{"skeleton":{"hash":"sHhu1uFsfL9P2LCuBcF9C4TDWtk","spine":"3.8.99","x":-91.65,"y":-1.36,"width":186,"height":224,"images":"","audio":""},"bones":[{"name":"root"},{"name":"js","parent":"root","x":-2.78,"y":5.97},{"name":"body","parent":"js","length":48.43,"rotation":90},{"name":"body2","parent":"body","length":48.43,"x":48.43},{"name":"head","parent":"body2","length":85.83,"x":48.3,"y":0.17},{"name":"armL","parent":"body2","length":79.31,"rotation":-170.66,"x":29.78,"y":47.35},{"name":"hand","parent":"js","x":71.41,"y":4.22},{"name":"hand2","parent":"hand","length":79.38,"rotation":-179.55,"x":-26.67,"y":-3.78},{"name":"hand3","parent":"hand","length":9.75,"rotation":123.01,"x":-4.23,"y":16.1},{"name":"armR","parent":"body2","length":70.65,"rotation":-162.19,"x":26.71,"y":-28.61},{"name":"erhuanL","parent":"head","length":21.56,"rotation":176.37,"x":21.74,"y":42.16},{"name":"erhuanR","parent":"head","length":15.43,"rotation":178.23,"x":25.19,"y":-36.13},{"name":"meimaoL","parent":"head","x":60.09,"y":-3.39,"color":"ff0000ff"},{"name":"meimaoR","parent":"head","x":61.29,"y":-20.05,"color":"ff0000ff"},{"name":"yanbaiL","parent":"head","x":43.5,"y":12.44,"color":"ff0000ff"},{"name":"yanbaiR","parent":"head","x":48.59,"y":-29.12,"color":"ff0000ff"},{"name":"bizi","parent":"head","x":32.69,"y":-19.14,"color":"ff0000ff"},{"name":"zuiba","parent":"head","x":16.38,"y":-18.34,"color":"ff0000ff"},{"name":"saiL","parent":"head","x":23.11,"y":15.08,"color":"ff0000ff"},{"name":"saiR","parent":"head","x":31.1,"y":-38.42,"color":"ff0000ff"},{"name":"yanqiuL","parent":"yanbaiL","x":0.81,"y":0.74,"color":"9c9c9cff"},{"name":"yanqiuR","parent":"yanbaiR","x":0.45,"y":2.21},{"name":"meimaoL2","parent":"meimaoL","length":21.29,"rotation":86.03,"x":0.12,"y":1.98},{"name":"meimaoL3","parent":"meimaoL2","length":9.9,"rotation":31.3,"x":21.29},{"name":"meimaoR2","parent":"meimaoR","length":15.43,"rotation":-64.41,"x":0.38,"y":-0.78},{"name":"meimaoR3","parent":"meimaoR2","length":5.65,"rotation":-55.97,"x":15.43},{"name":"hua","parent":"head","x":92.68,"y":54.99},{"name":"huarui","parent":"hua","length":27.93,"rotation":49.47,"x":0.37,"y":0.23},{"name":"hairR1","parent":"head","x":88.42,"y":-21.01},{"name":"hairR2","parent":"head","x":87.58,"y":-22.5},{"name":"head2","parent":"head","length":15.81,"rotation":141.63,"x":55.13,"y":56.88},{"name":"head3","parent":"head2","length":15.81,"x":15.81},{"name":"head4","parent":"head3","length":15.81,"x":15.81},{"name":"hair","parent":"head","x":39.61,"y":62.57},{"name":"hair2","parent":"hair","length":32.56,"rotation":-145.49},{"name":"hair3","parent":"hair2","length":32.56,"x":32.56},{"name":"hair4","parent":"hair3","length":32.56,"x":32.56},{"name":"hair5","parent":"hair4","length":32.56,"x":32.56},{"name":"hair6","parent":"hair5","length":32.56,"x":32.56},{"name":"xianglian","parent":"body2","x":39.77,"y":-1.84,"color":"9c9c9cff"},{"name":"biyanL","parent":"yanbaiL","x":10.82,"y":-2.89,"color":"9c9c9cff"},{"name":"biyanR","parent":"yanbaiR","x":9.87,"y":1.34,"color":"9c9c9cff"},{"name":"zuiba2","parent":"zuiba","x":1.36,"y":18.67,"color":"9c9c9cff"},{"name":"zuiba3","parent":"zuiba","x":4.59,"y":-10.23,"color":"9c9c9cff"}],"slots":[{"name":"hair_d","bone":"head4","attachment":"hair_d"},{"name":"hair","bone":"hair","attachment":"hair"},{"name":"armR","bone":"armR","attachment":"armR"},{"name":"body","bone":"body","attachment":"body"},{"name":"xianglian","bone":"xianglian","attachment":"xianglian"},{"name":"armL","bone":"armL","attachment":"armL"},{"name":"hand","bone":"hand","attachment":"hand"},{"name":"hairR1","bone":"hairR1","attachment":"hairR1"},{"name":"hairR2","bone":"hairR2","attachment":"hairR2"},{"name":"erhuanR","bone":"erhuanR","attachment":"erhuanR"},{"name":"yanbaiR","bone":"yanbaiR","attachment":"yanbaiR"},{"name":"yanbaiL","bone":"yanbaiL","attachment":"yanbaiL"},{"name":"yanqiuR","bone":"yanqiuR","attachment":"yanqiuR"},{"name":"yanqiuL","bone":"yanqiuL","attachment":"yanqiuL"},{"name":"head","bone":"head","attachment":"head"},{"name":"zuiba","bone":"zuiba","attachment":"zuiba"},{"name":"meimaoR","bone":"meimaoR","attachment":"meimaoR"},{"name":"meimaoL","bone":"meimaoL","attachment":"meimaoL"},{"name":"biyanR","bone":"biyanR"},{"name":"biyanL","bone":"biyanL"},{"name":"erhuanL","bone":"erhuanL","attachment":"erhuanL"},{"name":"hua","bone":"hua","attachment":"hua"},{"name":"huarui","bone":"huarui","attachment":"huarui"}],"skins":[{"name":"default","attachments":{"armL":{"armL":{"type":"mesh","hull":13,"width":36,"height":83,"uvs":[0.71221,0.08239,0.85938,0.23687,0.81954,0.27605,1,0.76068,0.99999,0.86327,0.91609,0.94328,0.74262,0.99999,0.50498,0.99999,0.31367,0.84482,0.09006,0.53429,0.00001,0.1427,0.11342,0.00127,0.3966,0],"triangles":[5,6,3,4,5,3,7,8,6,8,3,6,2,8,9,8,2,3,2,12,0,12,2,9,11,12,10,12,9,10,2,0,1],"vertices":[1,5,7.43,18.15,1,1,5,20.94,21.3,1,1,5,23.92,19.35,1,2,5,64.66,19.24,0.63811,7,62.47,-17.59,0.36189,2,5,73.06,17.86,0.3277,7,62.54,-9.08,0.6723,2,5,79.13,13.8,0.0771,7,65.61,-2.46,0.9229,1,7,71.9,2.2,1,1,7,80.45,2.13,1,1,5,67.54,-6.28,1,1,5,40.8,-10.04,1,1,5,8.21,-7.96,1,1,5,-2.71,-2.03,1,1,5,-1.16,8.05,1],"edges":[24,0,0,2,2,4,4,6,6,8,8,10,10,12,12,14,14,16,16,18,18,20,22,24,20,22]}},"armR":{"armR":{"x":35.37,"y":2.31,"rotation":72.19,"width":37,"height":77}},"biyanL":{"biyanL":{"type":"mesh","hull":14,"width":56,"height":33,"uvs":[0.90064,0.25388,0.98609,0.59462,0.87029,0.78066,0.80726,0.86051,0.70918,0.93281,0.60572,0.9622,0.5034,0.95636,0.38404,0.89678,0.28986,0.8092,0.20656,0.72826,0,0.7039,0.13956,0.20647,0.41074,0.00683,0.68058,0.00001,0.32218,0.61866,0.33736,0.50896,0.39896,0.72214,0.42736,0.41215,0.51146,0.82002,0.53985,0.33988,0.61199,0.82881,0.62583,0.32624,0.71119,0.80244,0.72306,0.36578,0.80628,0.75513,0.81439,0.50543],"triangles":[13,19,12,21,13,0,12,17,11,13,21,19,23,21,0,19,17,12,25,23,0,15,11,17,25,0,1,15,10,11,15,9,10,16,15,17,14,15,16,14,9,15,8,9,14,20,19,21,24,25,1,2,24,1,23,25,22,24,22,25,16,8,14,19,18,17,20,18,19,18,16,17,23,20,21,23,22,20,3,24,2,22,24,3,7,8,16,7,16,18,4,20,22,4,22,3,6,7,18,6,18,20,5,6,20,4,5,20],"vertices":[2.24,-15.29,-9.01,-20.07,-15.14,-13.59,-17.78,-10.06,-20.17,-4.57,-21.14,1.23,-20.94,6.96,-18.98,13.64,-16.09,18.92,-13.42,23.58,-12.61,35.15,3.8,27.33,10.39,12.15,10.62,-2.96,-9.8,17.11,-6.18,16.26,-13.21,12.81,-2.98,11.22,-16.44,6.51,-0.6,4.92,-16.73,0.88,-0.15,0.1,-15.86,-4.68,-1.45,-5.34,-14.3,-10,-6.06,-10.46],"edges":[20,18,18,16,16,14,14,12,4,2,24,26,24,22,20,22,8,10,10,12,4,6,6,8,2,0,0,26,16,28,28,30,14,32,32,34,12,36,36,38,10,40,40,42,8,44,44,46,6,48,48,50]}},"biyanR":{"biyanR":{"type":"mesh","hull":14,"width":33,"height":35,"uvs":[0.8912,0.46158,0.81646,0.51408,0.85944,0.56479,0.80996,0.66041,0.73121,0.74712,0.60368,0.80678,0.46213,0.82616,0.32638,0.8192,0.20721,0.79787,0.09381,0.75881,0.00153,0.38398,0.18775,0.12465,0.49296,0,0.82499,0,0.17452,0.70562,0.12907,0.57134,0.28058,0.70705,0.16846,0.44277,0.40785,0.69991,0.24119,0.33848,0.51997,0.66991,0.30634,0.27991,0.62754,0.60705,0.39724,0.23277,0.70027,0.52562,0.49573,0.22277,0.74875,0.4342,0.60936,0.23134,0.72573,0.30978],"triangles":[27,25,12,23,11,12,13,27,12,25,23,12,21,11,23,28,27,13,19,11,21,10,11,19,0,26,28,13,0,28,27,28,26,17,10,19,1,26,0,24,27,26,24,26,1,25,27,24,15,10,17,22,25,24,23,25,22,3,24,1,3,1,2,22,24,3,20,23,22,21,23,20,19,21,20,18,17,19,17,16,15,19,20,18,16,14,15,17,18,16,4,22,3,9,10,15,9,15,14,8,14,16,9,14,8,5,20,22,5,22,4,7,16,18,8,16,7,6,18,20,6,20,5,7,18,6],"vertices":[-7.68,-15.92,-9.52,-13.45,-11.29,-14.87,-14.64,-13.24,-17.68,-10.64,-19.76,-6.43,-20.44,-1.76,-20.2,2.72,-19.45,6.65,-18.08,10.4,-4.97,13.44,4.11,7.3,8.47,-2.78,8.47,-13.73,-16.22,7.73,-11.52,9.23,-16.27,4.23,-7.02,7.93,-16.02,0.03,-3.37,5.53,-14.97,-3.67,-1.32,3.38,-12.77,-7.22,0.33,0.38,-9.92,-9.62,0.68,-2.87,-6.72,-11.22,0.38,-6.62,-2.37,-10.46],"edges":[18,20,24,26,26,0,10,12,12,14,6,8,8,10,4,6,14,16,16,18,20,22,22,24,28,30,32,34,36,38,40,42,44,46,48,50,52,54,4,2,2,52,2,0,0,52,48,6,44,8,40,10,36,12,32,14,28,16]}},"body":{"body":{"type":"mesh","hull":31,"width":106,"height":111,"uvs":[0.6577,0.08016,0.72301,0.07964,0.71473,0.16092,0.78197,0.20855,0.9163,0.2663,0.91231,0.34982,0.88628,0.39933,0.8897,0.4697,0.99999,0.66397,0.99175,0.76094,0.92183,0.84685,0.85633,0.90477,0.76334,0.95004,0.57367,0.95145,0.00006,0.95571,0.00006,0.92749,0.06324,0.90209,0.12578,0.8642,0.14153,0.83688,0.14404,0.79329,0.12712,0.79009,0.13734,0.64175,0.18175,0.46202,0.12199,0.42347,0.071,0.33178,0.08487,0.2618,0.15092,0.19228,0.26414,0.16119,0.27551,0.13385,0.42158,0.11229,0.41581,0,0.31611,0.40827,0.36941,0.34108,0.40672,0.26168,0.60191,0.35895,0.68283,0.37495,0.76877,0.36123,0.82817,0.31122,0.81886,0.26513,0.72462,0.55282,0.71109,0.83724,0.42226,0.15227,0.45711,0.18269,0.59661,0.22267,0.66632,0.22497,0.71299,0.21119,0.32689,0.8776,0.83662,0.54298,0.94863,0.67039,0.95688,0.75922,0.32817,0.21086,0.4668,0.71716],"triangles":[23,24,25,25,26,31,50,26,27,13,14,46,46,16,17,17,18,46,46,14,16,14,15,16,46,51,13,13,40,12,13,51,40,12,40,11,11,40,10,18,19,46,51,46,21,10,49,9,49,40,48,49,10,40,40,39,48,39,47,48,40,51,39,20,21,19,31,51,21,21,46,19,8,9,48,9,49,48,39,51,34,8,48,7,48,47,7,39,36,47,6,37,5,5,37,4,37,38,4,4,38,3,21,22,31,39,34,35,51,31,34,34,31,32,34,32,33,39,35,36,7,36,6,7,47,36,22,23,31,31,23,25,31,26,50,31,50,32,36,37,6,34,44,35,35,45,36,35,44,45,36,38,37,38,45,3,38,36,45,34,33,43,33,42,43,34,43,44,32,50,33,33,41,42,33,50,41,45,44,2,44,0,2,43,42,0,45,2,3,0,44,43,27,28,50,50,28,41,0,42,29,2,0,1,28,29,41,42,41,29,29,30,0],"vertices":[1,3,47.34,-8.84,1,1,3,47.4,-15.77,1,2,3,38.38,-14.89,0.81138,9,-15.31,-9.49,0.18862,2,3,33.09,-22.01,0.51166,9,-8.09,-4.32,0.48834,1,9,2.37,7.27,1,3,3,17.41,-35.83,0.00263,9,11.06,4.03,0.99719,2,65.84,-35.83,0.00018,3,3,11.91,-33.07,0.44175,9,15.45,-0.27,0.46973,2,60.34,-33.07,0.08852,3,3,4.1,-33.43,0.41605,9,23,-2.32,0.2,2,52.53,-33.43,0.38395,2,3,-17.46,-45.13,0.08244,2,30.97,-45.13,0.91756,2,3,-28.23,-44.25,0.03683,2,20.21,-44.25,0.96317,2,3,-37.76,-36.84,0.00883,2,10.67,-36.84,0.99117,2,3,-44.19,-29.9,0.00053,2,4.24,-29.9,0.99947,1,2,-0.78,-20.04,1,1,2,-0.94,0.06,1,1,2,-1.41,60.87,1,1,2,1.72,60.87,1,2,3,-43.9,54.17,0.00035,2,4.54,54.17,0.99965,2,3,-39.69,47.54,0.0085,2,8.74,47.54,0.9915,2,3,-36.66,45.87,0.02107,2,11.78,45.87,0.97893,2,3,-31.82,45.61,0.0505,2,16.62,45.61,0.9495,2,3,-31.46,47.4,0.05696,2,16.97,47.4,0.94304,2,3,-15,46.32,0.19599,2,33.44,46.32,0.80401,3,3,4.95,41.61,0.58768,2,53.39,41.61,0.26222,5,25.43,1.63,0.1501,3,3,9.23,47.94,0.60738,2,57.67,47.94,0.09146,5,20.18,-3.92,0.30116,3,3,19.41,53.35,0.07443,2,67.84,53.35,0.00374,5,9.26,-7.6,0.92183,1,5,1.84,-4.89,1,1,5,-4.64,3.27,1,2,3,38.35,32.88,0.6,5,-6.1,15.67,0.4,2,3,41.38,31.67,0.6,5,-8.9,17.35,0.4,2,3,43.77,16.19,0.9,5,-8.75,33.02,0.1,1,3,56.24,16.8,1,3,3,10.92,27.37,0.83924,2,59.35,27.37,0.03205,5,21.86,16.66,0.12871,3,3,18.38,21.72,0.79508,2,66.81,21.72,0.00363,5,15.41,23.44,0.20129,2,3,27.19,17.76,0.8,5,7.36,28.77,0.2,1,3,16.39,-2.93,1,1,3,14.62,-11.51,1,3,3,16.14,-20.62,0.72957,9,7.62,-10.84,0.22837,2,64.57,-20.62,0.04206,3,3,21.69,-26.91,0.69869,9,4.26,-3.15,0.28922,2,70.13,-26.91,0.01209,2,3,26.81,-25.93,0.70546,9,-0.92,-2.52,0.29454,2,3,-5.13,-15.94,0.2794,2,43.31,-15.94,0.7206,1,2,11.74,-14.5,1,2,3,39.33,16.11,0.9,5,-4.36,32.37,0.1,2,3,35.96,12.42,0.9,5,-0.43,35.47,0.1,1,3,31.52,-2.37,1,1,3,31.27,-9.76,1,2,3,32.79,-14.7,0.91267,9,-10.05,-11.37,0.08733,2,3,-41.18,26.22,0.0041,2,7.26,26.22,0.9959,2,3,-4.03,-27.81,0.33114,2,44.4,-27.81,0.66886,2,3,-18.18,-39.68,0.08507,2,30.26,-39.68,0.91493,2,3,-28.04,-40.56,0.03399,2,20.4,-40.56,0.96601,2,3,32.83,26.09,0.7,5,0.44,21.47,0.3,3,3,-23.37,11.39,0.18234,2,25.07,11.39,0.80522,5,58.28,26.85,0.01243],"edges":[18,16,16,14,14,12,12,10,10,8,8,6,6,4,4,2,2,0,0,60,60,58,58,56,56,54,54,52,52,50,50,48,48,46,46,44,44,42,42,40,40,38,38,36,36,34,28,30,30,32,32,34,18,20,20,22,22,24,44,62,62,64,64,66,66,68,68,70,70,72,72,74,74,76,76,6,70,78,78,80,24,26,26,28,80,26,58,82,82,84,84,86,86,88,88,90,90,4,72,94,94,96,96,98,98,20,54,100,100,66]}},"erhuanL":{"erhuanL":{"x":10.44,"y":-1.89,"rotation":93.63,"width":14,"height":25}},"erhuanR":{"erhuanR":{"x":10.82,"y":-2,"rotation":91.77,"width":11,"height":13}},"hair":{"hair":{"type":"mesh","hull":19,"width":150,"height":142,"uvs":[0.76904,0.21428,0.76336,0.28954,0.83939,0.31992,0.88979,0.40278,0.89934,0.55675,0.96411,0.63559,0.99924,0.70644,1,0.79108,0.97871,0.89935,0.4895,1,0.40483,0.89944,0.26659,0.73459,0.18143,0.61289,0.15775,0.48412,0.08646,0.43652,0.05038,0.35294,0.05305,0.24198,0.00001,0.1499,0.15308,0.00518],"triangles":[4,5,7,7,5,6,7,9,4,8,9,7,3,1,2,4,10,11,4,11,3,9,10,4,11,12,13,1,11,13,3,11,1,13,14,15,15,16,13,1,13,16,16,17,18,16,18,0,1,16,0],"vertices":[1,34,75.41,60.07,1,5,34,83.73,53.31,0.00027,35,51.17,53.31,0.26872,36,18.61,53.31,0.42356,37,-13.95,53.31,0.28082,38,-46.51,53.31,0.02663,4,35,61.19,60.26,0.1601,36,28.63,60.26,0.3717,37,-3.94,60.26,0.39781,38,-36.5,60.26,0.07039,4,35,75.17,59.82,0.10153,36,42.6,59.82,0.30483,37,10.04,59.82,0.46373,38,-22.52,59.82,0.12991,4,35,93.99,48.61,0.02596,36,61.43,48.61,0.12202,37,28.87,48.61,0.45032,38,-3.69,48.61,0.4017,4,35,108.72,50.28,0.0042,36,76.16,50.28,0.0341,37,43.6,50.28,0.28345,38,11.04,50.28,0.67825,4,35,120,48.92,0.00059,36,87.44,48.92,0.0117,37,54.88,48.92,0.18402,38,22.31,48.92,0.80369,3,36,97.4,42.2,0.00228,37,64.84,42.2,0.10162,38,32.28,42.2,0.8961,2,37,75.7,30.86,0.03665,38,43.14,30.86,0.96335,3,36,78.46,-37.7,0.03878,37,45.9,-37.7,0.37144,38,13.34,-37.7,0.58978,3,36,59.5,-40.08,0.15381,37,26.94,-40.08,0.53839,38,-5.62,-40.08,0.3078,4,35,61.02,-43.9,0.06062,36,28.46,-43.9,0.59805,37,-4.1,-43.9,0.32311,38,-36.66,-43.9,0.01822,4,35,39.55,-44.63,0.27955,36,6.99,-44.63,0.62003,37,-25.58,-44.63,0.10039,38,-58.14,-44.63,0.00003,4,34,55.03,-37.2,0.00737,35,22.47,-37.2,0.67092,36,-10.1,-37.2,0.30589,37,-42.66,-37.2,0.01582,4,34,43.4,-42.18,0.06109,35,10.84,-42.18,0.82341,36,-21.72,-42.18,0.11448,37,-54.28,-42.18,0.00102,3,34,30.55,-39.92,0.17852,35,-2.01,-39.92,0.77992,36,-34.57,-39.92,0.04156,3,34,17.8,-30.66,0.5208,35,-14.76,-30.66,0.4764,36,-47.33,-30.66,0.0028,1,34,2.52,-29.81,1,1,34,-1.41,0.76,1],"edges":[34,36,36,0,18,16,18,20,20,8,24,22,22,20,8,6,22,6,24,26,0,2,26,2,0,32,28,26,32,34,14,16,8,10,10,12,12,14,2,4,4,6,28,30,30,32]}},"hairR1":{"hairR1":{"type":"mesh","hull":11,"width":28,"height":31,"uvs":[0.77458,0.22494,0.88194,0.43504,0.979,0.72671,0.95276,0.99999,0.85065,0.99999,0.74447,0.80345,0.5513,0.61416,0.35801,0.60662,0.27783,0.65504,0.00286,0.5151,0.38533,0.00001],"triangles":[7,9,10,6,7,10,0,6,10,1,6,0,8,9,7,5,6,1,2,5,1,4,5,2,3,4,2],"vertices":[8.55,-19.97,2.03,-22.97,-7.01,-25.69,-15.48,-24.96,-15.48,-22.1,-9.39,-19.12,-3.52,-13.72,-3.28,-8.3,-4.79,-6.06,-0.45,1.64,15.52,-9.07],"edges":[18,16,16,14,14,12,12,10,10,8,6,8,6,4,4,2,2,0,0,20,20,18]}},"hairR2":{"hairR2":{"type":"mesh","hull":19,"width":35,"height":89,"uvs":[0.64245,0.10307,0.85188,0.30094,0.98571,0.40453,1,0.55817,0.86642,0.63537,0.67742,0.69998,0.65888,0.77399,0.50373,0.91523,0.15716,0.99382,0.08428,0.97556,0.28431,0.87579,0.44145,0.75635,0.4703,0.58804,0.43373,0.4141,0.4643,0.32556,0.31583,0.17907,0,0.05117,0.18729,0.00001,0.39416,0.00169],"triangles":[15,17,18,16,17,15,0,15,18,14,0,1,14,15,0,1,13,14,12,13,1,4,1,2,4,2,3,5,12,1,4,5,1,11,12,5,6,11,5,7,11,6,10,11,7,8,9,10,8,10,7],"vertices":[-4.82,-21.28,-22.43,-28.61,-31.65,-33.3,-45.32,-33.8,-52.19,-29.12,-57.94,-22.51,-64.53,-21.86,-77.1,-16.43,-84.09,-4.3,-82.47,-1.75,-73.59,-8.75,-62.96,-14.25,-47.98,-15.26,-32.5,-13.98,-24.62,-15.05,-11.58,-9.85,-0.2,1.2,4.35,-5.35,4.21,-12.59],"edges":[32,34,34,36,36,0,0,2,2,4,4,6,6,8,8,10,10,12,12,14,14,16,16,18,18,20,20,22,22,24,24,26,26,28,28,30,30,32]}},"hair_d":{"hair_d":{"x":18.98,"y":16.7,"rotation":128.37,"width":17,"height":9}},"hand":{"hand":{"type":"mesh","hull":19,"width":136,"height":38,"uvs":[0.83849,0.22615,0.9209,0.13789,0.99999,0.16799,1,0.34189,0.95098,0.37783,0.99444,0.49689,0.98041,0.99999,0.82466,0.99621,0.60382,0.95263,0.01125,0.87752,0,0.54694,0.02373,0.29858,0.07992,0.13384,0.2212,0.28947,0.60398,0.54036,0.74149,0.31131,0.72446,0.21868,0.72929,0.00001,0.77854,0.00016],"triangles":[18,16,17,16,18,0,13,10,11,14,9,13,13,9,10,11,12,13,14,8,9,15,16,0,15,0,4,4,0,3,2,0,1,0,2,3,6,7,5,7,14,5,14,4,5,4,14,15,8,14,7],"vertices":[1,6,3.76,17.86,1,1,6,14.96,21.21,1,1,6,25.72,20.07,1,1,6,25.72,13.46,1,1,6,19.05,12.1,1,1,6,24.96,7.57,1,1,6,23.06,-11.55,1,1,6,1.87,-11.4,1,1,6,-28.16,-9.75,1,1,6,-108.75,-6.89,1,2,7,83.53,-10.11,0.752,5,68.8,-2.73,0.248,2,7,80.23,-19.52,0.65,5,60.01,1.99,0.35,2,7,72.54,-25.72,0.5,5,55.07,10.55,0.5,1,7,53.37,-19.66,1,2,6,-28.14,5.92,0.02185,7,1.39,-9.71,0.97815,1,6,-9.44,14.62,1,3,6,-11.75,18.14,0.00247,7,-15.09,-21.8,0.00951,8,5.81,5.19,0.98802,1,8,12.42,0.12,1,1,8,8.76,-5.5,1],"edges":[24,26,26,28,28,30,30,32,32,34,34,36,36,0,0,2,2,4,4,6,6,8,10,12,8,10,12,14,14,16,18,20,16,18,20,22,22,24]}},"head":{"head":{"type":"mesh","hull":40,"width":134,"height":126,"uvs":[0.83338,0.05432,0.91076,0.11706,0.87559,0.19921,0.84496,0.24446,0.92874,0.32493,0.97162,0.43915,0.96797,0.50846,0.98286,0.51165,0.97611,0.53899,0.98467,0.58104,0.97896,0.62034,0.98472,0.71095,0.96674,0.78458,0.8394,0.97828,0.77827,0.99932,0.6983,0.99536,0.55073,0.93014,0.45706,0.87174,0.39785,0.80782,0.33662,0.81539,0.26901,0.79071,0.21553,0.74276,0.18952,0.69938,0.09252,0.8114,0.05916,0.86855,0.0586,0.90242,0.0765,0.94263,0.04078,0.93977,0.00859,0.89727,0.00001,0.84777,0.01832,0.78298,0.00195,0.72128,0.0101,0.63496,0.05025,0.58703,0.06029,0.42785,0.11829,0.31197,0.20126,0.19805,0.31801,0.06895,0.4833,0,0.69887,0.00642,0.18943,0.64482,0.23645,0.59919,0.2857,0.598,0.32786,0.68522,0.33256,0.71514,0.32652,0.74578,0.35629,0.7188,0.36705,0.6718,0.3551,0.5853,0.3967,0.52636,0.44553,0.40152,0.49369,0.33192,0.60953,0.26491,0.74073,0.27598,0.79006,0.62897,0.84413,0.68365,0.84849,0.71563,0.81547,0.74262,0.77939,0.74797,0.72633,0.73805,0.7161,0.70733,0.73162,0.66225,0.77766,0.57868,0.80744,0.55675,0.8511,0.49961,0.91266,0.4758,0.9496,0.59445,0.91677,0.63333,0.85333,0.6377,0.79567,0.6278,0.41815,0.59186,0.45765,0.54484,0.53429,0.5091,0.61624,0.51976,0.67932,0.57807,0.69818,0.64829,0.63038,0.68466,0.5508,0.69532,0.46118,0.65519,0.80677,0.82239,0.84193,0.8118,0.87963,0.78107,0.75518,0.82762,0.70231,0.82396,0.66031,0.81241,0.86498,0.79733,0.51387,0.44476,0.67451,0.45862,0.67225,0.49695,0.51345,0.482,0.43865,0.50402,0.81038,0.44818,0.91699,0.39413,0.92021,0.42567,0.82268,0.47497,0.50204,0.75112,0.55481,0.73431,0.59316,0.78517,0.54341,0.80874,0.91591,0.69881,0.95356,0.65679,0.93345,0.74611,0.80994,0.62202,0.82203,0.56952,0.86183,0.51802,0.90719,0.51264,0.93085,0.5405,0.92712,0.58757,0.90811,0.61657,0.85326,0.6229],"triangles":[95,77,96,97,96,76,98,95,96,98,96,97,17,95,98,84,98,97,91,3,92,94,91,93,65,94,93,88,91,94,86,52,87,88,89,87,88,73,89,91,88,87,83,84,59,15,84,83,85,57,81,85,81,12,79,57,80,82,58,79,83,59,82,13,79,80,82,79,13,73,72,89,71,89,72,73,88,74,70,49,71,75,74,62,78,71,72,70,71,78,47,70,78,76,73,74,76,74,75,77,72,73,77,73,76,78,72,77,76,75,60,96,77,76,95,78,77,59,84,76,97,76,84,62,74,88,54,62,69,61,75,62,54,61,62,54,69,55,60,75,61,56,55,99,60,58,59,55,61,54,57,55,56,55,58,61,61,58,60,58,55,57,57,56,81,80,57,85,59,76,60,79,58,57,82,59,58,86,90,50,89,86,87,89,90,86,71,90,89,31,32,22,23,30,31,22,23,31,24,29,30,23,24,30,28,29,24,25,28,24,27,28,25,27,25,26,40,32,33,101,81,56,99,67,100,99,100,11,101,99,11,101,56,99,63,88,94,63,62,88,64,94,65,6,65,5,105,64,65,105,65,6,104,64,105,8,6,7,106,105,6,106,6,8,63,94,64,63,64,104,103,63,104,106,104,105,66,106,8,66,8,9,107,106,66,106,107,104,107,103,104,107,109,103,63,69,62,109,102,103,69,63,102,107,108,109,103,102,63,66,67,108,66,108,107,100,67,66,68,109,108,68,108,67,102,109,68,69,102,68,55,69,68,99,68,67,55,68,99,5,93,92,5,92,4,91,92,93,65,93,5,2,0,1,2,53,0,52,38,39,39,53,52,0,53,39,53,2,3,51,38,52,37,38,51,36,37,51,92,3,4,50,36,51,35,36,50,86,51,52,50,51,86,91,53,3,87,52,53,87,53,91,50,49,35,35,42,34,50,90,49,49,90,71,35,49,42,34,41,33,48,49,70,49,48,42,42,41,34,10,66,9,40,33,41,10,100,66,47,48,70,43,42,48,47,43,48,43,22,40,100,10,11,46,44,43,47,46,43,43,21,22,41,42,43,41,43,40,44,45,21,44,21,43,45,44,46,22,32,40,12,101,11,20,21,45,46,78,95,78,46,47,18,46,95,45,46,18,19,45,18,20,45,19,17,18,95,84,16,98,17,98,16,81,101,12,13,80,85,13,85,12,15,83,82,16,84,15,14,15,82,13,14,82],"vertices":[1,4,113.09,-22.97,1,1,4,105.19,-33.33,1,1,4,94.84,-28.62,1,1,4,89.14,-24.52,1,1,4,79,-35.74,1,1,25,7.71,0.19,1,1,15,7.28,-11.88,1,1,15,6.88,-13.87,1,1,15,3.44,-12.97,1,1,4,46.73,-43.24,1,1,4,41.78,-42.47,1,2,4,30.36,-43.25,0.5,19,-0.74,-4.82,0.5,1,4,21.08,-40.84,1,1,4,-3.33,-23.77,1,1,4,-5.98,-15.58,1,1,4,-5.48,-4.87,1,1,4,2.74,14.91,1,1,4,10.1,27.46,1,1,4,18.15,35.39,1,1,4,17.2,43.6,1,1,4,20.31,52.66,1,1,4,26.35,59.83,1,1,4,31.82,63.31,1,2,31,25.59,8,0.00154,32,9.78,8,0.99846,1,32,18.2,8.96,1,1,32,21.59,11.55,1,1,32,24.07,16.57,1,1,32,26.76,12.6,1,1,32,25.24,5.89,1,1,32,21.06,1.12,1,1,32,13.14,-2.02,1,2,31,24.22,-8.57,0.06646,32,8.41,-8.57,0.93354,3,31,15.01,-14.46,0.60154,32,-0.8,-14.46,0.38159,30,30.83,-14.46,0.01688,3,31,6.94,-13.99,0.69716,32,-8.87,-13.99,0.07375,30,22.75,-13.99,0.22909,4,4,66.03,80.63,0.62591,31,-9.62,-25.39,0.02932,30,6.19,-25.39,0.33924,23,52.02,-31.78,0.00553,3,4,80.63,72.86,0.68189,31,-25.89,-28.36,0.00057,30,-10.08,-28.36,0.31754,2,4,94.98,61.74,0.86073,30,-28.23,-28.55,0.13927,2,4,111.25,46.09,0.96,30,-50.7,-26.38,0.04,2,4,119.94,23.94,0.98,30,-71.26,-14.4,0.02,1,4,119.13,-4.94,1,1,4,38.69,63.32,1,1,4,44.44,57.02,1,1,4,44.59,50.42,1,1,4,33.6,44.77,1,1,4,29.83,44.14,1,1,4,25.97,44.95,1,1,4,29.37,40.96,1,1,4,35.29,39.52,1,1,4,46.19,41.12,1,1,4,53.62,35.55,1,1,4,69.35,29.01,1,1,4,78.12,22.55,1,1,4,86.56,7.03,1,1,4,85.17,-10.55,1,1,16,7.99,1.97,1,1,16,1.1,-5.27,1,1,16,-2.93,-5.86,1,1,16,-6.33,-1.43,1,1,16,-7,3.41,1,2,4,26.94,-8.62,0.3,16,-5.75,10.52,0.7,2,4,30.81,-7.25,0.3,16,-1.88,11.89,0.7,2,4,36.49,-9.33,0.3,16,3.8,9.81,0.7,1,16,14.33,3.64,1,1,15,1.2,9.63,1,1,15,8.4,3.78,1,1,15,11.4,-4.47,1,1,15,-3.55,-9.42,1,1,15,-8.45,-5.02,1,1,15,-9,3.48,1,1,15,-7.76,11.21,1,1,14,1.86,20.23,1,1,14,7.78,14.94,1,1,14,12.29,4.67,1,1,14,10.94,-6.31,1,1,14,3.6,-14.77,1,1,14,-5.25,-17.29,1,1,14,-9.83,-8.21,1,1,14,-11.18,2.46,1,1,14,-6.12,14.46,1,1,17,-0.06,-1.06,1,2,17,1.28,-5.77,0.7,43,-3.31,4.46,0.3,1,43,0.56,-0.59,1,2,17,-0.72,5.85,0.7,42,-2.08,-12.82,0.3,2,17,-0.26,12.94,0.3,42,-1.62,-5.74,0.7,1,42,-0.16,-0.11,1,2,17,3.1,-8.86,0.3,43,-1.49,1.37,0.7,2,23,-1,-1.98,0.8,22,21.47,-2.21,0.2,1,22,-0.13,-1.96,1,1,22,-0.16,2.88,1,2,23,1.2,2.16,0.8,22,21.2,2.47,0.2,1,23,11.38,0.02,1,1,24,-0.07,2.03,1,2,25,-1.48,1.39,0.8,24,15.75,2,0.2,2,25,0.91,-1.82,0.8,24,14.43,-1.77,0.2,1,24,-0.05,-1.73,1,1,18,2.19,6.35,1,1,18,4.31,-0.72,1,1,18,-2.1,-5.86,1,1,18,-5.07,0.81,1,1,19,0.79,4.4,1,1,19,6.09,-0.65,1,1,19,-5.17,2.05,1,1,15,-7.03,9.3,1,1,15,-0.41,7.68,1,1,15,6.08,2.34,1,1,15,6.76,-3.73,1,1,15,3.25,-6.9,1,1,15,-2.69,-6.4,1,1,15,-6.34,-3.86,1,1,15,-7.14,3.49,1],"edges":[6,8,8,10,10,12,12,14,14,16,16,18,18,20,20,22,22,24,24,26,26,28,28,30,30,32,32,34,34,36,36,38,38,40,40,42,42,44,44,46,46,48,58,60,60,62,62,64,64,66,66,68,68,70,70,72,72,74,74,76,76,78,78,0,0,2,2,4,4,6,54,56,56,58,44,80,80,82,82,84,84,86,86,88,88,90,90,92,92,94,94,96,96,98,98,100,100,102,102,104,104,106,106,6,108,110,110,112,112,114,114,116,116,118,118,120,120,122,108,124,126,128,128,130,130,12,16,132,132,134,134,136,138,126,138,136,140,142,142,144,144,146,146,148,148,150,150,152,152,154,154,156,156,140,158,160,158,164,164,166,166,168,160,170,170,162,172,174,174,176,176,178,180,172,180,178,182,184,184,10,10,186,186,188,188,182,190,192,192,194,194,196,196,190,198,200,198,202,202,22,200,22,204,206,206,208,208,210,210,212,212,214,214,216,216,218,218,204,52,54,48,50,50,52]}},"hua":{"hua":{"type":"mesh","hull":25,"width":53,"height":57,"uvs":[1,0.04252,0.99907,0.09704,0.87134,0.19791,0.97498,0.36528,0.72664,0.52386,0.76245,0.5919,0.71538,0.79598,0.46017,0.77926,0.41755,0.88672,0.29924,1,0.15239,0.89073,0.1257,0.83413,0.07481,0.8712,0.00709,0.83832,0.00001,0.63769,0.06719,0.5464,0.08738,0.4411,0.16526,0.34969,0.13885,0.33484,0.18615,0.21494,0.33201,0.10531,0.4187,0.1094,0.48053,0.04076,0.63536,0.00001,0.78372,0,0.46443,0.42368],"triangles":[0,25,24,25,0,2,17,18,19,22,23,25,22,25,21,2,0,1,24,25,23,20,21,25,19,20,25,17,19,25,25,2,3,16,17,25,4,25,3,15,16,25,25,4,5,14,15,25,14,25,13,6,7,25,5,6,25,25,9,11,11,13,25,12,13,11,25,7,9,9,10,11,7,8,9],"vertices":[22.96,-26.52,19.85,-26.47,14.1,-19.7,4.56,-25.19,-4.48,-12.03,-8.36,-13.93,-19.99,-11.43,-19.04,2.09,-25.16,4.35,-31.62,10.62,-25.39,18.41,-22.16,19.82,-24.28,22.52,-22.4,26.11,-10.97,26.48,-5.76,22.92,0.24,21.85,5.45,17.72,6.3,19.12,13.13,16.62,19.38,8.89,19.15,4.29,23.06,1.02,25.38,-7.19,25.38,-15.05,1.23,1.87],"edges":[18,16,16,14,14,12,12,10,10,8,8,6,6,4,4,2,2,0,0,48,46,48,46,44,40,38,38,36,36,34,34,32,32,30,30,28,26,28,26,24,24,22,22,20,20,18,40,42,42,44,50,8,50,4,48,50,50,46,44,50,50,42,40,50,50,38,34,50,50,32,30,50,50,22,50,14,50,12,50,10,50,6,50,0,50,18,50,26,50,28]}},"huarui":{"huarui":{"x":14.92,"y":-2.2,"rotation":-139.47,"width":37,"height":31}},"meimaoL":{"meimaoL":{"type":"mesh","hull":6,"width":36,"height":11,"uvs":[1,0.04768,0.97974,0.79713,0.33585,0.5804,0.03696,0.99998,0.00001,0.78313,0.31685,0],"triangles":[3,4,2,2,4,5,1,2,0,2,5,0],"vertices":[1,22,-2.58,-4.4,1,1,22,-2.42,3.87,1,2,22,20.87,3.1,0.50137,23,1.25,2.87,0.49863,1,23,12.93,2.03,1,1,23,13.01,-0.7,1,2,22,21.99,-3.22,0.61731,23,-1.08,-3.12,0.38269],"edges":[4,2,2,0,0,10,10,8,6,4,8,6]}},"meimaoR":{"meimaoR":{"type":"mesh","hull":8,"width":23,"height":12,"uvs":[0.99999,0.42382,0.96696,0.69549,0.735,0.47369,0.2289,1,0.02087,0.92833,0.00087,0.45457,0.61243,0.00001,0.7762,0.00001],"triangles":[2,3,5,3,4,5,5,6,2,2,6,7,1,2,0,2,7,0],"vertices":[1,25,6.91,1.17,1,1,25,7.9,-2.03,1,2,25,1.95,-2.43,0.63471,24,14.51,-2.98,0.36529,1,24,1.28,-3.65,1,1,24,-2.66,-0.8,1,1,24,-0.62,4.52,1,2,25,-3.35,1.05,0.04398,24,14.42,3.37,0.95602,2,25,-0.1,2.95,0.78214,24,17.82,1.74,0.21786],"edges":[6,8,6,4,4,2,2,0,0,14,12,14,8,10,12,10]}},"xianglian":{"xianglian":{"type":"mesh","hull":11,"width":60,"height":98,"uvs":[0.83963,0.17748,0.97507,0.41895,0.99772,0.94129,0.87846,0.95215,0.783,0.96085,0.40941,0.52388,0.07567,0.26109,0,0.08354,0.10655,0,0.34485,0,0.5886,0,0.68278,0.44932,0.51154,0.20467],"triangles":[12,9,10,12,10,0,6,7,8,11,12,0,11,0,1,9,6,8,5,12,11,9,12,6,5,6,12,3,11,1,2,3,1,4,11,3,5,11,4],"vertices":[-10.92,-24.66,-34.59,-32.79,-85.78,-34.15,-86.84,-26.99,-87.69,-21.27,-44.87,1.15,-19.12,21.17,-1.72,25.71,6.47,19.32,6.47,5.02,6.47,-9.6,-37.56,-15.25,-13.59,-4.98],"edges":[16,14,12,14,4,2,2,0,0,20,4,6,6,8,6,22,22,24,16,18,18,20,24,18,8,10,10,12]}},"yanbaiL":{"yanbaiL":{"x":-0.07,"y":-0.74,"rotation":-90,"width":30,"height":20}},"yanbaiR":{"yanbaiR":{"x":-2.15,"y":0.83,"rotation":-90,"width":22,"height":25}},"yanqiuL":{"yanqiuL":{"x":-0.87,"y":-0.48,"rotation":-90,"width":20,"height":17}},"yanqiuR":{"yanqiuR":{"x":-0.12,"y":0.24,"rotation":-90,"width":16,"height":18}},"zuiba":{"zuiba":{"type":"mesh","hull":15,"width":31,"height":16,"uvs":[0.98452,0.28348,0.89813,0.61972,0.81209,0.81126,0.642,0.99999,0.4033,0.96597,0.19265,0.6966,0.00387,0.4566,0.00899,0.39057,0.01387,0.32178,0.22983,0.29304,0.42854,0.0475,0.60501,0.04625,0.6534,0.14109,0.72888,0.0025,0.85974,0.01625,0.65558,0.47691,0.77332,0.42879,0.85977,0.37941,0.42655,0.49254,0.21849,0.46941],"triangles":[9,7,8,6,7,19,19,7,9,5,6,19,19,9,18,18,5,19,14,12,13,16,12,17,15,12,16,18,9,10,10,11,12,18,10,12,18,12,15,1,15,16,2,15,1,4,5,18,18,15,2,4,18,2,3,4,2,16,17,1,0,12,14,17,12,0,1,17,0],"vertices":[1,43,-1.56,-0.24,1,2,43,-6.94,2.43,0.7,17,-2.35,-7.79,0.3,2,43,-10.01,5.1,0.3,17,-5.42,-5.13,0.7,1,17,-8.44,0.15,1,2,17,-7.89,7.55,0.6,42,-9.26,-11.13,0.4,2,17,-3.58,14.07,0.3,42,-4.95,-4.6,0.7,1,42,-1.11,1.25,1,1,42,-0.05,1.1,1,1,42,1.05,0.94,1,2,17,2.87,12.92,0.3,42,1.51,-5.75,0.7,2,17,6.8,6.76,0.6,42,5.44,-11.91,0.4,1,17,6.82,1.29,1,1,17,5.3,-0.21,1,2,43,2.93,7.68,0.3,17,7.52,-2.55,0.7,2,43,2.71,3.62,0.7,17,7.3,-6.6,0.3,1,17,-0.07,-0.28,1,2,43,-3.89,6.3,0.3,17,0.7,-3.93,0.7,2,43,-3.1,3.62,0.7,17,1.49,-6.61,0.3,2,17,-0.32,6.82,0.6,42,-1.68,-11.85,0.4,2,17,0.05,13.27,0.3,42,-1.31,-5.4,0.7],"edges":[16,18,20,22,22,24,24,26,26,28,28,0,8,10,10,12,2,4,4,6,12,14,14,16,30,32,32,34,34,0,30,36,36,38,38,14,0,2,6,8,18,20]}}}}],"animations":{"animation":{"slots":{"biyanL":{"color":[{"time":1.3333,"color":"ffffff00"},{"time":1.4,"color":"ffffffff","curve":"stepped"},{"time":1.6667,"color":"ffffffff"},{"time":1.7333,"color":"ffffff00"}],"attachment":[{"time":1.3333,"name":"biyanL"}]},"biyanR":{"color":[{"time":1.3333,"color":"ffffff00"},{"time":1.4,"color":"ffffffff","curve":"stepped"},{"time":1.6667,"color":"ffffffff"},{"time":1.7333,"color":"ffffff00"}],"attachment":[{"time":1.3333,"name":"biyanR"}]}},"bones":{"armL":{"translate":[{},{"time":1.6667,"x":0.97,"y":0.16},{"time":3.3333}]},"head":{"rotate":[{"angle":0.49},{"time":0.6667},{"time":2.3333,"angle":1.23},{"time":3.3333,"angle":0.49}],"translate":[{},{"time":1.6667,"x":0.61,"y":0.01},{"time":3.3333}]},"erhuanR":{"rotate":[{"angle":0.16},{"time":1,"angle":10.87},{"time":2.6667,"angle":-6.98},{"time":3.3333,"angle":0.16}]},"saiR":{"translate":[{},{"time":1.6667,"x":1.2,"y":-0.42},{"time":3.3333}]},"erhuanL":{"rotate":[{"angle":5.55},{"time":1,"angle":-6.56},{"time":2.6667,"angle":13.63},{"time":3.3333,"angle":5.55}]},"body":{"rotate":[{},{"time":1.6667,"angle":0.47},{"time":3.3333}]},"zuiba3":{"translate":[{},{"time":1.6667,"x":1.4,"y":-1.14},{"time":3.3333}]},"saiL":{"translate":[{},{"time":1.6667,"x":1.63,"y":1.65},{"time":3.3333}]},"zuiba2":{"translate":[{},{"time":1.6667,"x":1.4,"y":1.63},{"time":3.3333}]},"body2":{"rotate":[{"angle":0.15},{"time":0.3333},{"time":2,"angle":0.75},{"time":3.3333,"angle":0.15}],"translate":[{},{"time":1.6667,"x":1.17,"y":0.01},{"time":3.3333}]},"hair2":{"rotate":[{"angle":0.35},{"time":1,"angle":-0.26},{"time":2.6667,"angle":0.75},{"time":3.3333,"angle":0.35}]},"hair4":{"rotate":[{"angle":1.92},{"time":1.6667,"angle":-1.45},{"time":3.3333,"angle":1.92}],"translate":[{"x":1.12,"y":1.02},{"time":1.6667,"x":0.19,"y":-1.17},{"time":3.3333,"x":1.12,"y":1.02}]},"hair6":{"rotate":[{"angle":1.33},{"time":0.6667,"angle":4.02},{"time":2.3333,"angle":-2.72},{"time":3.3333,"angle":1.33}],"translate":[{"x":0.26,"y":-0.16},{"time":0.6667,"x":0.48,"y":0.97},{"time":2.3333,"x":-0.06,"y":-1.86},{"time":3.3333,"x":0.26,"y":-0.16}]},"hair3":{"rotate":[{"angle":0.64},{"time":1.3333,"angle":-0.97},{"time":3,"angle":1.04},{"time":3.3333,"angle":0.64}],"translate":[{"x":0.83,"y":0.53},{"time":1.3333,"x":0.19,"y":-0.8},{"time":3,"x":0.99,"y":0.86},{"time":3.3333,"x":0.83,"y":0.53}]},"head4":{"rotate":[{"angle":0.26},{"time":0.6667,"angle":-0.73},{"time":2.3333,"angle":1.75},{"time":3.3333,"angle":0.26}]},"head2":{"rotate":[{"angle":-0.73},{"time":1.6667,"angle":1.75},{"time":3.3333,"angle":-0.73}]},"head3":{"rotate":[{"angle":-0.24},{"time":0.3333,"angle":-0.73},{"time":2,"angle":1.75},{"time":3.3333,"angle":-0.24}]},"hair5":{"rotate":[{"angle":1.67},{"time":0.3333,"angle":2.64},{"time":2,"angle":-2.22},{"time":3.3333,"angle":1.67}],"translate":[{"x":0.91,"y":0.58},{"time":0.3333,"x":1.1,"y":1.05},{"time":2,"x":0.15,"y":-1.27},{"time":3.3333,"x":0.91,"y":0.58}]},"yanqiuR":{"translate":[{"time":1.3333},{"time":1.5333,"x":-1.35},{"time":1.7333}]},"yanqiuL":{"translate":[{"time":1.3333},{"time":1.5333,"x":-1.35},{"time":1.7333}]}},"deform":{"default":{"biyanL":{"biyanL":[{"time":1.3333,"offset":8,"vertices":[13.18816,-0.38899,16.10493,-0.78568,15.95357,-1.62728,11.10426,-1.96826,3.14334,-1.70272,-0.72302,-0.30736,0,0,0,0,0,0,0,0,1.1978,-0.50457,0,0,9.31966,-1.52931,0,0,14.98988,-1.57856,0,0,15.4425,-0.6644,0,0,12.09186,-0.44207,0,0,2.14207,-0.11766]},{"time":1.5,"curve":"stepped"},{"time":1.5667},{"time":1.7333,"offset":8,"vertices":[13.18816,-0.38899,16.10493,-0.78568,15.95357,-1.62728,11.10426,-1.96826,3.14334,-1.70272,-0.72302,-0.30736,0,0,0,0,0,0,0,0,1.1978,-0.50457,0,0,9.31966,-1.52931,0,0,14.98988,-1.57856,0,0,15.4425,-0.6644,0,0,12.09186,-0.44207,0,0,2.14207,-0.11766]}]},"biyanR":{"biyanR":[{"time":1.3333,"vertices":[3.35141,-0.01447,2.92476,1.84117,3.11989,1.99459,9.65204,6.18898,14.17958,8.67582,14.26654,7.71726,12.77486,5.4969,9.84081,3.96618,4.66209,1.74175,0,0,0,0,0,0,0,0,0,0,3.74557,1.2728,0,0,8.57245,3.4492,0,0,11.96574,5.24439,0,0,12.88899,6.64372,0,0,12.31731,7.17857,0,0,9.53079,5.86292,0,0,2.90251,1.19157]},{"time":1.5,"curve":"stepped"},{"time":1.5667},{"time":1.7333,"vertices":[3.35141,-0.01447,2.92476,1.84117,3.11989,1.99459,9.65204,6.18898,14.17958,8.67582,14.26654,7.71726,12.77486,5.4969,9.84081,3.96618,4.66209,1.74175,0,0,0,0,0,0,0,0,0,0,3.74557,1.2728,0,0,8.57245,3.4492,0,0,11.96574,5.24439,0,0,12.88899,6.64372,0,0,12.31731,7.17857,0,0,9.53079,5.86292,0,0,2.90251,1.19157]}]},"body":{"body":[{},{"time":1.6667,"offset":4,"vertices":[0.22852,-0.00123,-0.21674,0.07244,0.44898,-0.00242,-0.42582,0.14233,0.29213,-0.10191,0.44898,-0.00242,-0.42582,0.14233,0.44899,0,0.44898,-0.00242,-0.42582,0.14233,0.44899,0,0.44898,-0.00242,-0.42582,0.14233,0.44899,0,0.44898,-0.00242,0.44899,0,0.44898,-0.00242,0.44899,0,0.44898,-0.00242,0.44899,0,0.44898,-0.00242,0.44899,0,0,0,0,-0.83644,0,0,0,0,-0.27165,0.00146,-0.27166,0,-0.27165,0.00146,-0.27166,0,-0.27165,0.00146,-0.27166,0,-0.27165,0.00146,-0.27166,0,-0.27165,0.00146,-0.27166,0,-0.27165,0.00146,-0.27166,0,-0.61538,0.00332,-0.61539,0,0.60782,-0.09651,-0.27165,0.00146,-0.27166,0,0.26831,-0.0426,0,0,0,0,0,0,0,0,0,0,0,0,0,0,0,0,0,0,-0.27165,0.00146,0.26831,-0.0426,0,0,-1.00076,-0.24586,-0.99943,-0.25125,1.02923,0.09096,-0.54568,-0.84516,-0.54112,-0.84808,0.67286,0.75184,-0.54381,-0.49957,0.61865,0.41052,-0.0045,-0.83642,-0.0045,-0.83642,-0.0045,-0.83642,0.26019,0.79494,0,-0.83644,0.44627,-0.5049,-0.26952,0.6199,0.44899,-0.50249,0.44627,-0.5049,-0.26952,0.6199,-0.00696,-1.29419,0,-1.29421,0,-1.29421,-0.20603,-0.25014,0.24438,0.21562,-0.24624,-0.82488,0.37398,0.77721,-0.135,-0.82273,-0.04888,-0.76062,0.13577,-0.51879,0.02785,0.53692,-0.54246,-0.24833,-0.54112,-0.25125,0.21463,-1.08454,0.22046,-1.08337,0.4413,-1.43018,0.44899,-1.42778,0.44376,-0.97179,0.44899,-0.96938,-0.47549,-0.24869,0.51053,0.17336,-0.86536,-1.36536,-0.85799,-1.37,1.0623,1.21852]},{"time":3.3333}]},"hair":{"hair":[{},{"time":1.6667,"vertices":[-0.8573,1.09531,-0.71286,1.38834,-0.68768,1.40088,-0.63974,1.42297,-0.57385,1.4514,-0.47095,1.48747,-0.99561,1.75914,-0.93567,1.79143,-0.85242,1.83313,-0.72205,1.88774,-1.02927,2.29312,-0.95126,2.32614,-0.84332,2.36807,-0.67545,2.42076,-0.68719,3.02695,-0.58478,3.04823,-0.44397,3.07243,-0.22766,3.09538,-0.85242,3.55602,-0.73215,3.5824,-0.56659,3.61281,-0.3121,3.64302,-0.87836,3.98798,-0.74365,4.01503,-0.55811,4.04553,-0.27332,4.07405,-0.5401,4.4288,-0.33566,4.44943,-0.02313,4.46143,0.06595,4.91026,0.40985,4.89288,-0.14148,-7.23184,-0.47534,-7.21693,-0.98029,-7.16669,-0.3331,-6.27379,-0.62259,-6.25104,-1.05954,-6.19283,-0.42004,-4.68005,-0.57611,-4.66333,-0.79102,-4.6313,-1.11392,-4.5652,-0.49005,-3.5865,-0.60953,-3.5683,-0.7738,-3.53575,-1.02005,-3.47354,-0.09836,-2.71225,-0.14807,-2.71024,-0.23831,-2.70406,-0.36316,-2.68951,-0.34451,-2.12575,-0.38336,-2.11931,-0.45358,-2.10541,-0.55069,-2.08171,-0.23831,-1.49301,-0.26569,-1.48862,-0.31479,-1.47899,0.20096,-0.85669,0.18512,-0.86046,0.15692,-0.86641,0.2464,-0.09093]},{"time":3.3333}]},"xianglian":{"xianglian":[{},{"time":1.6667,"vertices":[0.80642,0,0.80641,0.00001,0.3804,-1.06157,0,-1.06157,-0.12819,-1.06157,-0.1282,-1.06158,-0.22924,-0.75262,0,-0.22885,0.00001,-0.00001,0,-1.06158,0,0.00001,0,-1.06159,0,-1.06158]},{"time":3.3333}]},"zuiba":{"zuiba":[{},{"time":1.6667,"offset":2,"vertices":[0.26797,0.00006,0.26793,0.00034,0.43594,0.00046,0.43587,0.00104,0.43587,0.00104,0.43587,0.00104,0.43594,0.00104,0.26793,0.00034,0.26797,0.00034,0,0,0,0,0,0,-0.37262,0.00009,-0.37262,0.00009,-0.37262,0.00009,-0.37262,0.00009,-0.37262,0.00009,-0.37262,0.00009,-0.37262,0,-0.37262,0.00009,-0.37262,0,-0.37262]},{"time":3.3333}]}}}}}},[0]]],0,0,[0],[-1],[63]],[[[8,"shopicon","\r\nshopicon.png\r\nsize: 2048,512\r\nformat: RGBA8888\r\nfilter: Linear,Linear\r\nrepeat: none\r\n1\r\n  rotate: true\r\n  xy: 2, 241\r\n  size: 237, 214\r\n  orig: 237, 214\r\n  offset: 0, 0\r\n  index: -1\r\n10\r\n  rotate: true\r\n  xy: 866, 2\r\n  size: 237, 214\r\n  orig: 237, 214\r\n  offset: 0, 0\r\n  index: -1\r\n2\r\n  rotate: true\r\n  xy: 2, 2\r\n  size: 237, 214\r\n  orig: 237, 214\r\n  offset: 0, 0\r\n  index: -1\r\n3\r\n  rotate: true\r\n  xy: 218, 241\r\n  size: 237, 214\r\n  orig: 237, 214\r\n  offset: 0, 0\r\n  index: -1\r\n4\r\n  rotate: true\r\n  xy: 218, 2\r\n  size: 237, 214\r\n  orig: 237, 214\r\n  offset: 0, 0\r\n  index: -1\r\n5\r\n  rotate: true\r\n  xy: 434, 241\r\n  size: 237, 214\r\n  orig: 237, 214\r\n  offset: 0, 0\r\n  index: -1\r\n6\r\n  rotate: true\r\n  xy: 434, 2\r\n  size: 237, 214\r\n  orig: 237, 214\r\n  offset: 0, 0\r\n  index: -1\r\n7\r\n  rotate: true\r\n  xy: 650, 241\r\n  size: 237, 214\r\n  orig: 237, 214\r\n  offset: 0, 0\r\n  index: -1\r\n8\r\n  rotate: true\r\n  xy: 650, 2\r\n  size: 237, 214\r\n  orig: 237, 214\r\n  offset: 0, 0\r\n  index: -1\r\n9\r\n  rotate: true\r\n  xy: 866, 241\r\n  size: 237, 214\r\n  orig: 237, 214\r\n  offset: 0, 0\r\n  index: -1\r\nche\r\n  rotate: true\r\n  xy: 1391, 142\r\n  size: 110, 87\r\n  orig: 110, 87\r\n  offset: 0, 0\r\n  index: -1\r\ndi\r\n  rotate: true\r\n  xy: 1082, 254\r\n  size: 111, 101\r\n  orig: 111, 101\r\n  offset: 0, 0\r\n  index: -1\r\nz1\r\n  rotate: true\r\n  xy: 1082, 141\r\n  size: 111, 101\r\n  orig: 111, 101\r\n  offset: 0, 0\r\n  index: -1\r\nz10\r\n  rotate: true\r\n  xy: 1288, 141\r\n  size: 111, 101\r\n  orig: 111, 101\r\n  offset: 0, 0\r\n  index: -1\r\nz11\r\n  rotate: true\r\n  xy: 1288, 28\r\n  size: 111, 101\r\n  orig: 111, 101\r\n  offset: 0, 0\r\n  index: -1\r\nz12\r\n  rotate: true\r\n  xy: 1391, 367\r\n  size: 111, 101\r\n  orig: 111, 101\r\n  offset: 0, 0\r\n  index: -1\r\nz2\r\n  rotate: true\r\n  xy: 1082, 28\r\n  size: 111, 101\r\n  orig: 111, 101\r\n  offset: 0, 0\r\n  index: -1\r\nz3\r\n  rotate: true\r\n  xy: 1185, 367\r\n  size: 111, 101\r\n  orig: 111, 101\r\n  offset: 0, 0\r\n  index: -1\r\nz4\r\n  rotate: true\r\n  xy: 1185, 254\r\n  size: 111, 101\r\n  orig: 111, 101\r\n  offset: 0, 0\r\n  index: -1\r\nz5\r\n  rotate: true\r\n  xy: 1185, 141\r\n  size: 111, 101\r\n  orig: 111, 101\r\n  offset: 0, 0\r\n  index: -1\r\nz6\r\n  rotate: true\r\n  xy: 1185, 28\r\n  size: 111, 101\r\n  orig: 111, 101\r\n  offset: 0, 0\r\n  index: -1\r\nz7\r\n  rotate: true\r\n  xy: 1288, 367\r\n  size: 111, 101\r\n  orig: 111, 101\r\n  offset: 0, 0\r\n  index: -1\r\nz8\r\n  rotate: true\r\n  xy: 1288, 254\r\n  size: 111, 101\r\n  orig: 111, 101\r\n  offset: 0, 0\r\n  index: -1\r\nz9\r\n  rotate: true\r\n  xy: 1082, 367\r\n  size: 111, 101\r\n  orig: 111, 101\r\n  offset: 0, 0\r\n  index: -1\r\nzi\r\n  rotate: true\r\n  xy: 1391, 254\r\n  size: 111, 101\r\n  orig: 111, 101\r\n  offset: 0, 0\r\n  index: -1\r\n",["shopicon.png"],{"skeleton":{"hash":"ndSdCVQ/2jY/kkKESGJt30pajF8","spine":"3.8.99","x":-118,"y":-107,"width":237,"height":214,"images":"E:/新版UI/平台/大厅new/动画/源文件/商店/素材","audio":""},"bones":[{"name":"root"}],"slots":[{"name":"di","bone":"root","attachment":"di"},{"name":"g","bone":"root","attachment":"9","blend":"screen"},{"name":"c","bone":"root","attachment":"che"},{"name":"zi","bone":"root","attachment":"zi"},{"name":"ziig","bone":"root","attachment":"z9","blend":"screen"}],"skins":[{"name":"default","attachments":{"c":{"che":{"y":6.36,"width":110,"height":87}},"di":{"di":{"x":0.5,"y":0.5,"width":111,"height":101}},"g":{"1":{"x":0.5,"width":237,"height":214},"2":{"x":0.5,"width":237,"height":214},"3":{"x":0.5,"width":237,"height":214},"4":{"x":0.5,"width":237,"height":214},"5":{"x":0.5,"width":237,"height":214},"6":{"x":0.5,"width":237,"height":214},"7":{"x":0.5,"width":237,"height":214},"8":{"x":0.5,"width":237,"height":214},"9":{"x":0.5,"width":237,"height":214},"10":{"x":0.5,"width":237,"height":214}},"zi":{"zi":{"x":0.5,"y":0.5,"width":111,"height":101}},"ziig":{"z1":{"x":0.5,"y":0.5,"width":111,"height":101},"z2":{"x":0.5,"y":0.5,"width":111,"height":101},"z3":{"x":0.5,"y":0.5,"width":111,"height":101},"z4":{"x":0.5,"y":0.5,"width":111,"height":101},"z5":{"x":0.5,"y":0.5,"width":111,"height":101},"z6":{"x":0.5,"y":0.5,"width":111,"height":101},"z7":{"x":0.5,"y":0.5,"width":111,"height":101},"z8":{"x":0.5,"y":0.5,"width":111,"height":101},"z9":{"x":0.5,"y":0.5,"width":111,"height":101},"z10":{"x":0.5,"y":0.5,"width":111,"height":101},"z11":{"x":0.5,"y":0.5,"width":111,"height":101},"z12":{"x":0.5,"y":0.5,"width":111,"height":101}}}}],"animations":{"animation":{"slots":{"g":{"attachment":[{"time":0.1,"name":"7"},{"time":0.2,"name":"3"},{"time":0.3,"name":"1"},{"time":0.4,"name":"2"},{"time":0.5,"name":"5"},{"time":0.6,"name":"4"},{"time":0.7,"name":"8"},{"time":0.8,"name":"6"},{"time":0.9,"name":"10"},{"time":1,"name":"9"},{"time":1.1,"name":"7"},{"time":1.2,"name":"3"},{"time":1.3,"name":"1"},{"time":1.4,"name":"2"},{"time":1.5,"name":"5"},{"time":1.6,"name":"4"},{"time":1.7,"name":"8"},{"time":1.8,"name":"6"},{"time":1.9,"name":"10"}]},"ziig":{"attachment":[{"name":null},{"time":1.1667,"name":"z1"},{"time":1.2333,"name":"z2"},{"time":1.3,"name":"z3"},{"time":1.3667,"name":"z4"},{"time":1.4333,"name":"z5"},{"time":1.5,"name":"z6"},{"time":1.5667,"name":"z7"},{"time":1.6333,"name":"z8"},{"time":1.7,"name":"z9"},{"time":1.7667,"name":"z10"},{"time":1.8333,"name":"z11"},{"time":1.9,"name":"z12"}]}}}}},[0]]],0,0,[0],[-1],[64]],[[{"name":"icon_dating_jinbi","rect":{"x":0,"y":0,"width":39,"height":42},"offset":{"x":0,"y":0},"originalSize":{"width":39,"height":42},"rotated":false,"capInsets":[0,0,0,0],"vertices":{"rawPosition":[-19.5,-21,0,19.5,-21,0,-19.5,21,0,19.5,21,0],"indexes":[0,1,2,2,1,3],"uv":[0,42,39,42,0,0,39,0],"nuv":[0,0,1,0,0,1,1,1],"minPos":{"x":-19.5,"y":-21,"z":0},"maxPos":{"x":19.5,"y":21,"z":0}},"packable":true,"pixelsToUnit":100,"pivot":{"x":0.5,"y":0.5},"meshType":0}],[3],0,[0],[6],[65]],[[{"name":"default_scrollbar_vertical","rect":{"x":0,"y":0,"width":15,"height":30},"offset":{"x":0,"y":0},"originalSize":{"width":15,"height":30},"rotated":false,"capInsets":[4,10,4,10],"vertices":{"rawPosition":[-7.5,-15,0,7.5,-15,0,-7.5,15,0,7.5,15,0],"indexes":[0,1,2,2,1,3],"uv":[0,30,15,30,0,0,15,0],"nuv":[0,0,1,0,0,1,1,1],"minPos":{"x":-7.5,"y":-15,"z":0},"maxPos":{"x":7.5,"y":15,"z":0}},"packable":true,"pixelsToUnit":100,"pivot":{"x":0.5,"y":0.5},"meshType":0}],[3],0,[0],[6],[66]],[[{"name":"auto_head","spriteFrames":[]}],[9],0,[],[],[]],[[{"name":"auto_hall","spriteFrames":[]}],[9],0,[],[],[]],[[{"name":"default_panel","rect":{"x":0,"y":0,"width":20,"height":20},"offset":{"x":0,"y":0},"originalSize":{"width":20,"height":20},"rotated":false,"capInsets":[8,8,8,8],"vertices":{"rawPosition":[-10,-10,0,10,-10,0,-10,10,0,10,10,0],"indexes":[0,1,2,2,1,3],"uv":[0,20,20,20,0,0,20,0],"nuv":[0,0,1,0,0,1,1,1],"minPos":{"x":-10,"y":-10,"z":0},"maxPos":{"x":10,"y":10,"z":0}},"packable":true,"pixelsToUnit":100,"pivot":{"x":0.5,"y":0.5},"meshType":0}],[3],0,[0],[6],[67]],[[[8,"liwu","\r\nliwu.png\r\nsize: 2048,256\r\nformat: RGBA8888\r\nfilter: Linear,Linear\r\nrepeat: none\r\n1\r\n  rotate: false\r\n  xy: 2, 124\r\n  size: 142, 120\r\n  orig: 142, 120\r\n  offset: 0, 0\r\n  index: -1\r\n10\r\n  rotate: false\r\n  xy: 578, 2\r\n  size: 142, 120\r\n  orig: 142, 120\r\n  offset: 0, 0\r\n  index: -1\r\n11\r\n  rotate: false\r\n  xy: 722, 124\r\n  size: 142, 120\r\n  orig: 142, 120\r\n  offset: 0, 0\r\n  index: -1\r\n12\r\n  rotate: false\r\n  xy: 722, 2\r\n  size: 142, 120\r\n  orig: 142, 120\r\n  offset: 0, 0\r\n  index: -1\r\n13\r\n  rotate: false\r\n  xy: 866, 124\r\n  size: 142, 120\r\n  orig: 142, 120\r\n  offset: 0, 0\r\n  index: -1\r\n14\r\n  rotate: false\r\n  xy: 866, 2\r\n  size: 142, 120\r\n  orig: 142, 120\r\n  offset: 0, 0\r\n  index: -1\r\n15\r\n  rotate: false\r\n  xy: 1010, 124\r\n  size: 142, 120\r\n  orig: 142, 120\r\n  offset: 0, 0\r\n  index: -1\r\n16\r\n  rotate: false\r\n  xy: 1010, 2\r\n  size: 142, 120\r\n  orig: 142, 120\r\n  offset: 0, 0\r\n  index: -1\r\n17\r\n  rotate: false\r\n  xy: 1154, 124\r\n  size: 142, 120\r\n  orig: 142, 120\r\n  offset: 0, 0\r\n  index: -1\r\n18\r\n  rotate: false\r\n  xy: 1154, 2\r\n  size: 142, 120\r\n  orig: 142, 120\r\n  offset: 0, 0\r\n  index: -1\r\n19\r\n  rotate: false\r\n  xy: 1298, 124\r\n  size: 142, 120\r\n  orig: 142, 120\r\n  offset: 0, 0\r\n  index: -1\r\n2\r\n  rotate: false\r\n  xy: 2, 2\r\n  size: 142, 120\r\n  orig: 142, 120\r\n  offset: 0, 0\r\n  index: -1\r\n20\r\n  rotate: false\r\n  xy: 1298, 2\r\n  size: 142, 120\r\n  orig: 142, 120\r\n  offset: 0, 0\r\n  index: -1\r\n21\r\n  rotate: false\r\n  xy: 1442, 124\r\n  size: 142, 120\r\n  orig: 142, 120\r\n  offset: 0, 0\r\n  index: -1\r\n22\r\n  rotate: false\r\n  xy: 1442, 2\r\n  size: 142, 120\r\n  orig: 142, 120\r\n  offset: 0, 0\r\n  index: -1\r\n23\r\n  rotate: false\r\n  xy: 1586, 124\r\n  size: 142, 120\r\n  orig: 142, 120\r\n  offset: 0, 0\r\n  index: -1\r\n24\r\n  rotate: false\r\n  xy: 1586, 2\r\n  size: 142, 120\r\n  orig: 142, 120\r\n  offset: 0, 0\r\n  index: -1\r\n25\r\n  rotate: false\r\n  xy: 1730, 124\r\n  size: 142, 120\r\n  orig: 142, 120\r\n  offset: 0, 0\r\n  index: -1\r\n26\r\n  rotate: false\r\n  xy: 1730, 2\r\n  size: 142, 120\r\n  orig: 142, 120\r\n  offset: 0, 0\r\n  index: -1\r\n27\r\n  rotate: false\r\n  xy: 1874, 124\r\n  size: 142, 120\r\n  orig: 142, 120\r\n  offset: 0, 0\r\n  index: -1\r\n28\r\n  rotate: false\r\n  xy: 1874, 2\r\n  size: 142, 120\r\n  orig: 142, 120\r\n  offset: 0, 0\r\n  index: -1\r\n3\r\n  rotate: false\r\n  xy: 146, 124\r\n  size: 142, 120\r\n  orig: 142, 120\r\n  offset: 0, 0\r\n  index: -1\r\n4\r\n  rotate: false\r\n  xy: 146, 2\r\n  size: 142, 120\r\n  orig: 142, 120\r\n  offset: 0, 0\r\n  index: -1\r\n5\r\n  rotate: false\r\n  xy: 290, 124\r\n  size: 142, 120\r\n  orig: 142, 120\r\n  offset: 0, 0\r\n  index: -1\r\n6\r\n  rotate: false\r\n  xy: 290, 2\r\n  size: 142, 120\r\n  orig: 142, 120\r\n  offset: 0, 0\r\n  index: -1\r\n7\r\n  rotate: false\r\n  xy: 434, 124\r\n  size: 142, 120\r\n  orig: 142, 120\r\n  offset: 0, 0\r\n  index: -1\r\n8\r\n  rotate: false\r\n  xy: 434, 2\r\n  size: 142, 120\r\n  orig: 142, 120\r\n  offset: 0, 0\r\n  index: -1\r\n9\r\n  rotate: false\r\n  xy: 578, 124\r\n  size: 142, 120\r\n  orig: 142, 120\r\n  offset: 0, 0\r\n  index: -1\r\nFREE\r\n  rotate: true\r\n  xy: 2018, 199\r\n  size: 45, 22\r\n  orig: 45, 22\r\n  offset: 0, 0\r\n  index: -1\r\n",["liwu.png"],{"skeleton":{"hash":"BeGhMVE00Okdp/i3SWuGoHi/a/w","spine":"3.8.99","x":-71,"y":-60,"width":142,"height":120,"images":"C:/Users/Administrator/Desktop/LIWU","audio":""},"bones":[{"name":"lh"}],"slots":[{"name":"1","bone":"lh","attachment":"28"},{"name":"D","bone":"lh","attachment":"FREE"}],"skins":[{"name":"default","attachments":{"1":{"1":{"width":142,"height":120},"2":{"width":142,"height":120},"3":{"width":142,"height":120},"4":{"width":142,"height":120},"5":{"width":142,"height":120},"6":{"width":142,"height":120},"7":{"width":142,"height":120},"8":{"width":142,"height":120},"9":{"width":142,"height":120},"10":{"width":142,"height":120},"11":{"width":142,"height":120},"12":{"width":142,"height":120},"13":{"width":142,"height":120},"14":{"width":142,"height":120},"15":{"width":142,"height":120},"16":{"width":142,"height":120},"17":{"width":142,"height":120},"18":{"width":142,"height":120},"19":{"width":142,"height":120},"20":{"width":142,"height":120},"21":{"width":142,"height":120},"22":{"width":142,"height":120},"23":{"width":142,"height":120},"24":{"width":142,"height":120},"25":{"width":142,"height":120},"26":{"width":142,"height":120},"27":{"width":142,"height":120},"28":{"width":142,"height":120}},"D":{"FREE":{"x":32.44,"y":20.28,"width":45,"height":22}}}}],"animations":{"animation":{"slots":{"1":{"attachment":[{"name":"1"},{"time":0.0667,"name":"2"},{"time":0.1333,"name":"3"},{"time":0.2,"name":"4"},{"time":0.2667,"name":"5"},{"time":0.3333,"name":"6"},{"time":0.4,"name":"7"},{"time":0.4667,"name":"8"},{"time":0.5333,"name":"9"},{"time":0.6,"name":"10"},{"time":0.6667,"name":"11"},{"time":0.7333,"name":"12"},{"time":0.8,"name":"13"},{"time":0.8667,"name":"14"},{"time":0.9333,"name":"15"},{"time":1,"name":"16"},{"time":1.0667,"name":"17"},{"time":1.1333,"name":"18"},{"time":1.2,"name":"19"},{"time":1.2667,"name":"20"},{"time":1.3333,"name":"21"},{"time":1.4,"name":"22"},{"time":1.4667,"name":"23"},{"time":1.5333,"name":"24"},{"time":1.6,"name":"25"},{"time":1.6667,"name":"26"},{"time":1.7333,"name":"27"},{"time":1.8,"name":"28"}]}}}}},[0]]],0,0,[0],[-1],[68]],[[{"name":"img_hall_v2_bg2","rect":{"x":0,"y":0,"width":1624,"height":750},"offset":{"x":0,"y":0},"originalSize":{"width":1624,"height":750},"rotated":false,"capInsets":[0,0,0,0],"vertices":{"rawPosition":[-812,-375,0,812,-375,0,-812,375,0,812,375,0],"indexes":[0,1,2,2,1,3],"uv":[0,750,1624,750,0,0,1624,0],"nuv":[0,0,1,0,0,1,1,1],"minPos":{"x":-812,"y":-375,"z":0},"maxPos":{"x":812,"y":375,"z":0}},"packable":true,"pixelsToUnit":100,"pivot":{"x":0.5,"y":0.5},"meshType":0}],[3],0,[0],[6],[69]],[[{"name":"default_scrollbar_vertical_bg","rect":{"x":0,"y":0,"width":15,"height":30},"offset":{"x":0,"y":0},"originalSize":{"width":15,"height":30},"rotated":false,"capInsets":[4,10,4,10],"vertices":{"rawPosition":[-7.5,-15,0,7.5,-15,0,-7.5,15,0,7.5,15,0],"indexes":[0,1,2,2,1,3],"uv":[0,30,15,30,0,0,15,0],"nuv":[0,0,1,0,0,1,1,1],"minPos":{"x":-7.5,"y":-15,"z":0},"maxPos":{"x":7.5,"y":15,"z":0}},"packable":true,"pixelsToUnit":100,"pivot":{"x":0.5,"y":0.5},"meshType":0}],[3],0,[0],[6],[70]]]]
