[1,["18b41c32e@6c48a"],["_textureSource"],["cc.SpriteFrame","cc.SpriteAtlas"],0,[[[{"name":"btn_login_down","rect":{"x":454,"y":822,"width":36,"height":50},"offset":{"x":0,"y":-1},"originalSize":{"width":36,"height":52},"rotated":true,"capInsets":[0,0,0,0],"packable":true,"pixelsToUnit":100,"pivot":{"x":0.5,"y":0.5},"meshType":0}],[0],0,[0],[0],[0]],[[{"name":"btn_dt_dl_gonggao","rect":{"x":78,"y":486,"width":150,"height":78},"offset":{"x":0,"y":0},"originalSize":{"width":150,"height":78},"rotated":true,"capInsets":[0,0,0,0],"packable":true,"pixelsToUnit":100,"pivot":{"x":0.5,"y":0.5},"meshType":0}],[0],0,[0],[0],[0]],[[{"name":"btn_login_loginAkun","rect":{"x":2,"y":318,"width":416,"height":80},"offset":{"x":0,"y":0},"originalSize":{"width":418,"height":82},"rotated":false,"capInsets":[0,0,0,0],"packable":true,"pixelsToUnit":100,"pivot":{"x":0.5,"y":0.5},"meshType":0}],[0],0,[0],[0],[0]],[[{"name":"btn_login_melayani","rect":{"x":140,"y":640,"width":100,"height":74},"offset":{"x":0,"y":0},"originalSize":{"width":100,"height":74},"rotated":true,"capInsets":[0,0,0,0],"packable":true,"pixelsToUnit":100,"pivot":{"x":0.5,"y":0.5},"meshType":0}],[0],0,[0],[0],[0]],[[{"name":"word_login_setpassword","rect":{"x":2,"y":252,"width":429,"height":62},"offset":{"x":0.5,"y":0.5},"originalSize":{"width":430,"height":63},"rotated":false,"capInsets":[0,0,0,0],"packable":true,"pixelsToUnit":100,"pivot":{"x":0.5,"y":0.5},"meshType":0}],[0],0,[0],[0],[0]],[[{"name":"input_login","rect":{"x":78,"y":640,"width":106,"height":58},"offset":{"x":0,"y":0},"originalSize":{"width":106,"height":58},"rotated":true,"capInsets":[17,14,16,14],"packable":true,"pixelsToUnit":100,"pivot":{"x":0.5,"y":0.5},"meshType":0}],[0],0,[0],[0],[0]],[[{"name":"btn_dt_dl_kefu","rect":{"x":435,"y":252,"width":65,"height":74},"offset":{"x":-0.5,"y":0},"originalSize":{"width":66,"height":74},"rotated":false,"capInsets":[0,0,0,0],"packable":true,"pixelsToUnit":100,"pivot":{"x":0.5,"y":0.5},"meshType":0}],[0],0,[0],[0],[0]],[[{"name":"zi_denglu_yanzhengma","rect":{"x":217,"y":486,"width":123,"height":53},"offset":{"x":0,"y":0},"originalSize":{"width":123,"height":53},"rotated":true,"capInsets":[0,0,0,0],"packable":true,"pixelsToUnit":100,"pivot":{"x":0.5,"y":0.5},"meshType":0}],[0],0,[0],[0],[0]],[[{"name":"panel_login_k","rect":{"x":78,"y":750,"width":390,"height":59},"offset":{"x":0,"y":0},"originalSize":{"width":390,"height":59},"rotated":false,"capInsets":[0,0,0,0],"packable":true,"pixelsToUnit":100,"pivot":{"x":0.5,"y":0.5},"meshType":0}],[0],0,[0],[0],[0]],[[{"name":"btn_login_phone","rect":{"x":422,"y":330,"width":416,"height":80},"offset":{"x":0,"y":0},"originalSize":{"width":418,"height":82},"rotated":true,"capInsets":[0,0,0,0],"packable":true,"pixelsToUnit":100,"pivot":{"x":0.5,"y":0.5},"meshType":0}],[0],0,[0],[0],[0]],[[{"name":"title_login_password","rect":{"x":78,"y":822,"width":191,"height":48},"offset":{"x":0,"y":0},"originalSize":{"width":191,"height":48},"rotated":true,"capInsets":[0,0,0,0],"packable":true,"pixelsToUnit":100,"pivot":{"x":0.5,"y":0.5},"meshType":0}],[0],0,[0],[0],[0]],[[{"name":"btn_login_tamu","rect":{"x":2,"y":402,"width":416,"height":80},"offset":{"x":0,"y":0},"originalSize":{"width":418,"height":82},"rotated":false,"capInsets":[0,0,0,0],"packable":true,"pixelsToUnit":100,"pivot":{"x":0.5,"y":0.5},"meshType":0}],[0],0,[0],[0],[0]],[[{"name":"MencobaLagi","rect":{"x":182,"y":822,"width":186,"height":44},"offset":{"x":0,"y":0},"originalSize":{"width":186,"height":44},"rotated":true,"capInsets":[0,0,0,0],"packable":true,"pixelsToUnit":100,"pivot":{"x":0.5,"y":0.5},"meshType":0}],[0],0,[0],[0],[0]],[[{"name":"yanzhengmabox","rect":{"x":274,"y":486,"width":114,"height":44},"offset":{"x":0,"y":0},"originalSize":{"width":114,"height":44},"rotated":true,"capInsets":[0,0,0,0],"packable":true,"pixelsToUnit":100,"pivot":{"x":0.5,"y":0.5},"meshType":0}],[0],0,[0],[0],[0]],[[{"name":"btn_wangjimima ","rect":{"x":338,"y":933,"width":112,"height":55},"offset":{"x":0,"y":0},"originalSize":{"width":112,"height":55},"rotated":false,"capInsets":[0,0,0,0],"packable":true,"pixelsToUnit":100,"pivot":{"x":0.5,"y":0.5},"meshType":0}],[0],0,[0],[0],[0]],[[{"name":"btn_login_up","rect":{"x":454,"y":862,"width":36,"height":50},"offset":{"x":0,"y":-1},"originalSize":{"width":36,"height":52},"rotated":true,"capInsets":[0,0,0,0],"packable":true,"pixelsToUnit":100,"pivot":{"x":0.5,"y":0.5},"meshType":0}],[0],0,[0],[0],[0]],[[{"name":"btn_login_service","rect":{"x":322,"y":486,"width":78,"height":74},"offset":{"x":0,"y":0},"originalSize":{"width":78,"height":74},"rotated":false,"capInsets":[0,0,0,0],"packable":true,"pixelsToUnit":100,"pivot":{"x":0.5,"y":0.5},"meshType":0}],[0],0,[0],[0],[0]],[[{"name":"btn_login_setpassword","rect":{"x":278,"y":632,"width":112,"height":55},"offset":{"x":0,"y":0},"originalSize":{"width":112,"height":55},"rotated":true,"capInsets":[0,0,0,0],"packable":true,"pixelsToUnit":100,"pivot":{"x":0.5,"y":0.5},"meshType":0}],[0],0,[0],[0],[0]],[[{"name":"zi_denglu_querenmima","rect":{"x":160,"y":486,"width":143,"height":53},"offset":{"x":0,"y":0},"originalSize":{"width":143,"height":53},"rotated":true,"capInsets":[0,0,0,0],"packable":true,"pixelsToUnit":100,"pivot":{"x":0.5,"y":0.5},"meshType":0}],[0],0,[0],[0],[0]],[[{"name":"word_login_mind","rect":{"x":2,"y":486,"width":527,"height":72},"offset":{"x":-0.5,"y":0},"originalSize":{"width":528,"height":72},"rotated":true,"capInsets":[0,0,0,0],"packable":true,"pixelsToUnit":100,"pivot":{"x":0.5,"y":0.5},"meshType":0}],[0],0,[0],[0],[0]],[[{"name":"title_login_phone","rect":{"x":130,"y":822,"width":191,"height":48},"offset":{"x":0,"y":0},"originalSize":{"width":191,"height":48},"rotated":true,"capInsets":[0,0,0,0],"packable":true,"pixelsToUnit":100,"pivot":{"x":0.5,"y":0.5},"meshType":0}],[0],0,[0],[0],[0]],[[{"name":"btn_dt_dl_xuanzhong","rect":{"x":472,"y":750,"width":32,"height":32},"offset":{"x":0,"y":0},"originalSize":{"width":32,"height":32},"rotated":false,"capInsets":[0,0,0,0],"packable":true,"pixelsToUnit":100,"pivot":{"x":0.5,"y":0.5},"meshType":0}],[0],0,[0],[0],[0]],[[{"name":"bg_dt_yanzhengmabox","rect":{"x":218,"y":613,"width":120,"height":56},"offset":{"x":0,"y":0},"originalSize":{"width":120,"height":56},"rotated":true,"capInsets":[0,0,0,0],"packable":true,"pixelsToUnit":100,"pivot":{"x":0.5,"y":0.5},"meshType":0}],[0],0,[0],[0],[0]],[[{"name":"login_icon","rect":{"x":2,"y":2,"width":497,"height":246},"offset":{"x":0,"y":0.5},"originalSize":{"width":499,"height":247},"rotated":false,"capInsets":[0,0,0,0],"packable":true,"pixelsToUnit":100,"pivot":{"x":0.5,"y":0.5},"meshType":0}],[0],0,[0],[0],[0]],[[{"name":"lgoin_close","rect":{"x":230,"y":933,"width":104,"height":79},"offset":{"x":1,"y":0},"originalSize":{"width":106,"height":79},"rotated":false,"capInsets":[0,0,0,0],"packable":true,"pixelsToUnit":100,"pivot":{"x":0.5,"y":0.5},"meshType":0}],[0],0,[0],[0],[0]],[[{"name":"bin_dt_dl_weixuan","rect":{"x":472,"y":786,"width":32,"height":32},"offset":{"x":0,"y":0},"originalSize":{"width":32,"height":32},"rotated":false,"capInsets":[0,0,0,0],"packable":true,"pixelsToUnit":100,"pivot":{"x":0.5,"y":0.5},"meshType":0}],[0],0,[0],[0],[0]],[[{"name":"auto_login","spriteFrames":[]}],[1],0,[],[],[]],[[{"name":"btn_login_send","rect":{"x":337,"y":632,"width":112,"height":55},"offset":{"x":0,"y":0},"originalSize":{"width":112,"height":55},"rotated":true,"capInsets":[0,0,0,0],"packable":true,"pixelsToUnit":100,"pivot":{"x":0.5,"y":0.5},"meshType":0}],[0],0,[0],[0],[0]],[[{"name":"btn_login_situs","rect":{"x":322,"y":564,"width":64,"height":74},"offset":{"x":0,"y":0},"originalSize":{"width":66,"height":74},"rotated":true,"capInsets":[0,0,0,0],"packable":true,"pixelsToUnit":100,"pivot":{"x":0.5,"y":0.5},"meshType":0}],[0],0,[0],[0],[0]],[[{"name":"btn_denglu_DaftarAkun","rect":{"x":230,"y":813,"width":220,"height":56},"offset":{"x":0,"y":0},"originalSize":{"width":220,"height":56},"rotated":false,"capInsets":[0,0,0,0],"packable":true,"pixelsToUnit":100,"pivot":{"x":0.5,"y":0.5},"meshType":0}],[0],0,[0],[0],[0]],[[{"name":"btn_login_login","rect":{"x":230,"y":873,"width":220,"height":56},"offset":{"x":0,"y":0},"originalSize":{"width":220,"height":56},"rotated":false,"capInsets":[0,0,0,0],"packable":true,"pixelsToUnit":100,"pivot":{"x":0.5,"y":0.5},"meshType":0}],[0],0,[0],[0],[0]],[[{"name":"btn_login_common","rect":{"x":454,"y":902,"width":106,"height":48},"offset":{"x":0,"y":-1},"originalSize":{"width":106,"height":50},"rotated":true,"capInsets":[0,0,0,0],"packable":true,"pixelsToUnit":100,"pivot":{"x":0.5,"y":0.5},"meshType":0}],[0],0,[0],[0],[0]]]]
