[1,["7dj5uJT9FMn6OrOOx83tfK@f9941","85cYpgaXhDR5Tic8zmH5zg@6c48a","10foqhPApDRpP/UAB1nG0q","a7NsayjfZDoJYGc466lwBI@f9941","adnj557IFIpIwlUcO0fUr3@f9941","c4Xr+RCOtAV7IRIu7khx/q","0bVv+UHFpJ9L83akJ31hyN@f9941","a4ZWfHTVtA1YoR4q0PUKwd","3170vwTIJHCK218reuj0dv@f9941","c9rl7R19RF1oHr5kmgRCdB","58Z5dgCtZPs5CsEklt9SRy@f9941","b4Y5y0WotEE5AFhfLWE5j7","9f2QDdIhtPiY8s+6NCQ8g1@f9941","50oYpeEVFAl6a0mHuZD7/S@f9941","a9SfSvkVBCcZm2w9XSgVqJ@f9941","a7NsayjfZDoJYGc466lwBI@6c48a","c4WnveCUlBn42/riaT7oia@6c48a"],["node","_spriteFrame","_atlas","_target","_parent","_skeletonData","root","_barSprite","data","_textureSource"],[["cc.Node",["_name","_layer","_active","_components","_prefab","_children","_parent","_lpos","_lscale"],0,9,4,2,1,5,5],["cc.Sprite",["_sizeMode","_type","_enabled","node","__prefab","_spriteFrame","_color","_atlas"],0,1,4,6,5,6],["cc.Widget",["_alignFlags","_originalHeight","_top","_originalWidth","_bottom","_enabled","_left","node","__prefab"],-4,1,4],"cc.SpriteAtlas",["cc.UITransform",["node","__prefab","_contentSize","_anchorPoint"],3,1,4,5,5],["cc.Layout",["_resizeMode","_layoutType","node","__prefab"],1,1,4],["cc.Button",["_transition","_zoomScale","_enabled","node","__prefab","_target","_hoverColor","_pressedColor"],0,1,4,1,5,5],["sp.Skeleton",["_preCacheMode","_premultipliedAlpha","defaultSkin","defaultAnimation","node","__prefab","_skeletonData"],-1,1,4,6],"cc.SpriteFrame",["sp.SkeletonData",["_name","_atlasText","textureNames","_skeletonJson","textures"],-1,3],["cc.Prefab",["_name"],2],["cc.Node",["_name","_layer","_parent","_components","_prefab","_lpos"],1,1,12,4,5],["cc.CompPrefabInfo",["fileId"],2],["cc.PrefabInfo",["fileId","instance","targetOverrides","nestedPrefabInstanceRoots","root","asset"],-1,1,1],["cc.ProgressBar",["_totalLength","_progress","node","__prefab","_barSprite"],1,1,4,1],["cc.Label",["_string","_actualFontSize","_fontSize","node","__prefab","_color"],0,1,4,5],["cc.LabelOutline",["node","__prefab"],3,1,4]],[[12,0,2],[13,0,1,2,3,4,5,5],[4,0,1,2,1],[0,0,2,1,6,3,4,7,4],[0,0,2,1,6,3,4,4],[2,0,3,1,7,8,4],[9,0,1,2,3,4,5],[0,0,2,1,6,5,3,4,4],[0,0,1,6,3,4,7,3],[4,0,1,2,3,1],[1,0,3,4,5,2],[1,3,4,5,7,1],[10,0,2],[0,0,1,5,3,4,3],[0,0,1,6,5,3,4,3],[0,0,1,5,3,4,7,8,3],[0,0,1,5,3,4,7,3],[0,0,1,6,5,3,4,7,3],[11,0,1,2,3,4,5,3],[5,2,3,1],[5,0,1,2,3,3],[2,5,0,2,4,1,7,8,6],[2,0,3,7,8,3],[2,0,2,1,7,8,4],[2,0,4,7,8,3],[2,0,7,8,2],[2,0,6,2,3,1,7,8,6],[6,0,1,3,4,5,3],[6,2,0,1,3,4,6,7,5,4],[7,0,1,2,4,5,6,4],[7,0,1,2,3,4,5,6,5],[1,3,4,6,5,7,1],[1,2,0,3,4,5,3],[1,1,0,3,4,5,3],[1,3,4,5,1],[1,0,3,4,6,5,2],[1,1,0,3,4,3],[14,0,1,2,3,4,3],[15,0,1,2,3,4,5,4],[16,0,1,1]],[[[[6,"csrukou","\r\ncsrukou.png\r\nsize: 1024,512\r\nformat: RGBA8888\r\nfilter: Linear,Linear\r\nrepeat: none\r\ncs_bg\r\n  rotate: false\r\n  xy: 2, 89\r\n  size: 206, 420\r\n  orig: 206, 420\r\n  offset: 0, 0\r\n  index: -1\r\njb1\r\n  rotate: true\r\n  xy: 2, 2\r\n  size: 85, 52\r\n  orig: 85, 52\r\n  offset: 0, 0\r\n  index: -1\r\njb2\r\n  rotate: false\r\n  xy: 56, 5\r\n  size: 103, 82\r\n  orig: 103, 82\r\n  offset: 0, 0\r\n  index: -1\r\njb3\r\n  rotate: true\r\n  xy: 752, 74\r\n  size: 149, 139\r\n  orig: 149, 139\r\n  offset: 0, 0\r\n  index: -1\r\njb4\r\n  rotate: false\r\n  xy: 807, 225\r\n  size: 163, 141\r\n  orig: 163, 141\r\n  offset: 0, 0\r\n  index: -1\r\njb5\r\n  rotate: false\r\n  xy: 807, 368\r\n  size: 177, 141\r\n  orig: 177, 141\r\n  offset: 0, 0\r\n  index: -1\r\njb6\r\n  rotate: true\r\n  xy: 656, 316\r\n  size: 193, 149\r\n  orig: 193, 149\r\n  offset: 0, 0\r\n  index: -1\r\njb7\r\n  rotate: true\r\n  xy: 476, 62\r\n  size: 213, 158\r\n  orig: 213, 158\r\n  offset: 0, 0\r\n  index: -1\r\njb8\r\n  rotate: true\r\n  xy: 476, 277\r\n  size: 232, 178\r\n  orig: 232, 178\r\n  offset: 0, 0\r\n  index: -1\r\njbdui\r\n  rotate: false\r\n  xy: 217, 3\r\n  size: 187, 106\r\n  orig: 187, 106\r\n  offset: 0, 0\r\n  index: -1\r\nren\r\n  rotate: false\r\n  xy: 210, 111\r\n  size: 264, 398\r\n  orig: 264, 398\r\n  offset: 0, 0\r\n  index: -1\r\nshou\r\n  rotate: true\r\n  xy: 636, 62\r\n  size: 213, 114\r\n  orig: 213, 114\r\n  offset: 0, 0\r\n  index: -1\r\nyou\r\n  rotate: false\r\n  xy: 406, 63\r\n  size: 42, 46\r\n  orig: 42, 46\r\n  offset: 0, 0\r\n  index: -1\r\nyoumm\r\n  rotate: true\r\n  xy: 406, 8\r\n  size: 25, 14\r\n  orig: 25, 14\r\n  offset: 0, 0\r\n  index: -1\r\nzuo\r\n  rotate: true\r\n  xy: 161, 10\r\n  size: 77, 54\r\n  orig: 77, 54\r\n  offset: 0, 0\r\n  index: -1\r\nzuomm\r\n  rotate: true\r\n  xy: 406, 35\r\n  size: 26, 21\r\n  orig: 26, 21\r\n  offset: 0, 0\r\n  index: -1\r\n",["csrukou.png"],{"skeleton":{"hash":"SGREMRuC6DQ4wFQyyt7njXx5IPo","spine":"3.8.99","x":-134.96,"y":17.72,"width":260.51,"height":421.54,"images":"","audio":""},"bones":[{"name":"root"},{"name":"ren","parent":"root","length":231.41,"rotation":91.04,"x":-0.48,"y":77.65,"color":"9b9b9b00"},{"name":"zuo","parent":"ren","length":21.46,"rotation":57.35,"x":267.07,"y":-14.78},{"name":"you","parent":"ren","length":16.7,"rotation":-49.75,"x":266.46,"y":-30.01},{"name":"zuojb","parent":"ren","length":34.57,"rotation":96.19,"x":272.45,"y":37.03},{"name":"youjb","parent":"ren","length":17.98,"rotation":-80.28,"x":279.97,"y":-54.4},{"name":"shou","parent":"ren","length":41.22,"rotation":-1.04,"x":119.8,"y":-30.86}],"slots":[{"name":"bg","bone":"root","attachment":"cs_bg"},{"name":"root","bone":"root","attachment":"root"},{"name":"you","bone":"youjb","attachment":"you"},{"name":"ren","bone":"ren","attachment":"ren"},{"name":"zuomm","bone":"zuo","attachment":"zuomm"},{"name":"youmm","bone":"you","attachment":"youmm"},{"name":"zuo","bone":"zuojb","attachment":"zuo"},{"name":"jbdui","bone":"root","attachment":"jbdui"},{"name":"shou","bone":"shou","attachment":"shou"},{"name":"jinbi","bone":"root","attachment":"jb8"}],"skins":[{"name":"default","attachments":{"bg":{"cs_bg":{"y":210.44,"width":206,"height":420}},"jbdui":{"jbdui":{"x":-11.78,"y":37.1,"width":187,"height":106}},"jinbi":{"jb1":{"x":39.09,"y":252.84,"width":85,"height":52},"jb2":{"x":37.83,"y":266.01,"width":103,"height":82},"jb3":{"x":31.24,"y":239.06,"width":149,"height":139},"jb4":{"x":36.73,"y":228.08,"width":163,"height":141},"jb5":{"x":30.15,"y":198.43,"width":177,"height":141},"jb6":{"x":29.05,"y":175.37,"width":193,"height":149},"jb7":{"x":26.85,"y":155.11,"width":213,"height":158},"jb8":{"x":18.67,"y":121.07,"width":232,"height":178}},"ren":{"ren":{"x":144.88,"y":3.64,"rotation":-91.32,"width":264,"height":398}},"root":{"root":{"type":"clipping","end":"root","vertexCount":17,"color":"ce3a3aff","vertices":[-96.96,282.38,-96.94,25.03,-94.9,17.22,-88.29,9.78,-77.13,6.73,54.68,6.39,72.35,11.57,91.11,26.62,96.95,45.9,96.31,147.88,118.75,193.36,129.87,237.44,123.31,306.68,119.4,440.04,-40.44,440.97,-111.29,438.73,-134.96,343.06]}},"shou":{"shou":{"type":"mesh","hull":31,"width":213,"height":114,"uvs":[0.85273,0,0.95351,0,0.95317,0.11187,1,0.27598,1,0.47069,0.94893,0.76576,0.89731,0.9131,0.8394,0.91224,0.79864,0.83282,0.78572,0.64711,0.72995,0.66843,0.63168,0.72942,0.45566,0.7279,0.40624,0.6923,0.38047,0.93105,0.34883,1,0.3096,1,0.21476,0.9416,0.06276,0.72847,0.03715,0.66805,0,0.55499,0,0.38381,0.032,0.28071,0.14391,0.17749,0.26164,0.23089,0.27296,0.19401,0.36381,0.1395,0.53515,0.06098,0.62478,0.06086,0.65349,0.05215,0.84963,0.00002],"triangles":[2,0,1,0,2,3,19,20,21,9,29,30,19,22,23,19,21,22,19,23,24,10,29,9,13,26,27,24,25,26,13,24,26,18,19,24,28,29,10,12,13,27,11,27,28,11,12,27,13,18,24,28,10,11,0,4,30,3,4,0,4,8,9,30,4,9,5,8,4,6,7,8,5,6,8,13,17,18,14,17,13,16,17,14,15,16,14],"vertices":[76.55,-63.95,76.47,-85.42,63.72,-85.3,44.97,-95.2,22.77,-95.12,-10.82,-84.11,-27.58,-73.05,-27.44,-60.72,-18.35,-52.07,2.83,-49.4,0.45,-37.51,-6.43,-16.56,-6.11,20.94,-2.01,31.45,-29.21,37.04,-37.04,43.81,-37.01,52.16,-30.28,72.34,-5.86,104.62,1.05,110.05,13.97,117.92,33.48,117.84,45.21,110.98,56.89,87.1,50.7,62.05,54.9,59.62,61.04,40.25,69.85,3.72,69.79,-15.37,70.76,-21.49,76.55,-63.29],"edges":[0,60,0,2,2,4,4,6,6,8,8,10,10,12,12,14,14,16,16,18,18,20,20,22,22,24,24,26,26,28,28,30,30,32,32,34,34,36,36,38,38,40,40,42,42,44,44,46,46,48,48,50,50,52,52,54,54,56,56,58,58,60]}},"you":{"you":{"x":16.07,"y":-3.52,"rotation":-7.25,"width":42,"height":46}},"youmm":{"youmm":{"x":13.51,"y":-3.28,"rotation":-38.16,"width":25,"height":14}},"zuo":{"zuo":{"x":31.95,"y":0.75,"rotation":176.26,"width":77,"height":54}},"zuomm":{"zuomm":{"x":9.88,"y":-0.96,"rotation":-140.68,"width":26,"height":21}}}}],"animations":{"animation":{"slots":{"jinbi":{"attachment":[{"name":null},{"time":0.5,"name":"jb1"},{"time":0.5333,"name":"jb2"},{"time":0.5667,"name":"jb3"},{"time":0.6333,"name":"jb5"},{"time":0.6667,"name":"jb6"},{"time":0.7,"name":"jb7"},{"time":0.7333,"name":"jb8"},{"time":1.5,"name":"jb1"},{"time":1.5333,"name":"jb2"},{"time":1.5667,"name":"jb3"},{"time":1.6333,"name":"jb5"},{"time":1.6667,"name":"jb6"},{"time":1.7,"name":"jb7"},{"time":1.7333,"name":"jb8"},{"time":2.5,"name":"jb1"},{"time":2.5333,"name":"jb2"},{"time":2.5667,"name":"jb3"},{"time":2.6333,"name":"jb5"},{"time":2.6667,"name":"jb6"},{"time":2.7,"name":"jb7"},{"time":2.7333,"name":"jb8"},{"time":3.5,"name":"jb1"},{"time":3.5333,"name":"jb2"},{"time":3.5667,"name":"jb3"},{"time":3.6333,"name":"jb5"},{"time":3.6667,"name":"jb6"},{"time":3.7,"name":"jb7"},{"time":3.7333,"name":"jb8"},{"time":4.5,"name":"jb1"},{"time":4.5333,"name":"jb2"},{"time":4.5667,"name":"jb3"},{"time":4.6333,"name":"jb5"},{"time":4.6667,"name":"jb6"},{"time":4.7,"name":"jb7"},{"time":4.7333,"name":"jb8"}]}},"bones":{"ren":{"translate":[{"x":-116.6,"y":-2.11,"curve":0.25,"c3":0.75},{"time":0.5,"curve":"stepped"},{"time":5.5,"curve":0.25,"c3":0.75},{"time":6,"x":-116.6,"y":-2.11}],"scale":[{"x":0.583,"y":0.583,"curve":0.25,"c3":0.75},{"time":0.5,"curve":"stepped"},{"time":5.5,"curve":0.25,"c3":0.75},{"time":6,"x":0.583,"y":0.583}]},"youjb":{"rotate":[{"curve":0.25,"c3":0.75},{"time":1,"angle":-14.64,"curve":0.25,"c3":0.75},{"time":2,"curve":0.25,"c3":0.75},{"time":3,"angle":-14.64,"curve":0.25,"c3":0.75},{"time":4,"curve":0.25,"c3":0.75},{"time":5,"angle":-14.64,"curve":0.25,"c3":0.75},{"time":6}]},"zuojb":{"rotate":[{"curve":0.25,"c3":0.75},{"time":1,"angle":17.25,"curve":0.25,"c3":0.75},{"time":2,"curve":0.25,"c3":0.75},{"time":3,"angle":17.25,"curve":0.25,"c3":0.75},{"time":4,"curve":0.25,"c3":0.75},{"time":5,"angle":17.25,"curve":0.25,"c3":0.75},{"time":6}]}},"deform":{"default":{"shou":{"shou":[{"time":0.5,"curve":0.25,"c3":0.75},{"time":0.6667,"curve":0.25,"c3":0.75,"vertices":[8.84673,-0.03338,8.84673,-0.03338,8.84673,-0.03338,8.84673,-0.03338,8.84673,-0.03338,8.84673,-0.03338,8.84673,-0.03338,8.84673,-0.03338,8.84673,-0.03338,8.84673,-0.03338,8.84673,-0.03338,8.84673,-0.03338,8.84673,-0.03338,8.84673,-0.03338,8.84673,-0.03338,8.84673,-0.03338,8.84673,-0.03338,8.84673,-0.03338,8.84673,-0.03338,8.84673,-0.03338,8.84673,-0.03338,8.84673,-0.03338,8.84673,-0.03338,8.84673,-0.03338,8.84673,-0.03338,8.84673,-0.03338,8.84673,-0.03338,8.84673,-0.03338,8.84673,-0.03338,8.84673,-0.03338,8.84673,-0.03338]},{"time":1.5,"curve":0.25,"c3":0.75},{"time":1.6667,"curve":0.25,"c3":0.75,"vertices":[8.84673,-0.03338,8.84673,-0.03338,8.84673,-0.03338,8.84673,-0.03338,8.84673,-0.03338,8.84673,-0.03338,8.84673,-0.03338,8.84673,-0.03338,8.84673,-0.03338,8.84673,-0.03338,8.84673,-0.03338,8.84673,-0.03338,8.84673,-0.03338,8.84673,-0.03338,8.84673,-0.03338,8.84673,-0.03338,8.84673,-0.03338,8.84673,-0.03338,8.84673,-0.03338,8.84673,-0.03338,8.84673,-0.03338,8.84673,-0.03338,8.84673,-0.03338,8.84673,-0.03338,8.84673,-0.03338,8.84673,-0.03338,8.84673,-0.03338,8.84673,-0.03338,8.84673,-0.03338,8.84673,-0.03338,8.84673,-0.03338]},{"time":2.5,"curve":0.25,"c3":0.75},{"time":2.6667,"curve":0.25,"c3":0.75,"vertices":[8.84673,-0.03338,8.84673,-0.03338,8.84673,-0.03338,8.84673,-0.03338,8.84673,-0.03338,8.84673,-0.03338,8.84673,-0.03338,8.84673,-0.03338,8.84673,-0.03338,8.84673,-0.03338,8.84673,-0.03338,8.84673,-0.03338,8.84673,-0.03338,8.84673,-0.03338,8.84673,-0.03338,8.84673,-0.03338,8.84673,-0.03338,8.84673,-0.03338,8.84673,-0.03338,8.84673,-0.03338,8.84673,-0.03338,8.84673,-0.03338,8.84673,-0.03338,8.84673,-0.03338,8.84673,-0.03338,8.84673,-0.03338,8.84673,-0.03338,8.84673,-0.03338,8.84673,-0.03338,8.84673,-0.03338,8.84673,-0.03338]},{"time":3.5,"curve":0.25,"c3":0.75},{"time":3.6667,"curve":0.25,"c3":0.75,"vertices":[8.84673,-0.03338,8.84673,-0.03338,8.84673,-0.03338,8.84673,-0.03338,8.84673,-0.03338,8.84673,-0.03338,8.84673,-0.03338,8.84673,-0.03338,8.84673,-0.03338,8.84673,-0.03338,8.84673,-0.03338,8.84673,-0.03338,8.84673,-0.03338,8.84673,-0.03338,8.84673,-0.03338,8.84673,-0.03338,8.84673,-0.03338,8.84673,-0.03338,8.84673,-0.03338,8.84673,-0.03338,8.84673,-0.03338,8.84673,-0.03338,8.84673,-0.03338,8.84673,-0.03338,8.84673,-0.03338,8.84673,-0.03338,8.84673,-0.03338,8.84673,-0.03338,8.84673,-0.03338,8.84673,-0.03338,8.84673,-0.03338]},{"time":4.5,"curve":0.25,"c3":0.75},{"time":4.6667,"vertices":[8.84673,-0.03338,8.84673,-0.03338,8.84673,-0.03338,8.84673,-0.03338,8.84673,-0.03338,8.84673,-0.03338,8.84673,-0.03338,8.84673,-0.03338,8.84673,-0.03338,8.84673,-0.03338,8.84673,-0.03338,8.84673,-0.03338,8.84673,-0.03338,8.84673,-0.03338,8.84673,-0.03338,8.84673,-0.03338,8.84673,-0.03338,8.84673,-0.03338,8.84673,-0.03338,8.84673,-0.03338,8.84673,-0.03338,8.84673,-0.03338,8.84673,-0.03338,8.84673,-0.03338,8.84673,-0.03338,8.84673,-0.03338,8.84673,-0.03338,8.84673,-0.03338,8.84673,-0.03338,8.84673,-0.03338,8.84673,-0.03338]}]}}}}}},[0]]],0,0,[0],[-1],[1]],[[[12,"subGameGate"],[13,"subGameGate",33554432,[-6],[[2,-2,[0,"35fiPKuJ9Dmb00tXKGMcMa"],[5,230,465]],[19,-3,[0,"58lYrQ0YRBLa5eBDqQDpcq"]],[21,false,5,142.5,142.5,460,-4,[0,"e3zc3eDAdFHJhq3guNw/vU"]],[20,2,2,-5,[0,"6e7mB6EdVCn5DXG6HRo860"]]],[1,"f3GbV6XoFGb7dOspNYZv9J",null,null,null,-1,0]],[14,"props_gameItem_template",33554432,1,[-11,-12,-13,-14,-15,-16,-17,-18],[[2,-7,[0,"21cTghVodMILOztsUjq3/L"],[5,230,465]],[22,40,100,-8,[0,"62Qb6KZOZJOLEqn4uxr0yM"]],[27,3,1.1,-10,[0,"92oQ3BCJ5DY43j5VXE6Meh"],-9]],[1,"93p4uyeX1AcLnuV8RqaRGp",null,null,null,1,0]],[3,"gameSkeleton",false,33554432,2,[[9,-19,[0,"f3iCpnqxVDBIXUzs8X1IQ3"],[5,260.51,445],[0,0.5,0]],[28,false,3,1,-21,[0,"8aNqU6uT9OAakC4Q9OTHef"],[4,4278255981],[4,4279177203],-20],[29,0,false,"default",-22,[0,"10UGnhYfxE85sBuNq/dfXR"],0],[23,5,20,315,-23,[0,"19I9trzB5NUKfAfrEQrdXe"]]],[1,"15Es4DjC9PgrA4V/jCElon",null,null,null,1,0],[1,0,-232.5,0]],[15,"vip_jiaobiao",33554432,[-27,-28],[[2,-24,[0,"e7IwHrwKBKQLG6n/n54b5M"],[5,84,84]],[31,-25,[0,"acJCmdpcFKW6skhe4yrlOd"],[4,3539992575],9,10],[24,4,26,-26,[0,"5edoXIO91Oppb4Krf06F8A"]]],[1,"47WNCKCatE5oUASUZssadt",null,null,null,1,0],[1,92,-181.3,0],[1,0.6,0.6,1]],[7,"loadWrap",false,33554432,2,[-32],[[2,-29,[0,"4cyT/WMX9HxL85p+ZNzf2M"],[5,260,465]],[32,false,0,-30,[0,"1bpe2sL1BI749Y0hHRwUA9"],13],[5,45,100,100,-31,[0,"9elMmYADxO9bvx7rI51x4m"]]],[1,"0ft5fshctAcLVqZjbwuYTB",null,null,null,1,0]],[16,"progressBar",33554432,[-37],[[2,-33,[0,"76CMWj+U1G963Bu+G9+xxu"],[5,100,10]],[33,1,0,-34,[0,"cf3VEQk0tDh66nfqK4BHWP"],11],[37,100,0,-36,[0,"d6WIeE0uhL4YR2VbYat/5f"],-35]],[1,"10fPqkIU1LKKnZWP8M/NDf",null,null,null,1,0],[1,0,-10.556,0]],[3,"spr_word",false,33554432,2,[[2,-38,[0,"4cD1gQQ3JJno3LTo029+Yj"],[5,199,91]],[34,-39,[0,"6aU5GHMcdDR7DM/plaNSdB"],1],[25,4,-40,[0,"97Ue1amGxFTo2xnQIsxngw"]]],[1,"85UWgnj3BFZaCRrAOaOxAd",null,null,null,1,0],[1,0,-187,0]],[4,"log_label",false,33554432,2,[[2,-41,[0,"af4iAjGHdGH5c+Aet2l0Ge"],[5,4,54.4]],[38,"",20,20,-42,[0,"bdWv7mdCZMVZl75nglRbsw"],[4,4294769916]],[39,-43,[0,"bc3BPLerdPyJZKY+mBkALu"]]],[1,"05FV7cY09H96TITY/Ixijk",null,null,null,1,0]],[4,"SpriteSplash",false,33554432,2,[[2,-44,[0,"97Lkx7tZFLcYBONIWNU/Sk"],[5,260,465]],[10,0,-45,[0,"c8FoAw6jtMeIugQm+sDGKD"],2],[5,45,100,100,-46,[0,"c66f/GQb9HdbTn/Vs4UMKp"]]],[1,"32Ge4He3FJ2Ys7ncy+3ndu",null,null,null,1,0]],[3,"hot_jiaobiao",false,33554432,2,[[2,-47,[0,"5fWxwQ/mJFX6yL9XRqg3q2"],[5,76,82]],[30,0,false,"default","animation",-48,[0,"3d/4p3pqRDbp0yCbLLUirS"],4],[26,33,176,-5,76,82,-49,[0,"1cExGoRhhLObbVC+3S7tgl"]]],[1,"a2SyGaqGdMVr+ULl2yYG/T",null,null,null,1,0],[1,92,196.5,0]],[7,"vipWrap",false,33554432,2,[4],[[2,-50,[0,"ea8K94YjZA/rzyEWunyUqW"],[5,260,465]],[5,45,100,100,-51,[0,"efm+EfIoxCmoV5PZkZt/cA"]]],[1,"edwj/FQphHB7jY0t8UItSB",null,null,null,1,0]],[17,"DownloadPb",33554432,5,[6],[[2,-52,[0,"faglBxyKpL7oPLSF55oRJ+"],[5,105,56]],[10,0,-53,[0,"3fkxEnueVPGJTrJy3u5Epo"],12]],[1,"abKP2qPJZIY5T6JpYPOt1V",null,null,null,1,0],[1,0,20,0]],[4,"download_icon",false,33554432,2,[[2,-54,[0,"819P1LfOxKQ7xF4pKrFjuC"],[5,70,72]],[35,0,-55,[0,"79FX9emyZNNrp7onRj9Di8"],[4,3254779903],3]],[1,"38qj26hIVMJ5yJDbU4Lqmm",null,null,null,1,0]],[8,"spr_vipIcon",33554432,4,[[2,-56,[0,"b0eZYFqAdH5IPUqwB8NYyA"],[5,54,60]],[11,-57,[0,"02yTqivftEVbOVkFCbGaFv"],5,6]],[1,"8aWJ1Nb7tPGqPFi7YL52nf",null,null,null,1,0],[1,0,18,0]],[8,"spr_vipLevel",33554432,4,[[2,-58,[0,"2csI7cvw9IoIcMuyZ6yzFO"],[5,61,20]],[11,-59,[0,"bf0VNuAelKFp1gBkyEgGk3"],7,8]],[1,"baG0d/IxlOV4e/q2gnx2VN",null,null,null,1,0],[1,0,-22,0]],[18,"Bar",33554432,6,[[[9,-60,[0,"09zf/TA49LabUY8VHLflYf"],[5,0,8],[0,0,0.5]],-61],4,1],[1,"70EPWWfpZFyIRKBDy4c3kd",null,null,null,1,0],[1,-50,0.10199999999999998,0]],[36,1,0,16,[0,"1c/+dTihZLcoTUjAnvX4s/"]]],0,[0,6,1,0,0,1,0,0,1,0,0,1,0,0,1,0,-1,2,0,0,2,0,0,2,0,3,2,0,0,2,0,-1,3,0,-2,7,0,-3,8,0,-4,9,0,-5,13,0,-6,10,0,-7,11,0,-8,5,0,0,3,0,3,3,0,0,3,0,0,3,0,0,3,0,0,4,0,0,4,0,0,4,0,-1,14,0,-2,15,0,0,5,0,0,5,0,0,5,0,-1,12,0,0,6,0,0,6,0,7,17,0,0,6,0,-1,16,0,0,7,0,0,7,0,0,7,0,0,8,0,0,8,0,0,8,0,0,9,0,0,9,0,0,9,0,0,10,0,0,10,0,0,10,0,0,11,0,0,11,0,0,12,0,0,12,0,0,13,0,0,13,0,0,14,0,0,14,0,0,15,0,0,15,0,0,16,0,-2,17,0,8,1,4,4,11,6,4,12,61],[0,0,0,0,0,0,0,0,0,0,0,0,0,0,17],[5,1,1,1,5,1,2,1,2,1,2,1,1,1,1],[2,3,0,4,5,6,7,8,9,10,11,12,13,0,14]],[[{"name":"auto_vip","spriteFrames":[]}],[3],0,[],[],[]],[[{"name":"Wealth1","rect":{"x":0,"y":0,"width":199,"height":91},"offset":{"x":0,"y":0},"originalSize":{"width":199,"height":91},"rotated":false,"capInsets":[0,0,0,0],"vertices":{"rawPosition":[-99.5,-45.5,0,99.5,-45.5,0,-99.5,45.5,0,99.5,45.5,0],"indexes":[0,1,2,2,1,3],"uv":[0,91,199,91,0,0,199,0],"nuv":[0,0,1,0,0,1,1,1],"minPos":{"x":-99.5,"y":-45.5,"z":0},"maxPos":{"x":99.5,"y":45.5,"z":0}},"packable":true,"pixelsToUnit":100,"pivot":{"x":0.5,"y":0.5},"meshType":0}],[8],0,[0],[9],[15]],[[[6,"hot_jiaobiao","\r\nhot_jiaobiao.png\r\nsize: 1024,128\r\nformat: RGBA8888\r\nfilter: Linear,Linear\r\nrepeat: none\r\nh0\r\n  rotate: false\r\n  xy: 80, 2\r\n  size: 76, 82\r\n  orig: 76, 82\r\n  offset: 0, 0\r\n  index: -1\r\nh1\r\n  rotate: false\r\n  xy: 158, 2\r\n  size: 76, 82\r\n  orig: 76, 82\r\n  offset: 0, 0\r\n  index: -1\r\nh2\r\n  rotate: false\r\n  xy: 236, 2\r\n  size: 76, 82\r\n  orig: 76, 82\r\n  offset: 0, 0\r\n  index: -1\r\nh3\r\n  rotate: false\r\n  xy: 314, 2\r\n  size: 76, 82\r\n  orig: 76, 82\r\n  offset: 0, 0\r\n  index: -1\r\nh4\r\n  rotate: false\r\n  xy: 392, 2\r\n  size: 76, 82\r\n  orig: 76, 82\r\n  offset: 0, 0\r\n  index: -1\r\nh5\r\n  rotate: false\r\n  xy: 470, 2\r\n  size: 76, 82\r\n  orig: 76, 82\r\n  offset: 0, 0\r\n  index: -1\r\nh6\r\n  rotate: false\r\n  xy: 548, 2\r\n  size: 76, 82\r\n  orig: 76, 82\r\n  offset: 0, 0\r\n  index: -1\r\nh7\r\n  rotate: false\r\n  xy: 626, 2\r\n  size: 76, 82\r\n  orig: 76, 82\r\n  offset: 0, 0\r\n  index: -1\r\nh8\r\n  rotate: false\r\n  xy: 704, 2\r\n  size: 76, 82\r\n  orig: 76, 82\r\n  offset: 0, 0\r\n  index: -1\r\nh9\r\n  rotate: false\r\n  xy: 2, 2\r\n  size: 76, 82\r\n  orig: 76, 82\r\n  offset: 0, 0\r\n  index: -1\r\n",["hot_jiaobiao.png"],{"skeleton":{"hash":"hQRsw7NuELhNb8M+U/Wrx5ourkU","spine":"3.8.99","x":-38,"y":-41,"width":76,"height":82,"images":"E:/新版UI/平台/大厅new/动画/源文件/hot角标","audio":""},"bones":[{"name":"root"}],"slots":[{"name":"11","bone":"root","attachment":"h9"}],"skins":[{"name":"default","attachments":{"11":{"h0":{"width":76,"height":82},"h1":{"width":76,"height":82},"h2":{"width":76,"height":82},"h3":{"width":76,"height":82},"h4":{"width":76,"height":82},"h5":{"width":76,"height":82},"h6":{"width":76,"height":82},"h7":{"width":76,"height":82},"h8":{"width":76,"height":82},"h9":{"width":76,"height":82}}}}],"animations":{"animation":{"slots":{"11":{"attachment":[{"name":"h0"},{"time":0.0667,"name":"h1"},{"time":0.1333,"name":"h2"},{"time":0.2,"name":"h3"},{"time":0.2667,"name":"h4"},{"time":0.3333,"name":"h5"},{"time":0.4,"name":"h6"},{"time":0.4667,"name":"h7"},{"time":0.5333,"name":"h8"},{"time":0.6,"name":"h9"}]}}}}},[0]]],0,0,[0],[-1],[16]],[[{"name":"auto_vip","spriteFrames":["VIP7","66G+P0t4ZNUrHaxuGqOJD5@f9941","VIP1","74QNuO01BGb57HYxgiDqgg@f9941","VIP4","97L71xauJNspUlyHZYu80d@f9941","VIP2","d1r9I1NudNCL4DrZlE3DYQ@f9941","VIP0","47KmA44ctAaIJnPYuc+i3g@f9941","VIP3","75mBQQ9cpJLpFKwhemnJK7@f9941","VIP8","98MHxJQGJGioJVNJ/iiGxL@f9941","VIP5","b1cxaL9z5ClbWb/5fKMfNY@f9941","VIP9","b3meWfhjJANp9JR+RpzWx0@f9941","VIP6","eafYRmHFRBKoPsheqTavh1@f9941","b_VIP4","0eO0yRr/FBzqLvk7aotfiC@f9941","b_VIP1","a1fhFbeMpLL48MH9ShcT8m@f9941","b_VIP2","b9g91CLKRLwK5i0LjeST1Y@f9941","b_VIP3","1co/WZrGFFeKVWVuae/Poi@f9941","b_VIP0","3en3BvYrZEWIDgX1hBEHCB@f9941","b_VIP5","5aZZH2KGpE37CzAcBTh0iM@f9941","b_VIP6","7353CbBfFJVot/J0Jhb7R+@f9941","b_VIP9","8berpXqJlOqJiXFoROuMCl@f9941","b_VIP8","b3kGqVY+RNvoll1WiLF+vv@f9941","b_VIP7","3170vwTIJHCK218reuj0dv@f9941","VIP10","09goxYmEBGeZ9E3jEG/DgB@f9941","b_VIP11","b90O8FJIpEEpeDnaUsR5BX@f9941","b_VIP14","724OXKhzBCX5lBd/d3gP2s@f9941","b_VIP12","330NdTw15Iu7mCMVmWWjlr@f9941","b_VIP10","2eMawkd+BAuaJTOerixHlF@f9941","b_VIP15","61KTUJdppBU4DIbXn2dxqC@f9941","b_VIP13","e6HzYdUYJLB7Z5hJKqAJH6@f9941"]}],[3],0,[],[],[]]]]
