[1,["2ePgl2qflJzYsDmHS9bqzo@6c48a"],0,[["sp.SkeletonData",["_name","_atlasText","textureNames","_skeletonJson","textures"],-1,3]],[[0,0,1,2,3,4,5]],[[0,"domino","\r\ndomino.png\r\nsize: 1024,256\r\nformat: RGBA8888\r\nfilter: Linear,Linear\r\nrepeat: none\r\nboluo\r\n  rotate: false\r\n  xy: 446, 3\r\n  size: 92, 98\r\n  orig: 92, 98\r\n  offset: 0, 0\r\n  index: -1\r\ngp\r\n  rotate: false\r\n  xy: 267, 68\r\n  size: 141, 186\r\n  orig: 141, 186\r\n  offset: 0, 0\r\n  index: -1\r\ngp[2\r\n  rotate: false\r\n  xy: 410, 103\r\n  size: 114, 151\r\n  orig: 114, 151\r\n  offset: 0, 0\r\n  index: -1\r\nlv 拷贝\r\n  rotate: true\r\n  xy: 2, 19\r\n  size: 235, 263\r\n  orig: 235, 263\r\n  offset: 0, 0\r\n  index: -1\r\nye1\r\n  rotate: false\r\n  xy: 410, 76\r\n  size: 34, 25\r\n  orig: 34, 25\r\n  offset: 0, 0\r\n  index: -1\r\nye2\r\n  rotate: false\r\n  xy: 372, 46\r\n  size: 47, 20\r\n  orig: 47, 20\r\n  offset: 0, 0\r\n  index: -1\r\nye3\r\n  rotate: false\r\n  xy: 339, 2\r\n  size: 47, 22\r\n  orig: 47, 22\r\n  offset: 0, 0\r\n  index: -1\r\nye4\r\n  rotate: false\r\n  xy: 306, 20\r\n  size: 31, 46\r\n  orig: 31, 46\r\n  offset: 0, 0\r\n  index: -1\r\nye5\r\n  rotate: true\r\n  xy: 339, 26\r\n  size: 40, 31\r\n  orig: 40, 31\r\n  offset: 0, 0\r\n  index: -1\r\nye7\r\n  rotate: false\r\n  xy: 267, 22\r\n  size: 37, 44\r\n  orig: 37, 44\r\n  offset: 0, 0\r\n  index: -1\r\nye8\r\n  rotate: true\r\n  xy: 388, 24\r\n  size: 20, 45\r\n  orig: 20, 45\r\n  offset: 0, 0\r\n  index: -1\r\n",["domino.png"],{"skeleton":{"hash":"jyyvas/AOiA7oIzeS1WKXw+W9Qk","spine":"3.8.99","x":-117.5,"y":-26.03,"width":235,"height":263,"images":"","audio":""},"bones":[{"name":"root"},{"name":"zuo","parent":"root","length":127.58,"rotation":105.6,"x":-34.65,"y":62.18},{"name":"you","parent":"root","length":77.24,"rotation":72.65,"x":26.79,"y":92.39},{"name":"boluo","parent":"root","length":85.04,"rotation":69.93,"x":16.36,"y":24.3}],"slots":[{"name":"bg","bone":"root","attachment":"lv 拷贝"},{"name":"gp[2","bone":"you","attachment":"gp[2"},{"name":"gp","bone":"zuo","attachment":"gp"},{"name":"boluo","bone":"boluo","attachment":"boluo"},{"name":"ye8","bone":"boluo","attachment":"ye8"},{"name":"ye2","bone":"boluo","attachment":"ye2"},{"name":"ye7","bone":"boluo","attachment":"ye7"},{"name":"ye5","bone":"boluo","attachment":"ye5"},{"name":"ye4","bone":"boluo","attachment":"ye4"},{"name":"ye3","bone":"boluo","attachment":"ye3"},{"name":"ye1","bone":"boluo","attachment":"ye1"}],"skins":[{"name":"default","attachments":{"bg":{"lv 拷贝":{"y":114.92,"width":235,"height":263}},"boluo":{"boluo":{"x":54.06,"y":1.22,"rotation":-76.81,"width":92,"height":98}},"gp":{"gp":{"x":62.14,"y":-17.21,"rotation":-105.16,"width":141,"height":186}},"gp[2":{"gp[2":{"x":42.55,"y":6.82,"rotation":-79.52,"width":114,"height":151}},"ye1":{"ye1":{"type":"mesh","hull":7,"width":34,"height":25,"uvs":[0.41251,0,1,0.34096,1,0.90821,0.16347,1,0,1,0,0.22862,0.17507,0],"triangles":[0,1,2,3,4,5,5,0,3,0,5,6,3,0,2],"vertices":[109.81,6.02,103.59,-14.79,89.5,-16.39,84.02,11.61,83.39,17.14,102.55,19.31,108.9,14.04],"edges":[0,12,0,2,2,4,4,6,6,8,8,10,10,12]}},"ye2":{"ye2":{"type":"mesh","hull":7,"width":47,"height":20,"uvs":[0.80547,0,1,0.66637,1,1,0.84655,1,0.31144,0.88049,0,0.40645,0,0],"triangles":[4,5,6,0,4,6,3,4,0,1,3,0,3,1,2],"vertices":[114.3,-31.36,106.32,-45.41,100.32,-48.34,97.17,-41.85,88.31,-18.19,90.42,-0.88,97.73,2.68],"edges":[0,12,0,2,2,4,4,6,6,8,8,10,10,12]}},"ye3":{"ye3":{"type":"mesh","hull":10,"width":47,"height":22,"uvs":[0.80389,0,0.96134,0.00219,1,0.26707,1,0.55286,0.44373,1,0.14091,1,0,0.99845,0,0.67694,0.00023,0.55458,0.44146,0],"triangles":[2,0,1,5,6,7,5,8,9,5,7,8,4,9,0,5,9,4,2,4,0,3,4,2],"vertices":[127.58,-36.23,129.45,-43.39,124.29,-46.65,118.21,-48.27,101.96,-25.55,98.29,-11.8,96.61,-5.39,103.45,-3.56,106.05,-2.88,123.19,-19.77],"edges":[0,18,0,2,2,4,4,6,6,8,8,10,10,12,12,14,14,16,16,18]}},"ye4":{"ye4":{"type":"mesh","hull":7,"width":31,"height":46,"uvs":[0,0,0.2284,0,0.99206,0.25719,1,0.51936,1,1,0.46183,1,0,0.08761],"triangles":[6,0,1,6,2,3,2,6,1,5,6,3,5,3,4],"vertices":[126.71,34.09,129.33,27.52,127.11,1.14,116,-3.55,95.47,-11.75,89.29,3.75,122.96,32.6],"edges":[0,12,0,2,2,4,4,6,6,8,8,10,10,12]}},"ye5":{"ye5":{"type":"mesh","hull":10,"width":40,"height":31,"uvs":[0.14091,0,0.63272,0,0.71988,0.00012,1,0.41503,1,1,0.77256,1,0.75913,0.99853,0,0.19522,0,0.09592,0.02351,0.05541],"triangles":[7,8,9,3,1,2,6,1,3,7,0,1,7,9,0,1,6,7,5,6,3,5,3,4],"vertices":[106.41,38.94,115.35,21.41,116.93,18.31,110.57,2.48,94.42,-5.76,90.28,2.34,90.08,2.84,98.46,41.21,101.2,42.61,102.74,42.34],"edges":[0,18,0,2,2,4,4,6,6,8,8,10,10,12,12,14,14,16,16,18]}},"ye7":{"ye7":{"type":"mesh","hull":9,"width":37,"height":44,"uvs":[1,0,1,0.12596,0.71488,0.72835,0.23071,1,0.12275,1,0,0.86792,0,0.6955,0.0706,0.35403,0.82364,0],"triangles":[8,0,1,2,7,8,2,8,1,6,7,2,3,4,5,5,6,3,2,3,6],"vertices":[152.82,-20.42,147.73,-22.61,119.21,-23.39,101.15,-11.66,99.57,-7.99,103.12,-1.52,110.09,1.48,124.92,5.01,150.24,-14.43],"edges":[0,16,0,2,2,4,4,6,6,8,8,10,10,12,12,14,14,16]}},"ye8":{"ye8":{"type":"mesh","hull":9,"width":20,"height":45,"uvs":[1,0.51506,1,0.66879,0.25148,1,0.13995,1,0,0.89465,0,0.57339,0.0493,0,0.30051,0,0.85768,0.24436],"triangles":[5,6,7,8,5,7,5,8,0,1,5,0,4,5,1,2,3,4,1,2,4],"vertices":[122.32,-11.08,115.42,-11.61,99.41,2.17,99.24,4.39,103.75,7.55,118.16,8.66,143.97,9.66,144.35,4.65,134.25,-7.31],"edges":[0,16,0,2,2,4,4,6,6,8,8,10,10,12,12,14,14,16]}}}}],"animations":{"animation":{"bones":{"you":{"rotate":[{"curve":0.25,"c3":0.75},{"time":1.3333,"angle":-1.67,"curve":0.25,"c3":0.75},{"time":2.6667}]},"zuo":{"rotate":[{"curve":0.25,"c3":0.75},{"time":1.3333,"angle":1.7,"curve":0.25,"c3":0.75},{"time":2.6667}]},"boluo":{"translate":[{"curve":0.25,"c3":0.75},{"time":1.3333,"x":1.96,"y":6.19,"curve":0.25,"c3":0.75},{"time":2.6667}]}},"deform":{"default":{"ye1":{"ye1":[{"curve":0.25,"c3":0.75},{"time":1.3333,"offset":6,"curve":0.25,"c3":0.75,"vertices":[2.51293,0.07178,1.94336,2.40288]},{"time":2.6667}]},"ye2":{"ye2":[{"curve":0.25,"c3":0.75},{"time":1.3333,"curve":0.25,"c3":0.75,"vertices":[2.94379,-0.33507,0.8616,-0.81373,1.92421,0.1388,0.65577,0.52174,0.99562,0.36378]},{"time":2.6667}]},"ye3":{"ye3":[{"curve":0.25,"c3":0.75},{"time":1.3333,"curve":0.25,"c3":0.75,"vertices":[2.24014,0.81851,0,0,3.01078,0.25367,3.98725,-1.64662,1.24449,0.45472,0,0,0,0,0,0,0,0,2.37415,1.99602]},{"time":2.6667}]},"ye4":{"ye4":[{"curve":0.25,"c3":0.75},{"time":1.3333,"offset":2,"curve":0.25,"c3":0.75,"vertices":[2.73673,3.73399,1.92499,-3.39774,0.46965,-2.2207,0,0,0.85234,-1.39739,0.85234,-1.39739]},{"time":2.6667}]},"ye5":{"ye5":[{"curve":0.25,"c3":0.75},{"time":1.3333,"curve":0.25,"c3":0.75,"vertices":[6.39533,-3.47314,3.23534,0.49863,0,0,0,0,0,0,1.12485,-0.27252,4.41235,1.95395,4.41235,1.95395]},{"time":2.6667}]},"ye7":{"ye7":[{"curve":0.25,"c3":0.625,"c4":0.5},{"time":1.3333,"curve":0.375,"c2":0.5,"c3":0.75,"vertices":[-3.26105,-4.44942,-3.43611,-3.97041,-0.43297,-1.78713,0,0,0,0,0,0,0,0,0,0,-2.58857,-2.57477]},{"time":2.6667}]},"ye8":{"ye8":[{"curve":0.25,"c3":0.75},{"time":1.3333,"offset":10,"curve":0.25,"c3":0.75,"vertices":[0.67709,-1.11006,-4.23752,7.13927,-3.07678,3.21954,-1.24361,1.17454]},{"time":2.6667}]}}}}}},[0]]],0,0,[0],[-1],[0]]
