[1,["19024a072@6c48a"],["_textureSource"],["cc.SpriteFrame","cc.SpriteAtlas"],0,[[[{"name":"bg_peringatan","rect":{"x":3,"y":3,"width":966,"height":588},"offset":{"x":-0.5,"y":0},"originalSize":{"width":967,"height":588},"rotated":true,"capInsets":[0,0,0,0],"packable":true,"pixelsToUnit":100,"pivot":{"x":0.5,"y":0.5},"meshType":0}],[0],0,[0],[0],[0]],[[{"name":"auto_download","spriteFrames":["bg_peringatan","26bDQrMa5PWrLovUI06rjm@f9941","btm_xiazai ","68+IN7E/FBC7nlCaRb/QjA@f9941","btn_apk","a3uwV6vt9Djbv4yfxwydlK@f9941"]}],[1],0,[],[],[]],[[{"name":"btm_xiazai ","rect":{"x":597,"y":3,"width":316,"height":87},"offset":{"x":0,"y":0},"originalSize":{"width":316,"height":87},"rotated":true,"capInsets":[0,0,0,0],"packable":true,"pixelsToUnit":100,"pivot":{"x":0.5,"y":0.5},"meshType":0}],[0],0,[0],[0],[0]],[[{"name":"btn_apk","rect":{"x":597,"y":325,"width":114,"height":76},"offset":{"x":0,"y":0},"originalSize":{"width":114,"height":76},"rotated":true,"capInsets":[0,0,0,0],"packable":true,"pixelsToUnit":100,"pivot":{"x":0.5,"y":0.5},"meshType":0}],[0],0,[0],[0],[0]]]]
