[1,["138417a2e@6c48a"],["_textureSource"],["cc.SpriteFrame","cc.SpriteAtlas"],0,[[[{"name":"auto_bank","spriteFrames":[]}],[1],0,[],[],[]],[[{"name":"word_bank_title","rect":{"x":3,"y":883,"width":129,"height":74},"offset":{"x":-0.5,"y":-0.5},"originalSize":{"width":134,"height":77},"rotated":false,"capInsets":[0,0,0,0],"packable":true,"pixelsToUnit":100,"pivot":{"x":0.5,"y":0.5},"meshType":0}],[0],0,[0],[0],[0]],[[{"name":"word_bank_sandi","rect":{"x":3,"y":963,"width":190,"height":30},"offset":{"x":0,"y":0},"originalSize":{"width":190,"height":30},"rotated":false,"capInsets":[0,0,0,0],"packable":true,"pixelsToUnit":100,"pivot":{"x":0.5,"y":0.5},"meshType":0}],[0],0,[0],[0],[0]],[[{"name":"word_bank_sandiBank","rect":{"x":79,"y":420,"width":204,"height":28},"offset":{"x":0,"y":0},"originalSize":{"width":204,"height":28},"rotated":true,"capInsets":[0,0,0,0],"packable":true,"pixelsToUnit":100,"pivot":{"x":0.5,"y":0.5},"meshType":0}],[0],0,[0],[0],[0]],[[{"name":"word_bank_saldo","rect":{"x":138,"y":420,"width":407,"height":28},"offset":{"x":0,"y":0},"originalSize":{"width":407,"height":28},"rotated":true,"capInsets":[0,0,0,0],"packable":true,"pixelsToUnit":100,"pivot":{"x":0.5,"y":0.5},"meshType":0}],[0],0,[0],[0],[0]],[[{"name":"word_bank_setor","rect":{"x":3,"y":999,"width":123,"height":22},"offset":{"x":0,"y":0},"originalSize":{"width":123,"height":22},"rotated":false,"capInsets":[0,0,0,0],"packable":true,"pixelsToUnit":100,"pivot":{"x":0.5,"y":0.5},"meshType":0}],[0],0,[0],[0],[0]],[[{"name":"word_bank_meng","rect":{"x":43,"y":386,"width":150,"height":28},"offset":{"x":0,"y":0},"originalSize":{"width":150,"height":28},"rotated":false,"capInsets":[0,0,0,0],"packable":true,"pixelsToUnit":100,"pivot":{"x":0.5,"y":0.5},"meshType":0}],[0],0,[0],[0],[0]],[[{"name":"word_bank_login","rect":{"x":175,"y":3,"width":319,"height":28},"offset":{"x":0,"y":0},"originalSize":{"width":319,"height":28},"rotated":true,"capInsets":[0,0,0,0],"packable":true,"pixelsToUnit":100,"pivot":{"x":0.5,"y":0.5},"meshType":0}],[0],0,[0],[0],[0]],[[{"name":"btn_bank_off","rect":{"x":138,"y":892,"width":50,"height":52},"offset":{"x":0,"y":0},"originalSize":{"width":50,"height":52},"rotated":true,"capInsets":[0,0,0,0],"packable":true,"pixelsToUnit":100,"pivot":{"x":0.5,"y":0.5},"meshType":0}],[0],0,[0],[0],[0]],[[{"name":"panel_input_bg1","rect":{"x":43,"y":3,"width":377,"height":60},"offset":{"x":0,"y":0},"originalSize":{"width":377,"height":60},"rotated":true,"capInsets":[0,0,0,0],"packable":true,"pixelsToUnit":100,"pivot":{"x":0.5,"y":0.5},"meshType":0}],[0],0,[0],[0],[0]],[[{"name":"btn_bank_in","rect":{"x":138,"y":833,"width":53,"height":53},"offset":{"x":0,"y":0.5},"originalSize":{"width":55,"height":54},"rotated":false,"capInsets":[0,0,0,0],"packable":true,"pixelsToUnit":100,"pivot":{"x":0.5,"y":0.5},"meshType":0}],[0],0,[0],[0],[0]],[[{"name":"icon_bank_gold","rect":{"x":45,"y":833,"width":35,"height":37},"offset":{"x":0,"y":0},"originalSize":{"width":35,"height":37},"rotated":true,"capInsets":[0,0,0,0],"packable":true,"pixelsToUnit":100,"pivot":{"x":0.5,"y":0.5},"meshType":0}],[0],0,[0],[0],[0]],[[{"name":"word_bank_mengoper","rect":{"x":3,"y":3,"width":440,"height":34},"offset":{"x":0,"y":0},"originalSize":{"width":440,"height":34},"rotated":true,"capInsets":[0,0,0,0],"packable":true,"pixelsToUnit":100,"pivot":{"x":0.5,"y":0.5},"meshType":0}],[0],0,[0],[0],[0]],[[{"name":"word_bank_tettap","rect":{"x":3,"y":449,"width":428,"height":36},"offset":{"x":0,"y":0},"originalSize":{"width":428,"height":36},"rotated":true,"capInsets":[0,0,0,0],"packable":true,"pixelsToUnit":100,"pivot":{"x":0.5,"y":0.5},"meshType":0}],[0],0,[0],[0],[0]],[[{"name":"word_bank_sandiMasuk","rect":{"x":172,"y":420,"width":229,"height":28},"offset":{"x":0,"y":0},"originalSize":{"width":229,"height":28},"rotated":true,"capInsets":[0,0,0,0],"packable":true,"pixelsToUnit":100,"pivot":{"x":0.5,"y":0.5},"meshType":0}],[0],0,[0],[0],[0]],[[{"name":"panel_input_bg","rect":{"x":109,"y":3,"width":377,"height":60},"offset":{"x":0,"y":0},"originalSize":{"width":377,"height":60},"rotated":true,"capInsets":[0,0,0,0],"packable":true,"pixelsToUnit":100,"pivot":{"x":0.5,"y":0.5},"meshType":0}],[0],0,[0],[0],[0]],[[{"name":"word_bank_akun","rect":{"x":45,"y":420,"width":407,"height":28},"offset":{"x":0,"y":0},"originalSize":{"width":407,"height":28},"rotated":true,"capInsets":[0,0,0,0],"packable":true,"pixelsToUnit":100,"pivot":{"x":0.5,"y":0.5},"meshType":0}],[0],0,[0],[0],[0]]]]
