[1,["2ajMej/tFDFqxqGX14cuL0@6c48a","2ajMej/tFDFqxqGX14cuL0@f9941"],["_textureSource","spriteFrame"],["cc.SpriteFrame",["cc.BitmapFont",["_name","fontSize","fntConfig"],0]],[[1,0,1,2,4]],[[[{"name":"font_rate_0","rect":{"x":0,"y":0,"width":295,"height":140},"offset":{"x":-2.5,"y":30},"originalSize":{"width":300,"height":200},"rotated":false,"capInsets":[0,0,0,0],"vertices":{"rawPosition":[-147.5,-70,0,147.5,-70,0,-147.5,70,0,147.5,70,0],"indexes":[0,1,2,2,1,3],"uv":[0,200,295,200,0,60,295,60],"nuv":[0,0.3,0.9833333333333333,0.3,0,1,0.9833333333333333,1],"minPos":{"x":-147.5,"y":-70,"z":0},"maxPos":{"x":147.5,"y":70,"z":0}},"packable":true,"pixelsToUnit":100,"pivot":{"x":0.5,"y":0.5},"meshType":0}],[0],0,[0],[0],[0]],[[[0,"font_rate",20,{"commonHeight":19,"fontSize":20,"atlasName":"font_rate_0.png","fontDefDictionary":{"32":{"xOffset":-1,"yOffset":18,"xAdvance":5,"rect":{"x":181,"y":133,"width":3,"height":1}},"48":{"xOffset":0,"yOffset":0,"xAdvance":52,"rect":{"x":0,"y":0,"width":52,"height":65}},"49":{"xOffset":0,"yOffset":0,"xAdvance":32,"rect":{"x":148,"y":75,"width":32,"height":64}},"50":{"xOffset":0,"yOffset":0,"xAdvance":46,"rect":{"x":249,"y":0,"width":46,"height":65}},"51":{"xOffset":0,"yOffset":0,"xAdvance":47,"rect":{"x":201,"y":0,"width":47,"height":65}},"52":{"xOffset":0,"yOffset":0,"xAdvance":52,"rect":{"x":47,"y":75,"width":52,"height":64}},"53":{"xOffset":0,"yOffset":0,"xAdvance":46,"rect":{"x":0,"y":75,"width":46,"height":65}},"54":{"xOffset":0,"yOffset":0,"xAdvance":48,"rect":{"x":103,"y":0,"width":48,"height":65}},"55":{"xOffset":0,"yOffset":0,"xAdvance":47,"rect":{"x":100,"y":75,"width":47,"height":64}},"56":{"xOffset":0,"yOffset":0,"xAdvance":49,"rect":{"x":53,"y":0,"width":49,"height":65}},"57":{"xOffset":0,"yOffset":0,"xAdvance":48,"rect":{"x":152,"y":0,"width":48,"height":65}},"120":{"xOffset":0,"yOffset":9,"xAdvance":48,"rect":{"x":181,"y":75,"width":48,"height":48}}},"kerningDict":{}}]],0,0,[0],[1],[1]]]]
