[1,["00B25GD9NPnJiOQDYemxIB","abU+dMzmdMB4tXJuuOxaY4","0cqYKBZ+ZDkryTRiA+yt6h@f9941","4bymVQUD1N3L3aF7V3FdPa@f9941","64caZNc6pPg6Vul5vk+KQB@f9941","8clt9Db5JE6JtDDBvsB37k@f9941","65q8I7uwhP5r8lJE2Wuc/e@f9941","d5TAY1CjBDuKnketdCWE0p@f9941","c7DvaRoztNcI27oExnp/om@f9941","50abLaH7NGurGEotmum8ov@f9941","f69mHQsrBPGIXKF67CIZ+w@f9941","e4uT78j39M2aEkr5/5HHvT@f9941","2bwqRQ8ntLcYAg443uJIgy","f9Stg4T6RHX5mBw73OsdOD@6c48a","40ultwpYdKBYlV/WqB8pNx@f9941","26s1nG6fNAmKWrKhYw2JHB","47+wHcbzFMYafMWfCkl1Gn@f9941","ffuIqPr2JI9I8dPLYGRDpD@f9941","33S8ed9P5FhZnk1MJgcNFN@f9941","96XO9Ei6FIQ6Cy8YcrORBc@f9941","43+4LeteJEYZF0kgb0ir1A","deT/wF3cRECL6hB1mg6PtX@f9941","efOBZey41Is45nI7rsJ99R","e4i+WY0IBCTLSamEDyhv4Y@f9941","0eyz1IWaxAw5RLc2s/HbKh@f9941","55wzViyS5B5bwDnu4i6TW3@f9941","9edD+afkFDxb6wVZKZ8zvF@f9941","b4Y5y0WotEE5AFhfLWE5j7","14ad46CnxGH4lm4ZljKy7H","8ax7lBJqpBEoUnbgpEBOtu","afxHkx8GZGsJC+n+YfITQo@f9941","63wXHWdDdOwI2VK0z1b0HN@6c48a"],["node","_spriteFrame","_atlas","_target","_normalSprite","_skeletonData","_parent","root","_placeholderLabel","_textLabel","data","_scrollView","_font"],[["cc.Node",["_name","_layer","_active","_components","_prefab","_lpos","_parent","_children","_lscale","_lrot","_euler"],0,9,4,5,1,2,5,5,5],["cc.Label",["_string","_actualFontSize","_fontSize","_lineHeight","_horizontalAlign","_overflow","_isBold","_isSystemFontUsed","_enableWrapText","node","__prefab","_color","_font"],-6,1,4,5,6],["cc.Sprite",["_sizeMode","_type","node","__prefab","_spriteFrame","_atlas"],1,1,4,6,6],["cc.Node",["_name","_layer","_active","_parent","_components","_prefab","_lpos","_children"],0,1,12,4,5,2],["cc.UITransform",["node","__prefab","_contentSize","_anchorPoint"],3,1,4,5,5],"cc.SpriteAtlas",["sp.SkeletonData",["_name","_atlasText","textureNames","_skeletonJson","textures"],-1,3],["cc.Prefab",["_name"],2],["cc.CompPrefabInfo",["fileId"],2],["cc.UIStaticBatch",["node","__prefab"],3,1,4],["cc.PrefabInfo",["fileId","instance","targetOverrides","nestedPrefabInstanceRoots","root","asset"],-1,1,1],["cc.Widget",["_alignFlags","_originalHeight","_alignMode","node","__prefab"],0,1,4],["cc.Layout",["_resizeMode","_layoutType","node","__prefab"],1,1,4],["cc.EditBox",["_inputMode","node","__prefab","_textLabel","_placeholderLabel"],2,1,4,1,1],["cc.Mask",["node","__prefab"],3,1,4],["cc.Graphics",["node","__prefab","_fillColor"],3,1,4,5],["cc.Button",["_transition","_zoomScale","node","__prefab","_normalColor","_target","_normalSprite"],1,1,4,5,1,6],["sp.Skeleton",["_preCacheMode","_premultipliedAlpha","defaultSkin","defaultAnimation","node","__prefab","_skeletonData"],-1,1,4,6],["cc.ScrollBar",["_direction","node","__prefab","_handle"],2,1,4,1],["cc.ScrollView",["bounceDuration","brake","elastic","horizontal","node","__prefab","_content","_verticalScrollBar"],-1,1,4,1,1]],[[8,0,2],[10,0,1,2,3,4,5,5],[4,0,1,2,1],[0,0,1,6,3,4,5,3],[4,0,1,2,3,1],[2,1,0,2,3,4,5,3],[16,0,1,2,3,4,5,6,3],[1,0,1,2,3,9,10,11,5],[2,2,3,4,5,1],[0,0,2,1,6,7,3,4,5,4],[4,0,1,1],[2,1,0,2,3,4,3],[0,0,1,6,7,3,4,5,3],[0,0,2,1,6,3,4,5,4],[1,0,1,2,3,9,10,5],[17,0,1,2,3,4,5,6,5],[6,0,1,2,3,4,5],[0,0,1,6,3,4,3],[0,0,1,6,3,4,5,8,3],[0,0,1,6,3,4,5,9,10,3],[3,0,1,3,4,5,6,3],[2,1,0,2,3,3],[2,0,2,3,4,5,2],[1,0,4,1,2,3,9,10,11,6],[1,0,4,1,2,5,8,9,10,11,7],[7,0,2],[0,0,1,7,3,4,3],[0,0,2,1,7,3,4,5,4],[0,0,1,7,3,4,5,3],[0,0,1,6,7,3,4,5,8,3],[0,0,1,6,7,3,4,5,9,8,10,3],[0,0,1,6,7,3,4,5,9,10,3],[0,0,1,6,3,4,5,9,8,10,3],[3,0,1,3,7,4,5,6,3],[3,0,2,1,3,7,4,5,6,4],[3,0,2,1,3,4,5,6,4],[9,0,1,1],[2,0,2,3,2],[2,2,3,1],[11,0,1,2,3,4,4],[12,0,1,2,3,3],[13,0,1,2,3,4,2],[14,0,1,1],[15,0,1,2,1],[1,0,1,2,9,10,11,4],[1,0,1,2,6,9,10,11,5],[1,0,4,1,2,5,7,9,10,11,12,7],[1,0,1,2,9,10,4],[18,0,1,2,3,2],[19,0,1,2,3,4,5,6,7,5]],[[[{"name":"withdrawal","spriteFrames":[]}],[5],0,[],[],[]],[[[16,"tishi_huxi","\r\ntishi_huxi.png\r\nsize: 512,256\r\nformat: RGBA8888\r\nfilter: Linear,Linear\r\nrepeat: none\r\n0\r\n  rotate: false\r\n  xy: 2, 95\r\n  size: 50, 50\r\n  orig: 50, 50\r\n  offset: 0, 0\r\n  index: -1\r\n1\r\n  rotate: false\r\n  xy: 169, 2\r\n  size: 190, 143\r\n  orig: 190, 143\r\n  offset: 0, 0\r\n  index: -1\r\n2\r\n  rotate: false\r\n  xy: 54, 33\r\n  size: 113, 112\r\n  orig: 113, 112\r\n  offset: 0, 0\r\n  index: -1\r\n",["tishi_huxi.png"],{"skeleton":{"hash":"w5DtLoRAjUDQKcW0A7rpxGw1eBo","spine":"3.8.99","x":-56.5,"y":-88.66,"width":192.05,"height":144.66,"images":"","audio":""},"bones":[{"name":"root"},{"name":"11","parent":"root"},{"name":"22","parent":"root"},{"name":"111","parent":"root","scaleX":0.8,"scaleY":0.8},{"name":"33","parent":"root"},{"name":"44","parent":"root"}],"slots":[{"name":"5","bone":"44","attachment":"2"},{"name":"4","bone":"33","attachment":"2"},{"name":"3","bone":"22","attachment":"2"},{"name":"2","bone":"11","attachment":"2"},{"name":"1","bone":"root","attachment":"0"},{"name":"12312","bone":"111","attachment":"1"}],"skins":[{"name":"default","attachments":{"1":{"0":{"width":50,"height":50}},"2":{"2":{"width":113,"height":112}},"3":{"2":{"x":0.5,"width":113,"height":112}},"4":{"2":{"x":0.5,"width":113,"height":112}},"5":{"2":{"x":0.5,"width":113,"height":112}},"12312":{"1":{"x":74.44,"y":-39.33,"width":190,"height":143}}}}],"animations":{"animation":{"slots":{"2":{"color":[{"color":"ffffffff","curve":0.25,"c3":0.75},{"time":0.6667,"color":"ffffff00"}]},"3":{"color":[{"time":0.3333,"color":"ffffffff","curve":0.25,"c3":0.75},{"time":1,"color":"ffffff00"}]},"4":{"color":[{"time":0.6667,"color":"ffffffff","curve":0.25,"c3":0.75},{"time":1.3333,"color":"ffffff00"}]},"5":{"color":[{"time":1,"color":"ffffffff","curve":0.25,"c3":0.75},{"time":1.6667,"color":"ffffff00"}]}},"bones":{"11":{"scale":[{"x":0.36,"y":0.36,"curve":0.25,"c3":0.75},{"time":0.6667}]},"22":{"scale":[{"x":0,"y":0,"curve":0.25,"c3":0.75},{"time":0.3333,"x":0.36,"y":0.36,"curve":0.25,"c3":0.75},{"time":1}]},"33":{"scale":[{"x":0,"y":0},{"time":0.6667,"x":0.36,"y":0.36,"curve":0.25,"c3":0.75},{"time":1.3333}]},"44":{"scale":[{"x":0,"y":0},{"time":1,"x":0.36,"y":0.36,"curve":0.25,"c3":0.75},{"time":1.6667}]},"111":{"scale":[{"curve":0.25,"c3":0.75},{"time":1,"x":0.75,"y":0.75,"curve":0.25,"c3":0.75},{"time":2}]}}}}},[0]]],0,0,[0],[-1],[13]],[[[25,"node_withdrawal"],[26,"node_withdrawal",33554432,[-4,-5,-6,-7,-8,-9,-10,-11,-12,-13,-14,-15,-16,-17,-18,-19,-20,-21,-22,-23,-24,-25,-26,-27,-28,-29,-30,-31,-32],[[10,-2,[0,"afXWYRaIVFI4YDFwLt0v80"]],[36,-3,[0,"e75aLglRxAv7Eh5EmOMfjZ"]]],[1,"c46/YsCPVOJYA4mWEpNYRx",null,null,null,-1,0]],[27,"props_spr_one",false,33554432,[-35,-36,-37,-38,-39,-40,-41],[[2,-33,[0,"eauuFkP1ZI6YwboXCx4Sn0"],[5,210.84199999999998,120]],[37,0,-34,[0,"19/Tvn9rhNiJKjfWFyiD4/"]]],[1,"12tF6rkatIH6Hfa+uRqlSf",null,null,null,1,0],[1,-1.933,-60,0]],[33,"props_scrollView_withDraw",33554432,1,[-45,-46],[[[2,-42,[0,"e2w2rSYa1CWK6EIWsYznlu"],[5,230,435.751]],[5,1,0,-43,[0,"24OOdKh/lLuK5wEVw7bv7B"],7,8],-44],4,4,1],[1,"14oRc/aRpHUq68J7pvv3Ct",null,null,null,1,0],[1,-307.2,15.336500000000001,0]],[34,"scrollBar",false,33554432,3,[-51],[[[4,-47,[0,"91v3boQ39NG4ArObPUIxoB"],[5,12,500],[0,1,0.5]],[11,1,0,-48,[0,"6bubpu/JBBkIkQom1v85CT"],4],[39,37,250,1,-49,[0,"07WWUD4IJAg7BI6Fqh4PZT"]],-50],4,4,4,1],[1,"c7UljI08lJHrJ2al7jaGyv",null,null,null,1,0],[1,115,0,0]],[28,"content",33554432,[2,-54],[[4,-52,[0,"10CRlNi3pFTrP/Eey6XksQ"],[5,230,50.4],[0,0.5,1]],[40,1,2,-53,[0,"6cjSzeG2ZEmI+1M+tGhTg/"]]],[1,"96J/aSu1FN6Z7pUhUVnTxO",null,null,null,1,0],[1,0,216.227,0]],[12,"props_EditBox_jumlah",33554432,1,[-60,-61],[[2,-55,[0,"b1SIlyS3VG+6tGCILLUuO5"],[5,200,40]],[21,1,0,-56,[0,"d5KNMaKFVFnIQi+W35qcDS"]],[41,5,-59,[0,"33wQs/VIdFOa9JDnyTjllZ"],-58,-57]],[1,"1d4UJA1fdCI5W++G4h6GLt",null,null,null,1,0],[1,150.8,-46.788,0]],[12,"view",33554432,3,[5],[[2,-62,[0,"78/clJ65lKkLukhxsvQ3Os"],[5,230,431.216]],[42,-63,[0,"20mTab5PJEt5owOXjkS2GG"]],[43,-64,[0,"cawqfYUmxKboqR/7QjN2kF"],[4,16777215]]],[1,"aaD41hoWZECp6cskIt+XMM",null,null,null,1,0],[1,0,-0.30900000000000105,0]],[3,"props_btn_withdrawal_catatan",33554432,1,[[2,-65,[0,"b6Pg6mZJJJYI4mRVTJo24d"],[5,234,82]],[5,1,0,-66,[0,"9fvAbCYXVMDaLFgTuySRCZ"],9,10],[6,3,0.9,-68,[0,"3d55mkKrBM1bUOyW/qFKg8"],[4,4292269782],-67,11]],[1,"c2XMIotgFL7rhFxr/uVDGt",null,null,null,1,0],[1,-308.2,-243.539,0]],[3,"props_btn_withdrawal_ikat",33554432,1,[[2,-69,[0,"316oRIbmlAKrr94m17wky7"],[5,79,47]],[5,1,0,-70,[0,"0aCrVUVTJAL5g31F7vKKQu"],21,22],[6,3,0.9,-72,[0,"16ZF5X9k9MFq64X8TDEPh0"],[4,4292269782],-71,23]],[1,"delS298fBABaQQYeR0ZTYF",null,null,null,1,0],[1,344.8,63.212,0]],[3,"props_btn_withdrawal_subtract",33554432,1,[[2,-73,[0,"21cS6lmgNMQLglo+OS7QJk"],[5,35,38]],[5,1,0,-74,[0,"4czU19+bJCNJxssxQL/uvJ"],26,27],[6,3,0.9,-76,[0,"05+gxin+BNw4h6yIxgr31G"],[4,4292269782],-75,28]],[1,"e1ADaiAzJJO6b1cZ8RezfB",null,null,null,1,0],[1,28.8,-46.788,0]],[3,"props_btn_withdrawal_add",33554432,1,[[2,-77,[0,"ba+ZW11lZK3LvYJYtPs+0l"],[5,35,38]],[5,1,0,-78,[0,"3dyPK0rlpO9r9kb0AkbMoy"],31,32],[6,3,0.9,-80,[0,"31HrdhBANMz44Xil2nPAWQ"],[4,4292269782],-79,33]],[1,"32KUVSu6VAh67kTpodh3T9",null,null,null,1,0],[1,270.8,-46.788,0]],[3,"props_btn_withdrawal_max",33554432,1,[[2,-81,[0,"9cMLQyN1pF+LnABkoMo0IT"],[5,93,54]],[5,1,0,-82,[0,"b3/oKxFqZH9qHjEF69URJd"],36,37],[6,3,0.9,-84,[0,"a98syWrM9DFqQeNozO303g"],[4,4292269782],-83,38]],[1,"fbNMcoRaVGW65XHrj0ltFS",null,null,null,1,0],[1,350.662,-46.788,0]],[3,"props_btn_withdrawal_kirim",33554432,1,[[2,-85,[0,"a4ucdlYc9DHLw0W6AtNGcN"],[5,165,61]],[5,1,0,-86,[0,"8dQOnA8ZVFL5Ln0oc7Lxgs"],41,42],[6,3,0.9,-88,[0,"5fPaTWpsJJuJswGpId/Rv0"],[4,4292269782],-87,43]],[1,"cediRAr3hBWb3xZNCCrote",null,null,null,1,0],[1,128.8,-214.788,0]],[3,"props_btn_newHelp",33554432,1,[[2,-89,[0,"df/sza8Q1Dp53UOncKV7fb"],[5,50,50]],[5,1,0,-90,[0,"f8kPpFMBRJua11b2Z8eR3Z"],44,45],[6,3,0.9,-92,[0,"84vA2LxntIipymokPpTR+2"],[4,4292269782],-91,46]],[1,"330YxxPwZBo7E98pwWrC/e",null,null,null,1,0],[1,372.3,180,0]],[3,"props_btn_tips_close",33554432,1,[[2,-93,[0,"b9j4MjS2xJKaOzJAsQNRw3"],[5,61,79]],[5,1,0,-94,[0,"69uqylZxNP5qAfLYvp4yeR"],47,48],[6,3,0.9,-96,[0,"94y3Rs4PdHjZTPlg/DIWqN"],[4,4292269782],-95,49]],[1,"fd2RwmGIFDgrOVUEv5Gv6W",null,null,null,1,0],[1,462.8,221.063,0]],[12,"props_no_bank_choose",33554432,1,[-98,-99],[[2,-97,[0,"07SsNVYqNGpbJFSHpRZw6e"],[5,300,57.888]]],[1,"f2HlJQVaRPir9n46G4cP3l",null,null,null,1,0],[1,147.336,64.478,0]],[9,"props_had_bank_choose",false,33554432,1,[-101,-102],[[2,-100,[0,"73y2JekNhKcoX61DUpF6dW"],[5,300,57.888]]],[1,"d74IIcWXNLbpXuFN9n642r",null,null,null,1,0],[1,147.336,64.478,0]],[9,"props_layout_remind_lakt",false,33554432,1,[-104,-105],[[10,-103,[0,"34MN8Xr7dIeb29GXrYrh5D"]]],[1,"d7CkwJIsFPPqRKyKInZ7tJ",null,null,null,1,0],[1,380,16,0]],[29,"spr_remind_text",33554432,18,[-108],[[2,-106,[0,"95pqa57V9K/p2OSHgkg6ou"],[5,300,100]],[11,1,0,-107,[0,"b6uzOk71ZEAIQ500eMlkXQ"],51]],[1,"b9PZsoqwRGUJZVTZofX1zo",null,null,null,1,0],[1,-148,118,0],[1,-1,-1,1]],[9,"props_layout_remind_jumlah",false,33554432,1,[-110,-111],[[10,-109,[0,"86zlBStOVJWLfDpqXQ5/5A"]]],[1,"09+8V/EJFMy7TksjHklPTL",null,null,null,1,0],[1,184,-96,0]],[30,"spr_remind_text",33554432,20,[-114],[[2,-112,[0,"3a5Iy2QBBHKpbWioJMOD4D"],[5,80,260]],[11,1,0,-113,[0,"0cBncHINJH3YmLRrJGsXag"],53]],[1,"3b+txwhgdM/bX1sh8MVUgP",null,null,null,1,0],[1,154,-28,0],[3,0,0,0.7071067811865475,0.7071067811865476],[1,-1,1,1],[1,0,0,90]],[9,"props_layout_remind_kirim",false,33554432,1,[-116,-117],[[10,-115,[0,"37vQquga5P8LQs9bDvr2yN"]]],[1,"64+e+6kJRFnIxJAjGw92DL",null,null,null,1,0],[1,380,16,0]],[31,"spr_remind_text",33554432,22,[-120],[[2,-118,[0,"77065AM/NCXL1NjEx+6itu"],[5,80,260]],[11,1,0,-119,[0,"6dKBW2o3BCR4HpFVTuddlD"],55]],[1,"d82BjCe3tHnZ57AXbetHqe",null,null,null,1,0],[1,35,-261,0],[3,0,0,0.7071067811865475,0.7071067811865476],[1,0,0,90]],[17,"spr_withdrawal_bg",33554432,1,[[2,-121,[0,"1bQa4pJ4dO65qF2cKuZcLJ"],[5,982,670]],[8,-122,[0,"a96zTpd0VPFr1/Sw4JNxZO"],0,1]],[1,"37PytmXXhA24Y1EBhdx1bd",null,null,null,1,0]],[3,"spr_withdrawal_title",33554432,1,[[2,-123,[0,"10FfvRvDpDLr0R11ZMgvVL"],[5,234,80]],[22,0,-124,[0,"74dHVfa7xL4ZynfKYboAnJ"],2,3]],[1,"efKVXgHfJIqZVclxUwgnQJ",null,null,null,1,0],[1,28.8,285.212,0]],[20,"bar",33554432,4,[[[4,-125,[0,"d1jiAUGRdBqLXTxTAJi5Ka"],[5,10,156.25],[0,0,0]],-126],4,1],[1,"f8GUN6/hJMTZmAQwzC0luO",null,null,null,1,0],[1,-11,-31.25,0]],[3,"label_time",33554432,2,[[4,-127,[0,"7ehzFqz7xMdYLwqjbh++Uu"],[5,165.16,25.2],[0,0,0.5]],[7,"08/09/2020 17:50:02",18,18,20,-128,[0,"8b3O+SN4lId5Ur+T5p59n8"],[4,4287861656]]],[1,"61YkOtKF5N5qYTQTk2zpJi",null,null,null,1,0],[1,-104.947,48,0]],[3,"label_name",33554432,2,[[4,-129,[0,"42NMSifz9Fa7EQ+c2MHleg"],[5,124.08,25.2],[0,0,0.5]],[14,"User********323",18,18,20,-130,[0,"5cllKRwyNIZr7sGa+LP54P"]]],[1,"dfamlYejhLMrUAaKiXnOJS",null,null,null,1,0],[1,-104.947,20,0]],[3,"label_menarik_name",33554432,2,[[4,-131,[0,"b6Dx/yP5lBpLI9rPzD6UrS"],[5,67.03,25.2],[0,0,0.5]],[14,"Amount:",18,18,20,-132,[0,"97h/rrzRNNEqr00at/ewHL"]]],[1,"08ENuzMbBJ15q9DjC9usGW",null,null,null,1,0],[1,-105.947,-6,0]],[3,"label_menarik",33554432,2,[[4,-133,[0,"c2fDZMPkpKzq5fkZfGKlzq"],[5,120.09,25.2],[0,0,0.5]],[7,"56,555,555 RS",18,18,20,-134,[0,"bcqybGa35KnKbltn6J0EgK"],[4,4278938102]]],[1,"4aG588JdZK/I5R+UqnL5Cy",null,null,null,1,0],[1,-32.947,-6,0]],[3,"label_waktu",33554432,2,[[4,-135,[0,"7bhkZbAZ9MBq2Q0/qnjZUO"],[5,166.1,25.2],[0,0,0.5]],[7,"3 minutes 24 second",18,18,20,-136,[0,"69cMXuX8lOhaJdutllPtyx"],[4,4280654896]]],[1,"bbU/ONSoFHiJxX/cP0Ou8+",null,null,null,1,0],[1,-54.319,-34,0]],[3,"label_waktu_name",33554432,2,[[4,-137,[0,"55WS/2quhG6IEmwbB5I89X"],[5,44.33,25.2],[0,0,0.5]],[14,"Time:",18,18,20,-138,[0,"79gR5qMj5Kt5otmGXX71UW"]]],[1,"3cDzjcLQhI3ItKut0DrChc",null,null,null,1,0],[1,-105.947,-34,0]],[3,"spr_line",33554432,2,[[2,-139,[0,"dfFpdn+mhI6pZ3EHaEIc9n"],[5,214,1]],[22,0,-140,[0,"89ulzK16xPx6fCpN/fA3Cv"],5,6]],[1,"268iTDLS5FrLp7Qe1E15jd",null,null,null,1,0],[1,0,-50,0]],[3,"props_no_message",33554432,5,[[2,-141,[0,"06VsJ1Lq9MHJSxGRjufqsb"],[5,64.94,50.4]],[44,"loading...",16,16,-142,[0,"601ngtAvxD95iJ1xj/riNK"],[4,4282235895]]],[1,"c4TCr1qH9KzbN4HTvVXk8i",null,null,null,1,0],[1,4.199999999999989,-25.2,0]],[3,"spr_right_bg",33554432,1,[[4,-143,[0,"f40rMDvsVPQIx9IQpXEPfE"],[5,600,520],[0,0,0]],[5,1,0,-144,[0,"6f7/zcQIJKGJYJaNs9h8pY"],12,13]],[1,"1fX1Qv2INJY4PVAvjie07M",null,null,null,1,0],[1,-177.981,-285.81,0]],[3,"label_saldo",33554432,1,[[2,-145,[0,"39VHE8B9lKE5PDh5XciAF+"],[5,107.39,50.4]],[45,"Balance",28,28,true,-146,[0,"4bDR/xMutDq5mYcO/MkjkW"],[4,4280495728]]],[1,"02MqeEN39KSaBaWGKIRfus",null,null,null,1,0],[1,-65.85500000000013,175.212,0]],[3,"spr_gold",33554432,1,[[2,-147,[0,"7dy3Sye+dLz7rVfNdJTEyL"],[5,39,42]],[8,-148,[0,"adO9o9ZbNLUoWWFnHME/8S"],14,15]],[1,"6c6jhSgyJNUKqRM1bIBnkz",null,null,null,1,0],[1,23.908,172.695,0]],[3,"props_label_saldo_num",33554432,1,[[4,-149,[0,"f249xW/i1BSYA+UICwPz8j"],[5,286,40],[0,0,0.5]],[46,"0",0,16,22,2,false,-150,[0,"dean33PaFGLY/f2i5GKHPy"],[4,4289048032],16]],[1,"530heMrU9ADLoVRlygdQn5",null,null,null,1,0],[1,69.058,182.212,0]],[3,"label_rekening",33554432,1,[[2,-151,[0,"b8Pi1iBRZKT7ewM1+8LMyY"],[5,124.51,67.8]],[7,"Recipient \nAccount",28,28,30,-152,[0,"186SsoJdZFIKHAiFhNoOhf"],[4,4280495728]]],[1,"93cY5kQnRABaXJnmu5KfuG",null,null,null,1,0],[1,-74.41500000000008,77.21199999999999,0]],[3,"spr_rekening_bg",33554432,1,[[2,-153,[0,"ecLQdYpK1Irru6eTsAEi+a"],[5,400,100]],[5,1,0,-154,[0,"44s0yOCVtJgbqzApwaYtWO"],17,18]],[1,"74Toq81KZD7o7hVf9ndK2Z",null,null,null,1,0],[1,197.373,66.378,0]],[3,"label_rekening",33554432,16,[[2,-155,[0,"733V1IXmhPmLnWpSBWTzFF"],[5,215.95,58.76]],[23,"You haven't tied up a bank \ncard",0,18,18,26,-156,[0,"d2hrMX529JbovDJ7/Q1YrQ"],[4,4286489343]]],[1,"7cLUkABdpII6WdUtuHY8vE",null,null,null,1,0],[1,23.464,4.672,0]],[3,"spr_rekening_warning",33554432,16,[[2,-157,[0,"eaxziYRMJEdovt/r0LXcqK"],[5,24,24]],[5,1,0,-158,[0,"d5Vsz1mRBJzYTZ6D1u8rWR"],19,20]],[1,"e9Of1Mug1LaohP4sAKf5tq",null,null,null,1,0],[1,-122.536,0.672,0]],[3,"icon",33554432,17,[[2,-159,[0,"025rWqc1pD6pw712hoHLZL"],[5,106,44]],[38,-160,[0,"cadasuolRIqLFtfLXMCAK3"]]],[1,"abaSsE2EpKuL/efusU0fui",null,null,null,1,0],[1,-83.629,0,0]],[3,"account_number",33554432,17,[[4,-161,[0,"90Py0KRuxPObK8Gjp9crLA"],[5,117.45,50.4],[0,0,0.5]],[47,"882****234",24,24,-162,[0,"a0Oid8ErdO5LsXOr+JMgDz"]]],[1,"f5T8tWWOZJOIbyYFqI/5yM",null,null,null,1,0],[1,-14.305,0,0]],[3,"label_Jumlah",33554432,1,[[2,-163,[0,"6b9MXdOopLlb1mkXhCsL07"],[5,138.48,67.8]],[23,"Withdrawal\nAmount",2,28,28,30,-164,[0,"0dDlHRiehJZ4UJsuwQ7o7Y"],[4,4280495728]]],[1,"acXxpUFB1Gm67g7vMtD0vP",null,null,null,1,0],[1,-81.40000000000009,-41.78800000000001,0]],[3,"spr_jumlah_bg",33554432,1,[[2,-165,[0,"9esenOhrVHFYv2TVLLyVpF"],[5,300,56]],[5,1,0,-166,[0,"733GMdctVKnIfLUAsH0iyC"],24,25]],[1,"8dTvf3I0lBuo9hCf3AD+nZ",null,null,null,1,0],[1,150.8,-46.788,0]],[35,"TEXT_LABEL",false,33554432,6,[[[4,-167,[0,"cdGmWOJPpOdYckKjQ++9dg"],[5,198,40],[0,0,1]],-168],4,1],[1,"77EZd8bx9CMbdBZu9wQ78K",null,null,null,1,0],[1,-98,20,0]],[20,"PLACEHOLDER_LABEL",33554432,6,[[[4,-169,[0,"50m4DF9UdAt7KvOOr3zIno"],[5,198,40],[0,0,1]],-170],4,1],[1,"5ebSZmvVZOCqlc4L3q8V5w",null,null,null,1,0],[1,-98,20,0]],[13,"spr_withdrawal_subtract",false,33554432,1,[[2,-171,[0,"22ZzgI3pZBZ6k0p1lE2PRX"],[5,35,38]],[8,-172,[0,"b7j2JwI4lL8K8I0x7x0ksE"],29,30]],[1,"56EYulqVRPObtf4HOaGDgZ",null,null,null,1,0],[1,28.8,-46.788,0]],[13,"spr_withdrawal_add",false,33554432,1,[[2,-173,[0,"4eaZ53nY9E/5RDTOKilg8O"],[5,35,38]],[8,-174,[0,"e2O5H8yrlJaYnZMBL97es6"],34,35]],[1,"dani6lPD9KG6z9/6nZmHjh",null,null,null,1,0],[1,270.8,-46.788,0]],[13,"spr_withdrawal_max",false,33554432,1,[[2,-175,[0,"fdI4fSaD5Dd7x7AhWiPv09"],[5,93,54]],[8,-176,[0,"97AGrVegVLioRoSpTnv9Xo"],39,40]],[1,"59Wpj6ophLaKBc6oVZacjE",null,null,null,1,0],[1,345.662,-46.788,0]],[18,"finger1",33554432,18,[[2,-177,[0,"c7O3X3D2JN5Zmtx9zuBeAm"],[5,192.05,144.66]],[15,0,false,"default","animation",-178,[0,"48m9rldQxIzKHQrHyCZXwI"],50]],[1,"13I2McUVNO8Ic+SYqdzh7V",null,null,null,1,0],[1,-32,23,0],[1,0.8,0.8,1]],[19,"label_lkat",33554432,19,[[2,-179,[0,"101byPZMBOKIzYa95ZYpod"],[5,209.01,67.8]],[7,"Click the button to bind \nyour bank card",20,20,30,-180,[0,"83gvwQuZRBfoiIIEn5nIv2"],[4,4281027192]]],[1,"d0LR82ItVMaId2m5854m6T",null,null,null,1,0],[1,0,-6,0],[3,0,0,1,0],[1,180,180,0]],[17,"finger2",33554432,20,[[2,-181,[0,"0dHiWWqHNM+78AfHCUPkMg"],[5,72.98,73.44]],[15,0,false,"default","animation",-182,[0,"bb8VTxrxRN3ZR0BIqBi8sL"],52]],[1,"f7dmhvwbVEpKL089kTvE0r",null,null,null,1,0]],[32,"label_lkat",33554432,21,[[2,-183,[0,"6dgK0zURRGI7Cfm6DIPLI7"],[5,184.52,67.8]],[7,"Enter the amount \nyou wish to withdraw",20,20,30,-184,[0,"e5knR8H8pG0oDCjIKahq7z"],[4,4281027192]]],[1,"51Llc+xXJLk6RvlBuhlrko",null,null,null,1,0],[1,0,-6,0],[3,0,0,0.7071067811865475,0.7071067811865476],[1,-1,1,1],[1,0,0,90]],[18,"finger3",33554432,22,[[2,-185,[0,"4eCj0c9dNEWZLftVYMXC6G"],[5,192.05,144.66]],[15,0,false,"default","animation",-186,[0,"62Gf5P0xFNqbcUPHyGrIbJ"],54]],[1,"00kl1lLERNfoZoAVehKuMD",null,null,null,1,0],[1,-199.809,-235.012,0],[1,0.8,0.8,1]],[19,"label_lkat",33554432,23,[[2,-187,[0,"c1uH6u3INAhpijvkCH5Dc5"],[5,167.81,37.8]],[7,"Click Submit Order",20,20,30,-188,[0,"192QrXrohGlYA2IYsUpsnV"],[4,4281027192]]],[1,"cfwegxRwZFnaaIYww3P8ZI",null,null,null,1,0],[1,0,-6,0],[3,0,0,-0.7071067811865472,0.7071067811865478],[1,0,0,-90]],[3,"label_amount",33554432,1,[[2,-189,[0,"57iuLOdUxLN5ahDC8/WI7/"],[5,436.74,25.2]],[7,"Coins withdrawal range 100~50000,you should keep 0+ coins",16,16,20,-190,[0,"bc7n1j79BGMJqcPQjkontO"],[4,4284835217]]],[1,"1bijMh6p9NC79gLOeAmlNy",null,null,null,1,0],[1,183.463,-92.962,0]],[21,1,0,26,[0,"b0SapmrJNP7Z8ZZMrox/GF"]],[48,1,4,[0,"a6Q5UrSoFCnZK9mHdE2KX0"],59],[49,0.23,0.75,false,false,3,[0,"d3ISux97hOt47OTAQx1OYY"],5,60],[24,"",0,20,20,1,false,47,[0,"beFhn6XN5G+LJ0goUoN9VA"],[4,4291619323]],[24,"Enter amount here...",0,20,20,1,false,48,[0,"a2foQqcNlKJ5uGO6mM0UhI"],[4,4291619323]]],0,[0,7,1,0,0,1,0,0,1,0,-1,24,0,-2,25,0,-3,3,0,-4,8,0,-5,35,0,-6,36,0,-7,37,0,-8,38,0,-9,39,0,-10,40,0,-11,16,0,-12,17,0,-13,9,0,-14,45,0,-15,46,0,-16,6,0,-17,10,0,-18,49,0,-19,11,0,-20,50,0,-21,12,0,-22,51,0,-23,13,0,-24,14,0,-25,15,0,-26,18,0,-27,20,0,-28,22,0,-29,58,0,0,2,0,0,2,0,-1,27,0,-2,28,0,-3,29,0,-4,30,0,-5,31,0,-6,32,0,-7,33,0,0,3,0,0,3,0,-3,61,0,-1,4,0,-2,7,0,0,4,0,0,4,0,0,4,0,-4,60,0,-1,26,0,0,5,0,0,5,0,-2,34,0,0,6,0,0,6,0,8,63,0,9,62,0,0,6,0,-1,47,0,-2,48,0,0,7,0,0,7,0,0,7,0,0,8,0,0,8,0,3,8,0,0,8,0,0,9,0,0,9,0,3,9,0,0,9,0,0,10,0,0,10,0,3,10,0,0,10,0,0,11,0,0,11,0,3,11,0,0,11,0,0,12,0,0,12,0,3,12,0,0,12,0,0,13,0,0,13,0,3,13,0,0,13,0,0,14,0,0,14,0,3,14,0,0,14,0,0,15,0,0,15,0,3,15,0,0,15,0,0,16,0,-1,41,0,-2,42,0,0,17,0,-1,43,0,-2,44,0,0,18,0,-1,52,0,-2,19,0,0,19,0,0,19,0,-1,53,0,0,20,0,-1,54,0,-2,21,0,0,21,0,0,21,0,-1,55,0,0,22,0,-1,56,0,-2,23,0,0,23,0,0,23,0,-1,57,0,0,24,0,0,24,0,0,25,0,0,25,0,0,26,0,-2,59,0,0,27,0,0,27,0,0,28,0,0,28,0,0,29,0,0,29,0,0,30,0,0,30,0,0,31,0,0,31,0,0,32,0,0,32,0,0,33,0,0,33,0,0,34,0,0,34,0,0,35,0,0,35,0,0,36,0,0,36,0,0,37,0,0,37,0,0,38,0,0,38,0,0,39,0,0,39,0,0,40,0,0,40,0,0,41,0,0,41,0,0,42,0,0,42,0,0,43,0,0,43,0,0,44,0,0,44,0,0,45,0,0,45,0,0,46,0,0,46,0,0,47,0,-2,62,0,0,48,0,-2,63,0,0,49,0,0,49,0,0,50,0,0,50,0,0,51,0,0,51,0,0,52,0,0,52,0,0,53,0,0,53,0,0,54,0,0,54,0,0,55,0,0,55,0,0,56,0,0,56,0,0,57,0,0,57,0,0,58,0,0,58,0,10,1,2,6,5,5,6,7,60,11,61,190],[0,0,0,0,0,0,0,0,0,0,0,0,0,0,0,0,0,0,0,0,0,0,0,0,0,0,0,0,0,0,0,0,0,0,0,0,0,0,0,0,0,0,0,0,0,0,0,0,0,0,0,0,0,0,0,0,59],[1,2,1,2,1,1,2,1,2,1,2,4,1,2,1,2,12,1,2,1,2,1,2,4,1,2,1,2,4,1,2,1,2,4,1,2,1,2,4,1,2,1,2,4,1,2,4,1,2,4,5,1,5,1,5,1,1],[14,15,16,0,17,18,0,2,0,4,0,4,19,20,21,1,22,2,1,23,1,5,0,5,2,1,6,0,6,24,0,7,0,7,25,0,8,0,8,26,0,9,1,9,10,27,10,11,28,11,12,3,29,3,12,3,30]],[[[16,"1","\r\n1.png\r\nsize: 162,163\r\nformat: RGBA8888\r\nfilter: Linear,Linear\r\nrepeat: none\r\nshouzhi\r\n  rotate: false\r\n  xy: 2, 2\r\n  size: 158, 159\r\n  orig: 160, 161\r\n  offset: 1, 1\r\n  index: -1\r\n",["1.png"],{"skeleton":{"hash":"MroBGxCPIm35ZtZSiBeCZjsh6Qk","spine":"3.8.99","x":-36.49,"y":-36.72,"width":72.98,"height":73.44,"images":"./images/","audio":"D:/12月/手指按钮"},"bones":[{"name":"root","scaleX":0.4555,"scaleY":0.4555},{"name":"shouzhi","parent":"root","length":58.29,"rotation":133.03}],"slots":[{"name":"shouzhi","bone":"shouzhi","attachment":"shouzhi"}],"skins":[{"name":"default","attachments":{"shouzhi":{"shouzhi":{"rotation":-133.1,"width":160,"height":161}}}}],"animations":{"animation":{"bones":{"shouzhi":{"translate":[{"x":-18.17,"y":19.47},{"time":0.5},{"time":1,"x":-11.4,"y":12.21},{"time":1.5},{"time":1.8333,"x":-18.17,"y":19.47}]}}}}},[0]]],0,0,[0],[-1],[31]]]]
