[1,["1ac5d6488@6c48a"],["_textureSource"],["cc.SpriteFrame","cc.SpriteAtlas"],0,[[[{"name":"bg_kefu_zuo","rect":{"x":309,"y":3,"width":31,"height":710},"offset":{"x":0,"y":0},"originalSize":{"width":31,"height":710},"rotated":false,"capInsets":[0,0,0,0],"packable":true,"pixelsToUnit":100,"pivot":{"x":0.5,"y":0.5},"meshType":0}],[0],0,[0],[0],[0]],[[{"name":"Situs Resmi","rect":{"x":3,"y":198,"width":105,"height":50},"offset":{"x":0,"y":0},"originalSize":{"width":105,"height":50},"rotated":false,"capInsets":[0,0,0,0],"packable":true,"pixelsToUnit":100,"pivot":{"x":0.5,"y":0.5},"meshType":0}],[0],0,[0],[0],[0]],[[{"name":"btn_dt_kefu_liulanqi","rect":{"x":203,"y":20,"width":85,"height":69},"offset":{"x":0,"y":0},"originalSize":{"width":85,"height":69},"rotated":true,"capInsets":[0,0,0,0],"packable":true,"pixelsToUnit":100,"pivot":{"x":0.5,"y":0.5},"meshType":0}],[0],0,[0],[0],[0]],[[{"name":"Telegram2","rect":{"x":74,"y":126,"width":66,"height":67},"offset":{"x":0,"y":0},"originalSize":{"width":66,"height":67},"rotated":true,"capInsets":[0,0,0,0],"packable":true,"pixelsToUnit":100,"pivot":{"x":0.5,"y":0.5},"meshType":0}],[0],0,[0],[0],[0]],[[{"name":"icon_kefu_liulanqi","rect":{"x":3,"y":126,"width":64,"height":65},"offset":{"x":0,"y":0},"originalSize":{"width":64,"height":65},"rotated":true,"capInsets":[0,0,0,0],"packable":true,"pixelsToUnit":100,"pivot":{"x":0.5,"y":0.5},"meshType":0}],[0],0,[0],[0],[0]],[[{"name":"auto_service","spriteFrames":[]}],[1],0,[],[],[]],[[{"name":"btn_dt_kehu_fanhui","rect":{"x":137,"y":20,"width":70,"height":60},"offset":{"x":0,"y":0},"originalSize":{"width":70,"height":60},"rotated":true,"capInsets":[0,0,0,0],"packable":true,"pixelsToUnit":100,"pivot":{"x":0.5,"y":0.5},"meshType":0}],[0],0,[0],[0],[0]],[[{"name":"btn_bet_deer","rect":{"x":3,"y":3,"width":1,"height":1},"offset":{"x":0.5,"y":-0.5},"originalSize":{"width":2,"height":2},"rotated":false,"capInsets":[0,0,0,0],"packable":true,"pixelsToUnit":100,"pivot":{"x":0.5,"y":0.5},"meshType":0}],[0],0,[0],[0],[0]],[[{"name":"Telegram","rect":{"x":3,"y":89,"width":128,"height":31},"offset":{"x":0,"y":0},"originalSize":{"width":128,"height":31},"rotated":false,"capInsets":[0,0,0,0],"packable":true,"pixelsToUnit":100,"pivot":{"x":0.5,"y":0.5},"meshType":0}],[0],0,[0],[0],[0]],[[{"name":"icon_kefu_guanwnag","rect":{"x":63,"y":20,"width":62,"height":63},"offset":{"x":0,"y":0},"originalSize":{"width":62,"height":63},"rotated":false,"capInsets":[0,0,0,0],"packable":true,"pixelsToUnit":100,"pivot":{"x":0.5,"y":0.5},"meshType":0}],[0],0,[0],[0],[0]],[[{"name":"bg_kefu_you","rect":{"x":279,"y":3,"width":24,"height":708},"offset":{"x":0,"y":0},"originalSize":{"width":24,"height":708},"rotated":false,"capInsets":[0,0,0,0],"packable":true,"pixelsToUnit":100,"pivot":{"x":0.5,"y":0.5},"meshType":0}],[0],0,[0],[0],[0]],[[{"name":"bg_dt_kefu_di","rect":{"x":3,"y":254,"width":92,"height":92},"offset":{"x":0,"y":0},"originalSize":{"width":92,"height":92},"rotated":false,"capInsets":[0,0,0,0],"packable":true,"pixelsToUnit":100,"pivot":{"x":0.5,"y":0.5},"meshType":0}],[0],0,[0],[0],[0]],[[{"name":"bg_kefu_zuobox","rect":{"x":346,"y":3,"width":386,"height":714},"offset":{"x":0,"y":0},"originalSize":{"width":386,"height":714},"rotated":false,"capInsets":[0,0,0,0],"packable":true,"pixelsToUnit":100,"pivot":{"x":0.5,"y":0.5},"meshType":0}],[0],0,[0],[0],[0]],[[{"name":"bg_kefu_fengexian ","rect":{"x":3,"y":10,"width":270,"height":4},"offset":{"x":0,"y":0},"originalSize":{"width":270,"height":4},"rotated":false,"capInsets":[0,0,0,0],"packable":true,"pixelsToUnit":100,"pivot":{"x":0.5,"y":0.5},"meshType":0}],[0],0,[0],[0],[0]],[[{"name":"Peramban Terbuka","rect":{"x":147,"y":111,"width":109,"height":61},"offset":{"x":0,"y":0},"originalSize":{"width":109,"height":61},"rotated":true,"capInsets":[0,0,0,0],"packable":true,"pixelsToUnit":100,"pivot":{"x":0.5,"y":0.5},"meshType":0}],[0],0,[0],[0],[0]],[[{"name":"bg_kefu_youbeijing","rect":{"x":3,"y":20,"width":54,"height":54},"offset":{"x":0,"y":0},"originalSize":{"width":54,"height":54},"rotated":false,"capInsets":[0,0,0,0],"packable":true,"pixelsToUnit":100,"pivot":{"x":0.5,"y":0.5},"meshType":0}],[0],0,[0],[0],[0]]]]
