[1,["72W2ILio5Nv737kUqHy9NN","f9BMlbGEJE47w+IRZicMW8@f9941","d9kfOlASJOgIpWGjpdyBlR@f9941","a5eg5rKGdACZWnOLhGF5mF@6c48a","28rDEcFUhCa4xyiI0Sh7HC@f9941","dbNYN1HZlLL7pciWn5txVA@f9941","4fAOlXOpJJe61iul3Whwxx","282D+ZUKBNGI8EekgHxthZ@f9941","f7NQzKOYdFrpWSFgsw73z1@f9941","aay3tx1+FIH7xiYKb5Sekw@f9941","2e2QrfplZA8qGofb3c/GKg@f9941","b6PLTohjZEJ5LgsqnjKtiX@f9941","d0Kg4u7hRK9oluUmkGDTJS@f9941","2dkQv/+3hJNb3KgHDmku32","a4SXkAKKxFMaCldLv7Riu6","eaWQUhOa9FUq+FVS7qU7Ep@6c48a"],["node","_spriteFrame","_atlas","_normalSprite","_skeletonData","root","_target","data","_font"],[["cc.Node",["_name","_active","_components","_prefab","_parent","_lpos","_children","_lrot","_euler"],1,9,4,1,5,2,5,5],["cc.UITransform",["node","__prefab","_contentSize","_anchorPoint"],3,1,4,5,5],["cc.Sprite",["_sizeMode","node","__prefab","_spriteFrame","_atlas"],2,1,4,6,6],["cc.Button",["_transition","_zoomScale","node","__prefab","_normalSprite","_target"],1,1,4,6,1],["cc.Label",["_string","_actualFontSize","_fontSize","_lineHeight","_overflow","_enableWrapText","_isSystemFontUsed","_isBold","node","__prefab","_font","_color"],-5,1,4,6,5],["sp.SkeletonData",["_name","_atlasText","textureNames","_skeletonJson","textures"],-1,3],["cc.Prefab",["_name"],2],["cc.CompPrefabInfo",["fileId"],2],["cc.PrefabInfo",["fileId","instance","targetOverrides","nestedPrefabInstanceRoots","root","asset"],-1,1,1],["cc.LabelOutline",["_width","node","__prefab","_color"],2,1,4,5],["sp.Skeleton",["_preCacheMode","_premultipliedAlpha","defaultSkin","defaultAnimation","node","__prefab","_skeletonData"],-1,1,4,6]],[[7,0,2],[8,0,1,2,3,4,5,5],[1,0,1,2,1],[0,0,4,2,3,5,2],[2,1,2,3,4,1],[0,0,4,2,3,5,7,8,2],[5,0,1,2,3,4,5],[0,0,4,6,2,3,5,2],[0,0,1,4,2,3,5,3],[1,0,1,2,3,1],[4,0,1,2,3,8,9,11,5],[10,0,1,2,3,4,5,6,5],[6,0,2],[0,0,6,2,3,2],[0,0,1,4,6,2,3,5,3],[2,0,1,2,3,4,2],[3,0,1,2,3,5,4,3],[3,0,1,2,3,4,3],[4,0,1,2,3,4,5,6,7,8,9,10,9],[9,0,1,2,3,2]],[[[[6,"xingguangshanshan","\r\nxingguangshanshan.png\r\nsize: 1048,612\r\nformat: RGBA8888\r\nfilter: Linear,Linear\r\nrepeat: none\r\nxingxingshanshuo_00000\r\n  rotate: true\r\n  xy: 724, 2\r\n  size: 269, 163\r\n  orig: 271, 165\r\n  offset: 1, 1\r\n  index: -1\r\nxingxingshanshuo_00001\r\n  rotate: true\r\n  xy: 724, 2\r\n  size: 269, 163\r\n  orig: 271, 165\r\n  offset: 1, 1\r\n  index: -1\r\nxingxingshanshuo_00002\r\n  rotate: true\r\n  xy: 889, 39\r\n  size: 281, 157\r\n  orig: 283, 159\r\n  offset: 1, 1\r\n  index: -1\r\nxingxingshanshuo_00003\r\n  rotate: true\r\n  xy: 889, 39\r\n  size: 281, 157\r\n  orig: 283, 159\r\n  offset: 1, 1\r\n  index: -1\r\nxingxingshanshuo_00004\r\n  rotate: true\r\n  xy: 874, 322\r\n  size: 288, 145\r\n  orig: 290, 147\r\n  offset: 1, 1\r\n  index: -1\r\nxingxingshanshuo_00005\r\n  rotate: true\r\n  xy: 718, 273\r\n  size: 337, 154\r\n  orig: 339, 156\r\n  offset: 1, 1\r\n  index: -1\r\nxingxingshanshuo_00006\r\n  rotate: true\r\n  xy: 718, 273\r\n  size: 337, 154\r\n  orig: 339, 156\r\n  offset: 1, 1\r\n  index: -1\r\nxingxingshanshuo_00007\r\n  rotate: true\r\n  xy: 558, 267\r\n  size: 343, 158\r\n  orig: 345, 160\r\n  offset: 1, 1\r\n  index: -1\r\nxingxingshanshuo_00008\r\n  rotate: true\r\n  xy: 558, 267\r\n  size: 343, 158\r\n  orig: 345, 160\r\n  offset: 1, 1\r\n  index: -1\r\nxingxingshanshuo_00009\r\n  rotate: true\r\n  xy: 382, 262\r\n  size: 348, 174\r\n  orig: 350, 176\r\n  offset: 1, 1\r\n  index: -1\r\nxingxingshanshuo_00010\r\n  rotate: false\r\n  xy: 381, 40\r\n  size: 341, 182\r\n  orig: 343, 184\r\n  offset: 1, 1\r\n  index: -1\r\nxingxingshanshuo_00011\r\n  rotate: false\r\n  xy: 381, 40\r\n  size: 341, 182\r\n  orig: 343, 184\r\n  offset: 1, 1\r\n  index: -1\r\nxingxingshanshuo_00012\r\n  rotate: false\r\n  xy: 2, 26\r\n  size: 377, 184\r\n  orig: 379, 186\r\n  offset: 1, 1\r\n  index: -1\r\nxingxingshanshuo_00013\r\n  rotate: false\r\n  xy: 2, 26\r\n  size: 377, 184\r\n  orig: 379, 186\r\n  offset: 1, 1\r\n  index: -1\r\nxingxingshanshuo_00014\r\n  rotate: true\r\n  xy: 198, 224\r\n  size: 386, 182\r\n  orig: 388, 184\r\n  offset: 1, 1\r\n  index: -1\r\nxingxingshanshuo_00015\r\n  rotate: true\r\n  xy: 2, 212\r\n  size: 398, 194\r\n  orig: 400, 196\r\n  offset: 1, 1\r\n  index: -1\r\n",["xingguangshanshan.png"],{"skeleton":{"hash":"/kj090+qVwTN/0v/YVTYVrXWuY0","spine":"3.8.99","x":-211.48,"y":-264.43,"width":400,"height":196,"images":"../转盘/动画/转盘抽奖/images/","audio":""},"bones":[{"name":"root"},{"name":"xingxingshanshuo_00000","parent":"root","length":24.19,"rotation":90,"x":-32.04,"y":-179.71}],"slots":[{"name":"xingxingshanshuo_00000","bone":"xingxingshanshuo_00000","attachment":"xingxingshanshuo_00015"}],"skins":[{"name":"default","attachments":{"xingxingshanshuo_00000":{"xingxingshanshuo_00000":{"x":-10.23,"y":22.94,"rotation":-90,"width":271,"height":165},"xingxingshanshuo_00001":{"x":-10.23,"y":22.94,"rotation":-90,"width":271,"height":165},"xingxingshanshuo_00002":{"x":-5.23,"y":17.94,"rotation":-90,"width":283,"height":159},"xingxingshanshuo_00003":{"x":-5.23,"y":17.94,"rotation":-90,"width":283,"height":159},"xingxingshanshuo_00004":{"x":-1.23,"y":13.44,"rotation":-90,"width":290,"height":147},"xingxingshanshuo_00005":{"x":-8.73,"y":-15.06,"rotation":-90,"width":339,"height":156},"xingxingshanshuo_00006":{"x":-8.73,"y":-15.06,"rotation":-90,"width":339,"height":156},"xingxingshanshuo_00007":{"x":-15.73,"y":-22.06,"rotation":-90,"width":345,"height":160},"xingxingshanshuo_00008":{"x":-15.73,"y":-22.06,"rotation":-90,"width":345,"height":160},"xingxingshanshuo_00009":{"x":-11.73,"y":-29.56,"rotation":-90,"width":350,"height":176},"xingxingshanshuo_00010":{"x":-3.73,"y":-41.06,"rotation":-90,"width":343,"height":184},"xingxingshanshuo_00011":{"x":-3.73,"y":-41.06,"rotation":-90,"width":343,"height":184},"xingxingshanshuo_00012":{"x":6.27,"y":-26.06,"rotation":-90,"width":379,"height":186},"xingxingshanshuo_00013":{"x":6.27,"y":-26.06,"rotation":-90,"width":379,"height":186},"xingxingshanshuo_00014":{"x":15.27,"y":-22.56,"rotation":-90,"width":388,"height":184},"xingxingshanshuo_00015":{"x":13.27,"y":-20.56,"rotation":-90,"width":400,"height":196}}}}],"animations":{"animation":{"slots":{"xingxingshanshuo_00000":{"attachment":[{"name":"xingxingshanshuo_00000"},{"time":0.0667,"name":"xingxingshanshuo_00001"},{"time":0.1333,"name":"xingxingshanshuo_00002"},{"time":0.2,"name":"xingxingshanshuo_00003"},{"time":0.2667,"name":"xingxingshanshuo_00004"},{"time":0.3333,"name":"xingxingshanshuo_00005"},{"time":0.4,"name":"xingxingshanshuo_00006"},{"time":0.4667,"name":"xingxingshanshuo_00007"},{"time":0.5333,"name":"xingxingshanshuo_00008"},{"time":0.6,"name":"xingxingshanshuo_00009"},{"time":0.6667,"name":"xingxingshanshuo_00010"},{"time":0.7333,"name":"xingxingshanshuo_00011"},{"time":0.8,"name":"xingxingshanshuo_00012"},{"time":0.8667,"name":"xingxingshanshuo_00013"},{"time":0.9333,"name":"xingxingshanshuo_00014"},{"time":1,"name":"xingxingshanshuo_00015"},{"time":1.0667,"name":"xingxingshanshuo_00000"},{"time":1.1333,"name":"xingxingshanshuo_00001"},{"time":1.2,"name":"xingxingshanshuo_00002"},{"time":1.2667,"name":"xingxingshanshuo_00003"},{"time":1.3333,"name":"xingxingshanshuo_00004"},{"time":1.4,"name":"xingxingshanshuo_00005"},{"time":1.4667,"name":"xingxingshanshuo_00006"},{"time":1.5333,"name":"xingxingshanshuo_00007"},{"time":1.6,"name":"xingxingshanshuo_00008"},{"time":1.6667,"name":"xingxingshanshuo_00009"},{"time":1.7333,"name":"xingxingshanshuo_00010"},{"time":1.8667,"name":"xingxingshanshuo_00011"},{"time":1.9333,"name":"xingxingshanshuo_00012"},{"time":2,"name":"xingxingshanshuo_00013"},{"time":2.0667,"name":"xingxingshanshuo_00014"},{"time":2.1333,"name":"xingxingshanshuo_00015"},{"time":2.2,"name":"xingxingshanshuo_00000"},{"time":2.2667,"name":"xingxingshanshuo_00001"},{"time":2.3333,"name":"xingxingshanshuo_00002"},{"time":2.4,"name":"xingxingshanshuo_00003"},{"time":2.4667,"name":"xingxingshanshuo_00004"},{"time":2.5333,"name":"xingxingshanshuo_00005"},{"time":2.6,"name":"xingxingshanshuo_00006"}]}},"bones":{"xingxingshanshuo_00000":{"translate":[{"time":1.3333,"x":2.02}]}}}}},[0]]],0,0,[0],[-1],[3]],[[[12,"node_turntable2"],[13,"node_turntable2",[-3,-4,-5,-6,-7,-8,-9,-10,-11,-12,-13],[[2,-2,[0,"85GuIbHKBJ5qExI7ZaEDpj"],[5,1600,800]]],[1,"c46/YsCPVOJYA4mWEpNYRx",null,null,null,-1,0]],[7,"props_spr_truntable",1,[-16,-17,-18,-19,-20,-21,-22,-23],[[2,-14,[0,"4fFkqJLrtMiaHrMhcybccf"],[5,351,350]],[4,-15,[0,"64UqbCFjFGQoidZLSRnZSS"],7,8]],[1,"8fcBg/huNOP7X/pzuee4Ud",null,null,null,1,0],[1,1.1368683772161603e-13,31,0]],[7,"props_btn_turntable_arow",1,[-28,-29],[[2,-24,[0,"b6x7I41WBL8JhTFBW+ic1X"],[5,122,135]],[4,-25,[0,"8e74AIn29IlbRlQG5NwNOU"],11,12],[16,3,0.9,-27,[0,"0dtOt3e6xPKKv14lF/pswv"],-26,13]],[1,"82tWzElklNo5+eZZfM59n7",null,null,null,1,0],[1,1.1368683772161603e-13,43,0]],[14,"props_tum_gift",false,2,[-32],[[2,-30,[0,"362OLc/LxKdaFzAEMqD79U"],[5,64,60]],[4,-31,[0,"eeKVhGXu5DorAIR+sBhHXV"],5,6]],[1,"24k1BC2oBCML8GIJFZAtJp",null,null,null,1,0],[1,-993.188,-231.844,0]],[3,"props_gift_name",4,[[2,-33,[0,"1bnehZeM9NnJecA1PnAZu7"],[5,60.6,20]],[18,"5000",12,12,20,2,false,false,true,-34,[0,"08k0XHtMdG+L8P1yZX0wBD"],4],[19,1,-35,[0,"d0J2rh3bBEZ4wBcyUU9at0"],[4,4278913999]]],[1,"7b6e67QERJcqSXYaUWTnOQ",null,null,null,1,0],[1,0,-33,0]],[3,"props_btn_off",1,[[2,-36,[0,"adHdMzV79Dx71LBVBjldwg"],[5,57,56]],[4,-37,[0,"e8HEXxfRJKdJHLQIj5xRdX"],18,19],[17,3,0.9,-38,[0,"82xXec4g5KuLwRww6l87Jn"],20]],[1,"0bXfdfxRNMpK395un6RyqK",null,null,null,1,0],[1,330,230,0]],[3,"spr_turntable_bg_di",1,[[2,-39,[0,"423E44mDFOaKR4RD8F2Kga"],[5,703,341]],[4,-40,[0,"14cmW4I6ZDQIIIvYoDEsU9"],0,1]],[1,"6dUqxVbAlIW6SzVpB8CIUU",null,null,null,1,0],[1,0,-95,0]],[8,"spr_bg",false,1,[[2,-41,[0,"61dg9I+e1EpZVIReZrT0iZ"],[5,628,503]],[4,-42,[0,"f59jZqr4tD0oD1o530R6qe"],2,3]],[1,"04fm54iNlNmItKlMAuVXex",null,null,null,1,0],[1,-1,-8,0]],[3,"spr_turntable_bg_cricle",1,[[2,-43,[0,"b4fOJ7gMlNWaHMpnCOO9HR"],[5,395,396]],[4,-44,[0,"4fXnRbe9dCXJj9GHGkHkKT"],9,10]],[1,"6bPNytvLdA8YcK+s8p+hlQ",null,null,null,1,0],[1,0,31,0]],[3,"label_text",3,[[2,-45,[0,"39ypUxxW1FZ5LUmPByJcD8"],[5,76.48,20.16]],[10,"Remaining",16,16,0,-46,[0,"ffzD6jwnxKOJmA3EWaAFob"],[4,4278253311]]],[1,"75MQS26ipDz7aJ9GGhPbqO",null,null,null,1,0],[1,-1.1368683772161603e-13,-20,0]],[3,"props_label_times",3,[[2,-47,[0,"02LSeuNexPiKe62ElH82Dl"],[5,51.57,20.16]],[10,"0 times",16,16,0,-48,[0,"d8fJEWCsFMkaGkC6M08k2G"],[4,4278253311]]],[1,"4eqIeHjL9NP6SDj73E7PEw",null,null,null,1,0],[1,-1.1368683772161603e-13,-35.976,0]],[8,"spr_up_light",false,1,[[2,-49,[0,"4bb22EsnpN8IyQLMe+hTmf"],[5,624,166]],[4,-50,[0,"efrl/NJ3xABITDetUzSYmc"],14,15]],[1,"44hL8h3N9GcqCmqY4myRgi",null,null,null,1,0],[1,62,-152,0]],[3,"spr_up_gift",1,[[2,-51,[0,"688+5w+WBOdK3+uZAFWHxx"],[5,436,160]],[4,-52,[0,"70UszTqAZJ1Y+LgKFFydtD"],16,17]],[1,"d2LiyZeHNCFp7UR69N0cQ0",null,null,null,1,0],[1,13,-177,0]],[3,"spr_turntable_up",1,[[2,-53,[0,"77hHI2G21AM5JtihDJUjLA"],[5,421,511]],[15,0,-54,[0,"52xZwpiEdM3KROBHHgyIWW"],21,22]],[1,"3dpdXjRPVIB7i0wTtqfBoj",null,null,null,1,0],[1,0,10,0]],[3,"skeleton_gift",1,[[9,-55,[0,"03xTysFmZMgY82nlf1oKiE"],[5,400,196],[0,0.5287,1.3491326530612244]],[11,0,false,"default","animation",-56,[0,"83brJ7mGdEjr57Rq0gTZEu"],23]],[1,"0f/7TAVFtNEK2WJaMH5DZM",null,null,null,1,0],[1,0,26,0]],[3,"skeleton_star_up",1,[[9,-57,[0,"8926wnp0NCu4coQ82aA+4L"],[5,178.69,126.74],[0,1.1697912586042867,1.2932775761401294]],[11,0,false,"default","animation",-58,[0,"98HDW2EX9DVKgoyy2GYXHp"],24]],[1,"6crEpcLwZINZXZGwJH57Bw",null,null,null,1,0],[1,-6,-12,0]],[5,"gift_1",2,[[2,-59,[0,"08EZNk5iZJv6d4NldckpdG"],[5,64,60]]],[1,"51E1SrMwdGNJByGrzWGuPb",null,null,null,1,0],[1,125.679,59.946,0],[3,0,0,-0.5336145159156115,0.8457278217039733],[1,0,0,-64.5]],[5,"gift_2",2,[[2,-60,[0,"f0wHTjgqZPDo4eZq5I0LPe"],[5,64,60]]],[1,"260GRCVvJL5Jf2jgFg2pvU",null,null,null,1,0],[1,22.467,134.26,0],[3,0,0,-0.08280820751220434,0.9965655024977614],[1,0,0,-9.5]],[5,"gift_3",2,[[2,-61,[0,"acDFBkmhlAV5i2hArGcfR+"],[5,64,60]]],[1,"beQfumkJBDPaHCHMQejmer",null,null,null,1,0],[1,-104.626,89.359,0],[3,0,0,0.4186597375374281,0.9081431738250814],[1,0,0,49.5]],[5,"gift_4",2,[[2,-62,[0,"4en/sPWdZDBoCQxDEZMvY8"],[5,64,60]]],[1,"ebjFosHStJb7eXhJE2BjLz",null,null,null,1,0],[1,-133.472,-34.518,0],[3,0,0,0.7906895737438433,0.6122172800344493],[1,0,0,104.5]],[5,"gift_5",2,[[2,-63,[0,"a3E5/gnH9P578gqvGYSlHT"],[5,64,60]]],[1,"37kLW9hhtNqLGHOcaVeQGA",null,null,null,1,0],[1,-47.877,-128.053,0],[3,0,0,0.9840406976462909,0.1779435454738418],[1,0,0,159.5]],[5,"gift_6",2,[[2,-64,[0,"82nmkDIz9GOJBPXGzw1Dcu"],[5,64,60]]],[1,"ec8RyE4jBNPopoRpQt0iBx",null,null,null,1,0],[1,78.599,-114.363,0],[3,0,0,0.9550199444571866,-0.29654157497557104],[1,0,0,214.5]],[5,"gift_7",2,[[2,-65,[0,"0edju5TblEbaxuqUjHxAdy"],[5,64,60]]],[1,"83mstXiQdO47jSirYSqFSg",null,null,null,1,0],[1,135.073,-36.193,0],[3,0,0,-0.7933533402912352,0.6087614290087207],[1,0,0,-105]]],0,[0,5,1,0,0,1,0,-1,7,0,-2,8,0,-3,2,0,-4,9,0,-5,3,0,-6,12,0,-7,13,0,-8,6,0,-9,14,0,-10,15,0,-11,16,0,0,2,0,0,2,0,-1,17,0,-2,18,0,-3,19,0,-4,20,0,-5,21,0,-6,22,0,-7,23,0,-8,4,0,0,3,0,0,3,0,6,3,0,0,3,0,-1,10,0,-2,11,0,0,4,0,0,4,0,-1,5,0,0,5,0,0,5,0,0,5,0,0,6,0,0,6,0,0,6,0,0,7,0,0,7,0,0,8,0,0,8,0,0,9,0,0,9,0,0,10,0,0,10,0,0,11,0,0,11,0,0,12,0,0,12,0,0,13,0,0,13,0,0,14,0,0,14,0,0,15,0,0,15,0,0,16,0,0,16,0,0,17,0,0,18,0,0,19,0,0,20,0,0,21,0,0,22,0,0,23,0,7,1,65],[0,0,0,0,0,0,0,0,0,0,0,0,0,0,0,0,0,0,0,0,0,0,0,0,0],[1,2,1,2,8,1,2,1,2,1,2,1,2,3,1,2,1,2,1,2,3,1,2,4,4],[4,0,5,0,6,7,0,8,0,9,0,1,0,1,10,0,11,0,2,0,2,12,0,13,14]],[[[6,"aixinshanshan","\r\naixinshanshan.png\r\nsize: 384,81\r\nformat: RGBA8888\r\nfilter: Linear,Linear\r\nrepeat: none\r\n01\r\n  rotate: false\r\n  xy: 2, 5\r\n  size: 19, 19\r\n  orig: 21, 21\r\n  offset: 1, 1\r\n  index: -1\r\n010\r\n  rotate: true\r\n  xy: 55, 37\r\n  size: 42, 36\r\n  orig: 44, 39\r\n  offset: 1, 1\r\n  index: -1\r\n011\r\n  rotate: true\r\n  xy: 93, 37\r\n  size: 42, 36\r\n  orig: 44, 39\r\n  offset: 1, 2\r\n  index: -1\r\n012\r\n  rotate: false\r\n  xy: 251, 44\r\n  size: 42, 35\r\n  orig: 45, 38\r\n  offset: 2, 1\r\n  index: -1\r\n013\r\n  rotate: true\r\n  xy: 131, 37\r\n  size: 42, 36\r\n  orig: 46, 39\r\n  offset: 2, 2\r\n  index: -1\r\n014\r\n  rotate: false\r\n  xy: 191, 2\r\n  size: 40, 34\r\n  orig: 43, 38\r\n  offset: 1, 2\r\n  index: -1\r\n015\r\n  rotate: false\r\n  xy: 338, 45\r\n  size: 39, 34\r\n  orig: 42, 38\r\n  offset: 2, 2\r\n  index: -1\r\n016\r\n  rotate: false\r\n  xy: 55, 2\r\n  size: 38, 33\r\n  orig: 42, 37\r\n  offset: 2, 2\r\n  index: -1\r\n02\r\n  rotate: true\r\n  xy: 164, 8\r\n  size: 27, 25\r\n  orig: 31, 28\r\n  offset: 2, 1\r\n  index: -1\r\n03\r\n  rotate: false\r\n  xy: 95, 3\r\n  size: 36, 32\r\n  orig: 39, 35\r\n  offset: 2, 2\r\n  index: -1\r\n04\r\n  rotate: true\r\n  xy: 320, 2\r\n  size: 40, 35\r\n  orig: 43, 38\r\n  offset: 2, 1\r\n  index: -1\r\n05\r\n  rotate: false\r\n  xy: 277, 7\r\n  size: 41, 35\r\n  orig: 44, 38\r\n  offset: 1, 2\r\n  index: -1\r\n06\r\n  rotate: true\r\n  xy: 169, 38\r\n  size: 41, 36\r\n  orig: 44, 38\r\n  offset: 1, 1\r\n  index: -1\r\n07\r\n  rotate: false\r\n  xy: 295, 44\r\n  size: 41, 35\r\n  orig: 44, 38\r\n  offset: 1, 2\r\n  index: -1\r\n08\r\n  rotate: false\r\n  xy: 207, 44\r\n  size: 42, 35\r\n  orig: 44, 38\r\n  offset: 1, 2\r\n  index: -1\r\n09\r\n  rotate: false\r\n  xy: 233, 7\r\n  size: 42, 35\r\n  orig: 44, 39\r\n  offset: 1, 2\r\n  index: -1\r\nxing1\r\n  rotate: true\r\n  xy: 2, 26\r\n  size: 53, 51\r\n  orig: 60, 58\r\n  offset: 2, 1\r\n  index: -1\r\nxing2\r\n  rotate: false\r\n  xy: 133, 6\r\n  size: 29, 29\r\n  orig: 33, 32\r\n  offset: 2, 1\r\n  index: -1\r\nxing3\r\n  rotate: false\r\n  xy: 133, 6\r\n  size: 29, 29\r\n  orig: 33, 32\r\n  offset: 2, 1\r\n  index: -1\r\nxing4\r\n  rotate: true\r\n  xy: 357, 17\r\n  size: 26, 25\r\n  orig: 29, 29\r\n  offset: 2, 2\r\n  index: -1\r\n",["aixinshanshan.png"],{"skeleton":{"hash":"qyMvKuNd3rIsba3kmBnzD210pLA","spine":"3.8.99","x":-209.03,"y":163.91,"width":178.69,"height":126.74,"images":"D:/游戏源文件/预加载/logo/images/","audio":""},"bones":[{"name":"root"},{"name":"zong","parent":"root","x":0.12,"y":27.5},{"name":"xing3","parent":"zong","x":-116.87,"y":166.74},{"name":"xing2","parent":"zong","x":-134.67,"y":234.93},{"name":"xing4","parent":"zong","x":-178.47,"y":151.84},{"name":"xing1","parent":"zong","x":-61.26,"y":233.18},{"name":"anxin2","parent":"zong","x":-181.85,"y":210.02}],"slots":[{"name":"xing4","bone":"xing4","attachment":"xing4"},{"name":"xing1","bone":"xing1","attachment":"xing1","blend":"additive"},{"name":"xing2","bone":"xing2","attachment":"xing2"},{"name":"xing3","bone":"xing3","attachment":"xing3"},{"name":"aixin2","bone":"anxin2","color":"46ffbaff","attachment":"05"}],"skins":[{"name":"default","attachments":{"aixin2":{"01":{"x":-0.93,"y":1.34,"width":21,"height":21},"02":{"x":-0.92,"y":1.34,"width":31,"height":28},"03":{"x":-0.92,"y":1.34,"width":39,"height":35},"04":{"x":-0.92,"y":1.34,"width":43,"height":38},"05":{"x":0.53,"y":3.62,"rotation":57.58,"width":44,"height":38},"06":{"x":-0.92,"y":1.34,"width":44,"height":38},"07":{"x":-0.92,"y":1.34,"width":44,"height":38},"08":{"x":-0.92,"y":1.34,"width":44,"height":38},"09":{"x":-0.92,"y":1.34,"width":44,"height":39},"010":{"x":-0.92,"y":1.34,"width":44,"height":39},"011":{"x":-0.92,"y":1.34,"width":44,"height":39},"012":{"x":-0.92,"y":1.34,"width":45,"height":38},"013":{"x":-0.92,"y":1.34,"width":46,"height":39},"014":{"x":-0.92,"y":1.34,"width":43,"height":38},"015":{"x":-0.92,"y":1.34,"width":42,"height":38},"016":{"x":-0.92,"y":1.34,"width":42,"height":37}},"xing1":{"xing1":{"x":0.79,"y":0.96,"width":60,"height":58}},"xing2":{"xing2":{"x":-1.06,"y":1.19,"width":33,"height":32}},"xing3":{"xing3":{"x":0.83,"y":0.92,"width":33,"height":32}},"xing4":{"xing4":{"x":0.01,"y":-0.94,"width":29,"height":29}}}}],"animations":{"animation":{"slots":{"aixin2":{"color":[{"color":"ffffff00","curve":"stepped"},{"time":0.1667,"color":"ffffff00"},{"time":0.2333,"color":"feffe6ff","curve":"stepped"},{"time":1.3,"color":"feffe6ff"},{"time":1.4667,"color":"ffffffff"},{"time":1.5333,"color":"ffffff00"}],"attachment":[{"name":"01"},{"time":0.3667,"name":"02"},{"time":0.4333,"name":"03"},{"time":0.5,"name":"04"},{"time":0.5667,"name":"05"},{"time":0.6333,"name":"06"},{"time":0.7,"name":"07"},{"time":0.7667,"name":"08"},{"time":0.8333,"name":"09"},{"time":0.9,"name":"010"},{"time":0.9667,"name":"011"},{"time":1.0333,"name":"012"},{"time":1.1,"name":"013"},{"time":1.1667,"name":"014"},{"time":1.2333,"name":"015"},{"time":1.3,"name":"016"},{"time":2.6667,"name":"01"}]},"xing2":{"color":[{"time":0.6667,"color":"ffffffff"},{"time":1,"color":"ffffff00","curve":"stepped"},{"time":1.5,"color":"ffffff00"},{"time":1.8333,"color":"ffffffff"}]},"xing3":{"color":[{"color":"ffffff00"},{"time":0.3333,"color":"ffffffff","curve":"stepped"},{"time":1,"color":"ffffffff"},{"time":1.3333,"color":"ffffff1a"},{"time":1.6667,"color":"ffffffff","curve":"stepped"},{"time":2.1,"color":"ffffffff"},{"time":2.3333,"color":"ffffff00"},{"time":2.6667,"color":"ffffffff"}]},"xing4":{"color":[{"color":"ffffff00"},{"time":0.3333,"color":"ffffff00"},{"time":1.3333,"color":"ffffffff"},{"time":2.3333,"color":"ffffff00"},{"time":2.6667,"color":"ffffff00"}]}},"bones":{"xing1":{"scale":[{"x":0.5,"y":0.5,"curve":"stepped"},{"time":0.3333,"x":0.5,"y":0.5},{"time":1.3333,"x":1.2,"y":1.2},{"time":2.3333,"x":0.5,"y":0.5}]},"xing2":{"scale":[{},{"time":0.3333,"x":0.5,"y":0.5},{"time":0.6667,"x":1.2,"y":1.2},{"time":1,"x":0.5,"y":0.5,"curve":"stepped"},{"time":1.5,"x":0.5,"y":0.5},{"time":1.8333,"x":1.2,"y":1.2},{"time":2.1667,"x":0.5,"y":0.5},{"time":2.6667}]},"xing3":{"scale":[{"time":0.5667},{"time":1,"x":1.2,"y":1.2},{"time":2.1}]},"xing4":{"scale":[{},{"time":0.3333,"x":0.9,"y":0.9},{"time":1.3333,"x":1.5,"y":1.5},{"time":2.6667,"x":0.9,"y":0.9}]},"anxin2":{"scale":[{"time":0.2333},{"time":1.3,"x":1.5,"y":1.5},{"time":2.6667}]}}}}},[0]]],0,0,[0],[-1],[15]]]]
