[1,["19824eff5@6c48a"],["_textureSource"],["cc.SpriteFrame","cc.SpriteAtlas"],0,[[[{"name":"btn_dt_dl_gonggao","rect":{"x":80,"y":360,"width":70,"height":73},"offset":{"x":0,"y":0},"originalSize":{"width":70,"height":73},"rotated":false,"capInsets":[0,0,0,0],"packable":true,"pixelsToUnit":100,"pivot":{"x":0.5,"y":0.5},"meshType":0}],[0],0,[0],[0],[0]],[[{"name":"word_login_setpassword","rect":{"x":78,"y":567,"width":429,"height":62},"offset":{"x":0.5,"y":0.5},"originalSize":{"width":430,"height":63},"rotated":true,"capInsets":[0,0,0,0],"packable":true,"pixelsToUnit":100,"pivot":{"x":0.5,"y":0.5},"meshType":0}],[0],0,[0],[0],[0]],[[{"name":"input_login","rect":{"x":207,"y":773,"width":106,"height":58},"offset":{"x":0,"y":0},"originalSize":{"width":106,"height":58},"rotated":true,"capInsets":[17,14,16,14],"packable":true,"pixelsToUnit":100,"pivot":{"x":0.5,"y":0.5},"meshType":0}],[0],0,[0],[0],[0]],[[{"name":"panel_login_k","rect":{"x":144,"y":624,"width":390,"height":59},"offset":{"x":0,"y":0},"originalSize":{"width":390,"height":59},"rotated":true,"capInsets":[0,0,0,0],"packable":true,"pixelsToUnit":100,"pivot":{"x":0.5,"y":0.5},"meshType":0}],[0],0,[0],[0],[0]],[[{"name":"MencobaLagi","rect":{"x":78,"y":462,"width":186,"height":44},"offset":{"x":0,"y":0},"originalSize":{"width":186,"height":44},"rotated":false,"capInsets":[0,0,0,0],"packable":true,"pixelsToUnit":100,"pivot":{"x":0.5,"y":0.5},"meshType":0}],[0],0,[0],[0],[0]],[[{"name":"yanzhengmabox","rect":{"x":2,"y":242,"width":114,"height":44},"offset":{"x":0,"y":0},"originalSize":{"width":114,"height":44},"rotated":true,"capInsets":[0,0,0,0],"packable":true,"pixelsToUnit":100,"pivot":{"x":0.5,"y":0.5},"meshType":0}],[0],0,[0],[0],[0]],[[{"name":"zi_verfication_code","rect":{"x":78,"y":510,"width":152,"height":53},"offset":{"x":0,"y":0},"originalSize":{"width":152,"height":53},"rotated":false,"capInsets":[0,0,0,0],"packable":true,"pixelsToUnit":100,"pivot":{"x":0.5,"y":0.5},"meshType":0}],[0],0,[0],[0],[0]],[[{"name":"btn_wangjimima ","rect":{"x":50,"y":242,"width":112,"height":55},"offset":{"x":0,"y":0},"originalSize":{"width":112,"height":55},"rotated":true,"capInsets":[0,0,0,0],"packable":true,"pixelsToUnit":100,"pivot":{"x":0.5,"y":0.5},"meshType":0}],[0],0,[0],[0],[0]],[[{"name":"zi_denglu_confirm","rect":{"x":144,"y":567,"width":131,"height":53},"offset":{"x":0,"y":0},"originalSize":{"width":131,"height":53},"rotated":false,"capInsets":[0,0,0,0],"packable":true,"pixelsToUnit":100,"pivot":{"x":0.5,"y":0.5},"meshType":0}],[0],0,[0],[0],[0]],[[{"name":"btn_login_setpassword","rect":{"x":109,"y":242,"width":112,"height":55},"offset":{"x":0,"y":0},"originalSize":{"width":112,"height":55},"rotated":false,"capInsets":[0,0,0,0],"packable":true,"pixelsToUnit":100,"pivot":{"x":0.5,"y":0.5},"meshType":0}],[0],0,[0],[0],[0]],[[{"name":"word_login_mind","rect":{"x":2,"y":462,"width":527,"height":72},"offset":{"x":-0.5,"y":0},"originalSize":{"width":528,"height":72},"rotated":true,"capInsets":[0,0,0,0],"packable":true,"pixelsToUnit":100,"pivot":{"x":0.5,"y":0.5},"meshType":0}],[0],0,[0],[0],[0]],[[{"name":"bg_dt_yanzhengmabox","rect":{"x":207,"y":883,"width":120,"height":56},"offset":{"x":0,"y":0},"originalSize":{"width":120,"height":56},"rotated":true,"capInsets":[0,0,0,0],"packable":true,"pixelsToUnit":100,"pivot":{"x":0.5,"y":0.5},"meshType":0}],[0],0,[0],[0],[0]],[[{"name":"btn_off","rect":{"x":207,"y":624,"width":62,"height":62},"offset":{"x":0,"y":0},"originalSize":{"width":62,"height":62},"rotated":false,"capInsets":[0,0,0,0],"packable":true,"pixelsToUnit":100,"pivot":{"x":0.5,"y":0.5},"meshType":0}],[0],0,[0],[0],[0]],[[{"name":"title_denlgu_zhuce","rect":{"x":226,"y":112,"width":346,"height":47},"offset":{"x":0,"y":0},"originalSize":{"width":346,"height":47},"rotated":true,"capInsets":[0,0,0,0],"packable":true,"pixelsToUnit":100,"pivot":{"x":0.5,"y":0.5},"meshType":0}],[0],0,[0],[0],[0]],[[{"name":"btn_login_ok","rect":{"x":2,"y":2,"width":220,"height":56},"offset":{"x":0,"y":0},"originalSize":{"width":220,"height":56},"rotated":false,"capInsets":[0,0,0,0],"packable":true,"pixelsToUnit":100,"pivot":{"x":0.5,"y":0.5},"meshType":0}],[0],0,[0],[0],[0]],[[{"name":"auto_login","spriteFrames":[]}],[1],0,[],[],[]],[[{"name":"btn_login_send","rect":{"x":109,"y":301,"width":112,"height":55},"offset":{"x":0,"y":0},"originalSize":{"width":112,"height":55},"rotated":false,"capInsets":[0,0,0,0],"packable":true,"pixelsToUnit":100,"pivot":{"x":0.5,"y":0.5},"meshType":0}],[0],0,[0],[0],[0]],[[{"name":"btn_denglu_OK","rect":{"x":2,"y":62,"width":220,"height":56},"offset":{"x":0,"y":0},"originalSize":{"width":220,"height":56},"rotated":false,"capInsets":[0,0,0,0],"packable":true,"pixelsToUnit":100,"pivot":{"x":0.5,"y":0.5},"meshType":0}],[0],0,[0],[0],[0]],[[{"name":"btn_denglu_DaftarAkun","rect":{"x":2,"y":122,"width":220,"height":56},"offset":{"x":0,"y":0},"originalSize":{"width":220,"height":56},"rotated":false,"capInsets":[0,0,0,0],"packable":true,"pixelsToUnit":100,"pivot":{"x":0.5,"y":0.5},"meshType":0}],[0],0,[0],[0],[0]],[[{"name":"btn_login_login","rect":{"x":2,"y":182,"width":220,"height":56},"offset":{"x":0,"y":0},"originalSize":{"width":220,"height":56},"rotated":false,"capInsets":[0,0,0,0],"packable":true,"pixelsToUnit":100,"pivot":{"x":0.5,"y":0.5},"meshType":0}],[0],0,[0],[0],[0]],[[{"name":"btn_login_common","rect":{"x":226,"y":2,"width":106,"height":48},"offset":{"x":0,"y":-1},"originalSize":{"width":106,"height":50},"rotated":true,"capInsets":[0,0,0,0],"packable":true,"pixelsToUnit":100,"pivot":{"x":0.5,"y":0.5},"meshType":0}],[0],0,[0],[0],[0]],[[{"name":"btn_dt_off","rect":{"x":207,"y":690,"width":61,"height":79},"offset":{"x":0,"y":0},"originalSize":{"width":61,"height":79},"rotated":false,"capInsets":[0,0,0,0],"packable":true,"pixelsToUnit":100,"pivot":{"x":0.5,"y":0.5},"meshType":0}],[0],0,[0],[0],[0]],[[{"name":"btn_dt_dl_kefu","rect":{"x":2,"y":360,"width":78,"height":74},"offset":{"x":0,"y":0},"originalSize":{"width":78,"height":74},"rotated":true,"capInsets":[0,0,0,0],"packable":true,"pixelsToUnit":100,"pivot":{"x":0.5,"y":0.5},"meshType":0}],[0],0,[0],[0],[0]]]]
