[1,["1171e9a2b@6c48a"],["_textureSource"],["cc.SpriteFrame","cc.SpriteAtlas"],0,[[[{"name":"img_common_di2","rect":{"x":901,"y":796,"width":117,"height":107},"offset":{"x":0,"y":0},"originalSize":{"width":117,"height":107},"rotated":false,"capInsets":[0,0,0,0],"packable":true,"pixelsToUnit":100,"pivot":{"x":0.5,"y":0.5},"meshType":0}],[0],0,[0],[0],[0]],[[{"name":"bg_xifneng_shufukuang","rect":{"x":3,"y":899,"width":342,"height":66},"offset":{"x":0,"y":0},"originalSize":{"width":342,"height":66},"rotated":false,"capInsets":[23,16,30,16],"packable":true,"pixelsToUnit":100,"pivot":{"x":0.5,"y":0.5},"meshType":0}],[0],0,[0],[0],[0]],[[{"name":"btn_xinfeng_guanbi","rect":{"x":780,"y":985,"width":34,"height":34},"offset":{"x":0,"y":0},"originalSize":{"width":34,"height":34},"rotated":false,"capInsets":[0,0,0,0],"packable":true,"pixelsToUnit":100,"pivot":{"x":0.5,"y":0.5},"meshType":0}],[0],0,[0],[0],[0]],[[{"name":"icon_yincang","rect":{"x":997,"y":150,"width":38,"height":20},"offset":{"x":0,"y":0},"originalSize":{"width":38,"height":20},"rotated":true,"capInsets":[0,0,0,0],"packable":true,"pixelsToUnit":100,"pivot":{"x":0.5,"y":0.5},"meshType":0}],[0],0,[0],[0],[0]],[[{"name":"newsTicker_bg","rect":{"x":901,"y":3,"width":787,"height":52},"offset":{"x":-0.5,"y":0},"originalSize":{"width":830,"height":52},"rotated":true,"capInsets":[0,0,0,0],"packable":true,"pixelsToUnit":100,"pivot":{"x":0.5,"y":0.5},"meshType":0}],[0],0,[0],[0],[0]],[[{"name":"pro_common_bg","rect":{"x":959,"y":3,"width":446,"height":32},"offset":{"x":0,"y":0},"originalSize":{"width":446,"height":32},"rotated":true,"capInsets":[0,0,0,0],"packable":true,"pixelsToUnit":100,"pivot":{"x":0.5,"y":0.5},"meshType":0}],[0],0,[0],[0],[0]],[[{"name":"btn_set_on","rect":{"x":654,"y":967,"width":120,"height":30},"offset":{"x":0,"y":0},"originalSize":{"width":120,"height":30},"rotated":false,"capInsets":[0,0,0,0],"packable":true,"pixelsToUnit":100,"pivot":{"x":0.5,"y":0.5},"meshType":0}],[0],0,[0],[0],[0]],[[{"name":"icon_common_woman","rect":{"x":820,"y":985,"width":26,"height":44},"offset":{"x":0,"y":0},"originalSize":{"width":26,"height":44},"rotated":true,"capInsets":[0,0,0,0],"packable":true,"pixelsToUnit":100,"pivot":{"x":0.5,"y":0.5},"meshType":0}],[0],0,[0],[0],[0]],[[{"name":"btn_dt_huang","rect":{"x":701,"y":709,"width":165,"height":61},"offset":{"x":0,"y":0},"originalSize":{"width":165,"height":61},"rotated":true,"capInsets":[0,0,0,0],"packable":true,"pixelsToUnit":100,"pivot":{"x":0.5,"y":0.5},"meshType":0}],[0],0,[0],[0],[0]],[[{"name":"word_tips_cancel","rect":{"x":997,"y":3,"width":99,"height":23},"offset":{"x":0,"y":0},"originalSize":{"width":99,"height":23},"rotated":true,"capInsets":[0,0,0,0],"packable":true,"pixelsToUnit":100,"pivot":{"x":0.5,"y":0.5},"meshType":0}],[0],0,[0],[0],[0]],[[{"name":"word_tips_ok","rect":{"x":997,"y":108,"width":36,"height":23},"offset":{"x":0,"y":0},"originalSize":{"width":36,"height":23},"rotated":true,"capInsets":[0,0,0,0],"packable":true,"pixelsToUnit":100,"pivot":{"x":0.5,"y":0.5},"meshType":0}],[0],0,[0],[0],[0]],[[{"name":"newsTicker_bg1","rect":{"x":174,"y":855,"width":31,"height":27},"offset":{"x":-0.5,"y":0},"originalSize":{"width":32,"height":29},"rotated":true,"capInsets":[0,0,0,0],"packable":true,"pixelsToUnit":100,"pivot":{"x":0.5,"y":0.5},"meshType":0}],[0],0,[0],[0],[0]],[[{"name":"btn_common_down","rect":{"x":997,"y":218,"width":18,"height":17},"offset":{"x":0,"y":0},"originalSize":{"width":18,"height":17},"rotated":false,"capInsets":[0,0,0,0],"packable":true,"pixelsToUnit":100,"pivot":{"x":0.5,"y":0.5},"meshType":0}],[0],0,[0],[0],[0]],[[{"name":"bg_xinfengbox","rect":{"x":3,"y":3,"width":828,"height":434},"offset":{"x":0,"y":0},"originalSize":{"width":828,"height":434},"rotated":false,"capInsets":[0,0,0,0],"packable":true,"pixelsToUnit":100,"pivot":{"x":0.5,"y":0.5},"meshType":0}],[0],0,[0],[0],[0]],[[{"name":"img_common_di1","rect":{"x":779,"y":443,"width":80,"height":46},"offset":{"x":0,"y":0},"originalSize":{"width":80,"height":46},"rotated":true,"capInsets":[19,17,18,21],"packable":true,"pixelsToUnit":100,"pivot":{"x":0.5,"y":0.5},"meshType":0}],[0],0,[0],[0],[0]],[[{"name":"word_tips_title","rect":{"x":455,"y":985,"width":193,"height":29},"offset":{"x":0,"y":0},"originalSize":{"width":193,"height":29},"rotated":false,"capInsets":[0,0,0,0],"packable":true,"pixelsToUnit":100,"pivot":{"x":0.5,"y":0.5},"meshType":0}],[0],0,[0],[0],[0]],[[{"name":"png_update_tipsBg","rect":{"x":3,"y":443,"width":692,"height":406},"offset":{"x":0,"y":-0.5},"originalSize":{"width":696,"height":407},"rotated":false,"capInsets":[0,0,0,0],"packable":true,"pixelsToUnit":100,"pivot":{"x":0.5,"y":0.5},"meshType":0}],[0],0,[0],[0],[0]],[[{"name":"icon_dating_loading2","rect":{"x":799,"y":899,"width":80,"height":80},"offset":{"x":0,"y":0},"originalSize":{"width":80,"height":80},"rotated":false,"capInsets":[0,0,0,0],"packable":true,"pixelsToUnit":100,"pivot":{"x":0.5,"y":0.5},"meshType":0}],[0],0,[0],[0],[0]],[[{"name":"png_common_di3","rect":{"x":885,"y":909,"width":100,"height":122},"offset":{"x":0,"y":0},"originalSize":{"width":100,"height":122},"rotated":true,"capInsets":[11,84,12,13],"packable":true,"pixelsToUnit":100,"pivot":{"x":0.5,"y":0.5},"meshType":0}],[0],0,[0],[0],[0]],[[{"name":"icon_common_man","rect":{"x":129,"y":855,"width":37,"height":39},"offset":{"x":0,"y":0.5},"originalSize":{"width":37,"height":40},"rotated":true,"capInsets":[0,0,0,0],"packable":true,"pixelsToUnit":100,"pivot":{"x":0.5,"y":0.5},"meshType":0}],[0],0,[0],[0],[0]],[[{"name":"btn_common_in","rect":{"x":701,"y":443,"width":260,"height":72},"offset":{"x":2,"y":0},"originalSize":{"width":268,"height":72},"rotated":true,"capInsets":[0,0,0,0],"packable":true,"pixelsToUnit":100,"pivot":{"x":0.5,"y":0.5},"meshType":0}],[0],0,[0],[0],[0]],[[{"name":"pro_common_in","rect":{"x":351,"y":899,"width":442,"height":28},"offset":{"x":0,"y":0},"originalSize":{"width":442,"height":28},"rotated":false,"capInsets":[11,6,11,9],"packable":true,"pixelsToUnit":100,"pivot":{"x":0.5,"y":0.5},"meshType":0}],[0],0,[0],[0],[0]],[[{"name":"pro_common_bg1","rect":{"x":3,"y":971,"width":446,"height":32},"offset":{"x":0,"y":0},"originalSize":{"width":446,"height":32},"rotated":false,"capInsets":[0,0,0,0],"packable":true,"pixelsToUnit":100,"pivot":{"x":0.5,"y":0.5},"meshType":0}],[0],0,[0],[0],[0]],[[{"name":"auto_tips","spriteFrames":[]}],[1],0,[],[],[]],[[{"name":"btn_common_up","rect":{"x":997,"y":194,"width":18,"height":18},"offset":{"x":0,"y":0},"originalSize":{"width":18,"height":18},"rotated":false,"capInsets":[0,0,0,0],"packable":true,"pixelsToUnit":100,"pivot":{"x":0.5,"y":0.5},"meshType":0}],[0],0,[0],[0],[0]],[[{"name":"btn_hall_add","rect":{"x":779,"y":529,"width":45,"height":41},"offset":{"x":0.5,"y":0.5},"originalSize":{"width":46,"height":44},"rotated":false,"capInsets":[0,0,0,0],"packable":true,"pixelsToUnit":100,"pivot":{"x":0.5,"y":0.5},"meshType":0}],[0],0,[0],[0],[0]],[[{"name":"toast_bg","rect":{"x":837,"y":3,"width":890,"height":58},"offset":{"x":0,"y":0},"originalSize":{"width":890,"height":58},"rotated":true,"capInsets":[0,0,0,0],"packable":true,"pixelsToUnit":100,"pivot":{"x":0.5,"y":0.5},"meshType":0}],[0],0,[0],[0],[0]],[[{"name":"btn_set_off","rect":{"x":3,"y":855,"width":120,"height":30},"offset":{"x":0,"y":0},"originalSize":{"width":120,"height":30},"rotated":false,"capInsets":[0,0,0,0],"packable":true,"pixelsToUnit":100,"pivot":{"x":0.5,"y":0.5},"meshType":0}],[0],0,[0],[0],[0]],[[{"name":"pro_common_in1","rect":{"x":351,"y":933,"width":442,"height":28},"offset":{"x":0,"y":0},"originalSize":{"width":442,"height":28},"rotated":false,"capInsets":[11,6,11,7],"packable":true,"pixelsToUnit":100,"pivot":{"x":0.5,"y":0.5},"meshType":0}],[0],0,[0],[0],[0]],[[{"name":"icon_common_gold","rect":{"x":779,"y":576,"width":39,"height":42},"offset":{"x":0,"y":0},"originalSize":{"width":39,"height":42},"rotated":true,"capInsets":[0,0,0,0],"packable":true,"pixelsToUnit":100,"pivot":{"x":0.5,"y":0.5},"meshType":0}],[0],0,[0],[0],[0]],[[{"name":"btn_dt_lv","rect":{"x":768,"y":709,"width":165,"height":61},"offset":{"x":0,"y":0},"originalSize":{"width":165,"height":61},"rotated":true,"capInsets":[0,0,0,0],"packable":true,"pixelsToUnit":100,"pivot":{"x":0.5,"y":0.5},"meshType":0}],[0],0,[0],[0],[0]],[[{"name":"btn_dt_off","rect":{"x":959,"y":699,"width":61,"height":79},"offset":{"x":0,"y":0},"originalSize":{"width":61,"height":79},"rotated":false,"capInsets":[0,0,0,0],"packable":true,"pixelsToUnit":100,"pivot":{"x":0.5,"y":0.5},"meshType":0}],[0],0,[0],[0],[0]],[[{"name":"btn_common_of","rect":{"x":959,"y":455,"width":238,"height":62},"offset":{"x":0,"y":0},"originalSize":{"width":240,"height":64},"rotated":true,"capInsets":[0,0,0,0],"packable":true,"pixelsToUnit":100,"pivot":{"x":0.5,"y":0.5},"meshType":0}],[0],0,[0],[0],[0]]]]
