[1,["04B39IHplG9byJX4Rs8JLG@6c48a"],["_textureSource"],["cc.SpriteFrame"],0,[{"name":"zhuanban","rect":{"x":2,"y":2,"width":250,"height":97},"offset":{"x":-1,"y":13.5},"originalSize":{"width":256,"height":128},"rotated":false,"capInsets":[0,0,0,0],"vertices":{"rawPosition":[-125,-48.5,0,125,-48.5,0,-125,48.5,0,125,48.5,0],"indexes":[0,1,2,2,1,3],"uv":[2,126,252,126,2,29,252,29],"nuv":[0.0078125,0.2265625,0.984375,0.2265625,0.0078125,0.984375,0.984375,0.984375],"minPos":{"x":-125,"y":-48.5,"z":0},"maxPos":{"x":125,"y":48.5,"z":0}},"packable":true,"pixelsToUnit":100,"pivot":{"x":0.5,"y":0.5},"meshType":0}],[0],0,[0],[0],[0]]
