[1,["11acc4ef5@6c48a"],["_textureSource"],["cc.SpriteFrame","cc.SpriteAtlas"],0,[[[{"name":"btn_shop_service","rect":{"x":77,"y":942,"width":67,"height":69},"offset":{"x":0,"y":0},"originalSize":{"width":67,"height":69},"rotated":false,"capInsets":[0,0,0,0],"packable":true,"pixelsToUnit":100,"pivot":{"x":0.5,"y":0.5},"meshType":0}],[0],0,[0],[0],[0]],[[{"name":"word_shop_shopee","rect":{"x":132,"y":202,"width":104,"height":30},"offset":{"x":0,"y":0},"originalSize":{"width":104,"height":30},"rotated":true,"capInsets":[0,0,0,0],"packable":true,"pixelsToUnit":100,"pivot":{"x":0.5,"y":0.5},"meshType":0}],[0],0,[0],[0],[0]],[[{"name":"xuanzhong","rect":{"x":3,"y":576,"width":164,"height":164},"offset":{"x":0,"y":0},"originalSize":{"width":164,"height":164},"rotated":false,"capInsets":[0,0,0,0],"packable":true,"pixelsToUnit":100,"pivot":{"x":0.5,"y":0.5},"meshType":0}],[0],0,[0],[0],[0]],[[{"name":"word_shop_tas","rect":{"x":3,"y":910,"width":181,"height":26},"offset":{"x":0,"y":0},"originalSize":{"width":181,"height":26},"rotated":false,"capInsets":[0,0,0,0],"packable":true,"pixelsToUnit":100,"pivot":{"x":0.5,"y":0.5},"meshType":0}],[0],0,[0],[0],[0]],[[{"name":"auto_shop","spriteFrames":[]}],[1],0,[],[],[]],[[{"name":"word_shop_tas1","rect":{"x":132,"y":3,"width":193,"height":38},"offset":{"x":0,"y":0},"originalSize":{"width":195,"height":40},"rotated":true,"capInsets":[0,0,0,0],"packable":true,"pixelsToUnit":100,"pivot":{"x":0.5,"y":0.5},"meshType":0}],[0],0,[0],[0],[0]],[[{"name":"img_shop_title5","rect":{"x":3,"y":3,"width":567,"height":92},"offset":{"x":0,"y":0},"originalSize":{"width":567,"height":92},"rotated":true,"capInsets":[0,0,0,0],"packable":true,"pixelsToUnit":100,"pivot":{"x":0.5,"y":0.5},"meshType":0}],[0],0,[0],[0],[0]],[[{"name":"word_shop_qris","rect":{"x":150,"y":942,"width":71,"height":29},"offset":{"x":0,"y":0},"originalSize":{"width":71,"height":29},"rotated":true,"capInsets":[0,0,0,0],"packable":true,"pixelsToUnit":100,"pivot":{"x":0.5,"y":0.5},"meshType":0}],[0],0,[0],[0],[0]],[[{"name":"icon_jinbi","rect":{"x":3,"y":942,"width":68,"height":70},"offset":{"x":-0.5,"y":-0.5},"originalSize":{"width":69,"height":71},"rotated":false,"capInsets":[0,0,0,0],"packable":true,"pixelsToUnit":100,"pivot":{"x":0.5,"y":0.5},"meshType":0}],[0],0,[0],[0],[0]],[[{"name":"pro_shop_in","rect":{"x":101,"y":3,"width":389,"height":25},"offset":{"x":0,"y":0},"originalSize":{"width":389,"height":25},"rotated":true,"capInsets":[22,0,18,0],"packable":true,"pixelsToUnit":100,"pivot":{"x":0.5,"y":0.5},"meshType":0}],[0],0,[0],[0],[0]],[[{"name":"word_shop_linkaja1","rect":{"x":101,"y":398,"width":106,"height":34},"offset":{"x":0,"y":0},"originalSize":{"width":106,"height":34},"rotated":true,"capInsets":[0,0,0,0],"packable":true,"pixelsToUnit":100,"pivot":{"x":0.5,"y":0.5},"meshType":0}],[0],0,[0],[0],[0]],[[{"name":"weixuan","rect":{"x":3,"y":746,"width":158,"height":158},"offset":{"x":0,"y":0},"originalSize":{"width":160,"height":160},"rotated":false,"capInsets":[0,0,0,0],"packable":true,"pixelsToUnit":100,"pivot":{"x":0.5,"y":0.5},"meshType":0}],[0],0,[0],[0],[0]],[[{"name":"word_shop_linkaja","rect":{"x":141,"y":312,"width":103,"height":30},"offset":{"x":0,"y":0},"originalSize":{"width":103,"height":30},"rotated":true,"capInsets":[0,0,0,0],"packable":true,"pixelsToUnit":100,"pivot":{"x":0.5,"y":0.5},"meshType":0}],[0],0,[0],[0],[0]],[[{"name":"word_shop_ovo","rect":{"x":101,"y":510,"width":64,"height":25},"offset":{"x":0,"y":0},"originalSize":{"width":64,"height":25},"rotated":false,"capInsets":[0,0,0,0],"packable":true,"pixelsToUnit":100,"pivot":{"x":0.5,"y":0.5},"meshType":0}],[0],0,[0],[0],[0]]]]
