[1,["1c4d0fa08@6c48a"],["_textureSource"],["cc.SpriteFrame","cc.SpriteAtlas"],0,[[[{"name":"btn_tanchaugn_off","rect":{"x":947,"y":657,"width":50,"height":51},"offset":{"x":0,"y":0},"originalSize":{"width":50,"height":51},"rotated":true,"capInsets":[0,0,0,0],"packable":true,"pixelsToUnit":100,"pivot":{"x":0.5,"y":0.5},"meshType":0}],[0],0,[0],[0],[0]],[[{"name":"zi_tanhuang_Time","rect":{"x":947,"y":713,"width":63,"height":26},"offset":{"x":0,"y":0},"originalSize":{"width":63,"height":26},"rotated":false,"capInsets":[0,0,0,0],"packable":true,"pixelsToUnit":100,"pivot":{"x":0.5,"y":0.5},"meshType":0}],[0],0,[0],[0],[0]],[[{"name":"btn_tanchuang_sousuo","rect":{"x":509,"y":929,"width":66,"height":49},"offset":{"x":0,"y":0},"originalSize":{"width":66,"height":49},"rotated":false,"capInsets":[0,0,0,0],"packable":true,"pixelsToUnit":100,"pivot":{"x":0.5,"y":0.5},"meshType":0}],[0],0,[0],[0],[0]],[[{"name":"ID","rect":{"x":875,"y":802,"width":24,"height":22},"offset":{"x":0,"y":0},"originalSize":{"width":24,"height":22},"rotated":true,"capInsets":[0,0,0,0],"packable":true,"pixelsToUnit":100,"pivot":{"x":0.5,"y":0.5},"meshType":0}],[0],0,[0],[0],[0]],[[{"name":"auto-tanchuang","spriteFrames":[]}],[1],0,[],[],[]],[[{"name":"bg_tanchuang_riqibox","rect":{"x":829,"y":887,"width":165,"height":40},"offset":{"x":0,"y":0},"originalSize":{"width":165,"height":40},"rotated":false,"capInsets":[0,0,0,0],"packable":true,"pixelsToUnit":100,"pivot":{"x":0.5,"y":0.5},"meshType":0}],[0],0,[0],[0],[0]],[[{"name":"zi_tanchuang_tishi_1","rect":{"x":3,"y":985,"width":634,"height":28},"offset":{"x":0,"y":0},"originalSize":{"width":634,"height":28},"rotated":false,"capInsets":[0,0,0,0],"packable":true,"pixelsToUnit":100,"pivot":{"x":0.5,"y":0.5},"meshType":0}],[0],0,[0],[0],[0]],[[{"name":"title_tc_CaraBermain","rect":{"x":829,"y":657,"width":224,"height":40},"offset":{"x":0,"y":0},"originalSize":{"width":224,"height":40},"rotated":true,"capInsets":[0,0,0,0],"packable":true,"pixelsToUnit":100,"pivot":{"x":0.5,"y":0.5},"meshType":0}],[0],0,[0],[0],[0]],[[{"name":"bg_fenxiang_tnchang_1","rect":{"x":3,"y":3,"width":994,"height":648},"offset":{"x":0,"y":0},"originalSize":{"width":994,"height":648},"rotated":false,"capInsets":[0,0,0,0],"packable":true,"pixelsToUnit":100,"pivot":{"x":0.5,"y":0.5},"meshType":0}],[0],0,[0],[0],[0]],[[{"name":"bg_fx_tc_riqibox","rect":{"x":3,"y":657,"width":500,"height":322},"offset":{"x":0,"y":0},"originalSize":{"width":500,"height":322},"rotated":false,"capInsets":[0,0,0,0],"packable":true,"pixelsToUnit":100,"pivot":{"x":0.5,"y":0.5},"meshType":0}],[0],0,[0],[0],[0]],[[{"name":"zi_Totalincome","rect":{"x":829,"y":965,"width":160,"height":26},"offset":{"x":0,"y":0},"originalSize":{"width":160,"height":26},"rotated":false,"capInsets":[0,0,0,0],"packable":true,"pixelsToUnit":100,"pivot":{"x":0.5,"y":0.5},"meshType":0}],[0],0,[0],[0],[0]],[[{"name":"btn_ribox_zuo","rect":{"x":995,"y":965,"width":25,"height":44},"offset":{"x":0,"y":0},"originalSize":{"width":25,"height":44},"rotated":false,"capInsets":[0,0,0,0],"packable":true,"pixelsToUnit":100,"pivot":{"x":0.5,"y":0.5},"meshType":0}],[0],0,[0],[0],[0]],[[{"name":"bg_tanchuang_fenleibg_fgx","rect":{"x":1003,"y":3,"width":2,"height":31},"offset":{"x":0,"y":0},"originalSize":{"width":2,"height":31},"rotated":false,"capInsets":[0,0,0,0],"packable":true,"pixelsToUnit":100,"pivot":{"x":0.5,"y":0.5},"meshType":0}],[0],0,[0],[0],[0]],[[{"name":"Present","rect":{"x":829,"y":997,"width":82,"height":22},"offset":{"x":0,"y":0},"originalSize":{"width":82,"height":22},"rotated":false,"capInsets":[0,0,0,0],"packable":true,"pixelsToUnit":100,"pivot":{"x":0.5,"y":0.5},"meshType":0}],[0],0,[0],[0],[0]],[[{"name":"btn_ribox_you","rect":{"x":903,"y":771,"width":25,"height":44},"offset":{"x":0,"y":0},"originalSize":{"width":25,"height":44},"rotated":false,"capInsets":[0,0,0,0],"packable":true,"pixelsToUnit":100,"pivot":{"x":0.5,"y":0.5},"meshType":0}],[0],0,[0],[0],[0]],[[{"name":"bg_ribox_xuanzhong","rect":{"x":903,"y":729,"width":36,"height":36},"offset":{"x":0,"y":0},"originalSize":{"width":36,"height":36},"rotated":false,"capInsets":[0,0,0,0],"packable":true,"pixelsToUnit":100,"pivot":{"x":0.5,"y":0.5},"meshType":0}],[0],0,[0],[0],[0]],[[{"name":"Number of Refills","rect":{"x":643,"y":996,"width":180,"height":23},"offset":{"x":0,"y":0},"originalSize":{"width":180,"height":23},"rotated":false,"capInsets":[0,0,0,0],"packable":true,"pixelsToUnit":100,"pivot":{"x":0.5,"y":0.5},"meshType":0}],[0],0,[0],[0],[0]],[[{"name":"btn_tanchuang_riqixuanze","rect":{"x":945,"y":745,"width":34,"height":34},"offset":{"x":0,"y":0},"originalSize":{"width":34,"height":34},"rotated":false,"capInsets":[0,0,0,0],"packable":true,"pixelsToUnit":100,"pivot":{"x":0.5,"y":0.5},"meshType":0}],[0],0,[0],[0],[0]],[[{"name":"title_tc_InvitationDetails","rect":{"x":509,"y":657,"width":266,"height":40},"offset":{"x":0,"y":0},"originalSize":{"width":266,"height":40},"rotated":true,"capInsets":[0,0,0,0],"packable":true,"pixelsToUnit":100,"pivot":{"x":0.5,"y":0.5},"meshType":0}],[0],0,[0],[0],[0]],[[{"name":"Name","rect":{"x":875,"y":729,"width":67,"height":22},"offset":{"x":0,"y":0},"originalSize":{"width":67,"height":22},"rotated":true,"capInsets":[0,0,0,0],"packable":true,"pixelsToUnit":100,"pivot":{"x":0.5,"y":0.5},"meshType":0}],[0],0,[0],[0],[0]],[[{"name":"zi_tanhuang_totalnumber","rect":{"x":581,"y":657,"width":302,"height":32},"offset":{"x":0,"y":0},"originalSize":{"width":302,"height":32},"rotated":true,"capInsets":[0,0,0,0],"packable":true,"pixelsToUnit":100,"pivot":{"x":0.5,"y":0.5},"meshType":0}],[0],0,[0],[0],[0]],[[{"name":"Check","rect":{"x":917,"y":997,"width":68,"height":23},"offset":{"x":0,"y":0},"originalSize":{"width":68,"height":23},"rotated":false,"capInsets":[0,0,0,0],"packable":true,"pixelsToUnit":100,"pivot":{"x":0.5,"y":0.5},"meshType":0}],[0],0,[0],[0],[0]],[[{"name":"title_tc_MyInvitationGiftNotes","rect":{"x":643,"y":657,"width":333,"height":43},"offset":{"x":0,"y":0},"originalSize":{"width":333,"height":43},"rotated":true,"capInsets":[0,0,0,0],"packable":true,"pixelsToUnit":100,"pivot":{"x":0.5,"y":0.5},"meshType":0}],[0],0,[0],[0],[0]],[[{"name":"btn_fx_ewm_off","rect":{"x":875,"y":657,"width":66,"height":66},"offset":{"x":0,"y":0},"originalSize":{"width":66,"height":66},"rotated":false,"capInsets":[0,0,0,0],"packable":true,"pixelsToUnit":100,"pivot":{"x":0.5,"y":0.5},"meshType":0}],[0],0,[0],[0],[0]],[[{"name":"Total income_","rect":{"x":829,"y":933,"width":166,"height":26},"offset":{"x":0,"y":0},"originalSize":{"width":166,"height":26},"rotated":false,"capInsets":[0,0,0,0],"packable":true,"pixelsToUnit":100,"pivot":{"x":0.5,"y":0.5},"meshType":0}],[0],0,[0],[0],[0]]]]
