[1,["7dj5uJT9FMn6OrOOx83tfK@f9941","20g1ukYUVPvKWKBRznAKo+@f9941","b4Y5y0WotEE5AFhfLWE5j7","abU+dMzmdMB4tXJuuOxaY4","19c4+MswpJr5YuBOEhorsJ@f9941","dbnYVTnjBK9LK4olIriAqE","15JTEVwXZA7ZLyPsem4J1+@f9941","71Q7Lxw5pP0og4vnns9YM2@f9941","35c/v9BCJFvL7cUP4srXfc@f9941","19c4+MswpJr5YuBOEhorsJ@6c48a","20g1ukYUVPvKWKBRznAKo+@6c48a","54TknWPwVPqJqeCR+Y/Czo@f9941","95EkngnxZFbYuFpsqVTaFr@f9941","fepv2IQ0lAb7g7ZR9cx7QM@f9941","dd7+V8SG1Jf5XpYWOUKsfI@f9941","d3bmL2vI1Jw4uLLAA/pLE4","54sgwCzVRLFYTLJtn0mySJ@f9941","ecXwhQqTlPgbyfxHU55kVy","d9ev7OXxxEoKW5gb0rn511@f9941","bdl8w1KgVBJrAcqznIT8CI@f9941","14ad46CnxGH4lm4ZljKy7H","8a7kupkeZPj7xii6F0TT5e@f9941","737NqvdWJN37grceVhagKk@f9941","54TknWPwVPqJqeCR+Y/Czo@6c48a","95EkngnxZFbYuFpsqVTaFr@6c48a","1anVhunSdLTrakBUfQ1dAh@6c48a"],["node","_spriteFrame","_atlas","_normalSprite","_textureSource","_target","_parent","root","data","_hoverSprite","_pressedSprite","_disabledSprite","_skeletonData","_defaultClip"],[["cc.Node",["_name","_layer","_active","_objFlags","_components","_prefab","_parent","_lpos","_children","_lscale"],-1,9,4,1,5,2,5],["cc.Sprite",["_sizeMode","_type","_enabled","_isTrimmedMode","node","__prefab","_spriteFrame","_atlas","_color"],-1,1,4,6,6,5],["cc.Widget",["_alignFlags","_originalWidth","_originalHeight","_right","_top","_left","_bottom","node","__prefab"],-4,1,4],["cc.Button",["_transition","_zoomScale","node","__prefab","_normalSprite","_target","_normalColor","_hoverSprite","_pressedSprite","_disabledSprite"],1,1,4,6,1,5,6,6,6],["cc.Label",["_string","_actualFontSize","_fontSize","_lineHeight","_overflow","_isBold","_enableWrapText","node","__prefab","_color"],-4,1,4,5],"cc.SpriteFrame","cc.SpriteAtlas",["cc.Layout",["_resizeMode","_layoutType","_paddingLeft","_paddingRight","_spacingX","_spacingY","_verticalDirection","node","__prefab"],-4,1,4],["cc.LabelOutline",["_width","node","__prefab","_color"],2,1,4,5],["cc.UITransform",["node","__prefab","_contentSize","_anchorPoint"],3,1,4,5,5],["cc.Prefab",["_name"],2],["cc.CompPrefabInfo",["fileId"],2],["cc.PrefabInfo",["fileId","instance","targetOverrides","nestedPrefabInstanceRoots","root","asset"],-1,1,1],["cc.BlockInputEvents",["node","__prefab"],3,1,4],["cc.UIOpacity",["node","__prefab"],3,1,4],["sp.Skeleton",["_preCacheMode","_premultipliedAlpha","defaultSkin","defaultAnimation","node","__prefab","_skeletonData"],-1,1,4,6],["cc.Animation",["playOnLoad","node","__prefab","_clips","_defaultClip"],2,1,4,3,6],["sp.SkeletonData",["_name","_atlasText","textureNames","_skeletonJson","textures"],-1,3]],[[11,0,2],[12,0,1,2,3,4,5,5],[9,0,1,2,1],[2,0,1,2,7,8,4],[0,0,1,6,4,5,3],[1,0,4,5,8,6,2],[0,0,2,1,6,4,5,4],[0,0,1,6,4,5,7,3],[9,0,1,2,3,1],[0,0,2,1,6,8,4,5,4],[0,0,1,6,8,4,5,7,3],[0,0,6,4,5,7,2],[2,0,1,7,8,3],[1,0,4,5,6,7,2],[13,0,1,1],[7,0,1,5,6,7,8,5],[4,0,1,2,7,8,4],[0,0,1,8,4,5,3],[0,0,6,8,4,5,7,2],[0,0,8,4,5,7,2],[0,0,1,6,8,4,5,3],[2,0,5,3,1,7,8,5],[2,5,3,4,6,1,2,7,8,7],[1,1,0,4,5,8,6,7,3],[1,1,0,4,5,6,7,3],[3,0,1,2,3,6,5,4,3],[7,0,1,2,3,7,8,5],[4,0,1,2,3,5,7,8,6],[8,1,2,1],[8,1,2,3,1],[10,0,2],[0,0,2,1,6,4,5,7,4],[0,0,2,1,6,4,5,9,4],[0,0,6,4,5,2],[0,0,2,6,4,5,7,3],[0,0,3,1,6,4,5,4],[2,0,3,4,6,2,7,8,6],[2,0,4,1,7,8,4],[2,0,5,3,4,6,1,2,7,8,8],[1,1,0,4,5,6,3],[1,2,0,4,5,6,3],[1,4,5,6,1],[1,0,4,5,6,2],[1,0,3,4,5,6,7,3],[1,4,5,6,7,1],[3,0,2,3,6,5,4,7,8,9,2],[3,0,1,2,3,5,4,3],[3,0,1,2,3,4,3],[3,0,2,3,2],[7,0,1,4,7,8,4],[14,0,1,1],[4,0,1,2,3,4,7,8,6],[4,0,1,2,3,7,8,5],[4,0,1,2,4,6,7,8,9,6],[8,0,1,2,3,2],[15,0,1,2,3,4,5,6,5],[16,0,1,2,3,4,2],[17,0,1,2,3,4,5]],[[[{"name":"bg_dt_dengluye","rect":{"x":0,"y":0,"width":1625,"height":750},"offset":{"x":0,"y":0},"originalSize":{"width":1625,"height":750},"rotated":false,"capInsets":[0,0,0,0],"vertices":{"rawPosition":[-812.5,-375,0,812.5,-375,0,-812.5,375,0,812.5,375,0],"indexes":[0,1,2,2,1,3],"uv":[0,750,1625,750,0,0,1625,0],"nuv":[0,0,1,0,0,1,1,1],"minPos":{"x":-812.5,"y":-375,"z":0},"maxPos":{"x":812.5,"y":375,"z":0}},"packable":true,"pixelsToUnit":100,"pivot":{"x":0.5,"y":0.5},"meshType":0}],[5],0,[0],[4],[9]],[[{"name":"default_btn_normal","rect":{"x":0,"y":0,"width":40,"height":40},"offset":{"x":0,"y":0},"originalSize":{"width":40,"height":40},"rotated":false,"capInsets":[12,12,12,12],"vertices":{"rawPosition":[-20,-20,0,20,-20,0,-20,20,0,20,20,0],"indexes":[0,1,2,2,1,3],"uv":[0,40,40,40,0,0,40,0],"nuv":[0,0,1,0,0,1,1,1],"minPos":{"x":-20,"y":-20,"z":0},"maxPos":{"x":20,"y":20,"z":0}},"packable":true,"pixelsToUnit":100,"pivot":{"x":0.5,"y":0.5},"meshType":0}],[5],0,[0],[4],[10]],[[[30,"baseBoard"],[17,"baseBoard",33554432,[-4,-5,-6,-7,-8,-9,-10,-11,-12,-13,-14,-15,-16],[[2,-2,[0,"5dX2YnOHRBU70npGFoPByB"],[5,1334,741]],[3,45,100,750,-3,[0,"e4trga2mhPaLrYLWBWGlIg"]]],[1,"ee9wnAq31JWaC+2X8MJjuc",null,null,null,-1,0]],[17,"props_Button_restart",33554432,[-23],[[2,-17,[0,"40cSb3vaxNBZP4QUuw2pPq"],[5,100,40]],[39,1,0,-18,[0,"b353VG8N9PiKqs8nWvLm+u"],0],[45,2,-20,[0,"4ctgIcNjpL45IHsJuIXn4Q"],[4,4292269782],-19,1,2,3,4],[46,3,1.1,-22,[0,"38yi4n0IJF77vTCF9mYp0x"],-21,5]],[1,"f73W5WqXBKV7UgFoXR/3ZD",null,null,null,1,0]],[9,"props_loading",false,33554432,1,[-27,-28,-29,-30],[[2,-24,[0,"b7HdiRkJ5CWLFRIN3QLFhh"],[5,1600,800]],[3,45,100,100,-25,[0,"e9QAtg08ZKdo9ayW2DBOX+"]],[14,-26,[0,"19lenwMYVE/qaYufdOJE99"]]],[1,"61pae0EPRGnLThmGsQQXdw",null,null,null,1,0]],[10,"props_toast_template_error",33554432,1,[-35,-36],[[2,-31,[0,"3126nnnQhBDYGCCPIviBYD"],[5,161.34,40]],[21,40,586.33,586.33,100,-32,[0,"a0+tuqEHJB8JWvE7BKykZd"]],[23,1,0,-33,[0,"18CCslUB5Bt4ABKldj+TyU"],[4,3019898879],9,10],[26,1,1,50,50,-34,[0,"908o55XrxKH7BinbtDwN4J"]]],[1,"d2UWC+IGhM1bs/OyNxvp/I",null,null,null,1,0],[1,0,-437.921,0]],[10,"props_toast_template_normal",33554432,1,[-41,-42],[[2,-37,[0,"88lWZkW/hFh52MDxZD6ANz"],[5,161.34,100]],[21,40,586.33,586.33,100,-38,[0,"4aV52NZ3NFz7SyJP3KTYP/"]],[23,1,0,-39,[0,"82VCUK0RNH2IAp+N6NlA/I"],[4,3019898879],12,13],[26,1,1,50,50,-40,[0,"66UpToc/tF+6r0y3apOqAj"]]],[1,"3b6tjuLwJA46aLvuFwci1R",null,null,null,1,0],[1,0,-437.921,0]],[9,"SpriteSplash",false,33554432,1,[-46,2],[[2,-43,[0,"5epgGQV39KubiQxwLARU1E"],[5,1600,800]],[5,0,-44,[0,"22PndWuGhB+7nuF4097TqN"],[4,4286579968],6],[3,45,100,100,-45,[0,"9fZnnC1dxDuLyxhhHmO0hW"]]],[1,"efdibbjYNORqsxGr41Xxi6",null,null,null,1,0]],[9,"props_disconnect_panel",false,33554432,1,[-50,-51],[[2,-47,[0,"20BdXoqAlBZr6i+/XcXEKo"],[5,1334,750]],[3,40,100,100,-48,[0,"57mAfQvelAeq3GblWG8SPF"]],[14,-49,[0,"82iSLZGtdLI4oNTkClMYvu"]]],[1,"fc745DVlRGgLgpRqse8Hp6",null,null,null,1,0]],[18,"props_main_bg_rec",7,[-54,-55,-56],[[2,-52,[0,"cc/rfrxl5OJqJUwv9rA4pX"],[5,696,282]],[13,0,-53,[0,"fe/jL8oMpN84L/S4WWBt5K"],36,37]],[1,"c0BXlIt1hACIEYYTa7m5hI",null,null,null,1,0],[1,14,-6,0]],[19,"props_sokt_close",[-61],[[2,-57,[0,"97Oym36rVF5KTJzFrfj4yM"],[5,165,61]],[24,1,0,-58,[0,"f1TYVMhoBKoae1bKwl0nc+"],28,29],[25,3,0.9,-60,[0,"42mISmx+tORaGC/cU+zVY+"],[4,4292269782],-59,30]],[1,"9fRRuNtkxGEI3mFapzu+qS",null,null,null,1,0],[1,-117.5,-5.94,0]],[19,"props_sokt_retry",[-66],[[2,-62,[0,"berchHEgJMJ5nxLO5ZdmHR"],[5,165,61]],[24,1,0,-63,[0,"d3M/UhxSRFw7sawlUovbEn"],33,34],[25,3,0.9,-65,[0,"fdZzM3eZRH6puVMSEq5L16"],[4,4292269782],-64,35]],[1,"7072WfQA5H868n69GiTD4B",null,null,null,1,0],[1,117.5,-5.94,0]],[20,"props_toastWrap",33554432,1,[-69,-70,-71],[[2,-67,[0,"c8iiY7jKFG/J9fAs+4sIYP"],[5,1334,741]],[3,45,100,100,-68,[0,"5eTaEH9QVCqp/jS9CpupO/"]]],[1,"c12TaOyuRAibWj0LuChG9S",null,null,null,1,0]],[20,"bg_dt_dengluye",33554432,1,[-74,-75],[[2,-72,[0,"66vwuqZnFBGLUasTVqZOnP"],[5,1334,741]],[3,45,1625,750,-73,[0,"cdAgTG6N1ItZeARqj7rwbu"]]],[1,"91vjBJaedJi7VFhTNnqeFS",null,null,null,1,0]],[6,"props_subGameBoard",false,33554432,1,[[2,-76,[0,"74YF4NdJ5IOa+Ig4crQBl+"],[5,1600,800]],[3,45,100,100,-77,[0,"0bSXzwNaVFV5288I1+9agL"]],[50,-78,[0,"22qkRnjqpAU6FVlTVQz9j2"]],[40,false,0,-79,[0,"c1DnhrWMtPsZkF8cFS3YOh"],14]],[1,"88swE/sI9PrLT0SnXCdmW7",null,null,null,1,0]],[31,"props_btn_close_loading",false,33554432,3,[[2,-80,[0,"a6enStSEtNfpZNRxS0/2E2"],[5,34,34]],[41,-81,[0,"d1l/cOMPJAMIqRlpJugM9W"],21],[36,33,15.490999999999985,17.317000000000007,748.683,34,-82,[0,"653HzWti1Ju5DzpK1ikRIW"]],[47,3,0.9,-83,[0,"07o7iRbdZH7IFQu22YXWaL"],22]],[1,"aedFy7MbRJlYjCa37JD0KB",null,null,null,1,0],[1,767.509,365.683,0]],[18,"props_user_opa",8,[9,10],[[2,-84,[0,"b5qkSDUzBPPbXxvW0VJ5E2"],[5,400,100]],[49,1,1,70,-85,[0,"23EHrQDChP/IxdrOMKWcM6"]]],[1,"13xK6zWQZDNJKfcdITmvXC",null,null,null,1,0],[1,-14,-38.18299999999999,0]],[10,"props_insideVersion",33554432,1,[-89],[[2,-86,[0,"a7H0xiwkZNH5GRgv6Eg7J9"],[5,1334,22.128999999999994]],[5,0,-87,[0,"9fp6RJ2gJCpo0ripeUnJE2"],[4,2248147056],38],[37,41,1.2434497875801753e-14,100,-88,[0,"ebbMwXYPxKSqmwBVz0PCUQ"]]],[1,"cfCDxKMuBJxI8OkCfZFtac",null,null,null,1,0],[1,0,359.4355,0]],[6,"props_restart",false,33554432,6,[[2,-90,[0,"43r/LE76FIiL0XxHFVYgZ1"],[5,85.02,50.4]],[16,"restart",30,30,-91,[0,"69no5qhcdHiqMu6Drzonpk"]],[48,3,-92,[0,"eaCfPnrRFADqbiix45dPaY"]]],[1,"abc+e7nj1MJadzKKeBfA5E",null,null,null,1,0]],[4,"spr_loading_bg",33554432,12,[[2,-93,[0,"3aliZNkdNPy5Oh8OO6dQx/"],[5,1334,750]],[42,0,-94,[0,"74JGeXGh9PCZ0oyjb+YU/9"],7],[12,40,1625,-95,[0,"9dwblctyRNRZ77ug2McmRS"]]],[1,"6ckAakbfJHj4nMaeQVaBK/",null,null,null,1,0]],[4,"loading",33554432,12,[[2,-96,[0,"68DBLoYoxNB5aX108cB//x"],[5,109.42,54.4]],[16,"Loading...",24,24,-97,[0,"b3GT5/HIRMj67vZhomRjQB"]],[28,-98,[0,"1aFCaptWpAaq/v8Owt+b7l"]]],[1,"91ceuTp91HvLH0puqLHuNo",null,null,null,1,0]],[6,"SpriteSplash",false,33554432,4,[[2,-99,[0,"8e/0a9S6RE4KnBCLtwZH2o"],[5,1600,30]],[5,0,-100,[0,"d9cS6pTHRAZY6V8b51VoXF"],[4,1862270976],8],[12,40,100,-101,[0,"76n8ZSMCZPvLzQX5AOZ7CH"]]],[1,"c7OcGAN4pNK5d7O4RGuiy+",null,null,null,1,0]],[7,"toastLabel",33554432,4,[[2,-102,[0,"c5+QFAGeZIe6A5IjOBb636"],[5,61.34,34.239999999999995]],[27,"toast",24,24,24,true,-103,[0,"42QjzzkWNNVpX35e08jqRj"]],[29,-104,[0,"64WKrVsuNGfIrjLI15lA4P"],[4,4280696777]]],[1,"c1h/xwXv1P5JWwLLAaKD/w",null,null,null,1,0],[1,0,0.28,0]],[6,"SpriteSplash",false,33554432,5,[[2,-105,[0,"62vH8enKNOPIdLONX2kLLG"],[5,1600,30]],[5,0,-106,[0,"494Fc9YgBF4bHf8Yx1rfVt"],[4,1862270976],11],[12,40,100,-107,[0,"19+8ZPGKpJWLwKYAde4WZe"]]],[1,"70Z9DN2eJHoLvTnElFrORV",null,null,null,1,0]],[7,"toastLabel",33554432,5,[[2,-108,[0,"15+WKIsWVJ/qvwHsldzUKn"],[5,61.34,34.239999999999995]],[27,"toast",24,24,24,true,-109,[0,"ccnnj6oLpMg4EQEPfsOhRu"]],[29,-110,[0,"51XB4rbptCAqTlNToatZya"],[4,4280696777]]],[1,"e6jpTrIRdP1K2vh6rKvY4K",null,null,null,1,0],[1,0,0.28,0]],[32,"props_offloading",false,33554432,1,[[8,-111,[0,"4eTt+1dihFb6pFBj0Ej89J"],[5,2929.9,750],[0,0.4999419775418956,0.5]],[55,0,false,"default","<None>",-112,[0,"3d/S8NPzpFbpE/43Mk/fza"],15],[14,-113,[0,"e5o0x4TidMLpvN7VwXXl/n"]]],[1,"88zX3lWodKUbi4T5fVFUgX",null,null,null,1,0],[1,1.3,1,1]],[4,"SpriteSplash",33554432,3,[[2,-114,[0,"a1uU9hM+hDO4Lm7SLdpSwV"],[5,1600,800]],[5,0,-115,[0,"13mbTgvg9Dc738OEbt+YxN"],[4,2080374784],16],[3,45,100,100,-116,[0,"5dLvHLuy5HtrgERed1j1sd"]]],[1,"b3vqHkJXlM0qDzNl8Smndq",null,null,null,1,0]],[4,"props_icon_dating_loading",33554432,3,[[2,-117,[0,"53B+ICvohBHp8RWMHgdRU7"],[5,355,244]],[43,0,false,-118,[0,"0fOdj6459D7Zjlsk0lYjJz"],17,18],[56,true,-119,[0,"c1QMxMz5BKgow5SrLBC6uo"],[19],20]],[1,"03ednAmixA54cFnZ3DWIDj",null,null,null,1,0]],[33,"SpriteSplash",7,[[2,-120,[0,"c5lEka+Y9JUogsi3ulU+qP"],[5,1334,750]],[5,0,-121,[0,"360ezUGe5P64FvkV0ecN98"],[4,1677721600],23],[3,40,100,100,-122,[0,"43XD5/cFtJNZWWOH5TdKOt"]]],[1,"60FDFDgLdHjonUuRhOpWwX",null,null,null,1,0]],[34,"props_connect_tip",false,8,[[2,-123,[0,"a1I0nbhGVEnLWyU+rgyiq0"],[5,527.428,83.35999999999999]],[51,"连接断开，正在进行第{n}次重连...连接断开，正在进行第{n}次重连...",24,24,36,3,-124,[0,"58Tmf7P9hCxb5n+KrLZYou"]],[54,1,-125,[0,"45Lp5m/flKobGkm6BVtlvY"],[4,4286637055]]],[1,"89u6SM6FZBAIvzTO+4OnXf",null,null,null,1,0],[1,2.4049999999999727,28.009000000000015,0]],[7,"props_toastWrap_top",33554432,11,[[8,-126,[0,"36QCW6RjRB25JNlGGIUhRk"],[5,300,-10],[0,0.5,0]],[38,41,517,517,80,700,100,-10,-127,[0,"bab/QWJf5NLqreUxQQGiUw"]],[15,1,2,10,0,-128,[0,"a0837XzBpP5J7t9Uc7LMac"]]],[1,"582OPouKRBML+Udl0F8RXj",null,null,null,1,0],[1,0,300.5,0]],[7,"props_toastWrap_middle",33554432,11,[[8,-129,[0,"d89aWQlStNI7YY93RCUo7K"],[5,300,-10],[0,0.5,0]],[22,617,617,376,375,100,-10,-130,[0,"45kewt3GVP6p5O3k+d9NsT"]],[15,1,2,10,0,-131,[0,"91NCCw425Auq7B+i1hNqou"]]],[1,"04wSksUclAdbXZAoxIOOr5",null,null,null,1,0],[1,0,4.5,0]],[7,"props_toastWrap_bottom",33554432,11,[[8,-132,[0,"8cCzEfvyFHyY9poG87pG7a"],[5,300,-10],[0,0.5,0]],[22,617,617,191,100,100,400,-133,[0,"b4tMq3p3pKIKKQUdYidH6M"]],[15,1,2,10,0,-134,[0,"dcVFPMxPhFvoVP02zCLu8E"]]],[1,"4a1PE7XhdJ04Xj10/9UIFU",null,null,null,1,0],[1,0,-270.5,0]],[4,"verLabel",33554432,16,[[2,-135,[0,"dbnEMfmwBDj5789BA5s1TR"],[5,68,24.16]],[52,"内部版本",16,16,16,-136,[0,"af4bCryTROW6FUv56x1mH9"]],[28,-137,[0,"50arMLC4dHuayQUclWzCrM"]]],[1,"4deBbXSuNK5LIZK7uk0EFs",null,null,null,1,0]],[35,"Label",512,33554432,2,[[2,-138,[0,"c4IqAPklFAholfFl++QUxU"],[5,100,40]],[53,"restart",20,20,1,false,-139,[0,"c8ijmJHexIlIN6OdTtk+4E"],[4,4278190080]]],[1,"10UKwrlkpCaKRnELzmV10Q",null,null,null,1,0]],[4,"props_mainBoard",33554432,1,[[2,-140,[0,"71lfzLx1RAa4SSnpwVOffs"],[5,1334,741]],[3,45,100,100,-141,[0,"b9SZwtULFOfqDA44zb7Umm"]]],[1,"b0K2FFJkBJhLsQBbyiQnx2",null,null,null,1,0]],[4,"props_winnerBox",33554432,1,[[2,-142,[0,"51Fi5WzSdDMrMGVQpuSej5"],[5,1334,741]],[3,45,100,100,-143,[0,"0dFpLwCUNJSJd7YKRvYqx6"]]],[1,"386rwLRSVEM7P2kPxL6aKx",null,null,null,1,0]],[4,"props_marquee",33554432,1,[[2,-144,[0,"1f8HAGyL5MWrHUpG2oDzc9"],[5,1334,741]],[3,45,100,100,-145,[0,"a51lhdo79CGZZMgUuXy/gV"]]],[1,"cfZ4qEM/ZBZoPmL0aO+N4J",null,null,null,1,0]],[6,"loadingText",false,33554432,3,[[2,-146,[0,"4f1Xv1vQxCvKwPDtyoIA8W"],[5,87.85,50.4]],[16,"Loading...",20,20,-147,[0,"51akEjiMtMdpt0V3oxRYLZ"]]],[1,"7aXo2QfFRJ0Z9TfIbtBOhE",null,null,null,1,0]],[11,"props_spr_remind_content",8,[[2,-148,[0,"cbJ2Xon3dHM50k1CX5GhVN"],[5,580,72]],[13,0,-149,[0,"f5obj/kRVJA6RAx66Gaz11"],24,25]],[1,"10IJo0UdpDSZUhqpElk7L9",null,null,null,1,0],[1,0,48,0]],[11,"word_tips_cancel",9,[[2,-150,[0,"ebWaanNXlJ1I/9B7PJG+Oi"],[5,99,23]],[44,-151,[0,"00bKkdqwZE86U8A5sgTNiq"],26,27]],[1,"48Po1iR3xKzbcCOvwDGHU9",null,null,null,1,0],[1,0,2,0]],[11,"word_tips_retry",10,[[2,-152,[0,"de3Vi0KlZOMpeU5nqQ6gLu"],[5,142,28]],[13,0,-153,[0,"7fdMHctWJOH7o0dGXyjEAS"],31,32]],[1,"11PkFEAt5DLbGCsMoNPeSZ",null,null,null,1,0],[1,0,2,0]]],0,[0,7,1,0,0,1,0,0,1,0,-1,6,0,-2,12,0,-3,4,0,-4,5,0,-5,13,0,-6,34,0,-7,35,0,-8,36,0,-9,24,0,-10,3,0,-11,7,0,-12,11,0,-13,16,0,0,2,0,0,2,0,5,2,0,0,2,0,5,2,0,0,2,0,-1,33,0,0,3,0,0,3,0,0,3,0,-1,25,0,-2,37,0,-3,26,0,-4,14,0,0,4,0,0,4,0,0,4,0,0,4,0,-1,20,0,-2,21,0,0,5,0,0,5,0,0,5,0,0,5,0,-1,22,0,-2,23,0,0,6,0,0,6,0,0,6,0,-1,17,0,0,7,0,0,7,0,0,7,0,-1,27,0,-2,8,0,0,8,0,0,8,0,-1,38,0,-2,28,0,-3,15,0,0,9,0,0,9,0,5,9,0,0,9,0,-1,39,0,0,10,0,0,10,0,5,10,0,0,10,0,-1,40,0,0,11,0,0,11,0,-1,29,0,-2,30,0,-3,31,0,0,12,0,0,12,0,-1,18,0,-2,19,0,0,13,0,0,13,0,0,13,0,0,13,0,0,14,0,0,14,0,0,14,0,0,14,0,0,15,0,0,15,0,0,16,0,0,16,0,0,16,0,-1,32,0,0,17,0,0,17,0,0,17,0,0,18,0,0,18,0,0,18,0,0,19,0,0,19,0,0,19,0,0,20,0,0,20,0,0,20,0,0,21,0,0,21,0,0,21,0,0,22,0,0,22,0,0,22,0,0,23,0,0,23,0,0,23,0,0,24,0,0,24,0,0,24,0,0,25,0,0,25,0,0,25,0,0,26,0,0,26,0,0,26,0,0,27,0,0,27,0,0,27,0,0,28,0,0,28,0,0,28,0,0,29,0,0,29,0,0,29,0,0,30,0,0,30,0,0,30,0,0,31,0,0,31,0,0,31,0,0,32,0,0,32,0,0,32,0,0,33,0,0,33,0,0,34,0,0,34,0,0,35,0,0,35,0,0,36,0,0,36,0,0,37,0,0,37,0,0,38,0,0,38,0,0,39,0,0,39,0,0,40,0,0,40,0,8,1,2,6,6,9,6,15,10,6,15,153],[0,0,0,0,0,0,0,0,0,0,0,0,0,0,0,0,0,0,0,0,0,0,0,0,0,0,0,0,0,0,0,0,0,0,0,0,0,0,0],[1,3,9,10,11,3,1,1,1,1,2,1,1,2,1,12,1,1,2,-1,13,1,3,1,1,2,1,2,1,2,3,1,2,1,2,3,1,2,1],[1,1,1,11,12,1,0,4,0,13,3,0,14,3,4,15,0,16,17,5,5,6,6,0,18,2,19,2,7,20,7,21,2,8,3,8,22,2,0]],[[{"name":"default_btn_pressed","rect":{"x":0,"y":0,"width":40,"height":40},"offset":{"x":0,"y":0},"originalSize":{"width":40,"height":40},"rotated":false,"capInsets":[12,12,12,12],"vertices":{"rawPosition":[-20,-20,0,20,-20,0,-20,20,0,20,20,0],"indexes":[0,1,2,2,1,3],"uv":[0,40,40,40,0,0,40,0],"nuv":[0,0,1,0,0,1,1,1],"minPos":{"x":-20,"y":-20,"z":0},"maxPos":{"x":20,"y":20,"z":0}},"packable":true,"pixelsToUnit":100,"pivot":{"x":0.5,"y":0.5},"meshType":0}],[5],0,[0],[4],[23]],[[{"name":"default_btn_disabled","rect":{"x":0,"y":0,"width":40,"height":40},"offset":{"x":0,"y":0},"originalSize":{"width":40,"height":40},"rotated":false,"capInsets":[12,12,12,12],"vertices":{"rawPosition":[-20,-20,0,20,-20,0,-20,20,0,20,20,0],"indexes":[0,1,2,2,1,3],"uv":[0,40,40,40,0,0,40,0],"nuv":[0,0,1,0,0,1,1,1],"minPos":{"x":-20,"y":-20,"z":0},"maxPos":{"x":20,"y":20,"z":0}},"packable":true,"pixelsToUnit":100,"pivot":{"x":0.5,"y":0.5},"meshType":0}],[5],0,[0],[4],[24]],[[{"name":"auto_tips","spriteFrames":[]}],[6],0,[],[],[]],[[{"name":"auto_hall","spriteFrames":[]}],[6],0,[],[],[]],[[[57,"offloading","\r\noffloading.png\r\nsize: 2048,1024\r\nformat: RGBA8888\r\nfilter: Linear,Linear\r\nrepeat: none\r\nbg\r\n  rotate: false\r\n  xy: 2, 149\r\n  size: 1334, 750\r\n  orig: 1334, 750\r\n  offset: 0, 0\r\n  index: -1\r\nclian\r\n  rotate: false\r\n  xy: 1338, 149\r\n  size: 679, 750\r\n  orig: 679, 750\r\n  offset: 0, 0\r\n  index: -1\r\nhalo\r\n  rotate: false\r\n  xy: 274, 18\r\n  size: 170, 129\r\n  orig: 170, 129\r\n  offset: 0, 0\r\n  index: -1\r\njinbi\r\n  rotate: false\r\n  xy: 795, 53\r\n  size: 260, 94\r\n  orig: 260, 94\r\n  offset: 0, 0\r\n  index: -1\r\njinbixiao\r\n  rotate: false\r\n  xy: 1383, 72\r\n  size: 106, 75\r\n  orig: 106, 75\r\n  offset: 0, 0\r\n  index: -1\r\npai\r\n  rotate: false\r\n  xy: 2, 2\r\n  size: 270, 145\r\n  orig: 270, 145\r\n  offset: 0, 0\r\n  index: -1\r\nrummy1\r\n  rotate: false\r\n  xy: 1057, 63\r\n  size: 324, 84\r\n  orig: 324, 84\r\n  offset: 0, 0\r\n  index: -1\r\nrummy2\r\n  rotate: false\r\n  xy: 446, 34\r\n  size: 347, 113\r\n  orig: 347, 113\r\n  offset: 0, 0\r\n  index: -1\r\n",["offloading.png"],{"skeleton":{"hash":"oozRT73cqToSK8ALnttMlmvHcfw","spine":"3.8.99","x":-1464.78,"y":-375,"width":2929.9,"height":750,"images":"./源文件/","audio":""},"bones":[{"name":"root"},{"name":"zuo","parent":"root","x":-1464},{"name":"you","parent":"root","x":1464},{"name":"logo","parent":"root"},{"name":"pai","parent":"logo","x":-19.98,"y":-7.53},{"name":"jinbi","parent":"logo","x":-87.93,"y":-8.57},{"name":"halo","parent":"logo","x":-282.07,"y":-45.68}],"slots":[{"name":"bg","bone":"root","attachment":"bg"},{"name":"clian","bone":"zuo","attachment":"clian"},{"name":"clian2","bone":"you","attachment":"clian"},{"name":"pai","bone":"pai","attachment":"pai"},{"name":"jinbixiao","bone":"jinbi","attachment":"jinbixiao"},{"name":"logobg","bone":"logo","attachment":"jinbi"},{"name":"mignzi","bone":"logo","attachment":"rummy2"},{"name":"logo","bone":"logo","attachment":"logo"},{"name":"mingzishang","bone":"logo","attachment":"rummy1"},{"name":"halo","bone":"halo","attachment":"halo"}],"skins":[{"name":"default","attachments":{"bg":{"bg":{"width":1334,"height":750}},"clian":{"clian":{"x":338.72,"width":679,"height":750}},"clian2":{"clian":{"x":-338.38,"scaleX":-1,"width":679,"height":750}},"halo":{"halo":{"x":11.42,"y":0.5,"width":170,"height":129}},"jinbixiao":{"jinbixiao":{"x":-17.13,"y":15.92,"width":106,"height":75}},"logo":{"logo":{"type":"clipping","end":"logo","vertexCount":83,"color":"ce3a3aff","vertices":[-162.6,-27.34,-165.88,-91.09,-146.15,-87.8,-145.14,-72.62,-140.58,-71.61,-133.25,-87.3,-109.72,-82.74,-120.09,-64.27,-112.25,-54.41,-110.22,-45.81,-108.52,-45.51,-109.14,-58.32,-106.77,-67.92,-102.04,-73,-92.59,-77.55,-81.74,-77.9,-73.52,-75.97,-64.77,-71.25,-60.04,-67.05,-54.62,-58.82,-52.17,-49.2,-49.3,-47.88,-51.25,-85.84,-32.4,-81.94,-31.75,-54.51,-23.82,-75.7,-8.87,-74.27,0.62,-50.61,-0.16,-78.69,18.17,-75.96,20.9,-23.83,24.41,-22.66,21.81,-86.23,40.53,-82.98,41.23,-54.9,49.42,-76.35,64.5,-74.4,73.86,-50.87,73.08,-78.82,91.49,-75.7,94.22,-25.13,96.43,-24.09,114.89,-63.61,115.15,-84.02,136.34,-80.9,136.21,-61.66,157.92,-13.3,136.99,-16.29,126.33,-39.43,116.97,-19.8,96.25,-22.74,94.37,-24.1,94.89,-10.63,72.23,-14.72,58.78,-46.64,46.48,-18.29,24.86,-21.75,21.01,-23.31,21.61,-10.3,-0.98,-14.69,-14.77,-46.52,-25.9,-18.32,-48.05,-22.07,-49.3,-47.13,-52.16,-48.57,-50.36,-6.58,-71.46,-10.08,-73.16,-48.98,-74.41,-52.78,-78.21,-56.78,-80.71,-58.38,-84.81,-57.08,-87.31,-53.88,-88.01,-49.58,-85.71,-12.28,-106.71,-15.78,-108.29,-44.8,-110.07,-45.3,-110.23,-36.3,-112.95,-28.18,-118.58,-24.12,-125.62,-21.97,-133.51,-21.91]}},"logobg":{"jinbi":{"width":260,"height":94}},"mignzi":{"rummy2":{"x":-4.07,"y":-57.17,"width":347,"height":113}},"mingzishang":{"rummy1":{"x":-4,"y":-49.11,"width":324,"height":84}},"pai":{"pai":{"x":42.82,"y":67.31,"width":270,"height":145}}}}],"animations":{"animation":{"slots":{"bg":{"color":[{"color":"ffffff00","curve":0.25,"c3":0.75},{"time":0.1667,"color":"ffffffff"}]},"halo":{"attachment":[{"name":null},{"time":0.6,"name":"halo"}]},"jinbixiao":{"color":[{"time":0.6,"color":"ffffff00"},{"time":0.6667,"color":"ffffffff"}],"attachment":[{"name":null},{"time":0.6,"name":"jinbixiao"}]},"logobg":{"color":[{"time":0.6,"color":"ffffff00"},{"time":0.6667,"color":"ffffffff"}],"attachment":[{"name":null},{"time":0.6,"name":"jinbi"}]},"mignzi":{"color":[{"time":0.6,"color":"ffffff00"},{"time":0.6667,"color":"ffffffff"}],"attachment":[{"name":null},{"time":0.6,"name":"rummy2"}]},"mingzishang":{"color":[{"time":0.6,"color":"ffffff00"},{"time":0.6667,"color":"ffffffff"}],"attachment":[{"name":null},{"time":0.6,"name":"rummy1"}]},"pai":{"color":[{"time":0.6,"color":"ffffff00"},{"time":0.6667,"color":"ffffffff"}],"attachment":[{"name":null},{"time":0.6,"name":"pai"}]}},"bones":{"halo":{"translate":[{"time":0.6},{"time":1.4333,"x":464.29}]},"jinbi":{"rotate":[{"time":0.6,"angle":7.67},{"time":1.0333,"angle":-8.5},{"time":1.4333,"angle":7.67}]},"pai":{"rotate":[{"time":0.6,"angle":-2.5},{"time":1.0333,"angle":5.18},{"time":1.4333,"angle":-2.5}]},"you":{"translate":[{"time":0.1},{"time":0.6667,"x":-797}]},"zuo":{"translate":[{"time":0.1},{"time":0.6667,"x":797}]}}}}},[0]]],0,0,[0],[-1],[25]],[[{"name":"auto_loading","spriteFrames":[]}],[6],0,[],[],[]]]]
