[1,["ba6P28YPdJK6VVEq+FbY/2@f9941","efOBZey41Is45nI7rsJ99R","0eHRcXDehJSYXdAEzrJgVR@f9941","434VsJQPhIw4DNfrjgTrHO@6c48a","434VsJQPhIw4DNfrjgTrHO@f9941"],["node","_spriteFrame","root","data","_normalSprite","_font","_textureSource","spriteFrame"],[["cc.Node",["_name","_active","_components","_prefab","_parent","_children","_lpos"],1,9,4,1,2,5],["cc.UITransform",["node","__prefab","_contentSize"],3,1,4,5],["cc.Sprite",["_sizeMode","node","__prefab","_spriteFrame"],2,1,4,6],"cc.SpriteFrame",["cc.Prefab",["_name"],2],["cc.CompPrefabInfo",["fileId"],2],["cc.PrefabInfo",["fileId","instance","targetOverrides","nestedPrefabInstanceRoots","root","asset"],-1,1,1],["cc.Button",["_transition","_zoomScale","node","__prefab","_normalSprite"],1,1,4,6],["cc.Label",["_string","_horizontalAlign","_actualFontSize","_fontSize","_overflow","_isSystemFontUsed","node","__prefab","_font"],-3,1,4,6],["cc.BitmapFont",["_name","fontSize","fntConfig"],0]],[[5,0,2],[6,0,1,2,3,4,5,5],[1,0,1,2,1],[4,0,2],[0,0,5,2,3,2],[0,0,4,5,2,3,2],[0,0,1,4,2,3,6,3],[0,0,4,2,3,6,2],[1,0,1,1],[2,0,1,2,3,2],[2,1,2,3,1],[7,0,1,2,3,4,3],[8,0,1,2,3,4,5,6,7,8,7],[9,0,1,2,4]],[[[[3,"maintenancPopup"],[4,"maintenancPopup",[-3],[[8,-2,[0,"b38BCvFfpD8IiCSvhlApr0"]]],[1,"c46/YsCPVOJYA4mWEpNYRx",null,null,null,-1,0]],[5,"props_spr_maintenance",1,[-6,-7],[[2,-4,[0,"06AVJRtglJDJaU3KDiRpSs"],[5,736,469]],[9,0,-5,[0,"eaXU0FN21CBZvUibtICd79"],3]],[1,"9dSTK0vI1Pca+jIqSvSuBR",null,null,null,1,0]],[6,"props_fb_btn_off",false,2,[[2,-8,[0,"6fnfAnl1RMXL23KN3EVxLy"],[5,62,62]],[10,-9,[0,"bbw1wN2ttNuJcSpCsOqvoo"],0],[11,3,0.9,-10,[0,"d3Wxl4o81HgZNHPYaSu2hs"],1]],[1,"60c9WBw7hFQLqd7Cd3Ie3x",null,null,null,1,0],[1,304,180,0]],[7,"Label_update",2,[[2,-11,[0,"97sTy09txACbTk6SehQlVw"],[5,435,280]],[12,"DEAR PLAYER, \nTHE GAME IS UNDER MAINTENANCE, PLEASE LOG IN TO THE GAME LATER, THANK YOU FOR YOUR UNDERSTANDING AND SUPPORT.",0,12,12,3,false,-12,[0,"034lYE5R5A9LqCkmyiF29m"],2]],[1,"d6zFv9PkhHwIHXeRW5griZ",null,null,null,1,0],[1,111.647,30,0]]],0,[0,2,1,0,0,1,0,-1,2,0,0,2,0,0,2,0,-1,3,0,-2,4,0,0,3,0,0,3,0,0,3,0,0,4,0,0,4,0,3,1,12],[0,0,0,0],[1,4,5,1],[0,0,1,2]],[[{"name":"welcome_font_0","rect":{"x":0,"y":0,"width":511,"height":118},"offset":{"x":-0.5,"y":69},"originalSize":{"width":512,"height":256},"rotated":false,"capInsets":[0,0,0,0],"vertices":{"rawPosition":[-255.5,-59,0,255.5,-59,0,-255.5,59,0,255.5,59,0],"indexes":[0,1,2,2,1,3],"uv":[0,256,511,256,0,138,511,138],"nuv":[0,0.5390625,0.998046875,0.5390625,0,1,0.998046875,1],"minPos":{"x":-255.5,"y":-59,"z":0},"maxPos":{"x":255.5,"y":59,"z":0}},"packable":true,"pixelsToUnit":100,"pivot":{"x":0.5,"y":0.5},"meshType":0}],[3],0,[0],[6],[3]],[[[13,"welcome_font",16,{"commonHeight":16,"fontSize":16,"atlasName":"welcome_font_0.png","fontDefDictionary":{"32":{"xOffset":0,"yOffset":0,"xAdvance":26,"rect":{"x":0,"y":82,"width":26,"height":36}},"33":{"xOffset":0,"yOffset":0,"xAdvance":12,"rect":{"x":497,"y":37,"width":12,"height":36}},"44":{"xOffset":0,"yOffset":23,"xAdvance":13,"rect":{"x":74,"y":75,"width":13,"height":23}},"46":{"xOffset":0,"yOffset":23,"xAdvance":12,"rect":{"x":88,"y":75,"width":12,"height":15}},"48":{"xOffset":0,"yOffset":0,"xAdvance":26,"rect":{"x":156,"y":0,"width":26,"height":37}},"49":{"xOffset":0,"yOffset":0,"xAdvance":20,"rect":{"x":53,"y":82,"width":20,"height":36}},"50":{"xOffset":0,"yOffset":0,"xAdvance":26,"rect":{"x":183,"y":0,"width":26,"height":37}},"51":{"xOffset":0,"yOffset":0,"xAdvance":27,"rect":{"x":128,"y":0,"width":27,"height":37}},"52":{"xOffset":0,"yOffset":0,"xAdvance":26,"rect":{"x":389,"y":37,"width":26,"height":36}},"53":{"xOffset":0,"yOffset":0,"xAdvance":26,"rect":{"x":362,"y":37,"width":26,"height":36}},"54":{"xOffset":0,"yOffset":0,"xAdvance":26,"rect":{"x":210,"y":0,"width":26,"height":37}},"55":{"xOffset":0,"yOffset":0,"xAdvance":26,"rect":{"x":470,"y":37,"width":26,"height":36}},"56":{"xOffset":0,"yOffset":0,"xAdvance":26,"rect":{"x":237,"y":0,"width":26,"height":37}},"57":{"xOffset":0,"yOffset":0,"xAdvance":26,"rect":{"x":264,"y":0,"width":26,"height":37}},"65":{"xOffset":0,"yOffset":0,"xAdvance":32,"rect":{"x":367,"y":0,"width":32,"height":36}},"66":{"xOffset":0,"yOffset":0,"xAdvance":29,"rect":{"x":187,"y":38,"width":29,"height":36}},"67":{"xOffset":0,"yOffset":0,"xAdvance":31,"rect":{"x":0,"y":45,"width":31,"height":36}},"68":{"xOffset":0,"yOffset":0,"xAdvance":29,"rect":{"x":217,"y":38,"width":29,"height":36}},"69":{"xOffset":0,"yOffset":0,"xAdvance":27,"rect":{"x":334,"y":37,"width":27,"height":36}},"70":{"xOffset":0,"yOffset":0,"xAdvance":26,"rect":{"x":416,"y":37,"width":26,"height":36}},"71":{"xOffset":0,"yOffset":0,"xAdvance":31,"rect":{"x":66,"y":0,"width":31,"height":37}},"72":{"xOffset":0,"yOffset":0,"xAdvance":30,"rect":{"x":125,"y":38,"width":30,"height":36}},"73":{"xOffset":0,"yOffset":0,"xAdvance":12,"rect":{"x":499,"y":0,"width":12,"height":36}},"74":{"xOffset":0,"yOffset":0,"xAdvance":26,"rect":{"x":443,"y":37,"width":26,"height":36}},"75":{"xOffset":0,"yOffset":0,"xAdvance":32,"rect":{"x":400,"y":0,"width":32,"height":36}},"76":{"xOffset":0,"yOffset":0,"xAdvance":25,"rect":{"x":27,"y":82,"width":25,"height":36}},"77":{"xOffset":0,"yOffset":0,"xAdvance":34,"rect":{"x":332,"y":0,"width":34,"height":36}},"78":{"xOffset":0,"yOffset":0,"xAdvance":30,"rect":{"x":94,"y":38,"width":30,"height":36}},"79":{"xOffset":0,"yOffset":0,"xAdvance":32,"rect":{"x":33,"y":0,"width":32,"height":37}},"80":{"xOffset":0,"yOffset":0,"xAdvance":28,"rect":{"x":247,"y":38,"width":28,"height":36}},"81":{"xOffset":0,"yOffset":0,"xAdvance":32,"rect":{"x":0,"y":0,"width":32,"height":44}},"82":{"xOffset":0,"yOffset":0,"xAdvance":30,"rect":{"x":63,"y":38,"width":30,"height":36}},"83":{"xOffset":0,"yOffset":0,"xAdvance":29,"rect":{"x":98,"y":0,"width":29,"height":37}},"84":{"xOffset":0,"yOffset":0,"xAdvance":28,"rect":{"x":276,"y":38,"width":28,"height":36}},"85":{"xOffset":0,"yOffset":0,"xAdvance":30,"rect":{"x":32,"y":45,"width":30,"height":36}},"86":{"xOffset":0,"yOffset":0,"xAdvance":30,"rect":{"x":156,"y":38,"width":30,"height":36}},"87":{"xOffset":0,"yOffset":0,"xAdvance":40,"rect":{"x":291,"y":0,"width":40,"height":36}},"88":{"xOffset":0,"yOffset":0,"xAdvance":32,"rect":{"x":433,"y":0,"width":32,"height":36}},"89":{"xOffset":0,"yOffset":0,"xAdvance":32,"rect":{"x":466,"y":0,"width":32,"height":36}},"90":{"xOffset":0,"yOffset":0,"xAdvance":28,"rect":{"x":305,"y":37,"width":28,"height":36}}},"kerningDict":{}}]],0,0,[0],[7],[4]]]]
