[1,["f08LGd375IsqmtkAHE88tu@6c48a"],0,[["sp.SkeletonData",["_name","_atlasText","textureNames","_skeletonJson","textures"],-1,3]],[[0,0,1,2,3,4,5]],[[0,"Crash_da","\r\nCrash_da.png\r\nsize: 2048,256\r\nformat: RGBA8888\r\nfilter: Linear,Linear\r\nrepeat: none\r\nbg_barqiu_da\r\n  rotate: true\r\n  xy: 2, 2\r\n  size: 230, 460\r\n  orig: 230, 460\r\n  offset: 0, 0\r\n  index: -1\r\ncrash-bg1\r\n  rotate: false\r\n  xy: 464, 40\r\n  size: 417, 192\r\n  orig: 417, 192\r\n  offset: 0, 0\r\n  index: -1\r\ncrash-xing\r\n  rotate: false\r\n  xy: 883, 60\r\n  size: 389, 172\r\n  orig: 389, 172\r\n  offset: 0, 0\r\n  index: -1\r\ncrash_guang\r\n  rotate: true\r\n  xy: 1416, 103\r\n  size: 129, 122\r\n  orig: 129, 122\r\n  offset: 0, 0\r\n  index: -1\r\nhuojian_hj\r\n  rotate: true\r\n  xy: 1274, 85\r\n  size: 147, 140\r\n  orig: 147, 140\r\n  offset: 0, 0\r\n  index: -1\r\n",["Crash_da.png"],{"skeleton":{"hash":"rc9y9J6NOyF37Qd+1MBOe9Jy0OE","spine":"3.8.99","x":-115,"y":-2.53,"width":230,"height":460,"images":"","audio":"E:/新版UI/平台/入口新源文件/火箭"},"bones":[{"name":"root"},{"name":"hj","parent":"root","length":107.14,"rotation":41.67,"x":-24.97,"y":213.68,"scaleX":1.1368,"scaleY":1.1368},{"name":"guang","parent":"hj","length":40.97,"rotation":-176.45,"x":-19.86,"y":8.63},{"name":"骨骼","parent":"root"},{"name":"bg2","parent":"骨骼","length":166.48,"rotation":-137.95,"x":-5.11,"y":224.95,"scaleX":2.4277,"scaleY":2.4277},{"name":"骨骼2","parent":"骨骼","length":83.89,"rotation":-139.37,"x":18.73,"y":107.66}],"slots":[{"name":"bg","bone":"root","attachment":"bg_barqiu_da"},{"name":"root","bone":"骨骼","attachment":"root"},{"name":"crash-bg1","bone":"bg2","attachment":"crash-bg1"},{"name":"crash-xing","bone":"骨骼2","attachment":"crash-xing"},{"name":"crash_guang","bone":"guang","attachment":"crash_guang"},{"name":"huojian_hj","bone":"hj","attachment":"huojian_hj"}],"skins":[{"name":"default","attachments":{"bg":{"bg_barqiu_da":{"y":227.47,"width":230,"height":460}},"crash-bg1":{"crash-bg1":{"x":0.5,"width":417,"height":192}},"crash-xing":{"crash-xing":{"x":4.2,"y":-111.74,"scaleX":2.0012,"scaleY":2.0012,"width":389,"height":172}},"crash_guang":{"crash_guang":{"x":-4.74,"y":1.9,"rotation":136.28,"width":129,"height":122}},"huojian_hj":{"huojian_hj":{"x":45.38,"y":6.47,"rotation":-41.21,"width":147,"height":140}},"root":{"root":{"type":"clipping","end":"root","vertexCount":26,"color":"ce3a3aff","vertices":[-99.7,438.81,-101.64,433.91,-102.36,28.42,-102.4,22.29,-100.19,17.68,-98.04,15.35,-95.33,13.72,-91.82,12.16,-87.55,11.68,89.66,11.22,94.27,13.02,96.82,14.77,98.84,16.05,101.37,20.89,102.11,23.16,101.72,35.79,102.13,43.16,102.22,55.89,102.16,70.05,102.05,433.25,100.61,437.19,98.38,441.41,94.53,443.77,91.14,445.66,-89.81,445.42,-95.57,443.16]}}}}],"animations":{"animation":{"bones":{"hj":{"translate":[{"x":-12.58,"y":-14.15,"curve":0.25,"c3":0.75},{"time":0.5,"x":2.36,"y":3.14,"curve":0.25,"c3":0.75},{"time":2,"x":-12.58,"y":-14.15},{"time":2.5,"x":2.36,"y":3.14,"curve":0.25,"c3":0.75},{"time":4,"x":-12.58,"y":-14.15},{"time":4.5,"x":2.36,"y":3.14,"curve":0.25,"c3":0.75},{"time":6,"x":-12.58,"y":-14.15}]},"guang":{"scale":[{"curve":0.25,"c3":0.75},{"time":0.5,"x":1.139,"curve":0.25,"c3":0.75},{"time":2,"x":0.486,"y":0.427},{"time":2.5,"x":1.139,"curve":0.25,"c3":0.75},{"time":4,"x":0.486,"y":0.427},{"time":4.5,"x":1.139,"curve":0.25,"c3":0.75},{"time":6,"x":0.486,"y":0.427}]},"bg2":{"translate":[{"x":30.27,"y":23.39,"curve":0.25,"c3":0.75},{"time":6,"x":-137.6,"y":-127.97}]},"骨骼2":{"translate":[{"x":174.75,"y":229.1,"curve":0.25,"c3":0.75},{"time":6,"x":-205.71,"y":-199.52}]}}}}},[0]]],0,0,[0],[-1],[0]]
