[1,["7ap8BBcSNDuo4vW7+O/lAI@6c48a"],0,[["sp.SkeletonData",["_name","_atlasText","textureNames","_skeletonJson","textures"],-1,3]],[[0,0,1,2,3,4,5]],[[0,"yxxrk","\r\nyxxrk.png\r\nsize: 1024,256\r\nformat: RGBA8888\r\nfilter: Linear,Linear\r\nrepeat: none\r\n0\r\n  rotate: false\r\n  xy: 2, 10\r\n  size: 217, 234\r\n  orig: 217, 234\r\n  offset: 0, 0\r\n  index: -1\r\n2\r\n  rotate: false\r\n  xy: 509, 101\r\n  size: 97, 143\r\n  orig: 97, 143\r\n  offset: 0, 0\r\n  index: -1\r\n4\r\n  rotate: true\r\n  xy: 439, 46\r\n  size: 198, 68\r\n  orig: 198, 68\r\n  offset: 0, 0\r\n  index: -1\r\n5\r\n  rotate: true\r\n  xy: 439, 2\r\n  size: 42, 63\r\n  orig: 42, 63\r\n  offset: 0, 0\r\n  index: -1\r\nyxxbg\r\n  rotate: false\r\n  xy: 221, 28\r\n  size: 216, 216\r\n  orig: 216, 216\r\n  offset: 0, 0\r\n  index: -1\r\n",["yxxrk.png"],{"skeleton":{"hash":"+cXknLJTLS12wKcuVYPZ3giEY/4","spine":"3.8.99","x":-108,"y":-2.19,"width":216,"height":221.65,"images":"E:/新版UI/平台/入口新源文件/鱼虾蟹","audio":""},"bones":[{"name":"root"},{"name":"bone","parent":"root","length":61.78,"rotation":-3.7,"x":-3,"y":128.6,"scaleX":0.7228,"scaleY":0.7228},{"name":"bone2","parent":"bone","length":32.05,"rotation":-0.97,"x":1.48,"y":0.41},{"name":"bone3","parent":"bone","length":29.47,"rotation":-81.26,"x":91.96,"y":-17.47}],"slots":[{"name":"bg","bone":"root","attachment":"yxxbg"},{"name":"0","bone":"bone","attachment":"0"},{"name":"1","bone":"bone2","attachment":"0","blend":"screen"},{"name":"2","bone":"bone3","attachment":"2"},{"name":"5","bone":"bone3","attachment":"5"},{"name":"s","bone":"root","attachment":"4"}],"skins":[{"name":"default","attachments":{"0":{"0":{"x":0.5,"width":217,"height":234}},"1":{"0":{"x":0.5,"width":217,"height":234}},"2":{"2":{"x":40.39,"y":-9.09,"rotation":96.2,"width":97,"height":143}},"5":{"5":{"x":12.7,"y":-179.15,"rotation":85.58,"width":42,"height":63}},"bg":{"yxxbg":{"y":105.81,"width":216,"height":216}},"s":{"4":{"type":"mesh","hull":22,"width":198,"height":68,"uvs":[0.97327,0,1,0.24937,1,0.4316,0.91322,0.52276,0.90418,0.82722,0.912,1,0.11068,1,0.06069,0.98197,0,0.48894,0,0.21809,0.00061,0.03077,0.01571,0,0.03357,0,0.1726,0.57303,0.22183,0.48603,0.24512,0.70958,0.45252,0.651,0.48585,0.26127,0.59101,0.73978,0.64447,0.2972,0.76189,0.05839,0.92795,0],"triangles":[1,21,0,13,8,9,3,20,21,1,3,21,2,3,1,13,14,15,16,17,18,3,19,20,4,19,3,18,19,4,12,10,11,12,13,10,10,13,9,7,8,13,6,7,13,6,13,15,18,4,5,6,15,16,16,18,6,5,6,18],"vertices":[95.58,100.77,100.87,83.81,100.87,71.42,83.69,65.22,81.9,44.52,83.45,32.77,-75.21,32.77,-85.11,33.99,-97.13,67.52,-97.13,85.94,-97.01,98.68,-94.02,100.77,-90.48,100.77,-62.95,61.8,-53.21,67.72,-48.59,52.52,-7.53,56.5,-0.93,83,19.89,50.46,30.48,80.56,53.73,96.8,86.61,100.77],"edges":[0,42,0,2,2,4,4,6,6,8,8,10,10,12,12,14,14,16,16,18,18,20,20,22,22,24,24,26,26,28,28,30,30,32,32,34,34,36,36,38,38,40,40,42]}}}}],"animations":{"animation":{"slots":{"1":{"color":[{"color":"ffffff00","curve":"stepped"},{"time":0.6667,"color":"ffffff00","curve":0.25,"c3":0.75},{"time":1.3333,"color":"ffffffff","curve":0.25,"c3":0.75},{"time":2,"color":"ffffff00"}]}},"bones":{"bone":{"translate":[{"time":0.6667,"curve":0.25,"c3":0.75},{"time":1.3333,"x":0.52,"y":8,"curve":0.25,"c3":0.75},{"time":2}]}},"deform":{"default":{"s":{"4":[{"curve":0.25,"c3":0.75},{"time":1.3333,"curve":0.25,"c3":0.75,"vertices":[5.58002,-1.488,2.232,-1.86,1.85999,-9.67199,0,0,0,0,0,0,0,0,0,0,-7.06799,-4.83601,-7.81198,-4.46399,-7.43999,-5.20799,-4.836,-0.37199,-5.58,-1.11598,-4.46396,0.37198,-4.092,0.744,1.488,2.60398,1.488,-1.116,4.83599,-1.11598,0,0,4.464,-0.37198,8.18399,0.00001,4.092,0.744]},{"time":2.6667}]}}}}}},[0]]],0,0,[0],[-1],[0]]
