[1,["67/tZrAeFEuZkliLQ5zg8v@6c48a"],0,[["sp.SkeletonData",["_name","_atlasText","textureNames","_skeletonJson","textures"],-1,3]],[[0,0,1,2,3,4,5]],[[0,"fenghuangrk","\r\nfenghuangrk.png\r\nsize: 512,1024\r\nformat: RGBA8888\r\nfilter: Linear,Linear\r\nrepeat: none\r\n1/fenghuangbg\r\n  rotate: true\r\n  xy: 2, 105\r\n  size: 212, 201\r\n  orig: 212, 201\r\n  offset: 0, 0\r\n  index: -1\r\n1/fh\r\n  rotate: false\r\n  xy: 2, 319\r\n  size: 253, 333\r\n  orig: 253, 333\r\n  offset: 0, 0\r\n  index: -1\r\n1/you\r\n  rotate: false\r\n  xy: 2, 35\r\n  size: 120, 68\r\n  orig: 120, 68\r\n  offset: 0, 0\r\n  index: -1\r\n1/zuo\r\n  rotate: true\r\n  xy: 124, 2\r\n  size: 101, 57\r\n  orig: 101, 57\r\n  offset: 0, 0\r\n  index: -1\r\n",["fenghuangrk.png"],{"skeleton":{"hash":"ze/3nZbmPVfPnaU1T5A4B7vhLrg","spine":"3.8.99","x":-106,"y":-3.21,"width":212,"height":220.57,"images":"","audio":""},"bones":[{"name":"root"},{"name":"bone","parent":"root","length":20.1,"x":-3.41,"y":164.18,"scaleX":0.7099,"scaleY":0.7099},{"name":"bone2","parent":"root","length":61.53,"rotation":89.46,"x":0.08,"y":38.73},{"name":"bone3","parent":"bone2","length":15.52,"rotation":0.54,"x":21.7,"y":16.3}],"slots":[{"name":"bg","bone":"root","attachment":"1/fenghuangbg"},{"name":"1/you","bone":"bone","attachment":"1/you"},{"name":"1/zuo","bone":"bone","attachment":"1/zuo"},{"name":"1/fh","bone":"bone2","attachment":"1/fh"},{"name":"1/fh2","bone":"bone3","attachment":"1/fh","blend":"screen"}],"skins":[{"name":"default","attachments":{"1/fh":{"1/fh":{"x":75.45,"y":-0.09,"scaleX":0.6039,"scaleY":0.6039,"rotation":-87.79,"width":253,"height":333}},"1/fh2":{"1/fh":{"x":54.1,"y":-17.7,"scaleX":0.6105,"scaleY":0.6105,"rotation":-89.23,"width":253,"height":333}},"1/you":{"1/you":{"x":48.3,"width":120,"height":68}},"1/zuo":{"1/zuo":{"x":-51.25,"y":0.5,"width":101,"height":57}},"bg":{"1/fenghuangbg":{"y":97.29,"width":212,"height":201}}}}],"animations":{"animation":{"slots":{"1/fh2":{"color":[{"color":"ffffff00","curve":0.25,"c3":0.75},{"time":1,"color":"ffffffff","curve":0.25,"c3":0.75},{"time":2,"color":"ffffff00"}]}},"bones":{"bone":{"translate":[{"x":-10.77,"curve":0.25,"c3":0.75},{"time":1,"curve":0.25,"c3":0.75},{"time":2,"x":19.95,"curve":0.25,"c3":0.75},{"time":3,"curve":0.25,"c3":0.75},{"time":4,"x":-10.77}],"scale":[{"curve":0.25,"c3":0.75},{"time":1,"x":0.907,"y":0.907,"curve":0.25,"c3":0.75},{"time":2,"curve":0.25,"c3":0.75},{"time":3,"x":0.907,"y":0.907,"curve":0.25,"c3":0.75},{"time":4}]},"bone2":{"translate":[{"curve":0.25,"c3":0.75},{"time":1,"x":0.18,"y":19.55,"curve":0.25,"c3":0.75},{"time":2}]}}}}},[0]]],0,0,[0],[-1],[0]]
