[1,["1anVhunSdLTrakBUfQ1dAh@6c48a"],["_textureSource"],["cc.SpriteFrame"],0,[{"name":"offloading","rect":{"x":2,"y":2,"width":2015,"height":897},"offset":{"x":-14.5,"y":61.5},"originalSize":{"width":2048,"height":1024},"rotated":false,"capInsets":[0,0,0,0],"vertices":{"rawPosition":[-1007.5,-448.5,0,1007.5,-448.5,0,-1007.5,448.5,0,1007.5,448.5,0],"indexes":[0,1,2,2,1,3],"uv":[2,1022,2017,1022,2,125,2017,125],"nuv":[0.0009765625,0.1220703125,0.98486328125,0.1220703125,0.0009765625,0.998046875,0.98486328125,0.998046875],"minPos":{"x":-1007.5,"y":-448.5,"z":0},"maxPos":{"x":1007.5,"y":448.5,"z":0}},"packable":true,"pixelsToUnit":100,"pivot":{"x":0.5,"y":0.5},"meshType":0}],[0],0,[0],[0],[0]]
