[1,["14ad46CnxGH4lm4ZljKy7H","7dj5uJT9FMn6OrOOx83tfK@f9941","71Q7Lxw5pP0og4vnns9YM2@f9941","27+iiTItxCLqvdI5pTJSkD@f9941","14sgtc9ktINbUhL9zFcLVy@6c48a","24pwTaKGdEbY0aXpIMdeCd@6c48a","9f2QDdIhtPiY8s+6NCQ8g1@f9941","f6VUC2zu9Amq9znGMEy1Ws","24pwTaKGdEbY0aXpIMdeCd@f9941","7dj5uJT9FMn6OrOOx83tfK@6c48a","9f2QDdIhtPiY8s+6NCQ8g1@6c48a","14sgtc9ktINbUhL9zFcLVy@f9941","53SsWWTFlAxLz/IGJC+L8L@f9941","16Kts+7hxMF4K08q6+RaZK@f9941","3cDYNR2VRA0a7dNtbd5eN6@f9941","c8jVnKP05M9aMb9e9GHild@f9941","fcW3dRsYJEwIVr+/aVmE1c@f9941","63LtX/Pk1IbJXWkotx583T","c903CkBqRP54tXWybAc1Go","bcdm2bF8xLJa+TKyGfcOfB@f9941"],["node","_spriteFrame","_atlas","_textureSource","root","_parent","_target","_normalSprite","_cameraComponent","_barSprite","scene","asset","updateConfirm","logLabel","tipsLabel","versionLabel","updateProgress","data","manifest","versionManifest"],[["cc.Node",["_name","_layer","_active","_objFlags","__editorExtras__","_id","_components","_parent","_prefab","_children","_lpos"],-3,9,1,4,2,5],["cc.Sprite",["_sizeMode","_type","node","_spriteFrame","__prefab","_atlas","_color"],1,1,6,4,6,5],["cc.Label",["_string","_actualFontSize","_fontSize","_overflow","_lineHeight","node","__prefab","_color"],-2,1,4,5],["cc.Node",["_name","_layer","_active","_parent","_components","_lpos","_prefab","_children"],0,1,12,5,4,2],["cc.UITransform",["node","_contentSize","__prefab","_anchorPoint"],3,1,5,4,5],"cc.SpriteFrame",["cc.Widget",["_alignFlags","_originalWidth","_left","_right","_originalHeight","_top","_bottom","_alignMode","node","__prefab"],-5,1,4],["cc.ProgressBar",["_totalLength","_progress","node","_barSprite","__prefab"],1,1,1,4],"cc.SpriteAtlas",["cc.SceneAsset",["_name"],2],["cc.Node",["_name","_parent","_components","_lpos"],2,1,2,5],["cc.PrefabInfo",["fileId","targetOverrides","nestedPrefabInstanceRoots","root","instance","asset"],0,1,4,6],["cc.PrefabInfo",["root","asset","fileId","instance","targetOverrides","nestedPrefabInstanceRoots"],-1,9,2],["cc.PrefabInfo",["fileId","instance","targetOverrides","nestedPrefabInstanceRoots","root","asset"],-1,1,1],["cc.PrefabInstance",["fileId","prefabRootNode","propertyOverrides"],1,9],["CCPropertyOverrideInfo",["value","propertyPath","targetInfo"],1,4],["CCPropertyOverrideInfo",["propertyPath","targetInfo","value"],2,4,8],["cc.TargetInfo",["localID"],2],["cc.Canvas",["node","_cameraComponent"],3,1,1],["cc.BlockInputEvents",["node"],3,1],["cc.UIOpacity",["node"],3,1],["cc.Scene",["_name","autoReleaseAssets","_children","_prefab","_globals"],1,2,4,4],["cc.TargetOverrideInfo",["propertyPath","source","sourceInfo","target","targetInfo"],2,1,4,1,4],["cc.SceneGlobals",["ambient","shadows","_skybox","fog","octree","lightProbeInfo"],3,4,4,4,4,4,4],["cc.AmbientInfo",["_skyColorHDR","_groundAlbedoHDR"],3,5,5],["cc.ShadowsInfo",["_shadowColor","_size"],3,5,5],["cc.SkyboxInfo",[],3],["cc.FogInfo",[],3],["cc.OctreeInfo",[],3],["cc.LightProbeInfo",[],3],["cc.Camera",["_projection","_orthoHeight","_near","_visibility","node","_color"],-1,1,5],["cc.Asset",["_name","_native"],1],["cc.Prefab",["_name"],2],["cc.CompPrefabInfo",["fileId"],2],["e842dSMZBtE9r0/N1h4wTxv",["node","__prefab","updateProgress","versionLabel","tipsLabel","logLabel","updateConfirm","manifest","versionManifest"],3,1,4,1,1,1,1,1,6,6],["cc.Button",["_transition","_zoomScale","node","__prefab","_normalColor","_target","_normalSprite"],1,1,4,5,1,6],["cc.Layout",["_layoutType","_horizontalDirection","node","__prefab"],1,1,4]],[[17,0,2],[33,0,2],[13,0,1,2,3,4,5,5],[15,0,1,2,3],[4,0,2,1,1],[16,0,1,2,2],[22,0,1,2,3,4,2],[0,0,1,7,6,8,10,3],[4,0,1,1],[6,0,1,4,8,9,4],[1,1,0,2,4,3,5,3],[0,0,2,1,7,6,10,4],[0,0,1,7,9,6,8,10,3],[0,0,7,6,8,2],[3,0,3,4,6,5,2],[4,0,1,3,1],[6,0,1,4,8,4],[1,0,2,4,3,5,2],[1,2,4,3,5,1],[2,0,1,2,5,6,4],[31,0,1,3],[35,0,1,2,3,4,5,6,3],[9,0,2],[0,3,4,8,3],[0,0,1,5,9,6,10,4],[0,0,2,1,7,9,6,4],[0,0,2,1,7,9,6,10,4],[0,0,1,7,6,3],[0,0,9,6,8,2],[0,0,7,9,6,8,2],[0,0,2,7,9,6,8,3],[0,0,7,6,8,10,2],[3,0,1,3,4,5,3],[3,0,3,7,4,6,5,2],[3,0,1,3,4,6,5,3],[3,0,2,3,4,6,5,3],[10,0,1,2,3,2],[11,0,1,2,3,4,5,4],[12,0,1,2,3,4,5,5],[14,0,1,2,3],[4,0,2,1],[4,0,2,1,3,1],[18,0,1,1],[6,0,2,3,5,6,7,8,7],[6,2,3,1,8,9,4],[19,0,1],[20,0,1],[1,1,0,2,3,3],[1,0,2,6,3,2],[1,1,0,2,3],[1,0,2,4,3,2],[1,0,2,4,6,3,2],[1,1,0,2,4,3],[7,0,1,2,3,3],[7,0,1,2,4,3,3],[2,0,1,2,5,4],[2,0,1,2,4,3,5,6],[2,0,1,2,5,6,7,4],[2,0,1,2,4,3,5,6,7,6],[2,0,1,2,3,5,6,5],[21,0,1,2,3,4,3],[23,0,1,2,3,4,5,1],[24,0,1,1],[25,0,1,1],[26,1],[27,1],[28,1],[29,1],[30,0,1,2,3,4,5,5],[32,0,2],[34,0,1,2,3,4,5,6,7,8,1],[36,0,1,2,3,3]],[[[{"name":"auto_updata","spriteFrames":[]}],[8],0,[],[],[]],[[{"name":"bg_dt_dengluye","rect":{"x":0,"y":0,"width":1625,"height":750},"offset":{"x":0,"y":0},"originalSize":{"width":1625,"height":750},"rotated":false,"capInsets":[0,0,0,0],"vertices":{"rawPosition":[-812.5,-375,0,812.5,-375,0,-812.5,375,0,812.5,375,0],"indexes":[0,1,2,2,1,3],"uv":[0,750,1625,750,0,0,1625,0],"nuv":[0,0,1,0,0,1,1,1],"minPos":{"x":-812.5,"y":-375,"z":0},"maxPos":{"x":812.5,"y":375,"z":0}},"packable":true,"pixelsToUnit":100,"pivot":{"x":0.5,"y":0.5},"meshType":0}],[5],0,[0],[3],[4]],[[{"name":"default_progressbar","rect":{"x":0,"y":0,"width":30,"height":15},"offset":{"x":0,"y":0},"originalSize":{"width":30,"height":15},"rotated":false,"capInsets":[10,4,10,4],"vertices":{"rawPosition":[-15,-7.5,0,15,-7.5,0,-15,7.5,0,15,7.5,0],"indexes":[0,1,2,2,1,3],"uv":[0,15,30,15,0,0,30,0],"nuv":[0,0,1,0,0,1,1,1],"minPos":{"x":-15,"y":-7.5,"z":0},"maxPos":{"x":15,"y":7.5,"z":0}},"packable":true,"pixelsToUnit":100,"pivot":{"x":0.5,"y":0.5},"meshType":0}],[5],0,[0],[3],[5]],[[[22,"hall"],[23,0,{},[37,"c46/YsCPVOJYA4mWEpNYRx",null,null,-1,[39,"efHSUH3EJGuJQiWVuUvp1c",null,[[3,"hotUpdate",["_name"],[0,["c46/YsCPVOJYA4mWEpNYRx"]]],[5,["_lpos"],[0,["c46/YsCPVOJYA4mWEpNYRx"]],[1,0,0,0]],[5,["_lrot"],[0,["c46/YsCPVOJYA4mWEpNYRx"]],[3,0,0,0,1]],[5,["_euler"],[0,["c46/YsCPVOJYA4mWEpNYRx"]],[1,0,0,0]],[3,true,["_active"],[0,["c46/YsCPVOJYA4mWEpNYRx"]]],[3,false,["_active"],[0,["52BXM0BE5JqpV6hEm89eFO"]]],[5,["_contentSize"],[0,["caJbmCLBZNPJbCqN2Cmse5"]],[5,0,26]],[3,0,["_progress"],[0,["8dIRvBe31BCZkMBhH06g6c"]]],[5,["_contentSize"],[0,["fb9RjF1iREVKxzf/D83+Sv"]],[5,1334,741]],[5,["_contentSize"],[0,["c3PjSlypRAGpLPgO69f+wX"]],[5,1334,741]],[3,"--",["_string"],[0,["19DS1YcQpBur2VnzNzVvnk"]]],[5,["_contentSize"],[0,["39m++YYy9FGY3iHL0DphGm"]],[5,13.32,50.4]],[3,true,["_active"],[0,["66FoQevUZCDoJALsAxH3Ei"]]],[3,false,["_isBold"],[0,["81IM39aV9Nqa9/nkXeKDYl"]]],[3,false,["_active"],[0,["7egWZON4RNDLWGvrnoAvI8"]]],[5,["_lpos"],[0,["afaP8aIVpN5L1t1UOq0mF1"]],[1,0,96.50399999999999,0]],[3,false,["_active"],[0,["2f2JJqNoxNr4wm5/jJVAZo"]]],[3,2,["_overflow"],[0,["edRZatCEpGKpMpm2oXUpeW"]]],[5,["_contentSize"],[0,["82LrJb2DNPqaU/dEXfT3sT"]],[5,460.557,152.79999999999998]],[3,"检测到新版本，是否更新？",["_string"],[0,["edRZatCEpGKpMpm2oXUpeW"]]],[5,["_anchorPoint"],[0,["82LrJb2DNPqaU/dEXfT3sT"]],[0,0.5,1]],[3,31,["_actualFontSize"],[0,["edRZatCEpGKpMpm2oXUpeW"]]],[3,true,["_active"],[0,["7dZu5X1g1DH6Wux58V4rLE"]]],[3,true,["_enabled"],[0,["34gVjMOHlALp3O5NKKikRr"]]],[3,true,["_active"],[0,["4eizUgSddCiaKCeIujyKDw"]]],[3,0,["_left"],[0,["34gVjMOHlALp3O5NKKikRr"]]],[5,["_lpos"],[0,["4eizUgSddCiaKCeIujyKDw"]],[1,0,0,0]],[3,0,["_right"],[0,["34gVjMOHlALp3O5NKKikRr"]]],[5,["_lpos"],[0,["4euH6ciWBJ0qOJ4/B7Bi56"]],[1,0,0,0]]]],1]],[24,"Canvas",33554432,"beI88Z2HpFELqR4T5EMHpg",[-6,-7,-8,-9,1,-10],[[8,-2,[5,1334,750]],[42,-4,-3],[43,45,-5.684341886080802e-14,-5.684341886080802e-14,5.684341886080802e-14,5.684341886080802e-14,1,-5]],[1,667,375.00000000000006,0]],[25,"modalBg",false,33554432,2,[-15],[[8,-11,[5,1334,750]],[16,45,100,100,-12],[45,-13],[46,-14]]],[26,"ProgressBar",false,33554432,2,[-20],[[8,-16,[5,300,15]],[47,1,0,-17,0],[53,300,0,-19,-18]],[1,0,-259.556,0]],[27,"SpriteSplash",33554432,3,[[8,-21,[5,1334,750]],[48,0,-22,[4,1828716544],2],[16,45,100,100,-23]]],[32,"Bar",33554432,4,[[[15,-24,[5,0,15],[0,0,0.5]],-25],4,1],[1,-150,0,0]],[11,"version",false,33554432,2,[[8,-26,[5,64.47,50.4]],[55,"version",20,20,-27]],[1,0,-289.39,0]],[11,"log",false,33554432,2,[[15,-28,[5,1015.4259999999999,25.2],[0,0.5,1]],[56,"log",20,20,20,3,-29]],[1,0,290,0]],[60,"hall",true,[2],[38,null,null,"5522c3e7-8946-4e1b-9411-431571b27564",null,[[6,["_barSprite"],1,[0,["8dIRvBe31BCZkMBhH06g6c"]],1,[0,["18Z69eBJBFaImoqX3Clso6"]]],[6,["updateProgress"],1,[0,["2d4iCzwUtOuYkDksVMH+Vk"]],1,[0,["8dIRvBe31BCZkMBhH06g6c"]]],[6,["versionLabel"],1,[0,["2d4iCzwUtOuYkDksVMH+Vk"]],1,[0,["19DS1YcQpBur2VnzNzVvnk"]]],[6,["tipsLabel"],1,[0,["2d4iCzwUtOuYkDksVMH+Vk"]],1,[0,["81IM39aV9Nqa9/nkXeKDYl"]]],[6,["logLabel"],1,[0,["2d4iCzwUtOuYkDksVMH+Vk"]],1,[0,["1akiSRa8JDSaw0uF9pi31I"]]],[6,["updateConfirm"],1,[0,["2d4iCzwUtOuYkDksVMH+Vk"]],1,[0,["7egWZON4RNDLWGvrnoAvI8"]]],[6,["updateContent"],1,[0,["2d4iCzwUtOuYkDksVMH+Vk"]],1,[0,["c0BbPiKGxAYb+WIxxEkudj"]]]],[1]],[61,[62,[2,0,0,0,0.520833125],[2,0,0,0,0]],[63,[4,4283190348],[0,512,512]],[64],[65],[66],[67]]],[36,"Camera",2,[-30],[1,0,0,1000]],[68,0,437.3599374021909,0,1108344832,10,[4,4278190080]],[49,1,0,6]],0,[0,4,1,0,0,2,0,8,11,0,0,2,0,0,2,0,-1,10,0,-2,4,0,-3,7,0,-4,8,0,-6,3,0,0,3,0,0,3,0,0,3,0,0,3,0,-1,5,0,0,4,0,0,4,0,9,12,0,0,4,0,-1,6,0,0,5,0,0,5,0,0,5,0,0,6,0,-2,12,0,0,7,0,0,7,0,0,8,0,0,8,0,-1,11,0,10,9,1,5,2,2,5,9,30],[0,0,0,12],[1,11,1,1],[6,7,1,8]],[[[20,"project",".manifest"],-1],0,0,[],[],[]],[[{"name":"default_sprite_splash","rect":{"x":0,"y":0,"width":2,"height":2},"offset":{"x":0,"y":0},"originalSize":{"width":2,"height":2},"rotated":false,"capInsets":[0,0,0,0],"vertices":{"rawPosition":[-1,-1,0,1,-1,0,-1,1,0,1,1,0],"indexes":[0,1,2,2,1,3],"uv":[0,2,2,2,0,0,2,0],"nuv":[0,0,1,0,0,1,1,1],"minPos":{"x":-1,"y":-1,"z":0},"maxPos":{"x":1,"y":1,"z":0}},"packable":true,"pixelsToUnit":100,"pivot":{"x":0.5,"y":0.5},"meshType":0}],[5],0,[0],[3],[9]],[[{"name":"default_progressbar_bg","rect":{"x":0,"y":0,"width":60,"height":15},"offset":{"x":0,"y":0},"originalSize":{"width":60,"height":15},"rotated":false,"capInsets":[10,4,10,4],"vertices":{"rawPosition":[-30,-7.5,0,30,-7.5,0,-30,7.5,0,30,7.5,0],"indexes":[0,1,2,2,1,3],"uv":[0,15,60,15,0,0,60,0],"nuv":[0,0,1,0,0,1,1,1],"minPos":{"x":-30,"y":-7.5,"z":0},"maxPos":{"x":30,"y":7.5,"z":0}},"packable":true,"pixelsToUnit":100,"pivot":{"x":0.5,"y":0.5},"meshType":0}],[5],0,[0],[3],[10]],[[[20,"version",".manifest"],-1],0,0,[],[],[]],[[[69,"hotUpdate"],[28,"hotUpdate",[-10,-11,-12,-13,-14,-15],[[4,-2,[1,"fb9RjF1iREVKxzf/D83+Sv"],[5,1334,750]],[9,45,100,100,-3,[1,"18j4YNGq5Kj4e/xOLt1xcu"]],[70,-9,[1,"2d4iCzwUtOuYkDksVMH+Vk"],-8,-7,-6,-5,-4,18,19]],[2,"c46/YsCPVOJYA4mWEpNYRx",null,null,null,-1,0]],[29,"node_updata_tips",1,[-17,-18,-19,-20,-21,-22],[[40,-16,[1,"0eJehLOLhN446P7wzyeZpq"]]],[2,"7egWZON4RNDLWGvrnoAvI8",null,null,null,1,0]],[12,"btn_updata_cancel",33554432,2,[-27],[[4,-23,[1,"eeGxZj9dZPcY2MtzxOajTo"],[5,165,61]],[10,1,0,-24,[1,"fcTpiBdTJI7pxNUynZYFYK"],9,10],[21,3,0.9,-26,[1,"1fvki+4ZtGG4fL+BSWPuI3"],[4,4292269782],-25,11]],[2,"09fp9vr79MBr2pLQaK3/YC",null,null,null,1,0],[1,-114,-96,0]],[12,"btn_updata_ok",33554432,2,[-32],[[4,-28,[1,"6eyaMDzpBO+KsbmFfVZ4QM"],[5,165,61]],[10,1,0,-29,[1,"8a1ILc1KxMpZYrIP53kMl6"],14,15],[21,3,0.9,-31,[1,"bcOyLfEehK0pRKMGMZJfwB"],[4,4292269782],-30,16]],[2,"b8m5KWnGJKOqjHsjvv2dna",null,null,null,1,0],[1,114,-96,0]],[33,"ProgressBar_updata",1,[-36],[[[4,-33,[1,"08C62xpkVPqZiJDFpyXjCd"],[5,796,48]],[10,1,2,-34,[1,"d0576u6FJCf5dDkt56QDUO"],1,2],-35],4,4,1],[2,"7dZu5X1g1DH6Wux58V4rLE",null,null,null,1,0],[1,0,-246,0]],[30,"logPanel",false,1,[-39,-40],[[4,-37,[1,"50j+i+GPxCVaSRO2hpCGok"],[5,1600,800]],[9,45,100,100,-38,[1,"benbhzCt5Ioqt38Q6TrLMH"]]],[2,"52BXM0BE5JqpV6hEm89eFO",null,null,null,1,0]],[13,"spr_updata_bg",1,[[4,-41,[1,"c3PjSlypRAGpLPgO69f+wX"],[5,1334,750]],[50,0,-42,[1,"b2zXy10R1GLq17/eMZbRk2"],0],[9,45,1625,750,-43,[1,"34gVjMOHlALp3O5NKKikRr"]]],[2,"4eizUgSddCiaKCeIujyKDw",null,null,null,1,0]],[34,"Bar",33554432,5,[[[41,-44,[1,"caJbmCLBZNPJbCqN2Cmse5"],[5,0,24],[0,0,0.5]],-45,[71,1,1,-46,[1,"d0kUXc1f9MMq6gho8UaTft"]]],4,1,4],[2,"28hhuMBaNDDpXiou7sCsNV",null,null,null,1,0],[1,-387,0,0]],[13,"SpriteSplash",6,[[4,-47,[1,"a9QuYYgjdEMpQYnWRJ7mAz"],[5,1600,800]],[51,0,-48,[1,"f7VOpGsXFILoGX9CWUTwh4"],[4,2399141900],17],[9,45,100,100,-49,[1,"ded8sYrWBABamr5FHowhUM"]]],[2,"1185VV+khIRYYKKOxQI3I5",null,null,null,1,0]],[14,"logStr",6,[[[4,-50,[1,"bcJeQuTCFO/pTl3iltNzbQ"],[5,1529.538,50.4]],-51,[44,525.4100000000001,525.4100000000001,549.18,-52,[1,"7cW2TsA/NO9Koqmwp9qlJv"]]],4,1,4],[2,"81LvAt9odHq6bzTOm9nN1k",null,null,null,1,0],[1,-5.696000000000026,0,0]],[14,"Label_updata_v",1,[[[4,-53,[1,"94FjOrfTtIVLj8BvMirITf"],[5,262.37,50.4]],-54],4,1],[2,"66FoQevUZCDoJALsAxH3Ei",null,null,null,1,0],[1,0,-190,0]],[7,"spr_updata_tipsBg",33554432,2,[[4,-55,[1,"cf1ZE4VVNCV69n5lFSTPAV"],[5,696,407]],[17,0,-56,[1,"a959nlGvhLqJOTuK7tZaij"],3,4]],[2,"b9FatvQs9JOJRTKYGJGBAz",null,null,null,1,0],[1,0,-1.233,0]],[7,"spr_updata_tipsTitle",33554432,2,[[4,-57,[1,"8dmHi/2slIaJ40yu+PatJe"],[5,260,29]],[17,2,-58,[1,"efCB9j6adLD7ru5qH8KdxJ"],5,6]],[2,"6bB9nfn8xCorWg9pkZFQcK",null,null,null,1,0],[1,0.06899999999999995,125.74,0]],[7,"Label_updata_tips",33554432,2,[[4,-59,[1,"82LrJb2DNPqaU/dEXfT3sT"],[5,360,50.4]],[57,"检测到新版本，是否更新？",30,30,-60,[1,"edRZatCEpGKpMpm2oXUpeW"],[4,4283817471]]],[2,"afaP8aIVpN5L1t1UOq0mF1",null,null,null,1,0],[1,0,49.179,0]],[31,"Label_updata_content",2,[[4,-61,[1,"ea9rk0cPZF6b7ybbWG2qaH"],[5,400,37.8]],[58,"",24,24,30,3,-62,[1,"c0BbPiKGxAYb+WIxxEkudj"],[4,4281376441]]],[2,"95C+M0rd1ATIsFtRw45kB1",null,null,null,1,0],[1,0,-18.21,0]],[7,"word_tips_cancel",33554432,3,[[4,-63,[1,"ceFpXHS7xJFKre44rUI7cS"],[5,99,23]],[18,-64,[1,"9eYZdgQ/VKeae++sd04Tak"],7,8]],[2,"fbT1TGNllKKJdTF2DQA3zP",null,null,null,1,0],[1,0,2,0]],[7,"word_tips_ok",33554432,4,[[4,-65,[1,"42qaNhOcVDuJFwB6YB7Mtt"],[5,36,23]],[18,-66,[1,"36gLTxxUFJHb3roqVeOR9M"],12,13]],[2,"20WtDllo5OCIbtlTMPL/x/",null,null,null,1,0],[1,0,2,0]],[35,"currVersion",false,1,[[[4,-67,[1,"39m++YYy9FGY3iHL0DphGm"],[5,13.32,50.4]],-68],4,1],[2,"2f2JJqNoxNr4wm5/jJVAZo",null,null,null,1,0],[1,0,-290,0]],[19,"Version checking, please wait",20,20,11,[1,"81IM39aV9Nqa9/nkXeKDYl"]],[52,2,0,8,[1,"18Z69eBJBFaImoqX3Clso6"]],[54,772,0,5,[1,"8dIRvBe31BCZkMBhH06g6c"],20],[19,"--",20,20,18,[1,"19DS1YcQpBur2VnzNzVvnk"]],[59,"ssssssssss",20,20,3,10,[1,"1akiSRa8JDSaw0uF9pi31I"]]],0,[0,4,1,0,0,1,0,0,1,0,12,2,0,13,23,0,14,19,0,15,22,0,16,21,0,0,1,0,-1,7,0,-2,11,0,-3,5,0,-4,2,0,-5,18,0,-6,6,0,0,2,0,-1,12,0,-2,13,0,-3,14,0,-4,15,0,-5,3,0,-6,4,0,0,3,0,0,3,0,6,3,0,0,3,0,-1,16,0,0,4,0,0,4,0,6,4,0,0,4,0,-1,17,0,0,5,0,0,5,0,-3,21,0,-1,8,0,0,6,0,0,6,0,-1,9,0,-2,10,0,0,7,0,0,7,0,0,7,0,0,8,0,-2,20,0,0,8,0,0,9,0,0,9,0,0,9,0,0,10,0,-2,23,0,0,10,0,0,11,0,-2,19,0,0,12,0,0,12,0,0,13,0,0,13,0,0,14,0,0,14,0,0,15,0,0,15,0,0,16,0,0,16,0,0,17,0,0,17,0,0,18,0,-2,22,0,17,1,68],[0,0,0,0,0,0,0,0,0,0,0,0,0,0,0,0,0,0,0,0,20,20],[1,1,2,1,2,1,2,1,2,1,2,7,1,2,1,2,7,1,18,19,1,2],[11,12,0,13,0,14,0,15,0,2,0,2,16,0,3,0,3,1,17,18,19,0]]]]
