[1,["7dj5uJT9FMn6OrOOx83tfK@f9941","b4Y5y0WotEE5AFhfLWE5j7","44fyUZhABOUqYOSvqoRlQz@6c48a","50PQXuC3tIhZ6EdrQuFDRC@6c48a","a7NsayjfZDoJYGc466lwBI@f9941","c4Xr+RCOtAV7IRIu7khx/q","0bVv+UHFpJ9L83akJ31hyN@f9941","a4ZWfHTVtA1YoR4q0PUKwd","c61BlV9WtIpLkLzHQ+HMRM@f9941","adnj557IFIpIwlUcO0fUr3@f9941","9f2QDdIhtPiY8s+6NCQ8g1@f9941","bbra5bqNRLlpfUGrXwZ2D9@f9941","84z5gYwVRE0qLwzB6hfrx8@f9941","f4yk+9xjtCg4E3H8j9Y4nK@f9941","50PQXuC3tIhZ6EdrQuFDRC@f9941","44fyUZhABOUqYOSvqoRlQz@f9941","a9SfSvkVBCcZm2w9XSgVqJ@f9941","6cswkku4VO6prApcUxVhHN@f9941","84z5gYwVRE0qLwzB6hfrx8@6c48a","a7NsayjfZDoJYGc466lwBI@6c48a","c4WnveCUlBn42/riaT7oia@6c48a","f4yk+9xjtCg4E3H8j9Y4nK@6c48a"],["node","_spriteFrame","_textureSource","_atlas","_target","_barSprite","root","data","_parent","_skeletonData"],[["cc.Sprite",["_sizeMode","_type","_enabled","_isTrimmedMode","_fillType","_fillStart","node","__prefab","_spriteFrame","_atlas","_color","_fillCenter"],-3,1,4,6,6,5,5],["cc.Node",["_name","_layer","_active","_components","_prefab","_parent","_children","_lpos"],0,9,4,1,2,5],["cc.Widget",["_alignFlags","_top","_originalHeight","_originalWidth","_bottom","_left","_right","_enabled","node","__prefab"],-5,1,4],"cc.SpriteFrame",["cc.UITransform",["node","__prefab","_contentSize","_anchorPoint"],3,1,4,5,5],["cc.LabelOutline",["_width","node","__prefab","_color"],2,1,4,5],["cc.Node",["_name","_layer","_parent","_components","_prefab","_lpos","_lrot","_euler"],1,1,12,4,5,5,5],["cc.Layout",["_resizeMode","_layoutType","node","__prefab"],1,1,4],["cc.Button",["_transition","_zoomScale","_enabled","node","__prefab","_target","_hoverColor","_pressedColor"],0,1,4,1,5,5],["sp.Skeleton",["_preCacheMode","_premultipliedAlpha","defaultSkin","defaultAnimation","node","__prefab","_skeletonData"],-1,1,4,6],["cc.ProgressBar",["_progress","_mode","_reverse","_totalLength","node","__prefab","_barSprite"],-1,1,4,1],["cc.Label",["_string","_actualFontSize","_fontSize","_enableWrapText","_isBold","node","__prefab","_color"],-2,1,4,5],"cc.SpriteAtlas",["cc.Prefab",["_name"],2],["cc.CompPrefabInfo",["fileId"],2],["cc.PrefabInfo",["fileId","instance","targetOverrides","nestedPrefabInstanceRoots","root","asset"],-1,1,1],["sp.SkeletonData",["_name","_atlasText","textureNames","_skeletonJson","textures"],-1,3]],[[14,0,2],[15,0,1,2,3,4,5,5],[4,0,1,2,1],[1,0,2,1,5,3,4,4],[4,0,1,2,3,1],[0,6,7,8,1],[1,0,2,1,5,3,4,7,4],[1,0,2,1,5,6,3,4,4],[1,0,1,5,6,3,4,7,3],[1,0,1,5,3,4,7,3],[4,0,1,3,1],[1,0,1,6,3,4,3],[1,0,1,5,6,3,4,3],[4,0,1,1],[2,0,3,2,8,9,4],[2,0,1,8,9,3],[0,0,6,7,10,8,2],[11,0,1,2,5,6,7,4],[13,0,2],[1,0,1,5,3,4,3],[6,0,1,2,3,4,5,3],[6,0,1,2,3,4,6,7,3],[7,2,3,1],[7,0,1,2,3,3],[2,7,0,1,4,2,8,9,6],[2,0,3,8,9,3],[2,0,1,2,8,9,4],[2,0,8,9,2],[2,0,5,6,1,3,2,8,9,7],[2,0,5,6,1,4,3,2,8,9,8],[8,0,1,3,4,5,3],[8,2,0,1,3,4,6,7,5,4],[9,0,1,4,5,3],[9,0,1,2,3,4,5,6,5],[0,1,0,6,7,8,9,3],[0,0,6,7,8,9,2],[0,2,0,6,7,8,3],[0,0,6,7,2],[0,1,0,6,7,8,3],[0,0,6,7,8,2],[0,0,3,6,7,8,9,3],[0,1,0,6,7,3],[0,1,4,0,5,6,7,11,5],[10,1,0,2,4,5,6,4],[10,3,0,4,5,6,3],[11,0,1,2,3,4,5,6,7,6],[5,1,2,1],[5,1,2,3,1],[5,0,1,2,3,2],[16,0,1,2,3,4,5]],[[[{"name":"Cs_xiao1","rect":{"x":0,"y":0,"width":246,"height":171},"offset":{"x":0,"y":0},"originalSize":{"width":246,"height":171},"rotated":false,"capInsets":[0,0,0,0],"vertices":{"rawPosition":[-123,-85.5,0,123,-85.5,0,-123,85.5,0,123,85.5,0],"indexes":[0,1,2,2,1,3],"uv":[0,171,246,171,0,0,246,0],"nuv":[0,0,1,0,0,1,1,1],"minPos":{"x":-123,"y":-85.5,"z":0},"maxPos":{"x":123,"y":85.5,"z":0}},"packable":true,"pixelsToUnit":100,"pivot":{"x":0.5,"y":0.5},"meshType":0}],[3],0,[0],[2],[2]],[[{"name":"Cs_da1","rect":{"x":0,"y":0,"width":246,"height":207},"offset":{"x":0,"y":0},"originalSize":{"width":246,"height":207},"rotated":false,"capInsets":[0,0,0,0],"vertices":{"rawPosition":[-123,-103.5,0,123,-103.5,0,-123,103.5,0,123,103.5,0],"indexes":[0,1,2,2,1,3],"uv":[0,207,246,207,0,0,246,0],"nuv":[0,0,1,0,0,1,1,1],"minPos":{"x":-123,"y":-103.5,"z":0},"maxPos":{"x":123,"y":103.5,"z":0}},"packable":true,"pixelsToUnit":100,"pivot":{"x":0.5,"y":0.5},"meshType":0}],[3],0,[0],[2],[3]],[[[18,"subGameGate"],[11,"subGameGate",33554432,[-6],[[2,-2,[0,"35fiPKuJ9Dmb00tXKGMcMa"],[5,230,448]],[22,-3,[0,"58lYrQ0YRBLa5eBDqQDpcq"]],[24,false,5,142.5,142.5,460,-4,[0,"e3zc3eDAdFHJhq3guNw/vU"]],[23,2,2,-5,[0,"6e7mB6EdVCn5DXG6HRo860"]]],[1,"f3GbV6XoFGb7dOspNYZv9J",null,null,null,-1,0]],[12,"props_gameItem_template",33554432,1,[-11,-12,-13,-14,-15,-16,-17,-18,-19,-20,-21],[[2,-7,[0,"21cTghVodMILOztsUjq3/L"],[5,230,448]],[25,40,100,-8,[0,"62Qb6KZOZJOLEqn4uxr0yM"]],[30,3,1.1,-10,[0,"92oQ3BCJ5DY43j5VXE6Meh"],-9]],[1,"93p4uyeX1AcLnuV8RqaRGp",null,null,null,1,0]],[6,"gameSkeleton",false,33554432,2,[[10,-22,[0,"f3iCpnqxVDBIXUzs8X1IQ3"],[0,0.5,0]],[31,false,3,1,-24,[0,"8aNqU6uT9OAakC4Q9OTHef"],[4,4278255981],[4,4279177203],-23],[32,0,false,-25,[0,"10UGnhYfxE85sBuNq/dfXR"]],[26,5,348,315,-26,[0,"19I9trzB5NUKfAfrEQrdXe"]]],[1,"15Es4DjC9PgrA4V/jCElon",null,null,null,1,0],[1,0,-224,0]],[7,"downLoadProgressBar",false,33554432,2,[-31,-32],[[13,-27,[0,"95e/qcNMFKyKP4aiq3bOkI"]],[34,1,0,-28,[0,"4aivtbyAdFWZgV0cFgRzl6"],11,12],[43,2,0,true,-30,[0,"8f7nv35BFJoI5G4uivL2Qt"],-29]],[1,"70HRCXZUJMU6E+YAQPn/LT",null,null,null,1,0]],[11,"vip_jiaobiao",33554432,[-35,-36],[[2,-33,[0,"e3vFYo8lJPHZR9AQCUCp/m"],[5,130,130]],[35,0,-34,[0,"ffpgmgfBNB86Wh9QGa4fmy"],5,6]],[1,"27ymD815ZO5JRcx84QSe7h",null,null,null,1,0]],[7,"loadWrap",false,33554432,2,[-40],[[2,-37,[0,"4cyT/WMX9HxL85p+ZNzf2M"],[5,230,448]],[36,false,0,-38,[0,"1bpe2sL1BI749Y0hHRwUA9"],10],[14,45,100,100,-39,[0,"9elMmYADxO9bvx7rI51x4m"]]],[1,"0ft5fshctAcLVqZjbwuYTB",null,null,null,1,0]],[12,"DownloadPb",33554432,6,[-43,-44],[[2,-41,[0,"faglBxyKpL7oPLSF55oRJ+"],[5,105,56]],[37,0,-42,[0,"3fkxEnueVPGJTrJy3u5Epo"]]],[1,"abKP2qPJZIY5T6JpYPOt1V",null,null,null,1,0]],[8,"progressBar",33554432,7,[-49],[[2,-45,[0,"76CMWj+U1G963Bu+G9+xxu"],[5,100,10]],[38,1,0,-46,[0,"cf3VEQk0tDh66nfqK4BHWP"],9],[44,100,0.7,-48,[0,"d6WIeE0uhL4YR2VbYat/5f"],-47]],[1,"10fPqkIU1LKKnZWP8M/NDf",null,null,null,1,0],[1,0,-0.638,0]],[8,"comeSoon",33554432,2,[-52,-53],[[10,-50,[0,"edmWumbrxPXodm84oFLrHD"],[0,0.5,1]],[15,1,14,-51,[0,"67vnRQFdlJqpTvY6y16n9N"]]],[1,"2bDWoROBpAk5PaEyEmZGcl",null,null,null,1,0],[1,0,210,0]],[8,"Maintenance",33554432,2,[-56,-57],[[10,-54,[0,"b4lfyA50lJrKB+8AOT2XTV"],[0,0.5,1]],[15,1,14,-55,[0,"1c/9RD2VdIgb3204a8oDS6"]]],[1,"47F8WMC2dEjZxhJqu4b7TJ",null,null,null,1,0],[1,0,210,0]],[3,"SpriteSplash",false,33554432,2,[[2,-58,[0,"97Lkx7tZFLcYBONIWNU/Sk"],[5,230,448]],[39,0,-59,[0,"c8FoAw6jtMeIugQm+sDGKD"],0],[14,45,100,100,-60,[0,"c66f/GQb9HdbTn/Vs4UMKp"]]],[1,"32Ge4He3FJ2Ys7ncy+3ndu",null,null,null,1,0]],[6,"spr_word",false,33554432,2,[[2,-61,[0,"4cD1gQQ3JJno3LTo029+Yj"],[5,142,80]],[5,-62,[0,"6aU5GHMcdDR7DM/plaNSdB"],1],[27,4,-63,[0,"97Ue1amGxFTo2xnQIsxngw"]]],[1,"85UWgnj3BFZaCRrAOaOxAd",null,null,null,1,0],[1,0,-184,0]],[3,"log_label",false,33554432,2,[[2,-64,[0,"af4iAjGHdGH5c+Aet2l0Ge"],[5,4,54.4]],[17,"",20,20,-65,[0,"bdWv7mdCZMVZl75nglRbsw"],[4,4294769916]],[46,-66,[0,"bc3BPLerdPyJZKY+mBkALu"]]],[1,"05FV7cY09H96TITY/Ixijk",null,null,null,1,0]],[6,"hot_jiaobiao",false,33554432,2,[[2,-67,[0,"5fWxwQ/mJFX6yL9XRqg3q2"],[5,76,82]],[33,0,false,"default","animation",-68,[0,"3d/4p3pqRDbp0yCbLLUirS"],2],[28,33,176,-13,-9,76,82,-69,[0,"1cExGoRhhLObbVC+3S7tgl"]]],[1,"a2SyGaqGdMVr+ULl2yYG/T",null,null,null,1,0],[1,90,192,0]],[7,"vipWrap",false,33554432,2,[5],[[2,-70,[0,"83N0f5dc5Btaa8My655jrN"],[5,100,232.5]],[29,18,65,65,298.75,66.25,100,100,-71,[0,"3et1zFv5pHXqG1YzK1tOsU"]]],[1,"ceoqj7MVFFu6u1WFPByCe6",null,null,null,1,0]],[9,"label_vipLevel",33554432,5,[[2,-72,[0,"88ScnHSKxK4qP4LGquZOnT"],[5,47.36,54.4]],[45,"VIP1",20,20,false,true,-73,[0,"09L8y4z+RGGopiaV2c5c/e"],[4,4278597510]],[47,-74,[0,"a0cCTAUrNPqIowBHDr/RDf"],[4,4293719039]]],[1,"bdlDE2Eq9Ov7eiBjI/QL0j",null,null,null,1,0],[1,1,-16,0]],[19,"progressLabel",33554432,4,[[2,-75,[0,"d34eIrD4xMDrct9tzk5uSH"],[5,30.91,52.4]],[17,"0%",20,20,-76,[0,"69Mm4GU4lLJ71GVcaTn43X"],[4,3875582251]],[48,1,-77,[0,"dbb83vLGxO7LdFDRQ+x7zJ"],[4,4294967295]]],[1,"49IO42oupOyJs89WJE83hZ",null,null,null,1,0]],[9,"spr_vipIcon",33554432,5,[[2,-78,[0,"6cFzOe3IRMYqmNhdLlfRnE"],[5,54,64]],[40,2,false,-79,[0,"54dsPJNKZEoLtmtIcG9Lkb"],3,4]],[1,"daVijNQdtAboe4ZKFI6KJP",null,null,null,1,0],[1,0,10,0]],[3,"download_icon",false,33554432,2,[[2,-80,[0,"819P1LfOxKQ7xF4pKrFjuC"],[5,70,72]],[16,0,-81,[0,"79FX9emyZNNrp7onRj9Di8"],[4,3204448255],7]],[1,"38qj26hIVMJ5yJDbU4Lqmm",null,null,null,1,0]],[9,"SpriteSplash",33554432,7,[[2,-82,[0,"16aIdBSg9OYoZQ2inxbGjE"],[5,101.94300000000001,11.228]],[16,0,-83,[0,"8fCLNg0mxKYLIrwUO5x3xK"],[4,4278387459],8]],[1,"cdL1rvpaxIUbbyUhSyGzRC",null,null,null,1,0],[1,-0.5005,-0.7719999999999991,0]],[20,"Bar",33554432,8,[[[4,-84,[0,"09zf/TA49LabUY8VHLflYf"],[5,70,8],[0,0,0.5]],-85],4,1],[1,"70EPWWfpZFyIRKBDy4c3kd",null,null,null,1,0],[1,-50,0.10199999999999998,0]],[21,"Bar",33554432,4,[[[13,-86,[0,"5ahmLQxbxFurKcrFNz/H+Y"]],-87],4,1],[1,"8ed8wMBfVBQ7TJwgueMpEs",null,null,null,1,0],[3,0,0,0.7071067811865475,0.7071067811865476],[1,0,0,90]],[3,"cs_large",false,33554432,9,[[4,-88,[0,"c4ESV04X1D8YQ2pXso+Q6p"],[5,246,207],[0,0.5,1]],[5,-89,[0,"d5W/Az0p5BVYhxUbBJs5By"],13]],[1,"571NwwW41L+qfW8DiUwdNz",null,null,null,1,0]],[3,"cs_small",false,33554432,9,[[4,-90,[0,"5ePrJ3cGtHPojZqn27U6wz"],[5,246,171],[0,0.5,1]],[5,-91,[0,"9aa6UVjAlEX70Xn6WbELOW"],14]],[1,"dcRYt7AmJOdqh9V1B0AhaE",null,null,null,1,0]],[3,"cs_large",false,33554432,10,[[4,-92,[0,"c6PWnWYbJO1arGwYBlthcU"],[5,246,207],[0,0.5,1]],[5,-93,[0,"66AeLaebpP1IBrubswYOfL"],15]],[1,"c9MK1trF1EAaho62F3+c5M",null,null,null,1,0]],[3,"cs_small",false,33554432,10,[[4,-94,[0,"93YMqkFcJIxK8sNHBBpSGG"],[5,246,171],[0,0.5,1]],[5,-95,[0,"eaWgVWxfpHNb2PATj1ohWL"],16]],[1,"fe2e71FnVMMbqb8oGWJ6E5",null,null,null,1,0]],[41,1,0,21,[0,"1c/+dTihZLcoTUjAnvX4s/"]],[42,3,2,0,1,22,[0,"80Ovj3PpxAD6XoxQZ12RPB"],[0,0.5,0.5]]],0,[0,6,1,0,0,1,0,0,1,0,0,1,0,0,1,0,-1,2,0,0,2,0,0,2,0,4,2,0,0,2,0,-1,11,0,-2,3,0,-3,12,0,-4,13,0,-5,14,0,-6,15,0,-7,19,0,-8,6,0,-9,4,0,-10,9,0,-11,10,0,0,3,0,4,3,0,0,3,0,0,3,0,0,3,0,0,4,0,0,4,0,5,28,0,0,4,0,-1,22,0,-2,17,0,0,5,0,0,5,0,-1,18,0,-2,16,0,0,6,0,0,6,0,0,6,0,-1,7,0,0,7,0,0,7,0,-1,20,0,-2,8,0,0,8,0,0,8,0,5,27,0,0,8,0,-1,21,0,0,9,0,0,9,0,-1,23,0,-2,24,0,0,10,0,0,10,0,-1,25,0,-2,26,0,0,11,0,0,11,0,0,11,0,0,12,0,0,12,0,0,12,0,0,13,0,0,13,0,0,13,0,0,14,0,0,14,0,0,14,0,0,15,0,0,15,0,0,16,0,0,16,0,0,16,0,0,17,0,0,17,0,0,17,0,0,18,0,0,18,0,0,19,0,0,19,0,0,20,0,0,20,0,0,21,0,-2,27,0,0,22,0,-2,28,0,0,23,0,0,23,0,0,24,0,0,24,0,0,25,0,0,25,0,0,26,0,0,26,0,7,1,5,8,15,95],[0,0,0,0,0,0,0,0,0,0,0,0,0,0,0,0,0,27,28,28],[1,1,9,1,3,1,3,1,1,1,1,1,3,1,1,1,1,1,1,3],[0,4,5,6,7,8,1,9,0,10,0,11,1,12,13,14,15,16,17,1]],[[{"name":"Cs_da","rect":{"x":0,"y":0,"width":246,"height":207},"offset":{"x":0,"y":0},"originalSize":{"width":246,"height":207},"rotated":false,"capInsets":[0,0,0,0],"vertices":{"rawPosition":[-123,-103.5,0,123,-103.5,0,-123,103.5,0,123,103.5,0],"indexes":[0,1,2,2,1,3],"uv":[0,207,246,207,0,0,246,0],"nuv":[0,0,1,0,0,1,1,1],"minPos":{"x":-123,"y":-103.5,"z":0},"maxPos":{"x":123,"y":103.5,"z":0}},"packable":true,"pixelsToUnit":100,"pivot":{"x":0.5,"y":0.5},"meshType":0}],[3],0,[0],[2],[18]],[[{"name":"auto_vip","spriteFrames":[]}],[12],0,[],[],[]],[[{"name":"large","rect":{"x":0,"y":0,"width":142,"height":80},"offset":{"x":0,"y":0},"originalSize":{"width":142,"height":80},"rotated":false,"capInsets":[0,0,0,0],"vertices":{"rawPosition":[-71,-40,0,71,-40,0,-71,40,0,71,40,0],"indexes":[0,1,2,2,1,3],"uv":[0,80,142,80,0,0,142,0],"nuv":[0,0,1,0,0,1,1,1],"minPos":{"x":-71,"y":-40,"z":0},"maxPos":{"x":71,"y":40,"z":0}},"packable":true,"pixelsToUnit":100,"pivot":{"x":0.5,"y":0.5},"meshType":0}],[3],0,[0],[2],[19]],[[[49,"hot_jiaobiao","\r\nhot_jiaobiao.png\r\nsize: 1024,128\r\nformat: RGBA8888\r\nfilter: Linear,Linear\r\nrepeat: none\r\nh0\r\n  rotate: false\r\n  xy: 80, 2\r\n  size: 76, 82\r\n  orig: 76, 82\r\n  offset: 0, 0\r\n  index: -1\r\nh1\r\n  rotate: false\r\n  xy: 158, 2\r\n  size: 76, 82\r\n  orig: 76, 82\r\n  offset: 0, 0\r\n  index: -1\r\nh2\r\n  rotate: false\r\n  xy: 236, 2\r\n  size: 76, 82\r\n  orig: 76, 82\r\n  offset: 0, 0\r\n  index: -1\r\nh3\r\n  rotate: false\r\n  xy: 314, 2\r\n  size: 76, 82\r\n  orig: 76, 82\r\n  offset: 0, 0\r\n  index: -1\r\nh4\r\n  rotate: false\r\n  xy: 392, 2\r\n  size: 76, 82\r\n  orig: 76, 82\r\n  offset: 0, 0\r\n  index: -1\r\nh5\r\n  rotate: false\r\n  xy: 470, 2\r\n  size: 76, 82\r\n  orig: 76, 82\r\n  offset: 0, 0\r\n  index: -1\r\nh6\r\n  rotate: false\r\n  xy: 548, 2\r\n  size: 76, 82\r\n  orig: 76, 82\r\n  offset: 0, 0\r\n  index: -1\r\nh7\r\n  rotate: false\r\n  xy: 626, 2\r\n  size: 76, 82\r\n  orig: 76, 82\r\n  offset: 0, 0\r\n  index: -1\r\nh8\r\n  rotate: false\r\n  xy: 704, 2\r\n  size: 76, 82\r\n  orig: 76, 82\r\n  offset: 0, 0\r\n  index: -1\r\nh9\r\n  rotate: false\r\n  xy: 2, 2\r\n  size: 76, 82\r\n  orig: 76, 82\r\n  offset: 0, 0\r\n  index: -1\r\n",["hot_jiaobiao.png"],{"skeleton":{"hash":"4XRIEUgTLq7pXHYK853nVZDJsWY","spine":"3.8.99","x":-38,"y":-41,"width":76,"height":82,"images":"","audio":""},"bones":[{"name":"root","scaleX":0.8,"scaleY":0.8}],"slots":[{"name":"11","bone":"root","attachment":"h9"}],"skins":[{"name":"default","attachments":{"11":{"h0":{"width":76,"height":82},"h1":{"width":76,"height":82},"h2":{"width":76,"height":82},"h3":{"width":76,"height":82},"h4":{"width":76,"height":82},"h5":{"width":76,"height":82},"h6":{"width":76,"height":82},"h7":{"width":76,"height":82},"h8":{"width":76,"height":82},"h9":{"width":76,"height":82}}}}],"animations":{"animation":{"slots":{"11":{"attachment":[{"name":"h0"},{"time":0.0667,"name":"h1"},{"time":0.1333,"name":"h2"},{"time":0.2,"name":"h3"},{"time":0.2667,"name":"h4"},{"time":0.3333,"name":"h5"},{"time":0.4,"name":"h6"},{"time":0.4667,"name":"h7"},{"time":0.5333,"name":"h8"},{"time":0.6,"name":"h9"}]}}}}},[0]]],0,0,[0],[-1],[20]],[[{"name":"Cs_xiao","rect":{"x":0,"y":0,"width":246,"height":171},"offset":{"x":0,"y":0},"originalSize":{"width":246,"height":171},"rotated":false,"capInsets":[0,0,0,0],"vertices":{"rawPosition":[-123,-85.5,0,123,-85.5,0,-123,85.5,0,123,85.5,0],"indexes":[0,1,2,2,1,3],"uv":[0,171,246,171,0,0,246,0],"nuv":[0,0,1,0,0,1,1,1],"minPos":{"x":-123,"y":-85.5,"z":0},"maxPos":{"x":123,"y":85.5,"z":0}},"packable":true,"pixelsToUnit":100,"pivot":{"x":0.5,"y":0.5},"meshType":0}],[3],0,[0],[2],[21]]]]
