[1,["a4ZWfHTVtA1YoR4q0PUKwd","4b9O2LFIVF1ZmPCrUq6T6n@f9941","87M6jhqGtBu4hGiq6aMuDe@f9941","fboVeF6wJLD44Eet13FxXn","89gaGlzDhAEZe/WmFZUWU5@f9941","83HL/FaixJHrPC9cTphcGL@f9941","dcpvRJDZJDMLDiBFk7s24c@f9941","87l5w6MTFBkZsnoBBKA0GY","fcNnGdHLRJuY1Q00nSYgNY","309/6sIf9FI4aSvTPCGe9p@f9941","b6m3ZGrl9OgpJrePJeaqWi@f9941","ff4giHz8lJoJNmKP7gehW4@f9941","2f5oHoi2VG8q/etxP7Fe6F@f9941","ac5brZf2tIPLOkXGiSKaQo@f9941","47lh8zjIJN3KOCwnhZpeDo@f9941","e83eJ2UfxEKK+K+lvrQLYK@f9941","635nh6sbNA1qXJFbcyykNJ@f9941","a1lNr1QGJKjb7ysFiNV8pE@f9941","8fxjErdf9NSbuNWe5nmCTX@f9941","4aiMejeHZJJYlYUtQ6x05q@f9941","94hXZgRBxOEr+HhgNv2kSW@f9941","5dEiDOvHRKP73z5wLkobmg@f9941","09paD/srZE8p/SYnt9sMZ2@f9941","e6Q8noktVD/asyG1k7GxyI@f9941","436foioMlFKbYL+A0VS48z@f9941","04WBlHVDVCxZTK2FezSRcm@6c48a","09paD/srZE8p/SYnt9sMZ2@6c48a","73sBscGHNMmZXWVE248Z7l@f9941","45IAdEYvZIwogsvkAgwdv7@f9941","b7oS310RFLk4e2QsWWcD+3@f9941","9dvMKZdxNKQZqLdLWC+0dc@f9941","f01OGXWaxP/YL0far+D8E0@f9941","53xfbEHzhKG6axHFMXF9N/","20g1ukYUVPvKWKBRznAKo+@f9941","54TknWPwVPqJqeCR+Y/Czo@f9941","95EkngnxZFbYuFpsqVTaFr@f9941","e1NhvUZbZBbawUSF7OTHzH@f9941","ffuIqPr2JI9I8dPLYGRDpD@f9941","c9BKEXgIhBNJIMDlFY+PSb@f9941","b4GIZqmVlO/L7+8u4gVaNy@f9941","d8+PH3rtBHPqkRkNly3g0E@f9941","8dNJZ1NnZK0o5IbEmIWoXq@f9941","66Kx0LmQJCY5FL2NbfPea8@f9941","30HoPUXz1Me41Q8pD0DcLP@f9941","e8/BBxRfhFSolQsLELPeBA@f9941","ed17eQaQxG7ocsC97gq/F1@f9941","d6JbTLvN1MEqDXaHKnay8l@f9941","77/5tGjclFAIPEdOcDfeJK@f9941","930oXSfXZGa6AxUYRjjQiM@f9941","afxHkx8GZGsJC+n+YfITQo@f9941","30HoPUXz1Me41Q8pD0DcLP@6c48a","4aiMejeHZJJYlYUtQ6x05q@6c48a","04WBlHVDVCxZTK2FezSRcm@f9941","580EI9FPNDg4TWmCP6Sspj@6c48a","5dEiDOvHRKP73z5wLkobmg@6c48a","635nh6sbNA1qXJFbcyykNJ@6c48a","66Kx0LmQJCY5FL2NbfPea8@6c48a","73sBscGHNMmZXWVE248Z7l@6c48a","778ouirApDNKGe5p0eCaXi@6c48a","77/5tGjclFAIPEdOcDfeJK@6c48a","d7+MlXDR5OQ78BjQxfYFfA@f9941","8dNJZ1NnZK0o5IbEmIWoXq@6c48a","8fxjErdf9NSbuNWe5nmCTX@6c48a","930oXSfXZGa6AxUYRjjQiM@6c48a","94hXZgRBxOEr+HhgNv2kSW@6c48a","a1lNr1QGJKjb7ysFiNV8pE@6c48a","d6JbTLvN1MEqDXaHKnay8l@6c48a","d7+MlXDR5OQ78BjQxfYFfA@6c48a","dcpvRJDZJDMLDiBFk7s24c@6c48a","e83eJ2UfxEKK+K+lvrQLYK@6c48a","e8/BBxRfhFSolQsLELPeBA@6c48a","ed17eQaQxG7ocsC97gq/F1@6c48a","778ouirApDNKGe5p0eCaXi@f9941","580EI9FPNDg4TWmCP6Sspj@f9941"],["node","_spriteFrame","_atlas","_textureSource","_font","_normalSprite","_target","spriteFrame","_parent","_barSprite","_checkMark","_hoverSprite","_pressedSprite","_disabledSprite","root","data","_handle","_scrollView"],["cc.SpriteFrame",["cc.Node",["_name","_layer","_active","_components","_prefab","_children","_parent","_lpos"],0,9,4,2,1,5],["cc.Sprite",["_sizeMode","_type","_isTrimmedMode","node","__prefab","_spriteFrame","_atlas"],0,1,4,6,6],["cc.Label",["_string","_actualFontSize","_fontSize","_isSystemFontUsed","_lineHeight","_spacingX","_overflow","_isBold","_enableWrapText","node","__prefab","_color","_font"],-6,1,4,5,6],["cc.Node",["_name","_layer","_active","_parent","_components","_prefab","_children","_lpos"],0,1,12,4,2,5],["cc.Button",["_transition","_zoomScale","_interactable","node","__prefab","_normalSprite","_normalColor","_target","_hoverSprite","_pressedSprite","_disabledSprite"],0,1,4,6,5,1,6,6,6],["cc.UITransform",["node","__prefab","_contentSize","_anchorPoint"],3,1,4,5,5],["cc.Layout",["_resizeMode","_layoutType","_spacingX","node","__prefab"],0,1,4],["cc.Widget",["_alignFlags","_originalHeight","_originalWidth","_top","_bottom","_alignMode","node","__prefab"],-3,1,4],["cc.Toggle",["_isChecked","node","__prefab","_normalColor","_target","_checkMark","_normalSprite"],2,1,4,5,1,1,6],["cc.Prefab",["_name"],2],["cc.CompPrefabInfo",["fileId"],2],["cc.PrefabInfo",["fileId","instance","targetOverrides","nestedPrefabInstanceRoots","root","asset"],-1,1,1],["cc.ProgressBar",["_totalLength","_progress","node","__prefab","_barSprite"],1,1,4,1],["cc.ToggleContainer",["node","__prefab"],3,1,4],["cc.Mask",["node","__prefab"],3,1,4],["cc.Graphics",["node","__prefab","_fillColor"],3,1,4,5],["cc.ScrollBar",["node","__prefab"],3,1,4],["cc.ScrollView",["bounceDuration","brake","inertia","vertical","node","__prefab","_content","_horizontalScrollBar","_verticalScrollBar"],-1,1,4,1,1,1],["cc.BitmapFont",["_name","fontSize","fntConfig"],0]],[[11,0,2],[12,0,1,2,3,4,5,5],[6,0,1,2,1],[1,0,6,3,4,7,2],[6,0,1,2,3,1],[2,3,4,5,6,1],[3,0,1,2,9,10,11,4],[1,0,6,5,3,4,7,2],[1,0,6,3,4,2],[2,3,4,5,1],[3,0,1,2,4,9,10,11,5],[1,0,2,6,5,3,4,7,3],[2,0,3,4,5,6,2],[2,0,3,4,5,2],[7,0,1,2,3,4,4],[3,0,1,2,3,5,9,10,12,6],[1,0,1,6,3,4,3],[7,0,1,3,4,3],[2,1,0,3,4,3],[5,2,0,1,3,4,5,4],[3,0,1,2,7,9,10,11,5],[3,0,1,2,4,3,5,9,10,12,7],[3,0,1,2,4,3,9,10,11,12,6],[19,0,1,2,4],[1,0,6,5,3,4,2],[6,0,1,1],[2,3,4,1],[2,1,0,3,4,5,3],[1,0,1,5,3,4,7,3],[1,0,1,6,5,3,4,3],[4,0,2,1,3,6,4,5,4],[4,0,1,3,4,5,3],[8,0,2,1,6,7,4],[2,1,0,3,4,5,6,3],[13,0,1,2,3,4,3],[10,0,2],[1,0,5,3,4,2],[1,0,5,3,4,7,2],[1,0,1,6,5,3,4,7,3],[1,0,2,6,5,3,4,3],[4,0,3,6,4,5,7,2],[4,0,1,3,6,4,5,3],[4,0,1,3,4,5,7,3],[8,0,3,4,1,5,6,7,6],[7,3,4,1],[2,1,3,4,5,6,2],[2,0,2,3,4,5,6,3],[9,1,2,3,4,5,6,1],[9,0,1,2,3,4,5,6,2],[14,0,1,1],[5,0,3,4,6,7,5,8,9,10,2],[5,0,1,3,4,6,7,5,8,9,10,3],[5,0,1,3,4,6,7,5,3],[15,0,1,1],[16,0,1,2,1],[3,0,1,2,6,9,10,11,5],[3,0,1,2,9,10,4],[3,0,1,2,8,9,10,11,5],[17,0,1,1],[18,0,1,2,3,4,5,6,7,8,5]],[[[{"name":"level_font_0","rect":{"x":0,"y":0,"width":175,"height":21},"offset":{"x":-162.5,"y":239.5},"originalSize":{"width":500,"height":500},"rotated":false,"capInsets":[0,0,0,0],"vertices":{"rawPosition":[-87.5,-10.5,0,87.5,-10.5,0,-87.5,10.5,0,87.5,10.5,0],"indexes":[0,1,2,2,1,3],"uv":[0,500,175,500,0,479,175,479],"nuv":[0,0.958,0.35,0.958,0,1,0.35,1],"minPos":{"x":-87.5,"y":-10.5,"z":0},"maxPos":{"x":87.5,"y":10.5,"z":0}},"packable":true,"pixelsToUnit":100,"pivot":{"x":0.5,"y":0.5},"meshType":0}],[0],0,[0],[3],[25]],[[{"name":"baoxiang2","rect":{"x":0,"y":0,"width":139,"height":105},"offset":{"x":0,"y":0},"originalSize":{"width":139,"height":105},"rotated":false,"capInsets":[0,0,0,0],"vertices":{"rawPosition":[-69.5,-52.5,0,69.5,-52.5,0,-69.5,52.5,0,69.5,52.5,0],"indexes":[0,1,2,2,1,3],"uv":[0,105,139,105,0,0,139,0],"nuv":[0,0,1,0,0,1,1,1],"minPos":{"x":-69.5,"y":-52.5,"z":0},"maxPos":{"x":69.5,"y":52.5,"z":0}},"packable":true,"pixelsToUnit":100,"pivot":{"x":0.5,"y":0.5},"meshType":0}],[0],0,[0],[3],[26]],[[[35,"VipMain_Alls"],[36,"VipMain_Alls",[-4,-5,-6,-7,-8,-9,-10,-11,-12,-13,-14],[[2,-2,[0,"8eSWurIb5MHrF9rUyzcsnZ"],[5,1334,750]],[32,45,1334,750,-3,[0,"683XGgWkVFfKVLo5nbXaaz"]]],[1,"c46/YsCPVOJYA4mWEpNYRx",null,null,null,-1,0]],[37,"props_node_remindtext",[-17,-18,-19,-20,-21,-22,-23,-24],[[2,-15,[0,"dei9cCLrRFJKWRROucm9nH"],[5,812.1,100]],[14,1,1,10,-16,[0,"21yL7w5plO0qTp8Dvy+iN4"]]],[1,"74Ym1SGrVOtoFXNoFM/ueU",null,null,null,1,0],[1,-6,-115,0]],[7,"props_spr_promotion",1,[-27,-28,-29,-30,-31,-32,-33,-34],[[2,-25,[0,"45NUdSGrxAzKvG6/1JMtOe"],[5,502,182]],[5,-26,[0,"3cAoIEYOZELrLznQlItRNh"],76,77]],[1,"973rLzwJ1AUrzFAXXCxTsf",null,null,null,1,0],[1,-263,-87,0]],[7,"props_spr_daily",1,[-37,-38,-39,-40,-41,-42,-43,-44],[[2,-35,[0,"81+r2qJ5JNJ43xqEpdnAbt"],[5,502,182]],[5,-36,[0,"84FfRAaIRIhrTQnBUte/HG"],96,97]],[1,"82+7CVgzdANb54qdkqDpr3",null,null,null,1,0],[1,264,-87,0]],[7,"props_spr_weekly",1,[-47,-48,-49,-50,-51,-52,-53,-54],[[2,-45,[0,"38zf1lrqpCz41LbZWCXnvJ"],[5,502,182]],[5,-46,[0,"eb1llMx/FGKrtUK1cCBrko"],116,117]],[1,"ccanFghvRNDY4EG3rKBGrz",null,null,null,1,0],[1,-263,-273,0]],[7,"props_spr_monthly",1,[-57,-58,-59,-60,-61,-62,-63,-64],[[2,-55,[0,"09iVMtcGBAXpf9gjdpxMe8"],[5,502,182]],[5,-56,[0,"e8GcVPjU5H0YhFr0kouRK0"],136,137]],[1,"a2VoD4WUdEO7ctdMLR0zDk",null,null,null,1,0],[1,264,-273,0]],[24,"Layout_vip_level",1,[-67,-68,-69,-70,-71,-72],[[25,-65,[0,"61qAdLhAVCxqZD6+tuwvsX"]],[44,-66,[0,"d2ZLXp6fFGcqpLbKGr4Y3C"]]],[1,"64UIqeWeVJ3J4pPyA5ru/Q",null,null,null,1,0]],[7,"Layout_bonus",4,[-75,-76,-77,-78,-79,-80],[[4,-73,[0,"815P9TAgZHIYY3j0aZJP0C"],[5,306.03,50],[0,0,0.5]],[14,1,1,5,-74,[0,"bfG/O2wF5HJp+jGT1PSK7o"]]],[1,"23XYfnILdJs6I3ds/JJhcs",null,null,null,1,0],[1,-241,-16,0]],[7,"Layout_bonus",5,[-83,-84,-85,-86,-87,-88],[[4,-81,[0,"b1JGqwyexEh5Zt7uPoVQZe"],[5,317.58,50],[0,0,0.5]],[14,1,1,5,-82,[0,"09Xs7ZTnRPJYiz8YVSQuP2"]]],[1,"a0fDhBCaFIm5O7akUDP95f",null,null,null,1,0],[1,-241,-16,0]],[7,"Layout_bonus",6,[-91,-92,-93,-94,-95,-96],[[4,-89,[0,"a6E0LWZDdApLWmIktmEKsQ"],[5,324.7,50],[0,0,0.5]],[14,1,1,5,-90,[0,"c7fgshSEhMO4MaB5INyvDE"]]],[1,"b7HsXWFCVOiYm7bU+QuuRi",null,null,null,1,0],[1,-241,-16,0]],[7,"props_pro_levelbar",7,[-101,-102,-103,-104],[[4,-97,[0,"b4AFr5909I/pz/LWi6Pp0k"],[5,572,36],[0,0,0.5]],[33,1,0,-98,[0,"3eZe+TiOFCIqFqLNO1XluE"],29,30],[34,572,1,-100,[0,"2clMlIDCFG8I75T6gk07jg"],-99]],[1,"efbZH40cxMnYEbx1K5GmOf",null,null,null,1,0],[1,-306,162,0]],[28,"props_vip_toggle_item",33554432,[-110,-111,-112],[[2,-105,[0,"a9gDSvuNlCRbA/zenwDJ2X"],[5,110,46]],[5,-106,[0,"2cOL3k0spGbL8XviZUnYTb"],43,44],[47,-109,[0,"7093DZpMhPxKn8oSfTAgp9"],[4,4292269782],-108,-107,45]],[1,"f18csrGy5ATKJ7LarsFKLF",null,null,null,1,0],[1,55,0,0]],[7,"Layout_bonus",3,[-115,-116,-117,-118,-119],[[4,-113,[0,"67YbUmgEtM7Yu6WFhbkvFz"],[5,247.66,50],[0,0,0.5]],[14,1,1,5,-114,[0,"20qofG8iVDxI9PJ+FDshVy"]]],[1,"03aFMXS8NFzoA0TIchW+rc",null,null,null,1,0],[1,-241,-16,0]],[7,"props_spr_vip_levelku",7,[-122,-123,-124,-125],[[2,-120,[0,"1bstI56UVJk7mnkpw2J+fv"],[5,80,80]],[26,-121,[0,"cayEt9wRlP7YgY850gfxAy"]]],[1,"37iPWad2RGFJYMUIXFzDpX",null,null,null,1,0],[1,-434,164,0]],[11,"props_pro_levelbar2",false,7,[-130,-131,-132],[[4,-126,[0,"5efwWMTZFBLaxz8R7eySZW"],[5,286,36],[0,0,0.5]],[33,1,0,-127,[0,"72fqy5jEtJ3KAlK9R3MmNn"],37,38],[34,286,0,-129,[0,"74YUnKaa1PnImdKTg8gE5W"],-128]],[1,"481ZN1EAxPiKP/2SiOoVcQ",null,null,null,1,0],[1,-20,162,0]],[28,"props_togglegroup_vip",33554432,[12,-136],[[4,-133,[0,"d6dU1LkydIOIaDasXvPoof"],[5,223,60],[0,0,0.5]],[14,1,1,3,-134,[0,"65f51teNFGZLlWZHSutFRS"]],[49,-135,[0,"d1t3M/Ix1H05A3XQa3QRK4"]]],[1,"c5EU4e5sJDLaD2bdXMlkAN",null,null,null,1,0],[1,-563,0,0]],[38,"Toggle2",33554432,16,[-142,-143],[[2,-137,[0,"372xbj2L5Hhaun8u3Xi7LP"],[5,110,46]],[5,-138,[0,"52JKon5ixLC4QmU1kXvLbM"],46,47],[48,false,-141,[0,"7b0k/EmqFOc6xGOqx4jlb8"],[4,4292269782],-140,-139,48]],[1,"6753h6l9lC/LEhKfb+vvwx",null,null,null,1,0],[1,168,0,0]],[7,"layout_vip",3,[-146,-147,-148,-149],[[4,-144,[0,"77FWbg1QVFM5KRRR588cyB"],[5,180,25],[0,0,0.5]],[17,1,1,-145,[0,"69z0lTMKhHjZArHiSF+jXH"]]],[1,"a6Wjmu4RNH36EqHl9QfZYb",null,null,null,1,0],[1,-213,-68,0]],[7,"layout_vip",4,[-152,-153,-154,-155],[[4,-150,[0,"bfM4lWGG9FxK9pCWNTDMfh"],[5,194,25],[0,0,0.5]],[17,1,1,-151,[0,"5cPnlTkyBJaZQshdBudLLb"]]],[1,"34szt3pMhErqI5/9EKVaq+",null,null,null,1,0],[1,-213,-68,0]],[7,"layout_vip",5,[-158,-159,-160,-161],[[4,-156,[0,"34ZX7SJElMZZ1vJVxLGz2y"],[5,211,25],[0,0,0.5]],[17,1,1,-157,[0,"ad6rbqx4lBxaxJ0k4iQ+Cy"]]],[1,"f714/SwRBP6pv/C6RNpNAN",null,null,null,1,0],[1,-213,-68,0]],[7,"layout_vip",6,[-164,-165,-166,-167],[[4,-162,[0,"e9BrNz8jJAtrN0qJZev8Qi"],[5,222,25],[0,0,0.5]],[17,1,1,-163,[0,"638qqabQ5A7a7rj7Illths"]]],[1,"531mjcQcJJQrA4J6LKcV12",null,null,null,1,0],[1,-213,-68,0]],[7,"props_node_remind",7,[-169,-170,-171,-172],[[2,-168,[0,"a15O20j/RJK7rQJxvyNNqn"],[5,500,100]]],[1,"2b9LsFMaJKb5vgJACcqjxa",null,null,null,1,0],[1,0,228,0]],[40,"props_ScrollView_vip",1,[-176,-177],[[[2,-173,[0,"d0UXwcHiFNh7h8703ldSP+"],[5,1126,60]],[18,1,0,-174,[0,"e1mHQMSs5KsJe6pu/nXVQG"]],-175],4,4,1],[1,"418rphdTRAy6JTte1y7Un2",null,null,null,1,0],[1,0,85,0]],[30,"scrollBar",false,33554432,23,[-182],[[[4,-178,[0,"30G7I+YiNF6qwEnNzjiBNa"],[5,900,4],[0,0.5,1]],[27,1,0,-179,[0,"41lL5joUtP/puq33Iy/TKe"],41],[43,37,20,16,250,1,-180,[0,"3fy8GawahJdosUnzC7D6rI"]],-181],4,4,4,1],[1,"25StFm1DxOWLETi4fA1BD6",null,null,null,1,0]],[3,"props_btn_vip_close",1,[[2,-183,[0,"bcy0v1q3dBpYvUcnYPnesK"],[5,61,64]],[27,1,0,-184,[0,"44X0dBdSxBAq/Nq/Lf/DSO"],2],[50,2,-186,[0,"ccTDf3BOZPtIH5OOvBwkqt"],[4,4292269782],-185,3,4,5,6]],[1,"e0zKzR0d1JaoZhUbjgjCuM",null,null,null,1,0],[1,602,318,0]],[3,"props_btn_topup",7,[[2,-187,[0,"b0tsS3seJPXZ2I19R6HUxq"],[5,159,62]],[27,1,0,-188,[0,"6eAtNTUW5P6Znz0mHMlBtn"],15],[51,3,0.9,-190,[0,"d2ruO7PstD7ZqX3Hwwodjj"],[4,4292269782],-189,16,17,18,19]],[1,"60L2Jw2N1BYb0U63olMscj",null,null,null,1,0],[1,405,162,0]],[29,"view",33554432,23,[16],[[2,-191,[0,"f7cnAR2p9BSaivf9478yhu"],[5,1126,60]],[53,-192,[0,"e99agJtJ1BeY7LrnDsW8q5"]],[54,-193,[0,"b3QqRkIthJY7CBnt6AcJPk"],[4,16777215]]],[1,"f0/xnFUndK2Zly0R4EWUtv",null,null,null,1,0]],[39,"props_node_limit",false,1,[-195,-196,2],[[25,-194,[0,"2eY3iu9e9LSpznaW1MJRTU"]]],[1,"2153eJW/9EgJ6MlRXunOrL",null,null,null,1,0]],[3,"props_btn_aktifkan",28,[[2,-197,[0,"1eHPuxEstNVqS83nE2sKrt"],[5,320,122]],[45,1,-198,[0,"f85twVTjJJerBHZuGd4oqL"],53,54],[52,3,0.9,-200,[0,"82N33mThBFLb07CcYZc+rK"],[4,4292269782],-199,55]],[1,"a1iqK7xn5JwJDLarc2x9ts",null,null,null,1,0],[1,0,-216,0]],[8,"props_spr_Vip_Bg",1,[[2,-201,[0,"a8aEn9dxxEIL4huP610fq1"],[5,1334,750]],[12,0,-202,[0,"fbCwT8M7JGHZ7jf110s/5Z"],0,1],[32,45,1334,750,-203,[0,"54XoWPLntM3q2o5bdVUqRk"]]],[1,"3cerTSI8xMzJitLTOsXOCA",null,null,null,1,0]],[24,"spr_level_0",11,[-206],[[2,-204,[0,"bcJ3wLEWhKoYHtS/7IwY8/"],[5,44,44]],[5,-205,[0,"91xLOGZnBLc5IZUS77V0HX"],21,22]],[1,"05Ssc5uQlDHYsvmD7ShH5J",null,null,null,1,0]],[7,"spr_level_1",11,[-209],[[2,-207,[0,"f8mAsyh2RPsqH/MYVkdGT/"],[5,44,44]],[5,-208,[0,"21eUrWTtlJ/qeohxPJuHsW"],24,25]],[1,"f6l3b3v7FEU7SSf4itT2rO",null,null,null,1,0],[1,286,0,0]],[7,"spr_level_2",11,[-212],[[2,-210,[0,"7d8+j0DPxBDIG65idIx7kW"],[5,44,44]],[5,-211,[0,"eczNPwXlVBVL1aWIvjcPgB"],27,28]],[1,"fa8roX6/ZFCr8SlURM/u6z",null,null,null,1,0],[1,572,0,0]],[24,"spr_level_current",15,[-215],[[2,-213,[0,"e0vZr0X0FDmYVhLLsxN/1Y"],[5,44,44]],[5,-214,[0,"bco3f7EU1P8rLids5tVlLR"],32,33]],[1,"14oe9ZMnlMbYbHK+fcY+4n",null,null,null,1,0]],[7,"spr_level_next",15,[-218],[[2,-216,[0,"aaF7MKoMdHR488K7+mdFZ8"],[5,44,44]],[5,-217,[0,"e7h1tU1+FEIY3/05ycEGn5"],35,36]],[1,"b6C98ltUZAd72LCTumbgJH",null,null,null,1,0],[1,286,0,0]],[7,"props_node_locate",7,[-220,-221],[[25,-219,[0,"a87JI6PaxEoI5Rcqav1Eva"]]],[1,"14S+iys7NMeKaDqccvarcV",null,null,null,1,0],[1,-306,144,0]],[29,"spr_achieve_vip",33554432,12,[-224],[[2,-222,[0,"28TPCmy35DJbqR8XsT/NVC"],[5,110,46]],[9,-223,[0,"17LdHqKE5NOIcyreXGNBXM"],42]],[1,"cdip3q0RFN/5kfE9L7l2yo",null,null,null,1,0]],[41,"Checkmark",33554432,12,[-227],[[[2,-225,[0,"dcJe0QVJJN6quttVh3LNYu"],[5,124,60]],-226],4,1],[1,"22Z2VL8tVAS5CmydVyDw1H",null,null,null,1,0]],[30,"Checkmark",false,33554432,17,[-230],[[[2,-228,[0,"6ajqBJO6lAd66UuTwXZISo"],[5,124,60]],-229],4,1],[1,"ccxwNCdA9LGoNpVzRBPSDJ",null,null,null,1,0]],[3,"spr_available",3,[[2,-231,[0,"a5sgvQ8YlKoIhlh/yTdui3"],[5,170,128]],[5,-232,[0,"b686YM3E1D56P36bzRjcQO"],66,67],[19,false,3,0.9,-233,[0,"1brsazn8VO65UdeXiFrme4"],68]],[1,"e10QUddeFNk5KlD/vWZwGM",null,null,null,1,0],[1,166,-25,0]],[11,"spr_received",false,3,[-236],[[2,-234,[0,"45sUP/tmFHJ4WBVzLQ/F7l"],[5,170,128]],[5,-235,[0,"91uwhYLdpH5I0ovoZu7x2y"],71,72]],[1,"e5z/nvfpBGKYmjLRuHhI4s",null,null,null,1,0],[1,166,-25,0]],[11,"spr_locked",false,3,[-239],[[2,-237,[0,"c9/c9DazBLqbO0okoXKnhi"],[5,170,128]],[5,-238,[0,"ffIK5llLZAu41CPLzX1uoC"],74,75]],[1,"e4JrA0BAFIS6uN5HUYCFqr",null,null,null,1,0],[1,166,-25,0]],[3,"spr_available",4,[[2,-240,[0,"d0PVuk+IdBBpQR0l/jqm4+"],[5,162,159]],[5,-241,[0,"c5HKlwS1BKqo+bdMFpL9Vu"],86,87],[19,false,3,0.9,-242,[0,"8599vn+wpGCJqQZOpREwrw"],88]],[1,"61HLap791OMKyJWF2NimH4",null,null,null,1,0],[1,159,-15,0]],[11,"spr_received",false,4,[-245],[[2,-243,[0,"44DBjHpnNFi4PB0Nzu57Ls"],[5,162,159]],[5,-244,[0,"610JrSt0JBkZof+IBIkw5o"],91,92]],[1,"09b4BP1ohPA5RWizxK297T",null,null,null,1,0],[1,159,-15,0]],[11,"spr_locked",false,4,[-248],[[2,-246,[0,"b1pCPyWQpLULBC77eFmQvR"],[5,162,159]],[5,-247,[0,"e3yJJa14JAvYCGFhH1N9iJ"],94,95]],[1,"31dhNC1kxBBb7er4x2x+Yn",null,null,null,1,0],[1,159,-15,0]],[3,"spr_available",5,[[2,-249,[0,"e4KgZfD3ZHiICrZHyl/X1k"],[5,149,159]],[5,-250,[0,"0dJAZkfOdOCJxA82YkZsuz"],106,107],[19,false,3,0.9,-251,[0,"e0WXu1ChNBOoyQtlT6GnRU"],108]],[1,"ec2TjSGwBDDY0HUlFQYqej",null,null,null,1,0],[1,171,-20,0]],[11,"spr_received",false,5,[-254],[[2,-252,[0,"56YDDxnqRLyq2qHMYygLEu"],[5,149,159]],[5,-253,[0,"e3WeiJXjhHeIeq2bsjhLu7"],111,112]],[1,"a23ofWTnlATKrw7A09Eu62",null,null,null,1,0],[1,171,-20,0]],[11,"spr_locked",false,5,[-257],[[2,-255,[0,"17uR7HBS1Lt7/aGH02j4uP"],[5,149,159]],[5,-256,[0,"a3yewMdGJPtLEYfVcJrIPC"],114,115]],[1,"63RqhiPPBMWrMFDyFNTCgA",null,null,null,1,0],[1,171,-20,0]],[3,"spr_available",6,[[2,-258,[0,"58S7ZrhQtLoqkAW7w6jbtG"],[5,139,105]],[5,-259,[0,"25345F2tBE0IilZU13/SIv"],126,127],[19,false,3,0.9,-260,[0,"7dRyGSCjJB2a/Kok50OdUg"],128]],[1,"baBKX21cFN35OWJxwj/NuK",null,null,null,1,0],[1,173,-25,0]],[11,"spr_received",false,6,[-263],[[2,-261,[0,"54Q7W3podJa6KjFhk+3hH8"],[5,139,105]],[5,-262,[0,"e5FHb/3NFAFZa0ILOGUhJZ"],131,132]],[1,"f2ifk0AJtAybwvKZlN6Mr5",null,null,null,1,0],[1,173,-25,0]],[11,"spr_locked",false,6,[-266],[[2,-264,[0,"1ebOtuwcRP67KIh/t/NClX"],[5,139,105]],[5,-265,[0,"99k3GSc3NE2K8scHYdKU6l"],134,135]],[1,"c246GT6upGdJwxktueXOs5",null,null,null,1,0],[1,173,-25,0]],[3,"spr_vip_title",1,[[2,-267,[0,"35iA/dMhFCq7kw+83efJZs"],[5,585,112]],[13,2,-268,[0,"bbho5POKVOx4xmjFFk2WCT"],7]],[1,"6fPg832NFJeIhmOjNPJLlB",null,null,null,1,0],[1,0,320,0]],[8,"spr_levelku_bg",14,[[2,-269,[0,"b7GEXKCKFHgq5CH3nCXd4Y"],[5,87,87]],[12,2,-270,[0,"97WgZZByFCzKaoVu2Tuat8"],8,9]],[1,"ceLQ94CEhAxZ3rxzUDHTT0",null,null,null,1,0]],[8,"props_diamond_icon",14,[[2,-271,[0,"7532aNlL9GmJgTnH7jQ8gN"],[5,54,64]],[46,2,false,-272,[0,"aaPkmgBLFBIobG3fi/2pd3"],10,11]],[1,"dfMIhtRzNKGa/ozB2MuzY4",null,null,null,1,0]],[3,"spr_levelku_text",14,[[2,-273,[0,"feP0+yKf1DgoPoi0fsyM3N"],[5,107,27]],[12,2,-274,[0,"d5SAr9THFBSYr9RbvWarYW"],12,13]],[1,"1eVgY2C2FDBJAiVjYJ4i0o",null,null,null,1,0],[1,0,-30,0]],[3,"props_me_vip_level_label",14,[[4,-275,[0,"9f/RpX7F5HGZzWTpLrpjHc"],[5,38.8,40],[0,0,0.5]],[15,"25",24,24,false,-2,-276,[0,"13Xvx3Y79PpaJbmO/A77P1"],14]],[1,"9d9GPQ+ZBCJaY/r5CHQ2/B",null,null,null,1,0],[1,56,-30,0]],[3,"label_text1",22,[[2,-277,[0,"27O+EXXNtOM5YFR6DNJR1C"],[5,224.14,50.4]],[6,"Continue to recharge",24,24,-278,[0,"6c2RpddF1Pl511NA/QkC0d"],[4,4283805139]]],[1,"484rceuvtNO7VrVctdccci",null,null,null,1,0],[1,-174,0,0]],[3,"props_remind_next_level_gold",22,[[2,-279,[0,"86yn7anGFOzpBc9Z6Z/5Kz"],[5,86.75,50.4]],[55,"500,000",23,24,2,-280,[0,"aedb/NwCNHbrC9T7RpLLls"],[4,4291689471]]],[1,"1avTu1jYpAO4s9m4dhOpaf",null,null,null,1,0],[1,-6,0,0]],[3,"label_text3",22,[[2,-281,[0,"2by8ezm25MuLZQOVrkHBHv"],[5,141.45,50.4]],[6,"to upgrade to",24,24,-282,[0,"2aryVsbwVNPpYdL7PVxr3E"],[4,4283805139]]],[1,"85M8m0RAZNIZ8+Gp9pSC9X",null,null,null,1,0],[1,130,0,0]],[3,"props_remind_vip",22,[[4,-283,[0,"0f06dJ4eNPVrYiYbW9dqtS"],[5,65.38,50.4],[0,0,0.5]],[6,"VIP10",24,24,-284,[0,"12zGW55QlP04LjTvblFDiK"],[4,4281401268]]],[1,"cdXywdv6VKbZVxG2+3PVKJ",null,null,null,1,0],[1,222,0,0]],[31,"Bar",33554432,11,[[[4,-285,[0,"a1AOFE6jJGi5GxlZfTtJAv"],[5,572,28],[0,0,0.5]],-286],4,1],[1,"d53DWVmtZFNaiuB+J39s+e",null,null,null,1,0]],[8,"Label_level_vip",31,[[2,-287,[0,"faaE7Fa7dGhJaPBo9mdjoO"],[5,16,40]],[15,"0",20,20,false,1,-288,[0,"b1dOalnUNIqpV1esGrbIBk"],20]],[1,"5f3RkXh0dLh6R/L87u2Ph7",null,null,null,1,0]],[8,"Label_level_vip",32,[[2,-289,[0,"0c5TuAgxRDaLffU8BgSz+2"],[5,8,40]],[15,"1",20,20,false,1,-290,[0,"98+XLXxUNHg5GbPaWSbsEc"],23]],[1,"1eBLEWSItFe6N2JF/mvqVi",null,null,null,1,0]],[8,"Label_level_vip",33,[[2,-291,[0,"aehEKQ6dJP3Lu2VRe0q7QB"],[5,15,40]],[15,"2",20,20,false,1,-292,[0,"a59xCWHiFP+q69GWrOxNt9"],26]],[1,"0dQ/f851tCWJnPDzKz7dHU",null,null,null,1,0]],[31,"Bar",33554432,15,[[[4,-293,[0,"d7MlEwlPFD35pb8WsNwQbG"],[5,0,28],[0,0,0.5]],-294],4,1],[1,"fd3y8IlpNGJqGhjIQiRCB9",null,null,null,1,0]],[8,"Label_level_vip",34,[[2,-295,[0,"32Z5T1ICdAaJNvcSlE82HV"],[5,8,40]],[15,"1",20,20,false,1,-296,[0,"fdCKF+KZNHp4Bo6hAEVvja"],31]],[1,"d2oZGEywVIFpbWwBS2F3Y9",null,null,null,1,0]],[8,"Label_level_vip",35,[[2,-297,[0,"0fuxJtVgdMq7iLu6HaRdEW"],[5,15,40]],[15,"2",20,20,false,1,-298,[0,"95D8MYhmJKeZ06Tx0L3j/A"],34]],[1,"114dz577FK6pOS7oGGRTjC",null,null,null,1,0]],[8,"spr_triangle",36,[[2,-299,[0,"996KIll8FANIw9Hm+mcm3w"],[5,20,18]],[5,-300,[0,"76vWd05ilDD6JOlYnNh+iv"],39,40]],[1,"a8DfFIlJtFHbDVfBAAUAuC",null,null,null,1,0]],[3,"label_suffer",36,[[2,-301,[0,"dcENWgrhRFS6Q3rs+/di2H"],[5,11.12,50.4]],[6,"0",20,20,-302,[0,"a6m/nqD/1ExIymlbJVCMAH"],[4,4281401268]]],[1,"a86e21glNI1Z9Ol1HxXqk2",null,null,null,1,0],[1,0,-19,0]],[42,"bar",33554432,24,[[[4,-303,[0,"b7/qBBWd1KGYEdu7uK4jDG"],[5,900,4],[0,0,0]],-304],4,1],[1,"cbDm8dsDtI9axW2WZltUc6",null,null,null,1,0],[1,-450,0,0]],[58,24,[0,"9e4S7sM0tDE7G54MxbMDx7"]],[16,"label_vip_unchecked",33554432,12,[[2,-305,[0,"7aHQ8HW/5NKZpXwdy6p3Eb"],[5,58.7,50.4]],[20,"VIP 1",24,24,true,-306,[0,"06hVmo0cFJxa3AqHp+DaCW"],[4,4286890738]]],[1,"fbAfvsn9ZD153BcqMxPl27",null,null,null,1,0]],[16,"label_achieve_vip",33554432,37,[[2,-307,[0,"d2WiC14ZZNOKv4xVXQsla4"],[5,58.7,50.4]],[6,"VIP 1",24,24,-308,[0,"07xBfZ49VLH53dRrEGxPrD"],[4,4288085486]]],[1,"40HAn5EGhBpKYIr5etX8yw",null,null,null,1,0]],[16,"label_vip_checked",33554432,38,[[2,-309,[0,"65vsSlO09JPaAUoyYdlPQ+"],[5,58.7,50.4]],[20,"VIP 1",24,24,true,-310,[0,"b9emJjxf9FKYg06iwix0xt"],[4,4279400421]]],[1,"f5UB/yP0dNkKiqVuV51qFC",null,null,null,1,0]],[16,"label_vip_unchecked",33554432,17,[[2,-311,[0,"fcHzSfF5xLFoUJNmoLk/Mt"],[5,58.7,50.4]],[20,"VIP 2",24,24,true,-312,[0,"cafeF0Q4ZNuLDXUoxPVozQ"],[4,4286890738]]],[1,"5eDuoomYpBvLRZ0gK2Uimn",null,null,null,1,0]],[16,"label_vip_checked",33554432,39,[[2,-313,[0,"b7y5ovbqFLN66V9s87ld/X"],[5,58.7,50.4]],[20,"VIP 2",24,24,true,-314,[0,"b4360wyX1JWYMCgzk9stdq"],[4,4280561779]]],[1,"b0dW/MY/dMPq7pKsn02zlg",null,null,null,1,0]],[3,"spr_gaji",1,[[2,-315,[0,"f7X1oPbSZJWaXEq3HZTkTe"],[5,558,30]],[12,2,-316,[0,"9a7XlxDvNJsr01h2Q33uSO"],49,50]],[1,"ebrrW5OXJHeYegMyYievk0",null,null,null,1,0],[1,0,37,0]],[3,"props_spr_shade",28,[[4,-317,[0,"c4efv3/DFCy6iVLIsFDeQG"],[5,1334,396],[0,0.5,0]],[12,0,-318,[0,"23vlOtlCtKr457kn15U4YT"],51,52]],[1,"102vZ5lwhKkqMz5JWxD1UV",null,null,null,1,0],[1,0,-375,0]],[3,"spr_gold_icon",2,[[2,-319,[0,"4bBoZjdchKYLH+hJa+3DkX"],[5,40,40]],[13,0,-320,[0,"56/6thrnVPgIZBzEp2IBjP"],56]],[1,"799C6hqd5AKoe57NQkEI2H",null,null,null,1,0],[1,-386.05,0,0]],[3,"props_label_gold",2,[[2,-321,[0,"0eIrk1tKROf4VUuEdMIC4c"],[5,33.37,50.4]],[56,"56",30,30,-322,[0,"bfunonISdI9JLYmC31pAWb"]]],[1,"b8N8apziJNNbt9tdkgjYJK",null,null,null,1,0],[1,-339.365,0,0]],[3,"label_text1",2,[[2,-323,[0,"d067uzX01E/ZaKp2mIN40Q"],[5,266.82,50.4]],[6,"Bonus for becoming",30,30,-324,[0,"e6AwdAKkFKYqMO/x23Rj9q"],[4,4283805139]]],[1,"a7quKwt4dMaqQ3cuLqjA7f",null,null,null,1,0],[1,-179.27,0,0]],[3,"props_remindtext_vip",2,[[4,-325,[0,"ddCxUJMilLd4s9plGgzbCW"],[5,81.72,50.4],[0,0,0.5]],[6,"VIP10",30,30,-326,[0,"45Nfsp32VGHIBue22Ds4vD"],[4,4281401268]]],[1,"4bsCMjRiZPca1PYP72doXn",null,null,null,1,0],[1,-35.860000000000014,0,0]],[3,"label_text2",2,[[2,-327,[0,"71WA6a3tdJXLqB5v9PiZIR"],[5,53.35,50.4]],[6,"with",30,30,-328,[0,"9fjaVQGrVEdZsGRHJ9G5SG"],[4,4283805139]]],[1,"96jdfaZkJIzp+OpAyNK8C8",null,null,null,1,0],[1,82.53499999999998,0,0]],[3,"spr_gold_icon2",2,[[2,-329,[0,"b60ZZEJZ5FeoAnjH9ry1iP"],[5,40,40]],[13,0,-330,[0,"a55EKQx3ZMprgVQhMmvLEs"],57]],[1,"fec2htpsxNCp7OPThWfoUP",null,null,null,1,0],[1,139.20999999999998,0,0]],[3,"props_remindtext_next_label_gold",2,[[2,-331,[0,"e9iYQb6MlM3ZePVUKQqDaN"],[5,108.44,50.4]],[57,"500,000",30,30,false,-332,[0,"94hTW/5+tKNJhU0rcofkbi"],[4,4291689471]]],[1,"deNHuCyBJBULjlaGRJcl11",null,null,null,1,0],[1,223.42999999999998,0,0]],[3,"label_text3",2,[[2,-333,[0,"46N76bevxCiYr8QKoBGE+N"],[5,118.4,50.4]],[6,"recharge",30,30,-334,[0,"610a0rr91BJJUPim9shTtw"],[4,4283805139]]],[1,"7etNpv6ZFCsLwtzhLY9WHz",null,null,null,1,0],[1,346.84999999999997,0,0]],[3,"spr_title_promotion",3,[[2,-335,[0,"73/XxggUtBU41M9MQmaZjA"],[5,153,26]],[9,-336,[0,"0crAmL/VNKhJYKbD7IOltR"],58]],[1,"e17gl0djFD4ao+y0NdPdYk",null,null,null,1,0],[1,-160,72,0]],[3,"label_ retial",3,[[4,-337,[0,"06yKWYpPJKNoOYKz3x+9HV"],[5,266.68,37.8],[0,0,0.5]],[10,"Rewards for upgrading your VIP level",16.1,16.1,30,-338,[0,"9eeaRY9XhMIZ5MEuEZlSfd"],[4,4291689471]]],[1,"79GYzdgARMo46dSfaxIuS/",null,null,null,1,0],[1,-241,33,0]],[8,"label_ upgrade",13,[[4,-339,[0,"fciQIZX8xMxLJ+iI+Vd2Be"],[5,64.91,37.8],[0,0,0.5]],[10,"Currently",16,16,30,-340,[0,"4ckyjD6ZJL1L5YoUyTlk15"],[4,4291689471]]],[1,"83C9rmd3NM9Y/PHtMMwm/q",null,null,null,1,0]],[3,"label_vip",13,[[2,-341,[0,"ecOLC0y41Kl4TVwKV9bjzT"],[5,34.69,50.4]],[6,"VIP1",16,16,-342,[0,"3cUn0DiYdPd4kJ15ej7xLR"],[4,4281401268]]],[1,"2fqeLCPEdNvqng/3gYTGXE",null,null,null,1,0],[1,87.255,1,0]],[3,"label_ and",13,[[4,-343,[0,"d58yiZ4ZRNJ5pafWFYSoPo"],[5,95.16,37.8],[0,0,0.5]],[10,"will be issued",16,16,30,-344,[0,"22IVaqDsFJirhYhJxoLDLh"],[4,4291689471]]],[1,"f4j002PZVIYYiZmQd0cMbN",null,null,null,1,0],[1,109.6,0,0]],[3,"spr_gold_icon",13,[[2,-345,[0,"d8B8Fuq3ZEn5qKUpn432md"],[5,24,24]],[13,0,-346,[0,"16XCaqq+RC3r9dbQ8g8I8v"],59]],[1,"d1ldQMCzFCjLGy4wjh3lNy",null,null,null,1,0],[1,221.76,0,0]],[3,"spr_label_gold",13,[[2,-347,[0,"fdctBHjBlPNarY0fknN98a"],[5,8.9,50.4]],[6,"0",16,16,-348,[0,"ddRrmC24JA0bLC9FPm+mta"],[4,4281331189]]],[1,"0fXddr2VRLw5hZ+0ycI+s1",null,null,null,1,0],[1,243.20999999999998,0,0]],[3,"spr_vip",3,[[2,-349,[0,"12VUqWeelBj54hrY5oiHB0"],[5,32,21]],[9,-350,[0,"47mUfyjRVJOogdUu1LF4k3"],60]],[1,"75tb8ao19Bkbft0SWNDMwz",null,null,null,1,0],[1,-225,-68,0]],[8,"spr_label_vip",18,[[4,-351,[0,"c1+KNPH+FBZrjO8E2RCoxU"],[5,14,30],[0,0,0.5]],[21,"1",24,24,30,false,-8,-352,[0,"356hoD0X9C14isHRpgVxjy"],61]],[1,"f5j4qzZYdO+qn/+VnFpXzN",null,null,null,1,0]],[3,"spr_will",18,[[2,-353,[0,"26QSAejrJMaoubR+oUvCFH"],[5,115,22]],[9,-354,[0,"31NmGvt2VCf7Ex7Lzfpge6"],62]],[1,"00hKMMWYRP4LFp+G1RaIyb",null,null,null,1,0],[1,71.5,2,0]],[3,"spr_gold_icon",18,[[2,-355,[0,"ddDXJ7tq5NIqQZUgevCrjX"],[5,32,32]],[12,0,-356,[0,"6fC1yXyLdF7JwreG2oZS1C"],63,64]],[1,"ddYGw8ph5N5q4zaqbd71pJ",null,null,null,1,0],[1,145,2,0]],[3,"label_gold",18,[[4,-357,[0,"f26B6ohoFFw4svrP9nLWR3"],[5,19,30],[0,0,0.5]],[22,"0",24,24,30,false,-358,[0,"1fZmBgAwpKaZhd2ZMSvfks"],[4,4291689471],65]],[1,"3arPPaCQJEhLkmnOYVJSlc",null,null,null,1,0],[1,161,2,0]],[3,"spr_vip_lock",41,[[2,-359,[0,"9e7BNUZiZKXptnGi0XkuVJ"],[5,71,72]],[5,-360,[0,"59RsESG+hG2rntkana89FV"],69,70]],[1,"d7HMcqiH5Gsa4pI+3hUBLB",null,null,null,1,0],[1,0,-24,0]],[3,"spr_vip_lock",42,[[2,-361,[0,"9853ykOEBInZHxBhQeAky2"],[5,137,88]],[9,-362,[0,"f77FMqQKFPOqwasxSKb/P2"],73]],[1,"0czFXHiXVIlZ2fLD8gQiUi",null,null,null,1,0],[1,0,-24,0]],[3,"spr_title_daily",4,[[2,-363,[0,"e2CyDK0OhJhp/lnFkGEtGT"],[5,205,26]],[9,-364,[0,"1fCXUKGBdFy5cvCsYHg0lA"],78]],[1,"a5WgS9NMtNz7Xi237Dcy2R",null,null,null,1,0],[1,-140,69,0]],[3,"label_ retial",4,[[4,-365,[0,"7dypFZ9ddPEYOSQDX/pJBq"],[5,234.45,37.8],[0,0,0.5]],[10,"VIP daily login exclusive rewards",16.1,16.1,30,-366,[0,"48LeqIPLlFloaZyZgpZJUo"],[4,4291689471]]],[1,"4cVXgdLoZC+6qFLAgllbIB",null,null,null,1,0],[1,-241,33,0]],[8,"label_ upgrade",8,[[4,-367,[0,"461sABWhVLFIIW7aeSSaEw"],[5,64.91,37.8],[0,0,0.5]],[10,"Currently",16,16,30,-368,[0,"cc7omLXmRIiablOLX+nb4s"],[4,4291689471]]],[1,"cdGnw4S5JLq5uoGIYVT/0O",null,null,null,1,0]],[3,"label_vip",8,[[2,-369,[0,"f7QPUp2KxLR7AmSSIWPUxH"],[5,34.69,50.4]],[6,"VIP1",16,16,-370,[0,"f890OD2etCRrpLjgMv0rne"],[4,4281401268]]],[1,"c60MU6V0NAlJQNZMX5lwHf",null,null,null,1,0],[1,87.255,1,0]],[3,"label_ and",8,[[4,-371,[0,"cayziGD2VKp6HvvPgNyM6u"],[5,95.16,37.8],[0,0,0.5]],[10,"will be issued",16,16,30,-372,[0,"61ziHJuEpL/YbmsfPcKcSl"],[4,4291689471]]],[1,"7a89Mwr85AaYhp3wAIfkcT",null,null,null,1,0],[1,109.6,0,0]],[3,"spr_gold_icon",8,[[2,-373,[0,"9dhiWqlaFBEY7t3xwia0b1"],[5,24,24]],[13,0,-374,[0,"e7JSwcA9lIo7zxD5YP4xkg"],79]],[1,"19a27q3Y5LxJFpT6zfjy31",null,null,null,1,0],[1,221.76,0,0]],[3,"spr_label_gold",8,[[2,-375,[0,"aaxDBQ/PFCypR0YoqNMV36"],[5,8.9,50.4]],[6,"0",16,16,-376,[0,"89jRzAqLRNaYsD8vVUJpD5"],[4,4281331189]]],[1,"ff1THKxlhAIbTZTUlL/MKb",null,null,null,1,0],[1,243.20999999999998,0,0]],[3,"label_every",8,[[2,-377,[0,"2e38sHa7lBJLz1vTbDcx6q"],[5,53.37,50.4]],[6,"per day",16,16,-378,[0,"47l9X99H5IlLG9M9XEqyuZ"],[4,4291689471]]],[1,"41k4vc1L5JsJknQCCNIA1O",null,null,null,1,0],[1,279.34499999999997,0,0]],[3,"spr_vip",4,[[2,-379,[0,"3fDY6sOxlE0amuQgsSATz8"],[5,32,21]],[9,-380,[0,"34nYXCoyBPk7uD85aDDQfm"],80]],[1,"7e3RmTN1FFU5N7p9vIyA2T",null,null,null,1,0],[1,-225,-68,0]],[8,"spr_label_vip",19,[[4,-381,[0,"b9VCW+X2VCR6N7f2vZ8uWL"],[5,14,30],[0,0,0.5]],[21,"1",24,24,30,false,-8,-382,[0,"bf1/Dma/JHubzlo943eWfu"],81]],[1,"a0nGCSrAxMirdrRv788f6p",null,null,null,1,0]],[3,"spr_will",19,[[2,-383,[0,"daFFywvytM7JY9e14rwIxO"],[5,129,26]],[9,-384,[0,"91d1IQ3WJFe4T5jhBABV+n"],82]],[1,"f6fYZKLHNIhLrqxB188AsX",null,null,null,1,0],[1,78.5,0,0]],[3,"spr_gold_icon",19,[[2,-385,[0,"48L256fOhG3YQOeiw+dR+g"],[5,32,32]],[12,0,-386,[0,"d9E9JMp/tEsoAULwb3wG6e"],83,84]],[1,"d5NDj7wCpEXaF71xcl+fgc",null,null,null,1,0],[1,159,2,0]],[3,"label_gold",19,[[4,-387,[0,"9fqV9CJzBGVpZYdwdSd55P"],[5,19,30],[0,0,0.5]],[22,"0",24,24,30,false,-388,[0,"15UaGpPEZHAqLdNZgznrzL"],[4,4291689471],85]],[1,"dckRsXJfJH3rMSi1KktHPt",null,null,null,1,0],[1,175,2,0]],[3,"spr_vip_lock",44,[[2,-389,[0,"75d5kr2pVGCLPNWe75DOJR"],[5,71,72]],[5,-390,[0,"2ad557tBxAKqr8opRXpDzO"],89,90]],[1,"65rd8K/yVHO41HGIZAB8kg",null,null,null,1,0],[1,0,-24,0]],[3,"spr_vip_lock",45,[[2,-391,[0,"aau9nA+ApFdp63JqZtkCUl"],[5,137,88]],[9,-392,[0,"04iLnurHROH7rUlKCEVINV"],93]],[1,"6d/8XUEfZLjYTAjlPYfQmo",null,null,null,1,0],[1,0,-24,0]],[3,"spr_title_weekly",5,[[2,-393,[0,"190018bVNCCp0K/Hhs9nxs"],[5,138,26]],[9,-394,[0,"ac0lLNic1MermTpdL53NDw"],98]],[1,"b0YOj+XMBPHbkM52qT/j9C",null,null,null,1,0],[1,-175,69,0]],[3,"label_ retial",5,[[4,-395,[0,"465rclwJtFkotj9bs66HiC"],[5,179.86,37.8],[0,0,0.5]],[10,"VIP weekly login rewards",16.1,16.1,30,-396,[0,"153SIJBXdGoYu6z7SJlvHr"],[4,4291689471]]],[1,"7e5hpo46RLI7bnMPxrm0bM",null,null,null,1,0],[1,-241,33,0]],[8,"label_ upgrade",9,[[4,-397,[0,"abvfgr6FpEd5HTOAMBedZU"],[5,64.91,37.8],[0,0,0.5]],[10,"Currently",16,16,30,-398,[0,"5cTZAeSlpKa76tKT2PZBAA"],[4,4291689471]]],[1,"6b1m3rex9C37rC2mYRxKb9",null,null,null,1,0]],[3,"label_vip",9,[[2,-399,[0,"6c+bzA5tRI3LSQEpdNFqfS"],[5,34.69,50.4]],[6,"VIP1",16,16,-400,[0,"c7OOw3cstHz4XmsVEIBvAv"],[4,4281401268]]],[1,"5fgcda/YhGFbwsOytiyBr6",null,null,null,1,0],[1,87.255,1,0]],[3,"label_ and",9,[[4,-401,[0,"fcM6RQm1xMiqD9J0KLXXNp"],[5,95.16,37.8],[0,0,0.5]],[10,"will be issued",16,16,30,-402,[0,"97lD10orZPGqWcyI6oHa+Y"],[4,4291689471]]],[1,"9eaRKcPOtL8Y5gmwUxqwvz",null,null,null,1,0],[1,109.6,0,0]],[3,"spr_gold_icon",9,[[2,-403,[0,"d6B+vvjbNIULmwPOEFXq1X"],[5,24,24]],[13,0,-404,[0,"05urrgalFBi4hbD/x/fRuH"],99]],[1,"8dUcC47+JF74Tuxaw/WZY0",null,null,null,1,0],[1,221.76,0,0]],[3,"spr_label_gold",9,[[2,-405,[0,"c8GFxwtvlFjabQqendfX9J"],[5,8.9,50.4]],[6,"0",16,16,-406,[0,"f70lkm1OhDf62J9Vy8XhX3"],[4,4281331189]]],[1,"f8G4byirBLmb6dekkGs1Ww",null,null,null,1,0],[1,243.20999999999998,0,0]],[3,"label_week",9,[[2,-407,[0,"02NlS77LJHOZNoPDKqcA7f"],[5,64.92,50.4]],[6,"per week",16,16,-408,[0,"bbQzUIHrNCkokDC+ka1heF"],[4,4291689471]]],[1,"40ohEJRQ5IWr+e57HzH3X5",null,null,null,1,0],[1,285.11999999999995,0,0]],[3,"spr_vip",5,[[2,-409,[0,"fd16GbvnhC2qJCCd7uU9Gy"],[5,32,21]],[9,-410,[0,"93HkKpbJhN9L6Gz/beLR7l"],100]],[1,"42I3qBQl1D66KSWFHSLO9M",null,null,null,1,0],[1,-225,-68,0]],[8,"spr_label_vip",20,[[4,-411,[0,"e0kkGi8iROJ622sRRCrdI7"],[5,14,30],[0,0,0.5]],[21,"1",24,24,30,false,-8,-412,[0,"393l+5WXdL4p3w9dOh332L"],101]],[1,"e51mbXSCdAtoSpbvr1B6HC",null,null,null,1,0]],[3,"spr_will",20,[[2,-413,[0,"61KV5HW4lGyoEu366vN3nU"],[5,146,26]],[9,-414,[0,"db+Z1Y9L1GMK3zYPYpQn6o"],102]],[1,"c3ViiSdNdO8Javc5Ui/nt+",null,null,null,1,0],[1,87,0,0]],[3,"spr_gold_icon",20,[[2,-415,[0,"7dCVKUlFZBuqasl2mC0T2z"],[5,32,32]],[12,0,-416,[0,"ba24xSaNRON6SjTUsAn88C"],103,104]],[1,"deT5tnE+dH04Vtlao3YT/R",null,null,null,1,0],[1,176,2,0]],[3,"label_gold",20,[[4,-417,[0,"06/tjNks5GfbPa444YDz18"],[5,19,30],[0,0,0.5]],[22,"0",24,24,30,false,-418,[0,"dfwDzHtaxMOoJN36vydOqV"],[4,4291689471],105]],[1,"63tvJj4H9F/adCfuX4lRDi",null,null,null,1,0],[1,192,2,0]],[3,"spr_vip_lock",47,[[2,-419,[0,"0d0SSL9tdNvIXflDynmbtC"],[5,71,72]],[5,-420,[0,"5br9lirohJcLd2JuImua8E"],109,110]],[1,"b5jsZri1xC0b/49oDy7Rvi",null,null,null,1,0],[1,0,-24,0]],[3,"spr_vip_lock",48,[[2,-421,[0,"bbK9iSL5RHQalu3CshkR6l"],[5,137,88]],[9,-422,[0,"a1CVWbDiFEsaYkq/bIE778"],113]],[1,"afbMYtxS5LY7mlwEmv0Ztf",null,null,null,1,0],[1,0,-27,0]],[3,"spr_title_daily",6,[[2,-423,[0,"80Sdi0jYZNoYxzB/SmnBTm"],[5,146,26]],[9,-424,[0,"5exF5GVSdL74drYw33BAPC"],118]],[1,"e3ojyl1oBN3rdapA0fJdKO",null,null,null,1,0],[1,-171,69,0]],[3,"label_ retial",6,[[4,-425,[0,"dbF3etGIxOhKiOshew5n2u"],[5,187.02,37.8],[0,0,0.5]],[10,"VIP monthly login rewards",16.1,16.1,30,-426,[0,"b44MpIxKZNCovDsYPWHnrZ"],[4,4291689471]]],[1,"dbJG6/uR1OvqP6ATcoR9Eg",null,null,null,1,0],[1,-241,33,0]],[8,"label_ upgrade",10,[[4,-427,[0,"bc/i/CrX1LfLOhLBJ9ecwE"],[5,64.91,37.8],[0,0,0.5]],[10,"Currently",16,16,30,-428,[0,"fbNN8pfxZIQ4ZKYFN3mRhs"],[4,4291689471]]],[1,"f0eLsVSWlDopFhGKb4YU1V",null,null,null,1,0]],[3,"label_vip",10,[[2,-429,[0,"ceYCkCvyhKkZe/YHycocfw"],[5,34.69,50.4]],[6,"VIP1",16,16,-430,[0,"2f6rHDiYFNIIrLGlUOLyF1"],[4,4281401268]]],[1,"a4pS6OsIZEu4VgOOlg9GpS",null,null,null,1,0],[1,87.255,1,0]],[3,"label_ and",10,[[4,-431,[0,"c7tGCgIs5OWbyy//JK3xUY"],[5,95.16,37.8],[0,0,0.5]],[10,"will be issued",16,16,30,-432,[0,"cb8rTAd6xJsK5hHd5Q7sMg"],[4,4291689471]]],[1,"b004T/x81IOL2SzuHD6gZW",null,null,null,1,0],[1,109.6,0,0]],[3,"spr_gold_icon",10,[[2,-433,[0,"c1SYtcv1RNz5XT8En22NtO"],[5,24,24]],[13,0,-434,[0,"1daZDcP01GTJBAdrqFPnH0"],119]],[1,"74tJIdCp9B6raApFycYlj5",null,null,null,1,0],[1,221.76,0,0]],[3,"spr_label_gold",10,[[2,-435,[0,"86Ibk+OKpFNLT1bLURURyb"],[5,8.9,50.4]],[6,"0",16,16,-436,[0,"54dypscOxCd4L7cLAXTAn6"],[4,4281331189]]],[1,"0aeEmfuttCK6Q2tZWG5qxU",null,null,null,1,0],[1,243.20999999999998,0,0]],[3,"label_month",10,[[2,-437,[0,"778tACZSRFJqV41IS5xuts"],[5,72.04,50.4]],[6,"per month",16,16,-438,[0,"4acYcKgmNCmICOm3c9EHH0"],[4,4291689471]]],[1,"6bLj/y0gRJvYYLWQyeMfWG",null,null,null,1,0],[1,288.67999999999995,0,0]],[3,"spr_vip",6,[[2,-439,[0,"8fXBDhzQ1JM6Wf3W6bBiZ/"],[5,32,21]],[9,-440,[0,"7dxgIBl99M3rMa/4hURbMx"],120]],[1,"78fguuRkJIOpWCDHOAL1j4",null,null,null,1,0],[1,-225,-68,0]],[8,"spr_label_vip",21,[[4,-441,[0,"f40+3dn3xLObYzccOOGtgR"],[5,14,30],[0,0,0.5]],[21,"1",24,24,30,false,-8,-442,[0,"3csvtVX3ZNDqCV/Hy6zwCT"],121]],[1,"41LUXYukVBvKSlE+M2RJlK",null,null,null,1,0]],[3,"spr_will",21,[[2,-443,[0,"de6849jstEaaQngl6WXdaF"],[5,157,26]],[9,-444,[0,"81RD8zOOxCObuyswjl9Fp/"],122]],[1,"8cWpklE+5Cq6kjuR1kquHx",null,null,null,1,0],[1,92.5,0,0]],[3,"spr_gold_icon",21,[[2,-445,[0,"f5INvRoWRIbodyx+t6BTmU"],[5,32,32]],[12,0,-446,[0,"29EoYL7XlBDaTkQap4BhQM"],123,124]],[1,"e9DzbGFKxCi6RVCwT2Y75e",null,null,null,1,0],[1,187,2,0]],[3,"label_gold",21,[[4,-447,[0,"79WCR7xKpE7ZmfcKKfISNs"],[5,19,30],[0,0,0.5]],[22,"0",24,24,30,false,-448,[0,"a5OJ9bAj5Kh7DdzdrXwKe1"],[4,4291689471],125]],[1,"617ic5225COa8pM7Jfq0Cj",null,null,null,1,0],[1,203,2,0]],[3,"spr_vip_lock",50,[[2,-449,[0,"e9ahfo3eJBCK7oj1wuiN1u"],[5,71,72]],[5,-450,[0,"f952TiTQxEM674xbLAOKlt"],129,130]],[1,"c4yqkCOyxL/pU51e7ZRyOW",null,null,null,1,0],[1,0,-4,0]],[3,"spr_vip_lock",51,[[2,-451,[0,"57f1XTay9N2aNm9S/o7HT9"],[5,137,88]],[9,-452,[0,"34aTcwhCtKb76SR9xUWCJP"],133]],[1,"2dHq8Jtk1ExKlB+NyQ6oiJ",null,null,null,1,0],[1,0,-4,0]],[18,1,0,61,[0,"3e+XznOvdC141eZziZqEI9"]],[18,1,0,65,[0,"39T259v4pH54ow99WRJHhF"]],[18,1,0,70,[0,"f2qc6QZ2FJF4OiLq6gnGAx"]],[59,0.3,0.75,false,false,23,[0,"9dQq74ItNPfre/BejE6TeM"],16,71,71],[26,38,[0,"55NZ4vMA5Ei6zhRdLEwyu2"]],[26,39,[0,"67RkVFlbJCoZlKZKIOj06S"]]],0,[0,14,1,0,0,1,0,0,1,0,-1,30,0,-2,25,0,-3,52,0,-4,7,0,-5,23,0,-6,77,0,-7,28,0,-8,3,0,-9,4,0,-10,5,0,-11,6,0,0,2,0,0,2,0,-1,79,0,-2,80,0,-3,81,0,-4,82,0,-5,83,0,-6,84,0,-7,85,0,-8,86,0,0,3,0,0,3,0,-1,87,0,-2,88,0,-3,13,0,-4,94,0,-5,18,0,-6,40,0,-7,41,0,-8,42,0,0,4,0,0,4,0,-1,101,0,-2,102,0,-3,8,0,-4,109,0,-5,19,0,-6,43,0,-7,44,0,-8,45,0,0,5,0,0,5,0,-1,116,0,-2,117,0,-3,9,0,-4,124,0,-5,20,0,-6,46,0,-7,47,0,-8,48,0,0,6,0,0,6,0,-1,131,0,-2,132,0,-3,10,0,-4,139,0,-5,21,0,-6,49,0,-7,50,0,-8,51,0,0,7,0,0,7,0,-1,14,0,-2,26,0,-3,22,0,-4,11,0,-5,15,0,-6,36,0,0,8,0,0,8,0,-1,103,0,-2,104,0,-3,105,0,-4,106,0,-5,107,0,-6,108,0,0,9,0,0,9,0,-1,118,0,-2,119,0,-3,120,0,-4,121,0,-5,122,0,-6,123,0,0,10,0,0,10,0,-1,133,0,-2,134,0,-3,135,0,-4,136,0,-5,137,0,-6,138,0,0,11,0,0,11,0,9,146,0,0,11,0,-1,61,0,-2,31,0,-3,32,0,-4,33,0,0,12,0,0,12,0,10,150,0,6,12,0,0,12,0,-1,72,0,-2,37,0,-3,38,0,0,13,0,0,13,0,-1,89,0,-2,90,0,-3,91,0,-4,92,0,-5,93,0,0,14,0,0,14,0,-1,53,0,-2,54,0,-3,55,0,-4,56,0,0,15,0,0,15,0,9,147,0,0,15,0,-1,65,0,-2,34,0,-3,35,0,0,16,0,0,16,0,0,16,0,-2,17,0,0,17,0,0,17,0,10,151,0,6,17,0,0,17,0,-1,75,0,-2,39,0,0,18,0,0,18,0,-1,95,0,-2,96,0,-3,97,0,-4,98,0,0,19,0,0,19,0,-1,110,0,-2,111,0,-3,112,0,-4,113,0,0,20,0,0,20,0,-1,125,0,-2,126,0,-3,127,0,-4,128,0,0,21,0,0,21,0,-1,140,0,-2,141,0,-3,142,0,-4,143,0,0,22,0,-1,57,0,-2,58,0,-3,59,0,-4,60,0,0,23,0,0,23,0,-3,149,0,-1,24,0,-2,27,0,0,24,0,0,24,0,0,24,0,-4,71,0,-1,70,0,0,25,0,0,25,0,6,25,0,0,25,0,0,26,0,0,26,0,6,26,0,0,26,0,0,27,0,0,27,0,0,27,0,0,28,0,-1,78,0,-2,29,0,0,29,0,0,29,0,6,29,0,0,29,0,0,30,0,0,30,0,0,30,0,0,31,0,0,31,0,-1,62,0,0,32,0,0,32,0,-1,63,0,0,33,0,0,33,0,-1,64,0,0,34,0,0,34,0,-1,66,0,0,35,0,0,35,0,-1,67,0,0,36,0,-1,68,0,-2,69,0,0,37,0,0,37,0,-1,73,0,0,38,0,-2,150,0,-1,74,0,0,39,0,-2,151,0,-1,76,0,0,40,0,0,40,0,0,40,0,0,41,0,0,41,0,-1,99,0,0,42,0,0,42,0,-1,100,0,0,43,0,0,43,0,0,43,0,0,44,0,0,44,0,-1,114,0,0,45,0,0,45,0,-1,115,0,0,46,0,0,46,0,0,46,0,0,47,0,0,47,0,-1,129,0,0,48,0,0,48,0,-1,130,0,0,49,0,0,49,0,0,49,0,0,50,0,0,50,0,-1,144,0,0,51,0,0,51,0,-1,145,0,0,52,0,0,52,0,0,53,0,0,53,0,0,54,0,0,54,0,0,55,0,0,55,0,0,56,0,0,56,0,0,57,0,0,57,0,0,58,0,0,58,0,0,59,0,0,59,0,0,60,0,0,60,0,0,61,0,-2,146,0,0,62,0,0,62,0,0,63,0,0,63,0,0,64,0,0,64,0,0,65,0,-2,147,0,0,66,0,0,66,0,0,67,0,0,67,0,0,68,0,0,68,0,0,69,0,0,69,0,0,70,0,-2,148,0,0,72,0,0,72,0,0,73,0,0,73,0,0,74,0,0,74,0,0,75,0,0,75,0,0,76,0,0,76,0,0,77,0,0,77,0,0,78,0,0,78,0,0,79,0,0,79,0,0,80,0,0,80,0,0,81,0,0,81,0,0,82,0,0,82,0,0,83,0,0,83,0,0,84,0,0,84,0,0,85,0,0,85,0,0,86,0,0,86,0,0,87,0,0,87,0,0,88,0,0,88,0,0,89,0,0,89,0,0,90,0,0,90,0,0,91,0,0,91,0,0,92,0,0,92,0,0,93,0,0,93,0,0,94,0,0,94,0,0,95,0,0,95,0,0,96,0,0,96,0,0,97,0,0,97,0,0,98,0,0,98,0,0,99,0,0,99,0,0,100,0,0,100,0,0,101,0,0,101,0,0,102,0,0,102,0,0,103,0,0,103,0,0,104,0,0,104,0,0,105,0,0,105,0,0,106,0,0,106,0,0,107,0,0,107,0,0,108,0,0,108,0,0,109,0,0,109,0,0,110,0,0,110,0,0,111,0,0,111,0,0,112,0,0,112,0,0,113,0,0,113,0,0,114,0,0,114,0,0,115,0,0,115,0,0,116,0,0,116,0,0,117,0,0,117,0,0,118,0,0,118,0,0,119,0,0,119,0,0,120,0,0,120,0,0,121,0,0,121,0,0,122,0,0,122,0,0,123,0,0,123,0,0,124,0,0,124,0,0,125,0,0,125,0,0,126,0,0,126,0,0,127,0,0,127,0,0,128,0,0,128,0,0,129,0,0,129,0,0,130,0,0,130,0,0,131,0,0,131,0,0,132,0,0,132,0,0,133,0,0,133,0,0,134,0,0,134,0,0,135,0,0,135,0,0,136,0,0,136,0,0,137,0,0,137,0,0,138,0,0,138,0,0,139,0,0,139,0,0,140,0,0,140,0,0,141,0,0,141,0,0,142,0,0,142,0,0,143,0,0,143,0,0,144,0,0,144,0,0,145,0,0,145,0,15,1,2,8,28,12,8,16,16,8,27,71,16,148,71,17,149,452],[0,0,0,0,0,0,0,0,0,0,0,0,0,0,0,0,0,0,0,0,0,0,0,0,0,0,0,0,0,0,0,0,0,0,0,0,0,0,0,0,0,0,0,0,0,0,0,0,0,0,0,0,0,0,0,0,0,0,0,0,0,0,0,0,0,0,0,0,0,0,0,0,0,0,0,0,0,0,0,0,0,0,0,0,0,0,0,0,0,0,0,0,0,0,0,0,0,0,0,0,0,0,0,0,0,0,0,0,0,0,0,0,0,0,0,0,0,0,0,0,0,0,0,0,0,0,0,0,0,0,0,0,0,0,0,0,0,0,146,146,147,147,148,150,150,151,151],[1,2,1,5,11,12,13,1,1,2,1,2,1,2,4,1,5,11,12,13,4,1,2,4,1,2,4,1,2,1,2,4,1,2,4,1,2,1,2,1,2,1,1,1,2,5,1,2,5,1,2,1,2,1,2,5,1,1,1,1,1,4,1,1,2,4,1,2,5,1,2,1,2,1,1,2,1,2,1,1,1,4,1,1,2,4,1,2,5,1,2,1,2,1,1,2,1,2,1,1,1,4,1,1,2,4,1,2,5,1,2,1,2,1,1,2,1,2,1,1,1,4,1,1,2,4,1,2,5,1,2,1,2,1,1,2,1,2,1,2,1,2,1,1,2,1,2],[27,0,2,2,2,2,2,28,29,0,30,0,31,0,32,12,12,33,34,35,3,4,0,3,4,0,3,4,0,13,0,3,4,0,3,4,0,13,0,36,0,37,38,5,0,5,5,0,5,39,0,40,0,14,0,14,1,1,41,1,6,7,42,1,0,8,15,0,15,9,0,16,0,10,16,0,11,0,43,1,6,7,44,1,0,8,17,0,17,9,0,18,0,10,18,0,11,0,45,1,6,7,46,1,0,8,19,0,19,9,0,20,0,10,20,0,11,0,47,1,6,7,48,1,0,8,21,0,21,9,0,22,0,10,22,0,11,0,23,0,23,0,49,24,0,24,0]],[[{"name":"title_daily","rect":{"x":0,"y":0,"width":205,"height":26},"offset":{"x":0,"y":0},"originalSize":{"width":205,"height":26},"rotated":false,"capInsets":[0,0,0,0],"vertices":{"rawPosition":[-102.5,-13,0,102.5,-13,0,-102.5,13,0,102.5,13,0],"indexes":[0,1,2,2,1,3],"uv":[0,26,205,26,0,0,205,0],"nuv":[0,0,1,0,0,1,1,1],"minPos":{"x":-102.5,"y":-13,"z":0},"maxPos":{"x":102.5,"y":13,"z":0}},"packable":true,"pixelsToUnit":100,"pivot":{"x":0.5,"y":0.5},"meshType":0}],[0],0,[0],[3],[50]],[[{"name":"honglihe1","rect":{"x":0,"y":0,"width":149,"height":159},"offset":{"x":0,"y":0},"originalSize":{"width":149,"height":159},"rotated":false,"capInsets":[0,0,0,0],"vertices":{"rawPosition":[-74.5,-79.5,0,74.5,-79.5,0,-74.5,79.5,0,74.5,79.5,0],"indexes":[0,1,2,2,1,3],"uv":[0,159,149,159,0,0,149,0],"nuv":[0,0,1,0,0,1,1,1],"minPos":{"x":-74.5,"y":-79.5,"z":0},"maxPos":{"x":74.5,"y":79.5,"z":0}},"packable":true,"pixelsToUnit":100,"pivot":{"x":0.5,"y":0.5},"meshType":0}],[0],0,[0],[3],[51]],[[[23,"level_font",20,{"commonHeight":19,"fontSize":20,"atlasName":"level_font_0.png","fontDefDictionary":{"48":{"xOffset":0,"yOffset":0,"xAdvance":17,"rect":{"x":0,"y":0,"width":17,"height":21}},"49":{"xOffset":0,"yOffset":0,"xAdvance":13,"rect":{"x":162,"y":0,"width":13,"height":21}},"50":{"xOffset":0,"yOffset":0,"xAdvance":17,"rect":{"x":18,"y":0,"width":17,"height":21}},"51":{"xOffset":0,"yOffset":0,"xAdvance":17,"rect":{"x":36,"y":0,"width":17,"height":21}},"52":{"xOffset":0,"yOffset":0,"xAdvance":17,"rect":{"x":54,"y":0,"width":17,"height":21}},"53":{"xOffset":0,"yOffset":0,"xAdvance":17,"rect":{"x":72,"y":0,"width":17,"height":21}},"54":{"xOffset":0,"yOffset":0,"xAdvance":17,"rect":{"x":90,"y":0,"width":17,"height":21}},"55":{"xOffset":0,"yOffset":0,"xAdvance":17,"rect":{"x":108,"y":0,"width":17,"height":21}},"56":{"xOffset":0,"yOffset":0,"xAdvance":17,"rect":{"x":126,"y":0,"width":17,"height":21}},"57":{"xOffset":0,"yOffset":0,"xAdvance":17,"rect":{"x":144,"y":0,"width":17,"height":21}}},"kerningDict":{}}]],0,0,[0],[7],[52]],[[{"name":"font_bonus_0","rect":{"x":1,"y":1,"width":220,"height":28},"offset":{"x":-17,"y":113},"originalSize":{"width":256,"height":256},"rotated":false,"capInsets":[0,0,0,0],"vertices":{"rawPosition":[-110,-14,0,110,-14,0,-110,14,0,110,14,0],"indexes":[0,1,2,2,1,3],"uv":[1,255,221,255,1,227,221,227],"nuv":[0.00390625,0.88671875,0.86328125,0.88671875,0.00390625,0.99609375,0.86328125,0.99609375],"minPos":{"x":-110,"y":-14,"z":0},"maxPos":{"x":110,"y":14,"z":0}},"packable":true,"pixelsToUnit":100,"pivot":{"x":0.5,"y":0.5},"meshType":0}],[0],0,[0],[3],[53]],[[{"name":"baoxiang1","rect":{"x":0,"y":0,"width":139,"height":105},"offset":{"x":0,"y":0},"originalSize":{"width":139,"height":105},"rotated":false,"capInsets":[0,0,0,0],"vertices":{"rawPosition":[-69.5,-52.5,0,69.5,-52.5,0,-69.5,52.5,0,69.5,52.5,0],"indexes":[0,1,2,2,1,3],"uv":[0,105,139,105,0,0,139,0],"nuv":[0,0,1,0,0,1,1,1],"minPos":{"x":-69.5,"y":-52.5,"z":0},"maxPos":{"x":69.5,"y":52.5,"z":0}},"packable":true,"pixelsToUnit":100,"pivot":{"x":0.5,"y":0.5},"meshType":0}],[0],0,[0],[3],[54]],[[{"name":"vip2","rect":{"x":0,"y":0,"width":170,"height":128},"offset":{"x":0,"y":0},"originalSize":{"width":170,"height":128},"rotated":false,"capInsets":[0,0,0,0],"vertices":{"rawPosition":[-85,-64,0,85,-64,0,-85,64,0,85,64,0],"indexes":[0,1,2,2,1,3],"uv":[0,128,170,128,0,0,170,0],"nuv":[0,0,1,0,0,1,1,1],"minPos":{"x":-85,"y":-64,"z":0},"maxPos":{"x":85,"y":64,"z":0}},"packable":true,"pixelsToUnit":100,"pivot":{"x":0.5,"y":0.5},"meshType":0}],[0],0,[0],[3],[55]],[[{"name":"word_will","rect":{"x":0,"y":0,"width":115,"height":22},"offset":{"x":0,"y":0},"originalSize":{"width":115,"height":22},"rotated":false,"capInsets":[0,0,0,0],"vertices":{"rawPosition":[-57.5,-11,0,57.5,-11,0,-57.5,11,0,57.5,11,0],"indexes":[0,1,2,2,1,3],"uv":[0,22,115,22,0,0,115,0],"nuv":[0,0,1,0,0,1,1,1],"minPos":{"x":-57.5,"y":-11,"z":0},"maxPos":{"x":57.5,"y":11,"z":0}},"packable":true,"pixelsToUnit":100,"pivot":{"x":0.5,"y":0.5},"meshType":0}],[0],0,[0],[3],[56]],[[{"name":"bj","rect":{"x":0,"y":0,"width":1334,"height":750},"offset":{"x":0,"y":0},"originalSize":{"width":1334,"height":750},"rotated":false,"capInsets":[0,0,0,0],"vertices":{"rawPosition":[-667,-375,0,667,-375,0,-667,375,0,667,375,0],"indexes":[0,1,2,2,1,3],"uv":[0,750,1334,750,0,0,1334,0],"nuv":[0,0,1,0,0,1,1,1],"minPos":{"x":-667,"y":-375,"z":0},"maxPos":{"x":667,"y":375,"z":0}},"packable":true,"pixelsToUnit":100,"pivot":{"x":0.5,"y":0.5},"meshType":0}],[0],0,[0],[3],[57]],[[{"name":"vip_num_0","rect":{"x":0,"y":0,"width":155,"height":20},"offset":{"x":-72.5,"y":90},"originalSize":{"width":300,"height":200},"rotated":false,"capInsets":[0,0,0,0],"vertices":{"rawPosition":[-77.5,-10,0,77.5,-10,0,-77.5,10,0,77.5,10,0],"indexes":[0,1,2,2,1,3],"uv":[0,200,155,200,0,180,155,180],"nuv":[0,0.9,0.5166666666666667,0.9,0,1,0.5166666666666667,1],"minPos":{"x":-77.5,"y":-10,"z":0},"maxPos":{"x":77.5,"y":10,"z":0}},"packable":true,"pixelsToUnit":100,"pivot":{"x":0.5,"y":0.5},"meshType":0}],[0],0,[0],[3],[58]],[[{"name":"Monthly Bonus","rect":{"x":0,"y":0,"width":146,"height":26},"offset":{"x":0,"y":0},"originalSize":{"width":146,"height":26},"rotated":false,"capInsets":[0,0,0,0],"vertices":{"rawPosition":[-73,-13,0,73,-13,0,-73,13,0,73,13,0],"indexes":[0,1,2,2,1,3],"uv":[0,26,146,26,0,0,146,0],"nuv":[0,0,1,0,0,1,1,1],"minPos":{"x":-73,"y":-13,"z":0},"maxPos":{"x":73,"y":13,"z":0}},"packable":true,"pixelsToUnit":100,"pivot":{"x":0.5,"y":0.5},"meshType":0}],[0],0,[0],[3],[59]],[[[23,"font_vip_bonus",24,{"commonHeight":24,"fontSize":24,"atlasName":"font_vip_bonus_0.png","fontDefDictionary":{"48":{"xOffset":0,"yOffset":0,"xAdvance":18,"rect":{"x":0,"y":0,"width":18,"height":21}},"49":{"xOffset":0,"yOffset":0,"xAdvance":14,"rect":{"x":68,"y":21,"width":14,"height":21}},"50":{"xOffset":0,"yOffset":0,"xAdvance":17,"rect":{"x":72,"y":0,"width":17,"height":21}},"51":{"xOffset":0,"yOffset":0,"xAdvance":17,"rect":{"x":0,"y":21,"width":17,"height":21}},"52":{"xOffset":0,"yOffset":0,"xAdvance":17,"rect":{"x":17,"y":21,"width":17,"height":21}},"53":{"xOffset":0,"yOffset":0,"xAdvance":17,"rect":{"x":34,"y":21,"width":17,"height":21}},"54":{"xOffset":0,"yOffset":0,"xAdvance":17,"rect":{"x":51,"y":21,"width":17,"height":21}},"55":{"xOffset":0,"yOffset":0,"xAdvance":18,"rect":{"x":18,"y":0,"width":18,"height":21}},"56":{"xOffset":0,"yOffset":0,"xAdvance":18,"rect":{"x":36,"y":0,"width":18,"height":21}},"57":{"xOffset":0,"yOffset":0,"xAdvance":18,"rect":{"x":54,"y":0,"width":18,"height":21}}},"kerningDict":{}}]],0,0,[0],[7],[60]],[[{"name":"Upgrade Bonus","rect":{"x":0,"y":0,"width":153,"height":26},"offset":{"x":0,"y":0},"originalSize":{"width":153,"height":26},"rotated":false,"capInsets":[0,0,0,0],"vertices":{"rawPosition":[-76.5,-13,0,76.5,-13,0,-76.5,13,0,76.5,13,0],"indexes":[0,1,2,2,1,3],"uv":[0,26,153,26,0,0,153,0],"nuv":[0,0,1,0,0,1,1,1],"minPos":{"x":-76.5,"y":-13,"z":0},"maxPos":{"x":76.5,"y":13,"z":0}},"packable":true,"pixelsToUnit":100,"pivot":{"x":0.5,"y":0.5},"meshType":0}],[0],0,[0],[3],[61]],[[{"name":"fenlihe2","rect":{"x":0,"y":0,"width":162,"height":159},"offset":{"x":0,"y":0},"originalSize":{"width":162,"height":159},"rotated":false,"capInsets":[0,0,0,0],"vertices":{"rawPosition":[-81,-79.5,0,81,-79.5,0,-81,79.5,0,81,79.5,0],"indexes":[0,1,2,2,1,3],"uv":[0,159,162,159,0,0,162,0],"nuv":[0,0,1,0,0,1,1,1],"minPos":{"x":-81,"y":-79.5,"z":0},"maxPos":{"x":81,"y":79.5,"z":0}},"packable":true,"pixelsToUnit":100,"pivot":{"x":0.5,"y":0.5},"meshType":0}],[0],0,[0],[3],[62]],[[{"name":"word_monthly","rect":{"x":0,"y":0,"width":157,"height":26},"offset":{"x":0,"y":0},"originalSize":{"width":157,"height":26},"rotated":false,"capInsets":[0,0,0,0],"vertices":{"rawPosition":[-78.5,-13,0,78.5,-13,0,-78.5,13,0,78.5,13,0],"indexes":[0,1,2,2,1,3],"uv":[0,26,157,26,0,0,157,0],"nuv":[0,0,1,0,0,1,1,1],"minPos":{"x":-78.5,"y":-13,"z":0},"maxPos":{"x":78.5,"y":13,"z":0}},"packable":true,"pixelsToUnit":100,"pivot":{"x":0.5,"y":0.5},"meshType":0}],[0],0,[0],[3],[63]],[[{"name":"honglihe2","rect":{"x":0,"y":0,"width":149,"height":159},"offset":{"x":0,"y":0},"originalSize":{"width":149,"height":159},"rotated":false,"capInsets":[0,0,0,0],"vertices":{"rawPosition":[-74.5,-79.5,0,74.5,-79.5,0,-74.5,79.5,0,74.5,79.5,0],"indexes":[0,1,2,2,1,3],"uv":[0,159,149,159,0,0,149,0],"nuv":[0,0,1,0,0,1,1,1],"minPos":{"x":-74.5,"y":-79.5,"z":0},"maxPos":{"x":74.5,"y":79.5,"z":0}},"packable":true,"pixelsToUnit":100,"pivot":{"x":0.5,"y":0.5},"meshType":0}],[0],0,[0],[3],[64]],[[{"name":"fenlihe1","rect":{"x":0,"y":0,"width":162,"height":159},"offset":{"x":0,"y":0},"originalSize":{"width":162,"height":159},"rotated":false,"capInsets":[0,0,0,0],"vertices":{"rawPosition":[-81,-79.5,0,81,-79.5,0,-81,79.5,0,81,79.5,0],"indexes":[0,1,2,2,1,3],"uv":[0,159,162,159,0,0,162,0],"nuv":[0,0,1,0,0,1,1,1],"minPos":{"x":-81,"y":-79.5,"z":0},"maxPos":{"x":81,"y":79.5,"z":0}},"packable":true,"pixelsToUnit":100,"pivot":{"x":0.5,"y":0.5},"meshType":0}],[0],0,[0],[3],[65]],[[{"name":"word_weekly","rect":{"x":0,"y":0,"width":146,"height":26},"offset":{"x":0,"y":0},"originalSize":{"width":146,"height":26},"rotated":false,"capInsets":[0,0,0,0],"vertices":{"rawPosition":[-73,-13,0,73,-13,0,-73,13,0,73,13,0],"indexes":[0,1,2,2,1,3],"uv":[0,26,146,26,0,0,146,0],"nuv":[0,0,1,0,0,1,1,1],"minPos":{"x":-73,"y":-13,"z":0},"maxPos":{"x":73,"y":13,"z":0}},"packable":true,"pixelsToUnit":100,"pivot":{"x":0.5,"y":0.5},"meshType":0}],[0],0,[0],[3],[66]],[[{"name":"font_vip_bonus_0","rect":{"x":0,"y":0,"width":89,"height":42},"offset":{"x":-5.5,"y":29},"originalSize":{"width":100,"height":100},"rotated":false,"capInsets":[0,0,0,0],"vertices":{"rawPosition":[-44.5,-21,0,44.5,-21,0,-44.5,21,0,44.5,21,0],"indexes":[0,1,2,2,1,3],"uv":[0,100,89,100,0,58,89,58],"nuv":[0,0.58,0.89,0.58,0,1,0.89,1],"minPos":{"x":-44.5,"y":-21,"z":0},"maxPos":{"x":44.5,"y":21,"z":0}},"packable":true,"pixelsToUnit":100,"pivot":{"x":0.5,"y":0.5},"meshType":0}],[0],0,[0],[3],[67]],[[{"name":"VIP","rect":{"x":0,"y":0,"width":32,"height":21},"offset":{"x":0,"y":0},"originalSize":{"width":32,"height":21},"rotated":false,"capInsets":[0,0,0,0],"vertices":{"rawPosition":[-16,-10.5,0,16,-10.5,0,-16,10.5,0,16,10.5,0],"indexes":[0,1,2,2,1,3],"uv":[0,21,32,21,0,0,32,0],"nuv":[0,0,1,0,0,1,1,1],"minPos":{"x":-16,"y":-10.5,"z":0},"maxPos":{"x":16,"y":10.5,"z":0}},"packable":true,"pixelsToUnit":100,"pivot":{"x":0.5,"y":0.5},"meshType":0}],[0],0,[0],[3],[68]],[[{"name":"vip1","rect":{"x":0,"y":0,"width":170,"height":128},"offset":{"x":0,"y":0},"originalSize":{"width":170,"height":128},"rotated":false,"capInsets":[0,0,0,0],"vertices":{"rawPosition":[-85,-64,0,85,-64,0,-85,64,0,85,64,0],"indexes":[0,1,2,2,1,3],"uv":[0,128,170,128,0,0,170,0],"nuv":[0,0,1,0,0,1,1,1],"minPos":{"x":-85,"y":-64,"z":0},"maxPos":{"x":85,"y":64,"z":0}},"packable":true,"pixelsToUnit":100,"pivot":{"x":0.5,"y":0.5},"meshType":0}],[0],0,[0],[3],[69]],[[{"name":"word_daily","rect":{"x":0,"y":0,"width":129,"height":26},"offset":{"x":0,"y":0},"originalSize":{"width":129,"height":26},"rotated":false,"capInsets":[0,0,0,0],"vertices":{"rawPosition":[-64.5,-13,0,64.5,-13,0,-64.5,13,0,64.5,13,0],"indexes":[0,1,2,2,1,3],"uv":[0,26,129,26,0,0,129,0],"nuv":[0,0,1,0,0,1,1,1],"minPos":{"x":-64.5,"y":-13,"z":0},"maxPos":{"x":64.5,"y":13,"z":0}},"packable":true,"pixelsToUnit":100,"pivot":{"x":0.5,"y":0.5},"meshType":0}],[0],0,[0],[3],[70]],[[{"name":"Weekly Bonus","rect":{"x":0,"y":0,"width":138,"height":26},"offset":{"x":0,"y":0},"originalSize":{"width":138,"height":26},"rotated":false,"capInsets":[0,0,0,0],"vertices":{"rawPosition":[-69,-13,0,69,-13,0,-69,13,0,69,13,0],"indexes":[0,1,2,2,1,3],"uv":[0,26,138,26,0,0,138,0],"nuv":[0,0,1,0,0,1,1,1],"minPos":{"x":-69,"y":-13,"z":0},"maxPos":{"x":69,"y":13,"z":0}},"packable":true,"pixelsToUnit":100,"pivot":{"x":0.5,"y":0.5},"meshType":0}],[0],0,[0],[3],[71]],[[[23,"vip_num",20,{"commonHeight":19,"fontSize":20,"atlasName":"vip_num_0.png","fontDefDictionary":{"32":{"xOffset":-1,"yOffset":18,"xAdvance":5,"rect":{"x":156,"y":0,"width":3,"height":1}},"48":{"xOffset":0,"yOffset":0,"xAdvance":16,"rect":{"x":0,"y":0,"width":16,"height":20}},"49":{"xOffset":-2,"yOffset":0,"xAdvance":10,"rect":{"x":145,"y":0,"width":10,"height":20}},"50":{"xOffset":0,"yOffset":0,"xAdvance":15,"rect":{"x":17,"y":0,"width":15,"height":20}},"51":{"xOffset":0,"yOffset":0,"xAdvance":15,"rect":{"x":33,"y":0,"width":15,"height":20}},"52":{"xOffset":-2,"yOffset":0,"xAdvance":15,"rect":{"x":49,"y":0,"width":15,"height":20}},"53":{"xOffset":0,"yOffset":0,"xAdvance":15,"rect":{"x":65,"y":0,"width":15,"height":20}},"54":{"xOffset":0,"yOffset":0,"xAdvance":15,"rect":{"x":81,"y":0,"width":15,"height":20}},"55":{"xOffset":0,"yOffset":0,"xAdvance":15,"rect":{"x":97,"y":0,"width":15,"height":20}},"56":{"xOffset":0,"yOffset":0,"xAdvance":15,"rect":{"x":113,"y":0,"width":15,"height":20}},"57":{"xOffset":0,"yOffset":0,"xAdvance":15,"rect":{"x":129,"y":0,"width":15,"height":20}}},"kerningDict":{}}]],0,0,[0],[7],[72]],[[[23,"font_bonus",24,{"commonHeight":24,"fontSize":24,"atlasName":"font_bonus_0.png","fontDefDictionary":{"44":{"xOffset":-1,"yOffset":19,"xAdvance":9,"rect":{"x":200,"y":0,"width":11,"height":15}},"46":{"xOffset":-1,"yOffset":19,"xAdvance":8,"rect":{"x":212,"y":0,"width":10,"height":11}},"48":{"xOffset":-1,"yOffset":-1,"xAdvance":18,"rect":{"x":0,"y":0,"width":20,"height":30}},"49":{"xOffset":-1,"yOffset":0,"xAdvance":11,"rect":{"x":186,"y":0,"width":13,"height":29}},"50":{"xOffset":-1,"yOffset":-1,"xAdvance":17,"rect":{"x":84,"y":0,"width":19,"height":30}},"51":{"xOffset":-1,"yOffset":-1,"xAdvance":17,"rect":{"x":104,"y":0,"width":19,"height":30}},"52":{"xOffset":-1,"yOffset":0,"xAdvance":19,"rect":{"x":124,"y":0,"width":21,"height":29}},"53":{"xOffset":-1,"yOffset":0,"xAdvance":17,"rect":{"x":146,"y":0,"width":19,"height":29}},"54":{"xOffset":-1,"yOffset":-1,"xAdvance":18,"rect":{"x":21,"y":0,"width":20,"height":30}},"55":{"xOffset":-1,"yOffset":0,"xAdvance":17,"rect":{"x":166,"y":0,"width":19,"height":29}},"56":{"xOffset":-1,"yOffset":-1,"xAdvance":18,"rect":{"x":42,"y":0,"width":20,"height":30}},"57":{"xOffset":-1,"yOffset":-1,"xAdvance":18,"rect":{"x":63,"y":0,"width":20,"height":30}}},"kerningDict":{}}]],0,0,[0],[7],[73]]]]
