[1,["95+qmdD39AF4Hs2yQ/f9X2","eb6dI0WKdAyIjByQKci1YR","9c4WEJX8xCpJ4iCi2gOEai@f9941","1aQPkV4FFOp40YgdzCaNRX@f9941","f0TINOsaBAdrP0+hTqh/vJ@f9941","62ynWufy5NzKnQyfxuelyA","c3UXY3fDlKM7lhVWCabUYS@f9941","fc5gs+Y9hGFo2KGQDcyqkx","8ax8pPR8hG+aieb6FX4PxG","4158HSIDhEaILnniPuCSla@f9941","62iBSfYfFLYYUQsIKhfQod","003JMf4wpO2Kbm3WNY58B5","begxw9vH1NP4kOBFDYYwLa","2fR9m1FAFKXKG27mgg3y/j","ecOEZ49K1JhI+mbsjIV5BO","0c2Lp0ZY9CWr7DG8xIA9aS","7fEV1KRplGKJbAoIIKcEag@f9941","0aHq2RFGhJe7z/DrkSO1N5@f9941","1aQPkV4FFOp40YgdzCaNRX@6c48a","1bvlWgl0RG0q5SeTT0Wss2@6c48a","2cCPsGa4JKJrV+GeDMQfNJ@6c48a","7fEV1KRplGKJbAoIIKcEag@6c48a","3en3BvYrZEWIDgX1hBEHCB@f9941","c9rl7R19RF1oHr5kmgRCdB","1bvlWgl0RG0q5SeTT0Wss2@f9941","beyLxpxAVHFYxyuaYML1fZ@f9941","19VSPGJPxM1I+Kc6jc9GFY@f9941","e528r5LRlI15LMHAPcuf0Q@f9941","b8aezD+RBJmqeu06ol2Zbe@f9941","2cCPsGa4JKJrV+GeDMQfNJ@f9941","abU+dMzmdMB4tXJuuOxaY4","9c4WEJX8xCpJ4iCi2gOEai@6c48a","8aKd2FkDFFKYyFkEYjiu9Y@6c48a","f0TINOsaBAdrP0+hTqh/vJ@6c48a"],["node","_spriteFrame","_atlas","_skeletonData","_defaultClip","_textureSource","_normalSprite","_target","root","data"],["cc.SpriteFrame",["cc.Node",["_name","_components","_prefab","_lpos","_parent","_children","_lscale"],2,9,4,5,1,2,5],["cc.Sprite",["_sizeMode","_type","node","__prefab","_spriteFrame","_atlas"],1,1,4,6,6],"cc.SpriteAtlas",["cc.UITransform",["node","__prefab","_contentSize","_anchorPoint"],3,1,4,5,5],["cc.Button",["_transition","_zoomScale","node","__prefab","_normalSprite","_normalColor","_target"],1,1,4,6,5,1],["cc.Label",["_string","_actualFontSize","_fontSize","_isBold","_isItalic","node","__prefab","_color"],-2,1,4,5],["cc.Prefab",["_name"],2],["cc.CompPrefabInfo",["fileId"],2],["cc.PrefabInfo",["fileId","instance","targetOverrides","nestedPrefabInstanceRoots","root","asset"],-1,1,1],["cc.Layout",["node","__prefab"],3,1,4],["cc.Animation",["node","__prefab","_clips","_defaultClip"],3,1,4,3,6],["cc.LabelOutline",["node","__prefab","_color"],3,1,4,5],["sp.Skeleton",["_preCacheMode","_premultipliedAlpha","defaultSkin","defaultAnimation","node","__prefab","_skeletonData"],-1,1,4,6],["sp.SkeletonData",["_name","_atlasText","textureNames","_skeletonJson","textures"],-1,3]],[[8,0,2],[9,0,1,2,3,4,5,5],[4,0,1,2,1],[1,0,4,1,2,3,2],[2,0,2,3,4,5,2],[1,0,4,1,2,2],[2,2,3,4,5,1],[4,0,1,1],[1,0,4,5,1,2,3,6,2],[10,0,1,1],[11,0,1,2,3,1],[6,0,1,2,3,5,6,5],[12,0,1,2,1],[13,0,1,2,3,4,5,6,5],[2,1,0,2,3,4,5,3],[5,0,1,2,3,5,6,4,3],[7,0,2],[1,0,5,1,2,3,2],[1,0,4,5,1,2,3,2],[4,0,1,2,3,1],[2,0,2,3,4,2],[5,0,1,2,3,4,3],[6,0,1,2,4,3,5,6,7,6],[14,0,1,2,3,4,5]],[[[{"name":"word_signIn_diurungkan1","rect":{"x":0,"y":0,"width":77,"height":16},"offset":{"x":0,"y":0},"originalSize":{"width":77,"height":16},"rotated":false,"capInsets":[0,0,0,0],"vertices":{"rawPosition":[-38.5,-8,0,38.5,-8,0,-38.5,8,0,38.5,8,0],"indexes":[0,1,2,2,1,3],"uv":[0,16,77,16,0,0,77,0],"nuv":[0,0,1,0,0,1,1,1],"minPos":{"x":-38.5,"y":-8,"z":0},"maxPos":{"x":38.5,"y":8,"z":0}},"packable":true,"pixelsToUnit":100,"pivot":{"x":0.5,"y":0.5},"meshType":0}],[0],0,[0],[5],[18]],[[{"name":"bg_signIn_bg","rect":{"x":2,"y":5,"width":765,"height":725},"offset":{"x":-0.5,"y":-2.5},"originalSize":{"width":770,"height":730},"rotated":false,"capInsets":[0,0,0,0],"vertices":{"rawPosition":[-382.5,-362.5,0,382.5,-362.5,0,-382.5,362.5,0,382.5,362.5,0],"indexes":[0,1,2,2,1,3],"uv":[2,725,767,725,2,0,767,0],"nuv":[0.0025974025974025974,0,0.9961038961038962,0,0.0025974025974025974,0.9931506849315068,0.9961038961038962,0.9931506849315068],"minPos":{"x":-382.5,"y":-362.5,"z":0},"maxPos":{"x":382.5,"y":362.5,"z":0}},"packable":true,"pixelsToUnit":100,"pivot":{"x":0.5,"y":0.5},"meshType":0}],[0],0,[0],[5],[19]],[[{"name":"btn_signIn_menerima1","rect":{"x":0,"y":0,"width":300,"height":87},"offset":{"x":0,"y":0},"originalSize":{"width":300,"height":87},"rotated":false,"capInsets":[0,0,0,0],"vertices":{"rawPosition":[-150,-43.5,0,150,-43.5,0,-150,43.5,0,150,43.5,0],"indexes":[0,1,2,2,1,3],"uv":[0,87,300,87,0,0,300,0],"nuv":[0,0,1,0,0,1,1,1],"minPos":{"x":-150,"y":-43.5,"z":0},"maxPos":{"x":150,"y":43.5,"z":0}},"packable":true,"pixelsToUnit":100,"pivot":{"x":0.5,"y":0.5},"meshType":0}],[0],0,[0],[5],[20]],[[{"name":"auto_sigIn","spriteFrames":[]}],[3],0,[],[],[]],[[{"name":"btn_signIn_menerima","rect":{"x":0,"y":0,"width":300,"height":84},"offset":{"x":0,"y":0},"originalSize":{"width":300,"height":84},"rotated":false,"capInsets":[0,0,0,0],"vertices":{"rawPosition":[-150,-42,0,150,-42,0,-150,42,0,150,42,0],"indexes":[0,1,2,2,1,3],"uv":[0,84,300,84,0,0,300,0],"nuv":[0,0,1,0,0,1,1,1],"minPos":{"x":-150,"y":-42,"z":0},"maxPos":{"x":150,"y":42,"z":0}},"packable":true,"pixelsToUnit":100,"pivot":{"x":0.5,"y":0.5},"meshType":0}],[0],0,[0],[5],[21]],[[[16,"hallSignIn"],[17,"hallSignIn",[-3,-4,-5,-6,-7,-8,-9,-10,-11,-12,-13,-14,-15],[[7,-2,[0,"04byAHVIJOfa3o+GTy6K8D"]]],[1,"c46/YsCPVOJYA4mWEpNYRx",null,null,null,-1,0],[1,-10,4,0]],[8,"Layout_monday",1,[-19,-20,-21,-22,-23],[[7,-16,[0,"3ed1NB3jdMH4gaDcDkiqXl"]],[9,-17,[0,"4dcZJ8ChZEI44A33Nd5X9V"]],[10,-18,[0,"f5r5E7HYlCXJ7nodY6IXtB"],[13],14]],[1,"6657apAl9K+aQ4QYaQiuCm",null,null,null,1,0],[1,-260,164,0],[1,0.75,0.75,1]],[8,"Layout_tuesday",1,[-27,-28,-29,-30,-31],[[7,-24,[0,"5fF5w15dJNEL3WsNI5q2He"]],[9,-25,[0,"28PrBWl0RNZa1xp9ZVelGA"]],[10,-26,[0,"c6lHcQIzZGlY9DUFyTBijT"],[22],23]],[1,"a5qZz9sa5Cnb+18W87FnO4",null,null,null,1,0],[1,-122,164,0],[1,0.75,0.75,1]],[8,"Layout_wednesday",1,[-35,-36,-37,-38,-39],[[7,-32,[0,"b2QluD2g9C7p44sAzvzXrY"]],[9,-33,[0,"6824LsDNhLNKGxkffgyyOR"]],[10,-34,[0,"e9iBVp3UZMxrt1pV/CD1aO"],[31],32]],[1,"3e9rsK6u5PJ5vYXldHQxNp",null,null,null,1,0],[1,4,164,0],[1,0.75,0.75,1]],[8,"Layout_thursday",1,[-43,-44,-45,-46,-47],[[7,-40,[0,"84nVU9LSJADLo2XLdhAeqH"]],[9,-41,[0,"80HGPwB5xHF6eSvnz9pp2T"]],[10,-42,[0,"f6Nt0/4g5JQZaRKvNq2Eyl"],[40],41]],[1,"6bPo0ffFxIg7UqENRbVqlY",null,null,null,1,0],[1,140,164,0],[1,0.75,0.75,1]],[8,"Layout_friday",1,[-51,-52,-53,-54,-55],[[7,-48,[0,"dasS6vYvZB4L6+w6oYinqe"]],[9,-49,[0,"93BgYCTs9ES6V1Vmf1CjZd"]],[10,-50,[0,"bbF9AaqPFAAYmmQ7WHIJfs"],[49],50]],[1,"0c+4PmxL5OPoc0H7si2gyz",null,null,null,1,0],[1,276,164,0],[1,0.75,0.75,1]],[8,"Layout_saturday",1,[-59,-60,-61,-62,-63],[[7,-56,[0,"ddsdxuaKdBz6jTbNuiGvxh"]],[9,-57,[0,"80/sojbcxKi5XC5TVMxpsy"]],[10,-58,[0,"a0uiQ4PV5KWZcu8+1vcQLS"],[58],59]],[1,"63HyIXBjpGd722agYE6O5S",null,null,null,1,0],[1,-226,-66,0],[1,0.75,0.75,1]],[8,"Layout_sunday",1,[-67,-68,-69,-70,-71],[[7,-64,[0,"a8M//qbwJOHrmk9OmOEo+S"]],[9,-65,[0,"7a6owA2i9LL693JYWIwxeB"]],[10,-66,[0,"a6ctAZhENAw6iuHBrzL+j8"],[67],68]],[1,"02vQafISBGo7GXgkyzGllg",null,null,null,1,0],[1,-56,-66,0],[1,0.75,0.75,1]],[8,"Layout_ultimate",1,[-75,-76,-77,-78,-79],[[7,-72,[0,"d6klXot0tLGamGUqP/cALa"]],[9,-73,[0,"d1z4YkNO9CyJyyjToIJXHp"]],[10,-74,[0,"06L6yNJ/dCY4G09XesAWHc"],[76],77]],[1,"97Gwgtxu1Fz7j0W05wzf+6",null,null,null,1,0],[1,168,-66,0],[1,0.75,0.75,1]],[18,"props_spr_signIn_vipbg",1,[-83,-84],[[19,-80,[0,"4dYYXX0DJMTJEjdFzcxscX"],[5,133,141],[0,0,1]],[6,-81,[0,"e8c9nOBytOYLVYGSGguFqR"],2,3],[21,3,0.9,-82,[0,"25m5iW9NdD55rYmVGbcD87"],4]],[1,"d4Hyr8+HxBKIDlJImUCD5y",null,null,null,1,0],[1,369,262,0]],[3,"props_btn_menerima",1,[[2,-85,[0,"79sBDNtK1Gd7WtFN0MmUyi"],[5,300,84]],[14,1,0,-86,[0,"0dDV9KhI5E7a7KnTpQ1tOg"],78,79],[15,3,0.9,-88,[0,"7da1370jJDZK09ozFwqrws"],[4,4292269782],-87,80]],[1,"a4O4S6M8NGoZN8C+IpOL9v",null,null,null,1,0],[1,0,-260,0]],[3,"props_btn_close",1,[[2,-89,[0,"98tLRpFE1F1ZxP67OYjlsn"],[5,62,62]],[14,1,0,-90,[0,"262SyCj2ZCMJc7IQzHwnxM"],83,84],[15,3,0.9,-92,[0,"68QXHtAThNRroeU9FW1M11"],[4,4292269782],-91,85]],[1,"41deisMIxKXqhzHnWGwHSx",null,null,null,1,0],[1,346,308,0]],[3,"label_gold",2,[[2,-93,[0,"418UCtqBhNDIffmoM3hJUJ"],[5,58.47,54.4]],[11,"30M",28,28,true,-94,[0,"87s1qX689BFItirlzHZA7U"]],[12,-95,[0,"148DVrtF5Bo4voD6V+FNYc"],[4,4278480822]]],[1,"076WM5Q6pD9K6mQ8I0vsJl",null,null,null,1,0],[1,-4,-62,0]],[3,"label_gold",3,[[2,-96,[0,"4cOXHjU8hBeq3jlbhmYCb4"],[5,58.47,54.4]],[11,"30M",28,28,true,-97,[0,"9eEhNlnx5BxYi28ZWUbv8z"]],[12,-98,[0,"b8HwBBl+VD6qXmUf3K73A0"],[4,4278480822]]],[1,"fdhfSTlaVHV66kzTBolcG+",null,null,null,1,0],[1,-4,-62,0]],[3,"label_gold",4,[[2,-99,[0,"bayKtkA9pNPagvebZuD/T6"],[5,58.47,54.4]],[11,"30M",28,28,true,-100,[0,"a8LruqDspAaaBgtTdGAZ0R"]],[12,-101,[0,"e9n7CEsqtHILS4CPkvgQdY"],[4,4278480822]]],[1,"f95Zda3yhLXpvjNMRZnaKa",null,null,null,1,0],[1,-4,-62,0]],[3,"label_gold",5,[[2,-102,[0,"dc6xU/07hAYZ6V1hbcxURw"],[5,58.47,54.4]],[11,"30M",28,28,true,-103,[0,"cc7HQKS6NORoohBwDSXsHZ"]],[12,-104,[0,"10ZBSMwr1HLIFNTfU3AsOF"],[4,4278480822]]],[1,"10hUu1jMNCoJ/eGOr4FD0r",null,null,null,1,0],[1,-4,-62,0]],[3,"label_gold",6,[[2,-105,[0,"f5VV6tZ+9OnYDLM6RxuhkQ"],[5,58.47,54.4]],[11,"30M",28,28,true,-106,[0,"90yqZ256JPwIKdw2oe+lIb"]],[12,-107,[0,"f5IIN25gxP1aTnxrt4/OiM"],[4,4278480822]]],[1,"29CZ/JgPlLwbzhTymUvkL/",null,null,null,1,0],[1,-4,-62,0]],[3,"label_gold",7,[[2,-108,[0,"f8ejrZZ1FAAqf/C/ecyLTc"],[5,58.47,54.4]],[11,"30M",28,28,true,-109,[0,"6bvhLKFOlFvpWmUIDbtnAk"]],[12,-110,[0,"ba5/nXSVVHobYve6OlDq0l"],[4,4278480822]]],[1,"cfXpglwttCU5yNJGNitGUN",null,null,null,1,0],[1,-4,-62,0]],[3,"label_gold",8,[[2,-111,[0,"c1UR8K+2xOsbdWNCVnX5QM"],[5,58.47,54.4]],[11,"30M",28,28,true,-112,[0,"d3c96pf0RGOLGe4mmB1lWr"]],[12,-113,[0,"c2mUWOaPlNa56Yk0Y3TRFx"],[4,4278480822]]],[1,"c2uXx0W1VK9LwpwFDn5sTG",null,null,null,1,0],[1,-4,-62,0]],[3,"label_gold",9,[[2,-114,[0,"bbjJqdHh1NyKIt5QrRa9pw"],[5,58.47,54.4]],[11,"30M",28,28,true,-115,[0,"3aJK5N7BdAEJH4KacALgb0"]],[12,-116,[0,"16PWECqppFTaTRXD3sC8PY"],[4,4278480822]]],[1,"eevkzxOvhNs5M7bIPlGvyL",null,null,null,1,0],[1,-4,-62,0]],[3,"props_vip_level",10,[[2,-117,[0,"d1pZOFR9pO26yoVVUoeGsA"],[5,60,21]],[4,2,-118,[0,"6fmjYG+p5PWq4M7OrovNqJ"],0,1]],[1,"4evKI+tONGaYVlDOAxtNaB",null,null,null,1,0],[1,68,-70,0]],[3,"props_vip_num",10,[[2,-119,[0,"c8unTxdxxO46pOKUCJFotT"],[5,27.0511312283978,50.4]],[22,"+0",20,20,true,true,-120,[0,"254mWRuolJ/5o3RM2h9s6I"],[4,4283817471]]],[1,"6eml4HzGZN358EqMzAzGqm",null,null,null,1,0],[1,68,-100,0]],[3,"spr_signIn_bg",1,[[2,-121,[0,"24oaXxa6xGZKrIwEMpIZuK"],[5,770,730]],[20,0,-122,[0,"15RQKW0qxFl5Ug8GQxHjNE"],5]],[1,"d1V3z6mnZKiYHn4wiqlf7e",null,null,null,1,0],[1,0,6,0]],[5,"qiandao_dailingqu",2,[[2,-123,[0,"6deTAXVPtC4YujCNAzb3Yv"],[5,143,143]],[13,0,false,"default","animation",-124,[0,"eckl4rGLRIk66Z3/LopF7E"],6]],[1,"0bWYq5AQFPh5T3wD7LDR1O",null,null,null,1,0]],[5,"spr_gold",2,[[2,-125,[0,"d23FZZmFFP0LOF3JhG9YdE"],[5,127,71]],[6,-126,[0,"52T4X+TRRDcbZG2ie3Zgms"],7,8]],[1,"73Dnjmz8VOA54CnwdewwXm",null,null,null,1,0]],[3,"spr_already",2,[[2,-127,[0,"c23t12szNEg7qk4fyUVwT3"],[5,87,15]],[4,0,-128,[0,"f40huRiXRDB6N2YpArYYx6"],9,10]],[1,"acQjeaPfhIfY6oHFvu2MsA",null,null,null,1,0],[1,0,-62,0]],[3,"spr_unclaimed",2,[[2,-129,[0,"9drriXW25MwowBgwCacq1R"],[5,116,20]],[4,0,-130,[0,"adGlf6WR5EgqiFTrw19onl"],11,12]],[1,"edvCq/kCFHkKRSR8YcwqIF",null,null,null,1,0],[1,0,-62,0]],[5,"qiandao_dailingqu",3,[[2,-131,[0,"c7IMV62Z1L5Yf9jWGIZONy"],[5,143,143]],[13,0,false,"default","animation",-132,[0,"75Jc0CX4BDq5iq84l9A8+f"],15]],[1,"22c9RifUpP3a2QF1CdK84f",null,null,null,1,0]],[5,"spr_gold",3,[[2,-133,[0,"efFcUCjqpFkqsOIs9fyAAf"],[5,127,71]],[6,-134,[0,"85pYbU/eZDaYyAyS2rFwX3"],16,17]],[1,"d1Yv/nnI5NgYOihHY9f2Jr",null,null,null,1,0]],[3,"spr_already",3,[[2,-135,[0,"8bl+1O+bVH5ZgnXkEXMPg9"],[5,87,15]],[4,0,-136,[0,"a55kykwqJDEbr65i1AzgYW"],18,19]],[1,"eeNpqf/DJPZL+XJruGyWj7",null,null,null,1,0],[1,0,-62,0]],[3,"spr_unclaimed",3,[[2,-137,[0,"cfwiTuDohDjpsPFIaGBPeq"],[5,116,20]],[4,0,-138,[0,"67YWZ9dDpHZ6OvLv6yt/vG"],20,21]],[1,"1cWCmKTPpP8qNHQWMIHAj8",null,null,null,1,0],[1,0,-62,0]],[5,"qiandao_dailingqu",4,[[2,-139,[0,"23WaJ4ugpKZqTzJI3ia9AO"],[5,143,143]],[13,0,false,"default","animation",-140,[0,"f0ssxFGa1NPaj1gVeCUqcq"],24]],[1,"4aniPARqxD547C7VTLP+wx",null,null,null,1,0]],[5,"spr_gold",4,[[2,-141,[0,"6edmhrzo1Dxb+IFVDqc9ut"],[5,127,72]],[6,-142,[0,"f3W23x2XxIdoWQ2SeH0qKG"],25,26]],[1,"72jjGR5+tKZY7qDQmub/pA",null,null,null,1,0]],[3,"spr_already",4,[[2,-143,[0,"47Mg0GDpdDtpdZcvy6GP5s"],[5,87,15]],[4,0,-144,[0,"ddVabVh5NDGqzGIXJ35zJD"],27,28]],[1,"378t7NZ4hCtbYXKCStl4Do",null,null,null,1,0],[1,0,-62,0]],[3,"spr_unclaimed",4,[[2,-145,[0,"029i16+hNNYILSjRMHWEws"],[5,116,20]],[4,0,-146,[0,"8ausg+uoRLgbravUC25IxQ"],29,30]],[1,"0fqpxt6zJKjJgbDLknl8h3",null,null,null,1,0],[1,0,-62,0]],[5,"qiandao_dailingqu",5,[[2,-147,[0,"88zuHpLchB7LpXA4SEENNN"],[5,143,143]],[13,0,false,"default","animation",-148,[0,"c2WrJGHFhK9KqK7uN1iizc"],33]],[1,"111qD1HB1K/o89vspVhpn1",null,null,null,1,0]],[5,"spr_gold",5,[[2,-149,[0,"3eXr0U4tVDKIFIzXBXdgfr"],[5,127,72]],[6,-150,[0,"03CrOqHJJI7YqhPSTZWSus"],34,35]],[1,"aeH//59zZFMof5haEqjJlX",null,null,null,1,0]],[3,"spr_already",5,[[2,-151,[0,"9e+KoPrhBGsZJiCMR1T/PD"],[5,87,15]],[4,0,-152,[0,"353hAKVX9K34xMIukRQeCP"],36,37]],[1,"f0/4/55gBMTIqGGvAo15tC",null,null,null,1,0],[1,0,-62,0]],[3,"spr_unclaimed",5,[[2,-153,[0,"bcqVf0sG5Jy44UUJHBM/hO"],[5,116,20]],[4,0,-154,[0,"1fZ2SZAglJ/aI0ooaV/Z6B"],38,39]],[1,"82CzjRq9tLwreccvL0r+wG",null,null,null,1,0],[1,0,-62,0]],[5,"qiandao_dailingqu",6,[[2,-155,[0,"8duVnMpKRC7Yqg6OGZZ/6x"],[5,143,143]],[13,0,false,"default","animation",-156,[0,"58yekuVB5OPb6GJRMjewGr"],42]],[1,"f6gmP9sP9Pf7oJjp6wGgPx",null,null,null,1,0]],[5,"spr_gold",6,[[2,-157,[0,"f7Wgn+0s1GlrkYXIVJ9Cww"],[5,127,78]],[6,-158,[0,"5aMp3Rw4JMlqkyxJVLfXBu"],43,44]],[1,"8cOdB4ELJLbrN4MoQaeH3M",null,null,null,1,0]],[3,"spr_already",6,[[2,-159,[0,"37hB8yRdlCwpa+SSw18yMm"],[5,87,15]],[4,0,-160,[0,"67IFV7YkVG9aRKIbZGuVNP"],45,46]],[1,"1fntIBHdBLEZjIYT2VPQK7",null,null,null,1,0],[1,0,-62,0]],[3,"spr_unclaimed",6,[[2,-161,[0,"76qef1zxhIrrc/lnKL631r"],[5,116,20]],[4,0,-162,[0,"b8s0u/AutLBLPMZC09ZTxV"],47,48]],[1,"aeSd8WANRGp6vvdshZhGB5",null,null,null,1,0],[1,0,-62,0]],[5,"qiandao_dailingqu",7,[[2,-163,[0,"e44OsnZw9AkK6ZF7DG0acP"],[5,143,143]],[13,0,false,"default","animation",-164,[0,"afuXdq8S5JJbEXOOd6P2md"],51]],[1,"deAhmOsBFOC7xpPKK0CJJA",null,null,null,1,0]],[5,"spr_gold",7,[[2,-165,[0,"84kDmH6pZH0qEXAFwXJIgP"],[5,127,82]],[6,-166,[0,"e6DAL/88pPUIyupRn6hkg9"],52,53]],[1,"d8HEEreVpO0KLI9ErD5WRQ",null,null,null,1,0]],[3,"spr_already",7,[[2,-167,[0,"a4N64pIr1AP5rMjoppLDBG"],[5,87,15]],[4,0,-168,[0,"80Rb/2zAhL9qypTaDIk+ll"],54,55]],[1,"ee0j56RBRDmI4Wct9u2uB8",null,null,null,1,0],[1,0,-62,0]],[3,"spr_unclaimed",7,[[2,-169,[0,"9cCER81dVCs6x8YsFqilpD"],[5,116,20]],[4,0,-170,[0,"a37efSdI1GToU+A71zx9sg"],56,57]],[1,"eesrdbSfpJ96o5gVn55KWI",null,null,null,1,0],[1,0,-62,0]],[5,"qiandao_dailingqu",8,[[2,-171,[0,"05iF8ccEpFfpMLRCT4uTZk"],[5,143,143]],[13,0,false,"default","animation",-172,[0,"deAwPJfFJArqE7m60VZRtq"],60]],[1,"9f/RxAV0dADY67dPUwsKyH",null,null,null,1,0]],[5,"spr_gold",8,[[2,-173,[0,"1bE03kLoBJO6t7XAufjc3X"],[5,127,81]],[6,-174,[0,"96YB3Z3q9PdpWFFAa4DSqY"],61,62]],[1,"6bfOk4bz1LgaLQiQcEn6h4",null,null,null,1,0]],[3,"spr_already",8,[[2,-175,[0,"47pkJWlphK9r181WIFKP6g"],[5,87,15]],[4,0,-176,[0,"b2N8mqlqhOgI/CDo1AhKkW"],63,64]],[1,"8aWXkIJbtMtYDNJn918tfp",null,null,null,1,0],[1,0,-62,0]],[3,"spr_unclaimed",8,[[2,-177,[0,"eclmj2OstLLqJshSr7h3zn"],[5,116,20]],[4,0,-178,[0,"451F5EqZ9D+oHMvKVVADiE"],65,66]],[1,"9aeGcIj0hLC63P4/67ll1Y",null,null,null,1,0],[1,0,-62,0]],[5,"qiandao_dailingqu",9,[[2,-179,[0,"5dfotuQtJHpLxd2rGcBi7C"],[5,143,143]],[13,0,false,"default","animation",-180,[0,"5cn8O8RWBBJb7Z/kBYcoUQ"],69]],[1,"d6JDjTxElCspTlfcPclc8m",null,null,null,1,0]],[5,"spr_gold",9,[[2,-181,[0,"fba4ECl2BOUZnIGb0twEZW"],[5,127,84]],[6,-182,[0,"37TPrhbHZOaK5Of0nH3NkR"],70,71]],[1,"87/PbC6sRPNbCxIrUe96DI",null,null,null,1,0]],[3,"spr_already",9,[[2,-183,[0,"9bZ3Z4OBdB3Zc7FC844t7s"],[5,87,15]],[4,0,-184,[0,"47eZAq7XBPSqVM5ifnX8Kb"],72,73]],[1,"ee/YXn9SlChJvGviJjh8P1",null,null,null,1,0],[1,0,-62,0]],[3,"spr_unclaimed",9,[[2,-185,[0,"6f8Uqva0VJD4PWznY0UwEY"],[5,116,20]],[4,0,-186,[0,"aa06hubDJIboNYVjFyCQoV"],74,75]],[1,"fbftm9TWFGsroXbn/MhzJc",null,null,null,1,0],[1,0,-62,0]],[3,"props_btn_unMenerima",1,[[2,-187,[0,"65BV2E1GxAwLPt+DDLoo67"],[5,300,87]],[6,-188,[0,"6eOx9mCkRCIJqh350TNeMs"],81,82]],[1,"02HXsc04tDl6DnA601FV0Y",null,null,null,1,0],[1,0,-260,0]]],0,[0,8,1,0,0,1,0,-1,10,0,-2,23,0,-3,2,0,-4,3,0,-5,4,0,-6,5,0,-7,6,0,-8,7,0,-9,8,0,-10,9,0,-11,11,0,-12,56,0,-13,12,0,0,2,0,0,2,0,0,2,0,-1,24,0,-2,25,0,-3,13,0,-4,26,0,-5,27,0,0,3,0,0,3,0,0,3,0,-1,28,0,-2,29,0,-3,14,0,-4,30,0,-5,31,0,0,4,0,0,4,0,0,4,0,-1,32,0,-2,33,0,-3,15,0,-4,34,0,-5,35,0,0,5,0,0,5,0,0,5,0,-1,36,0,-2,37,0,-3,16,0,-4,38,0,-5,39,0,0,6,0,0,6,0,0,6,0,-1,40,0,-2,41,0,-3,17,0,-4,42,0,-5,43,0,0,7,0,0,7,0,0,7,0,-1,44,0,-2,45,0,-3,18,0,-4,46,0,-5,47,0,0,8,0,0,8,0,0,8,0,-1,48,0,-2,49,0,-3,19,0,-4,50,0,-5,51,0,0,9,0,0,9,0,0,9,0,-1,52,0,-2,53,0,-3,20,0,-4,54,0,-5,55,0,0,10,0,0,10,0,0,10,0,-1,21,0,-2,22,0,0,11,0,0,11,0,7,11,0,0,11,0,0,12,0,0,12,0,7,12,0,0,12,0,0,13,0,0,13,0,0,13,0,0,14,0,0,14,0,0,14,0,0,15,0,0,15,0,0,15,0,0,16,0,0,16,0,0,16,0,0,17,0,0,17,0,0,17,0,0,18,0,0,18,0,0,18,0,0,19,0,0,19,0,0,19,0,0,20,0,0,20,0,0,20,0,0,21,0,0,21,0,0,22,0,0,22,0,0,23,0,0,23,0,0,24,0,0,24,0,0,25,0,0,25,0,0,26,0,0,26,0,0,27,0,0,27,0,0,28,0,0,28,0,0,29,0,0,29,0,0,30,0,0,30,0,0,31,0,0,31,0,0,32,0,0,32,0,0,33,0,0,33,0,0,34,0,0,34,0,0,35,0,0,35,0,0,36,0,0,36,0,0,37,0,0,37,0,0,38,0,0,38,0,0,39,0,0,39,0,0,40,0,0,40,0,0,41,0,0,41,0,0,42,0,0,42,0,0,43,0,0,43,0,0,44,0,0,44,0,0,45,0,0,45,0,0,46,0,0,46,0,0,47,0,0,47,0,0,48,0,0,48,0,0,49,0,0,49,0,0,50,0,0,50,0,0,51,0,0,51,0,0,52,0,0,52,0,0,53,0,0,53,0,0,54,0,0,54,0,0,55,0,0,55,0,0,56,0,0,56,0,9,1,188],[0,0,0,0,0,0,0,0,0,0,0,0,0,0,0,0,0,0,0,0,0,0,0,0,0,0,0,0,0,0,0,0,0,0,0,0,0,0,0,0,0,0,0,0,0,0,0,0,0,0,0,0,0,0,0,0,0,0,0,0,0,0,0,0,0,0,0,0,0,0,0,0,0,0,0,0,0,0,0,0,0,0,0,0,0,0],[1,2,1,2,6,1,3,1,2,1,2,1,2,-1,4,3,1,2,1,2,1,2,-1,4,3,1,2,1,2,1,2,-1,4,3,1,2,1,2,1,2,-1,4,3,1,2,1,2,1,2,-1,4,3,1,2,1,2,1,2,-1,4,3,1,2,1,2,1,2,-1,4,3,1,2,1,2,1,2,-1,4,1,2,6,1,2,1,2,6],[22,23,4,5,4,24,1,6,0,2,0,3,0,7,7,1,6,0,2,0,3,0,8,8,1,9,0,2,0,3,0,10,10,1,9,0,2,0,3,0,11,11,1,25,0,2,0,3,0,12,12,1,26,0,2,0,3,0,13,13,1,27,0,2,0,3,0,14,14,1,28,0,2,0,3,0,15,15,16,5,16,29,0,17,30,17]],[[{"name":"auto_gold","spriteFrames":[]}],[3],0,[],[],[]],[[{"name":"word_signIn_diurungkan","rect":{"x":0,"y":0,"width":94,"height":16},"offset":{"x":0,"y":0},"originalSize":{"width":94,"height":16},"rotated":false,"capInsets":[0,0,0,0],"vertices":{"rawPosition":[-47,-8,0,47,-8,0,-47,8,0,47,8,0],"indexes":[0,1,2,2,1,3],"uv":[0,16,94,16,0,0,94,0],"nuv":[0,0,1,0,0,1,1,1],"minPos":{"x":-47,"y":-8,"z":0},"maxPos":{"x":47,"y":8,"z":0}},"packable":true,"pixelsToUnit":100,"pivot":{"x":0.5,"y":0.5},"meshType":0}],[0],0,[0],[5],[31]],[[{"name":"auto_vip","spriteFrames":["b_VIP17","0fU3bkR1ROc5i1eks85iWB@f9941","b_VIP25","10bPHNzMVMv6Fqsv0ABuSm@f9941","VIP10","09goxYmEBGeZ9E3jEG/DgB@f9941","VIP0","47KmA44ctAaIJnPYuc+i3g@f9941","b_VIP16","16339oU6tHg5K6nH9oOeY2@f9941","b_VIP10","2eMawkd+BAuaJTOerixHlF@f9941","b_VIP18","39EiuO2UxNMYClppgBax1+@f9941","b_VIP15","61KTUJdppBU4DIbXn2dxqC@f9941","b_VIP19","67Pc+JzahPKrkSC0OUJjsk@f9941","b_VIP23","91p03+zJhIh6bbiFmksLYY@f9941","b_VIP20","a4mSmUrAhALqptumTSZNNr@f9941","VIP3","75mBQQ9cpJLpFKwhemnJK7@f9941","b_VIP13","e6HzYdUYJLB7Z5hJKqAJH6@f9941","b_VIP12","330NdTw15Iu7mCMVmWWjlr@f9941","b_VIP22","e6r9jZZWxJoJy1vkAkzU8V@f9941","b_VIP24","4czd5gwl5O77at2ODYHbQm@f9941","VIP8","98MHxJQGJGioJVNJ/iiGxL@f9941","VIP5","b1cxaL9z5ClbWb/5fKMfNY@f9941","b_VIP3","1co/WZrGFFeKVWVuae/Poi@f9941","b_VIP14","724OXKhzBCX5lBd/d3gP2s@f9941","b_VIP11","b90O8FJIpEEpeDnaUsR5BX@f9941","b_VIP21","f11VIl6aFB9JyNog+l4vVP@f9941","VIP15","98S1kXkoFAY6+iJXUo2wrV@f9941","b_VIP0","3en3BvYrZEWIDgX1hBEHCB@f9941","VIP17","b1kdUMniZGRL0xoNGEC40N@f9941","VIP24","b6mpgaElZFMYEOjXrrDGqj@f9941","VIP22","f5FDgx0mFHSbV5gM/EoGEt@f9941","VIP7","66G+P0t4ZNUrHaxuGqOJD5@f9941","VIP12","46HAcCPOhAy7Ts1hfSDeVc@f9941","VIP9","b3meWfhjJANp9JR+RpzWx0@f9941","VIP14","a4AUBzjydDcaC5xMO7wVDW@f9941","VIP6","eafYRmHFRBKoPsheqTavh1@f9941","VIP13","bddF0ZSy1MkINVhFJFMvzs@f9941","VIP2","d1r9I1NudNCL4DrZlE3DYQ@f9941","VIP21","2247qbkcpA1LkQwA0Kg2sc@f9941","b_VIP1","a1fhFbeMpLL48MH9ShcT8m@f9941","VIP19","7dOPghCJRIuJ0MAjGME6k8@f9941","VIP4","97L71xauJNspUlyHZYu80d@f9941","VIP16","92H4x24ONGOKZa1EXcXUwZ@f9941","VIP1","74QNuO01BGb57HYxgiDqgg@f9941","VIP20","94ydoZietOj7fMymIzQlcX@f9941","b_VIP5","5aZZH2KGpE37CzAcBTh0iM@f9941","VIP23","a0U1SLIoFAEKFw1kTVvNMC@f9941","VIP25","abJeCsgotNupXmK6n8U0iu@f9941","VIP11","cbpCy0XtxEH6H8aScKJ969@f9941","b_VIP6","7353CbBfFJVot/J0Jhb7R+@f9941","VIP18","fdUTzUF6xBwrgBIm0j0eMr@f9941","b_VIP9","8berpXqJlOqJiXFoROuMCl@f9941","b_VIP8","b3kGqVY+RNvoll1WiLF+vv@f9941","b_VIP2","b9g91CLKRLwK5i0LjeST1Y@f9941","b_VIP7","3170vwTIJHCK218reuj0dv@f9941","b_VIP4","0eO0yRr/FBzqLvk7aotfiC@f9941"]}],[3],0,[],[],[]],[[[23,"qiandao_dailingqu","\r\nqiandao_dailingqu.png\r\nsize: 256,256\r\nformat: RGBA8888\r\nfilter: Linear,Linear\r\nrepeat: none\r\n图层 67\r\n  rotate: false\r\n  xy: 2, 2\r\n  size: 143, 143\r\n  orig: 143, 143\r\n  offset: 0, 0\r\n  index: -1\r\n",["qiandao_dailingqu.png"],{"skeleton":{"hash":"XKpq/AEX9KyJSgb1O1dU0wg9YfI","spine":"3.8.99","x":-71,"y":-71,"width":143,"height":143,"images":"E:/新版UI/平台/大厅new/动画/源文件/签到待领取","audio":""},"bones":[{"name":"root"}],"slots":[{"name":"图层 67","bone":"root","attachment":"图层 67","blend":"screen"}],"skins":[{"name":"default","attachments":{"图层 67":{"图层 67":{"x":0.5,"y":0.5,"width":143,"height":143}}}}],"animations":{"animation":{"bones":{"root":{"rotate":[{},{"time":1,"angle":180},{"time":2}]}}}}},[0]]],0,0,[0],[-1],[32]],[[{"name":"VIPjiangli","rect":{"x":0,"y":0,"width":133,"height":141},"offset":{"x":0,"y":12},"originalSize":{"width":133,"height":165},"rotated":false,"capInsets":[0,0,0,0],"vertices":{"rawPosition":[-66.5,-70.5,0,66.5,-70.5,0,-66.5,70.5,0,66.5,70.5,0],"indexes":[0,1,2,2,1,3],"uv":[0,165,133,165,0,24,133,24],"nuv":[0,0.14545454545454545,1,0.14545454545454545,0,1,1,1],"minPos":{"x":-66.5,"y":-70.5,"z":0},"maxPos":{"x":66.5,"y":70.5,"z":0}},"packable":true,"pixelsToUnit":100,"pivot":{"x":0.5,"y":0.5},"meshType":0}],[0],0,[0],[5],[33]]]]
