[1,["12790d445@6c48a"],["_textureSource"],["cc.SpriteFrame","cc.SpriteAtlas"],0,[[[{"name":"btn_dt_dl_gonggao","rect":{"x":65,"y":422,"width":150,"height":78},"offset":{"x":0,"y":0},"originalSize":{"width":150,"height":78},"rotated":false,"capInsets":[0,0,0,0],"packable":true,"pixelsToUnit":100,"pivot":{"x":0.5,"y":0.5},"meshType":0}],[0],0,[0],[0],[0]],[[{"name":"btn_login_melayani","rect":{"x":86,"y":310,"width":100,"height":74},"offset":{"x":0,"y":0},"originalSize":{"width":100,"height":74},"rotated":true,"capInsets":[0,0,0,0],"packable":true,"pixelsToUnit":100,"pivot":{"x":0.5,"y":0.5},"meshType":0}],[0],0,[0],[0],[0]],[[{"name":"input_login","rect":{"x":164,"y":309,"width":106,"height":58},"offset":{"x":0,"y":0},"originalSize":{"width":106,"height":58},"rotated":true,"capInsets":[17,14,16,14],"packable":true,"pixelsToUnit":100,"pivot":{"x":0.5,"y":0.5},"meshType":0}],[0],0,[0],[0],[0]],[[{"name":"btn_dt_dl_kefu","rect":{"x":147,"y":703,"width":65,"height":74},"offset":{"x":-0.5,"y":0},"originalSize":{"width":66,"height":74},"rotated":true,"capInsets":[0,0,0,0],"packable":true,"pixelsToUnit":100,"pivot":{"x":0.5,"y":0.5},"meshType":0}],[0],0,[0],[0],[0]],[[{"name":"zi_denglu_yanzhengma","rect":{"x":65,"y":504,"width":123,"height":53},"offset":{"x":0,"y":0},"originalSize":{"width":123,"height":53},"rotated":false,"capInsets":[0,0,0,0],"packable":true,"pixelsToUnit":100,"pivot":{"x":0.5,"y":0.5},"meshType":0}],[0],0,[0],[0],[0]],[[{"name":"panel_login_k","rect":{"x":2,"y":422,"width":390,"height":59},"offset":{"x":0,"y":0},"originalSize":{"width":390,"height":59},"rotated":true,"capInsets":[0,0,0,0],"packable":true,"pixelsToUnit":100,"pivot":{"x":0.5,"y":0.5},"meshType":0}],[0],0,[0],[0],[0]],[[{"name":"btn_login_tamu","rect":{"x":2,"y":2,"width":416,"height":80},"offset":{"x":0,"y":0},"originalSize":{"width":418,"height":82},"rotated":true,"capInsets":[0,0,0,0],"packable":true,"pixelsToUnit":100,"pivot":{"x":0.5,"y":0.5},"meshType":0}],[0],0,[0],[0],[0]],[[{"name":"MencobaLagi","rect":{"x":86,"y":2,"width":186,"height":44},"offset":{"x":0,"y":0},"originalSize":{"width":186,"height":44},"rotated":true,"capInsets":[0,0,0,0],"packable":true,"pixelsToUnit":100,"pivot":{"x":0.5,"y":0.5},"meshType":0}],[0],0,[0],[0],[0]],[[{"name":"yanzhengmabox","rect":{"x":86,"y":192,"width":114,"height":44},"offset":{"x":0,"y":0},"originalSize":{"width":114,"height":44},"rotated":true,"capInsets":[0,0,0,0],"packable":true,"pixelsToUnit":100,"pivot":{"x":0.5,"y":0.5},"meshType":0}],[0],0,[0],[0],[0]],[[{"name":"btn_wangjimima ","rect":{"x":192,"y":504,"width":112,"height":55},"offset":{"x":0,"y":0},"originalSize":{"width":112,"height":55},"rotated":true,"capInsets":[0,0,0,0],"packable":true,"pixelsToUnit":100,"pivot":{"x":0.5,"y":0.5},"meshType":0}],[0],0,[0],[0],[0]],[[{"name":"btn_login_service","rect":{"x":65,"y":679,"width":78,"height":74},"offset":{"x":0,"y":0},"originalSize":{"width":78,"height":74},"rotated":false,"capInsets":[0,0,0,0],"packable":true,"pixelsToUnit":100,"pivot":{"x":0.5,"y":0.5},"meshType":0}],[0],0,[0],[0],[0]],[[{"name":"btn_login_setpassword","rect":{"x":65,"y":561,"width":112,"height":55},"offset":{"x":0,"y":0},"originalSize":{"width":112,"height":55},"rotated":false,"capInsets":[0,0,0,0],"packable":true,"pixelsToUnit":100,"pivot":{"x":0.5,"y":0.5},"meshType":0}],[0],0,[0],[0],[0]],[[{"name":"zi_denglu_querenmima","rect":{"x":134,"y":110,"width":143,"height":53},"offset":{"x":0,"y":0},"originalSize":{"width":143,"height":53},"rotated":true,"capInsets":[0,0,0,0],"packable":true,"pixelsToUnit":100,"pivot":{"x":0.5,"y":0.5},"meshType":0}],[0],0,[0],[0],[0]],[[{"name":"btn_dt_dl_xuanzhong","rect":{"x":219,"y":2,"width":32,"height":32},"offset":{"x":0,"y":0},"originalSize":{"width":32,"height":32},"rotated":false,"capInsets":[0,0,0,0],"packable":true,"pixelsToUnit":100,"pivot":{"x":0.5,"y":0.5},"meshType":0}],[0],0,[0],[0],[0]],[[{"name":"bg_dt_yanzhengmabox","rect":{"x":191,"y":110,"width":120,"height":56},"offset":{"x":0,"y":0},"originalSize":{"width":120,"height":56},"rotated":true,"capInsets":[0,0,0,0],"packable":true,"pixelsToUnit":100,"pivot":{"x":0.5,"y":0.5},"meshType":0}],[0],0,[0],[0],[0]],[[{"name":"lgoin_close","rect":{"x":134,"y":2,"width":104,"height":79},"offset":{"x":1,"y":0},"originalSize":{"width":106,"height":79},"rotated":true,"capInsets":[0,0,0,0],"packable":true,"pixelsToUnit":100,"pivot":{"x":0.5,"y":0.5},"meshType":0}],[0],0,[0],[0],[0]],[[{"name":"btn_off","rect":{"x":133,"y":772,"width":62,"height":62},"offset":{"x":0,"y":0},"originalSize":{"width":62,"height":62},"rotated":false,"capInsets":[0,0,0,0],"packable":true,"pixelsToUnit":100,"pivot":{"x":0.5,"y":0.5},"meshType":0}],[0],0,[0],[0],[0]],[[{"name":"bin_dt_dl_weixuan","rect":{"x":219,"y":38,"width":32,"height":32},"offset":{"x":0,"y":0},"originalSize":{"width":32,"height":32},"rotated":false,"capInsets":[0,0,0,0],"packable":true,"pixelsToUnit":100,"pivot":{"x":0.5,"y":0.5},"meshType":0}],[0],0,[0],[0],[0]],[[{"name":"auto_login","spriteFrames":[]}],[1],0,[],[],[]],[[{"name":"btn_login_send","rect":{"x":65,"y":620,"width":112,"height":55},"offset":{"x":0,"y":0},"originalSize":{"width":112,"height":55},"rotated":false,"capInsets":[0,0,0,0],"packable":true,"pixelsToUnit":100,"pivot":{"x":0.5,"y":0.5},"meshType":0}],[0],0,[0],[0],[0]],[[{"name":"btn_login_situs","rect":{"x":65,"y":757,"width":64,"height":74},"offset":{"x":0,"y":0},"originalSize":{"width":66,"height":74},"rotated":false,"capInsets":[0,0,0,0],"packable":true,"pixelsToUnit":100,"pivot":{"x":0.5,"y":0.5},"meshType":0}],[0],0,[0],[0],[0]],[[{"name":"btn_login_common","rect":{"x":134,"y":257,"width":106,"height":48},"offset":{"x":0,"y":-1},"originalSize":{"width":106,"height":50},"rotated":false,"capInsets":[0,0,0,0],"packable":true,"pixelsToUnit":100,"pivot":{"x":0.5,"y":0.5},"meshType":0}],[0],0,[0],[0],[0]],[[{"name":"btn_dt_off","rect":{"x":181,"y":620,"width":61,"height":79},"offset":{"x":0,"y":0},"originalSize":{"width":61,"height":79},"rotated":false,"capInsets":[0,0,0,0],"packable":true,"pixelsToUnit":100,"pivot":{"x":0.5,"y":0.5},"meshType":0}],[0],0,[0],[0],[0]]]]
