[1,["1912ee3eb@6c48a"],["_textureSource"],["cc.SpriteFrame","cc.SpriteAtlas"],0,[[[{"name":"auto_activity","spriteFrames":[]}],[1],0,[],[],[]],[[{"name":"zhaunpan_xiangqing-tankuang","rect":{"x":3,"y":3,"width":660,"height":543},"offset":{"x":0,"y":0},"originalSize":{"width":660,"height":543},"rotated":false,"capInsets":[0,0,0,0],"packable":true,"pixelsToUnit":100,"pivot":{"x":0.5,"y":0.5},"meshType":0}],[0],0,[0],[0],[0]],[[{"name":"btn_aktivitas_1","rect":{"x":669,"y":360,"width":225,"height":84},"offset":{"x":0,"y":0},"originalSize":{"width":225,"height":84},"rotated":false,"capInsets":[0,0,0,0],"packable":true,"pixelsToUnit":100,"pivot":{"x":0.5,"y":0.5},"meshType":0}],[0],0,[0],[0],[0]],[[{"name":"img_turn_win_light","rect":{"x":3,"y":552,"width":468,"height":495},"offset":{"x":0,"y":2.5},"originalSize":{"width":600,"height":600},"rotated":true,"capInsets":[0,0,0,0],"packable":true,"pixelsToUnit":100,"pivot":{"x":0.5,"y":0.5},"meshType":0}],[0],0,[0],[0],[0]],[[{"name":"zhuanpandilan","rect":{"x":504,"y":552,"width":351,"height":481},"offset":{"x":0,"y":0},"originalSize":{"width":351,"height":481},"rotated":true,"capInsets":[0,0,0,0],"packable":true,"pixelsToUnit":100,"pivot":{"x":0.5,"y":0.5},"meshType":0}],[0],0,[0],[0],[0]],[[{"name":"btn_aktivitas_2","rect":{"x":669,"y":450,"width":225,"height":84},"offset":{"x":0,"y":0},"originalSize":{"width":225,"height":84},"rotated":false,"capInsets":[0,0,0,0],"packable":true,"pixelsToUnit":100,"pivot":{"x":0.5,"y":0.5},"meshType":0}],[0],0,[0],[0],[0]],[[{"name":"zhuanpandi_BIG","rect":{"x":669,"y":3,"width":351,"height":350},"offset":{"x":0,"y":0},"originalSize":{"width":351,"height":350},"rotated":true,"capInsets":[0,0,0,0],"packable":true,"pixelsToUnit":100,"pivot":{"x":0.5,"y":0.5},"meshType":0}],[0],0,[0],[0],[0]]]]
