[1,["13660e48f@6c48a"],["_textureSource"],["cc.SpriteFrame","cc.SpriteAtlas"],0,[[[{"name":"btn_share_help","rect":{"x":690,"y":712,"width":26,"height":26},"offset":{"x":0,"y":0},"originalSize":{"width":26,"height":26},"rotated":false,"capInsets":[0,0,0,0],"packable":true,"pixelsToUnit":100,"pivot":{"x":0.5,"y":0.5},"meshType":0}],[0],0,[0],[0],[0]],[[{"name":"icon_dt_xinxi_yonghu_down","rect":{"x":785,"y":599,"width":32,"height":38},"offset":{"x":0,"y":0.5},"originalSize":{"width":32,"height":39},"rotated":true,"capInsets":[0,0,0,0],"packable":true,"pixelsToUnit":100,"pivot":{"x":0.5,"y":0.5},"meshType":0}],[0],0,[0],[0],[0]],[[{"name":"wore_share_saham","rect":{"x":359,"y":786,"width":67,"height":16},"offset":{"x":0,"y":0},"originalSize":{"width":67,"height":16},"rotated":false,"capInsets":[0,0,0,0],"packable":true,"pixelsToUnit":100,"pivot":{"x":0.5,"y":0.5},"meshType":0}],[0],0,[0],[0],[0]],[[{"name":"zi_xiugaimima","rect":{"x":76,"y":501,"width":136,"height":41},"offset":{"x":0,"y":0},"originalSize":{"width":136,"height":41},"rotated":false,"capInsets":[0,0,0,0],"packable":true,"pixelsToUnit":100,"pivot":{"x":0.5,"y":0.5},"meshType":0}],[0],0,[0],[0],[0]],[[{"name":"input_person_bg1","rect":{"x":543,"y":649,"width":94,"height":72},"offset":{"x":0,"y":0},"originalSize":{"width":94,"height":72},"rotated":true,"capInsets":[13,18,18,13],"packable":true,"pixelsToUnit":100,"pivot":{"x":0.5,"y":0.5},"meshType":0}],[0],0,[0],[0],[0]],[[{"name":"word_person_ransel1","rect":{"x":472,"y":113,"width":58,"height":27},"offset":{"x":0,"y":0},"originalSize":{"width":58,"height":27},"rotated":true,"capInsets":[0,0,0,0],"packable":true,"pixelsToUnit":100,"pivot":{"x":0.5,"y":0.5},"meshType":0}],[0],0,[0],[0],[0]],[[{"name":"auto_person","spriteFrames":[]}],[1],0,[],[],[]],[[{"name":"img_water_sisa","rect":{"x":432,"y":768,"width":154,"height":34},"offset":{"x":0,"y":0},"originalSize":{"width":154,"height":34},"rotated":false,"capInsets":[0,0,0,0],"packable":true,"pixelsToUnit":100,"pivot":{"x":0.5,"y":0.5},"meshType":0}],[0],0,[0],[0],[0]],[[{"name":"bangzhu_box","rect":{"x":538,"y":113,"width":57,"height":65},"offset":{"x":0,"y":0},"originalSize":{"width":57,"height":65},"rotated":true,"capInsets":[20,0,11,0],"packable":true,"pixelsToUnit":100,"pivot":{"x":0.5,"y":0.5},"meshType":0}],[0],0,[0],[0],[0]],[[{"name":"SandiLama","rect":{"x":112,"y":467,"width":208,"height":28},"offset":{"x":0,"y":0},"originalSize":{"width":208,"height":28},"rotated":false,"capInsets":[0,0,0,0],"packable":true,"pixelsToUnit":100,"pivot":{"x":0.5,"y":0.5},"meshType":0}],[0],0,[0],[0],[0]],[[{"name":"icon_share","rect":{"x":618,"y":480,"width":35,"height":38},"offset":{"x":0,"y":0},"originalSize":{"width":35,"height":38},"rotated":false,"capInsets":[0,0,0,0],"packable":true,"pixelsToUnit":100,"pivot":{"x":0.5,"y":0.5},"meshType":0}],[0],0,[0],[0],[0]],[[{"name":"word_share_akting","rect":{"x":693,"y":222,"width":128,"height":29},"offset":{"x":0,"y":0},"originalSize":{"width":128,"height":29},"rotated":false,"capInsets":[0,0,0,0],"packable":true,"pixelsToUnit":100,"pivot":{"x":0.5,"y":0.5},"meshType":0}],[0],0,[0],[0],[0]],[[{"name":"word_person_captcha","rect":{"x":659,"y":113,"width":147,"height":34},"offset":{"x":0,"y":0},"originalSize":{"width":147,"height":34},"rotated":false,"capInsets":[0,0,0,0],"packable":true,"pixelsToUnit":100,"pivot":{"x":0.5,"y":0.5},"meshType":0}],[0],0,[0],[0],[0]],[[{"name":"bg_dt_xinxi_touxianyulan","rect":{"x":750,"y":638,"width":68,"height":68},"offset":{"x":0,"y":0},"originalSize":{"width":68,"height":68},"rotated":false,"capInsets":[0,0,0,0],"packable":true,"pixelsToUnit":100,"pivot":{"x":0.5,"y":0.5},"meshType":0}],[0],0,[0],[0],[0]],[[{"name":"fanshui_1","rect":{"x":487,"y":376,"width":94,"height":29},"offset":{"x":0,"y":0},"originalSize":{"width":94,"height":29},"rotated":true,"capInsets":[0,0,0,0],"packable":true,"pixelsToUnit":100,"pivot":{"x":0.5,"y":0.5},"meshType":0}],[0],0,[0],[0],[0]],[[{"name":"SandiBaru","rect":{"x":325,"y":604,"width":195,"height":28},"offset":{"x":0,"y":0},"originalSize":{"width":195,"height":28},"rotated":true,"capInsets":[0,0,0,0],"packable":true,"pixelsToUnit":100,"pivot":{"x":0.5,"y":0.5},"meshType":0}],[0],0,[0],[0],[0]],[[{"name":"word_share_jumlah","rect":{"x":503,"y":609,"width":79,"height":34},"offset":{"x":0,"y":0},"originalSize":{"width":79,"height":34},"rotated":false,"capInsets":[0,0,0,0],"packable":true,"pixelsToUnit":100,"pivot":{"x":0.5,"y":0.5},"meshType":0}],[0],0,[0],[0],[0]],[[{"name":"word_share_hadiahReferensi","rect":{"x":484,"y":480,"width":95,"height":34},"offset":{"x":0,"y":0},"originalSize":{"width":95,"height":34},"rotated":true,"capInsets":[0,0,0,0],"packable":true,"pixelsToUnit":100,"pivot":{"x":0.5,"y":0.5},"meshType":0}],[0],0,[0],[0],[0]],[[{"name":"titile_person_beranda","rect":{"x":210,"y":113,"width":166,"height":60},"offset":{"x":0.5,"y":0},"originalSize":{"width":167,"height":62},"rotated":false,"capInsets":[0,0,0,0],"packable":true,"pixelsToUnit":100,"pivot":{"x":0.5,"y":0.5},"meshType":0}],[0],0,[0],[0],[0]],[[{"name":"word_aktingBtn_mengikat","rect":{"x":802,"y":364,"width":71,"height":26},"offset":{"x":0,"y":0},"originalSize":{"width":71,"height":26},"rotated":true,"capInsets":[0,0,0,0],"packable":true,"pixelsToUnit":100,"pivot":{"x":0.5,"y":0.5},"meshType":0}],[0],0,[0],[0],[0]],[[{"name":"word_person_setting1","rect":{"x":351,"y":498,"width":98,"height":28},"offset":{"x":0,"y":0},"originalSize":{"width":98,"height":28},"rotated":true,"capInsets":[0,0,0,0],"packable":true,"pixelsToUnit":100,"pivot":{"x":0.5,"y":0.5},"meshType":0}],[0],0,[0],[0],[0]],[[{"name":"Sandi ","rect":{"x":419,"y":493,"width":101,"height":28},"offset":{"x":0,"y":0},"originalSize":{"width":101,"height":28},"rotated":true,"capInsets":[0,0,0,0],"packable":true,"pixelsToUnit":100,"pivot":{"x":0.5,"y":0.5},"meshType":0}],[0],0,[0],[0],[0]],[[{"name":"icon_fanshui_0","rect":{"x":789,"y":519,"width":38,"height":34},"offset":{"x":0,"y":0},"originalSize":{"width":38,"height":34},"rotated":false,"capInsets":[0,0,0,0],"packable":true,"pixelsToUnit":100,"pivot":{"x":0.5,"y":0.5},"meshType":0}],[0],0,[0],[0],[0]],[[{"name":"word_person_ubah","rect":{"x":410,"y":600,"width":162,"height":21},"offset":{"x":0,"y":0},"originalSize":{"width":162,"height":21},"rotated":true,"capInsets":[0,0,0,0],"packable":true,"pixelsToUnit":100,"pivot":{"x":0.5,"y":0.5},"meshType":0}],[0],0,[0],[0],[0]],[[{"name":"word_person_bahasa1","rect":{"x":460,"y":376,"width":98,"height":21},"offset":{"x":0,"y":0},"originalSize":{"width":98,"height":21},"rotated":true,"capInsets":[0,0,0,0],"packable":true,"pixelsToUnit":100,"pivot":{"x":0.5,"y":0.5},"meshType":0}],[0],0,[0],[0],[0]],[[{"name":"TingkatkanAkun","rect":{"x":112,"y":182,"width":279,"height":36},"offset":{"x":0,"y":0},"originalSize":{"width":279,"height":36},"rotated":true,"capInsets":[0,0,0,0],"packable":true,"pixelsToUnit":100,"pivot":{"x":0.5,"y":0.5},"meshType":0}],[0],0,[0],[0],[0]],[[{"name":"bg_dt_xinxi_touxiangbg","rect":{"x":523,"y":344,"width":130,"height":130},"offset":{"x":0,"y":0},"originalSize":{"width":130,"height":130},"rotated":false,"capInsets":[0,0,0,0],"packable":true,"pixelsToUnit":100,"pivot":{"x":0.5,"y":0.5},"meshType":0}],[0],0,[0],[0],[0]],[[{"name":"icon_dt_xinxi_bag_up","rect":{"x":618,"y":524,"width":35,"height":35},"offset":{"x":0,"y":0},"originalSize":{"width":35,"height":35},"rotated":false,"capInsets":[0,0,0,0],"packable":true,"pixelsToUnit":100,"pivot":{"x":0.5,"y":0.5},"meshType":0}],[0],0,[0],[0],[0]],[[{"name":"icon_share1","rect":{"x":790,"y":478,"width":35,"height":38},"offset":{"x":0,"y":0},"originalSize":{"width":35,"height":38},"rotated":true,"capInsets":[0,0,0,0],"packable":true,"pixelsToUnit":100,"pivot":{"x":0.5,"y":0.5},"meshType":0}],[0],0,[0],[0],[0]],[[{"name":"btn_dt_xinxi_touxiangxiugai","rect":{"x":304,"y":501,"width":41,"height":41},"offset":{"x":0,"y":0},"originalSize":{"width":41,"height":41},"rotated":false,"capInsets":[0,0,0,0],"packable":true,"pixelsToUnit":100,"pivot":{"x":0.5,"y":0.5},"meshType":0}],[0],0,[0],[0],[0]],[[{"name":"btn_dt_xinxi_fuzhi","rect":{"x":775,"y":153,"width":24,"height":23},"offset":{"x":0,"y":0},"originalSize":{"width":24,"height":23},"rotated":false,"capInsets":[0,0,0,0],"packable":true,"pixelsToUnit":100,"pivot":{"x":0.5,"y":0.5},"meshType":0}],[0],0,[0],[0],[0]],[[{"name":"word_person_level","rect":{"x":377,"y":808,"width":84,"height":20},"offset":{"x":0,"y":0},"originalSize":{"width":84,"height":20},"rotated":false,"capInsets":[0,0,0,0],"packable":true,"pixelsToUnit":100,"pivot":{"x":0.5,"y":0.5},"meshType":0}],[0],0,[0],[0],[0]],[[{"name":"word_water_cucikode1","rect":{"x":326,"y":378,"width":114,"height":24},"offset":{"x":0,"y":0},"originalSize":{"width":114,"height":24},"rotated":true,"capInsets":[0,0,0,0],"packable":true,"pixelsToUnit":100,"pivot":{"x":0.5,"y":0.5},"meshType":0}],[0],0,[0],[0],[0]],[[{"name":"bg_dt_daili_bgfengexian","rect":{"x":3,"y":113,"width":63,"height":4},"offset":{"x":0,"y":0},"originalSize":{"width":63,"height":4},"rotated":true,"capInsets":[0,0,0,0],"packable":true,"pixelsToUnit":100,"pivot":{"x":0.5,"y":0.5},"meshType":0}],[0],0,[0],[0],[0]],[[{"name":"word_person_ransel","rect":{"x":505,"y":113,"width":58,"height":27},"offset":{"x":0,"y":0},"originalSize":{"width":58,"height":27},"rotated":true,"capInsets":[0,0,0,0],"packable":true,"pixelsToUnit":100,"pivot":{"x":0.5,"y":0.5},"meshType":0}],[0],0,[0],[0],[0]],[[{"name":"word_share_mengikat","rect":{"x":154,"y":182,"width":279,"height":36},"offset":{"x":0,"y":0},"originalSize":{"width":279,"height":36},"rotated":true,"capInsets":[0,0,0,0],"packable":true,"pixelsToUnit":100,"pivot":{"x":0.5,"y":0.5},"meshType":0}],[0],0,[0],[0],[0]],[[{"name":"word_person_ubahNama","rect":{"x":34,"y":182,"width":361,"height":36},"offset":{"x":0,"y":0},"originalSize":{"width":361,"height":36},"rotated":true,"capInsets":[0,0,0,0],"packable":true,"pixelsToUnit":100,"pivot":{"x":0.5,"y":0.5},"meshType":0}],[0],0,[0],[0],[0]],[[{"name":"bg_dt_xinxi_touxiangkuang","rect":{"x":389,"y":182,"width":152,"height":156},"offset":{"x":0,"y":0},"originalSize":{"width":152,"height":156},"rotated":false,"capInsets":[0,0,0,0],"packable":true,"pixelsToUnit":100,"pivot":{"x":0.5,"y":0.5},"meshType":0}],[0],0,[0],[0],[0]],[[{"name":"word_person_phone","rect":{"x":386,"y":376,"width":111,"height":28},"offset":{"x":0,"y":0},"originalSize":{"width":111,"height":28},"rotated":true,"capInsets":[0,0,0,0],"packable":true,"pixelsToUnit":100,"pivot":{"x":0.5,"y":0.5},"meshType":0}],[0],0,[0],[0],[0]],[[{"name":"UbahKataSandi","rect":{"x":196,"y":182,"width":277,"height":30},"offset":{"x":0,"y":0},"originalSize":{"width":277,"height":30},"rotated":true,"capInsets":[0,0,0,0],"packable":true,"pixelsToUnit":100,"pivot":{"x":0.5,"y":0.5},"meshType":0}],[0],0,[0],[0],[0]],[[{"name":"word_person_tentu","rect":{"x":503,"y":581,"width":80,"height":22},"offset":{"x":0,"y":0},"originalSize":{"width":80,"height":22},"rotated":false,"capInsets":[0,0,0,0],"packable":true,"pixelsToUnit":100,"pivot":{"x":0.5,"y":0.5},"meshType":0}],[0],0,[0],[0],[0]],[[{"name":"Kode Referral Saya","rect":{"x":609,"y":151,"width":136,"height":38},"offset":{"x":0,"y":0},"originalSize":{"width":136,"height":38},"rotated":true,"capInsets":[0,0,0,0],"packable":true,"pixelsToUnit":100,"pivot":{"x":0.5,"y":0.5},"meshType":0}],[0],0,[0],[0],[0]],[[{"name":"icon_fanshui_1","rect":{"x":786,"y":559,"width":38,"height":34},"offset":{"x":0,"y":0},"originalSize":{"width":38,"height":34},"rotated":false,"capInsets":[0,0,0,0],"packable":true,"pixelsToUnit":100,"pivot":{"x":0.5,"y":0.5},"meshType":0}],[0],0,[0],[0],[0]],[[{"name":"icon_dt_xinxi_vip2","rect":{"x":55,"y":549,"width":54,"height":60},"offset":{"x":0,"y":0},"originalSize":{"width":54,"height":60},"rotated":true,"capInsets":[0,0,0,0],"packable":true,"pixelsToUnit":100,"pivot":{"x":0.5,"y":0.5},"meshType":0}],[0],0,[0],[0],[0]],[[{"name":"VIP","rect":{"x":588,"y":628,"width":33,"height":15},"offset":{"x":0,"y":0},"originalSize":{"width":33,"height":15},"rotated":false,"capInsets":[0,0,0,0],"packable":true,"pixelsToUnit":100,"pivot":{"x":0.5,"y":0.5},"meshType":0}],[0],0,[0],[0],[0]],[[{"name":"word_person_bahasa","rect":{"x":261,"y":808,"width":110,"height":20},"offset":{"x":0,"y":0},"originalSize":{"width":110,"height":20},"rotated":false,"capInsets":[0,0,0,0],"packable":true,"pixelsToUnit":100,"pivot":{"x":0.5,"y":0.5},"meshType":0}],[0],0,[0],[0],[0]],[[{"name":"word_person_bgm","rect":{"x":13,"y":113,"width":62,"height":20},"offset":{"x":0,"y":0},"originalSize":{"width":62,"height":20},"rotated":true,"capInsets":[0,0,0,0],"packable":true,"pixelsToUnit":100,"pivot":{"x":0.5,"y":0.5},"meshType":0}],[0],0,[0],[0],[0]],[[{"name":"img_water_jumlah","rect":{"x":659,"y":448,"width":125,"height":34},"offset":{"x":0,"y":0},"originalSize":{"width":125,"height":34},"rotated":false,"capInsets":[0,0,0,0],"packable":true,"pixelsToUnit":100,"pivot":{"x":0.5,"y":0.5},"meshType":0}],[0],0,[0],[0],[0]],[[{"name":"icon_dt_xinxi_vip4","rect":{"x":249,"y":548,"width":52,"height":52},"offset":{"x":0,"y":0},"originalSize":{"width":52,"height":52},"rotated":false,"capInsets":[0,0,0,0],"packable":true,"pixelsToUnit":100,"pivot":{"x":0.5,"y":0.5},"meshType":0}],[0],0,[0],[0],[0]],[[{"name":"word_share_pendapatan","rect":{"x":472,"y":596,"width":155,"height":25},"offset":{"x":0,"y":0},"originalSize":{"width":155,"height":25},"rotated":true,"capInsets":[0,0,0,0],"packable":true,"pixelsToUnit":100,"pivot":{"x":0.5,"y":0.5},"meshType":0}],[0],0,[0],[0],[0]],[[{"name":"btn_share","rect":{"x":263,"y":182,"width":264,"height":57},"offset":{"x":0,"y":0},"originalSize":{"width":264,"height":57},"rotated":true,"capInsets":[0,0,0,0],"packable":true,"pixelsToUnit":100,"pivot":{"x":0.5,"y":0.5},"meshType":0}],[0],0,[0],[0],[0]],[[{"name":"logo","rect":{"x":756,"y":782,"width":32,"height":32},"offset":{"x":0,"y":0},"originalSize":{"width":32,"height":32},"rotated":false,"capInsets":[0,0,0,0],"packable":true,"pixelsToUnit":100,"pivot":{"x":0.5,"y":0.5},"meshType":0}],[0],0,[0],[0],[0]],[[{"name":"img_share_bg","rect":{"x":685,"y":744,"width":65,"height":66},"offset":{"x":0,"y":0},"originalSize":{"width":65,"height":66},"rotated":false,"capInsets":[9,14,9,14],"packable":true,"pixelsToUnit":100,"pivot":{"x":0.5,"y":0.5},"meshType":0}],[0],0,[0],[0],[0]],[[{"name":"input_person_bg","rect":{"x":382,"y":113,"width":84,"height":60},"offset":{"x":0,"y":0},"originalSize":{"width":84,"height":60},"rotated":false,"capInsets":[8,7,8,10],"packable":true,"pixelsToUnit":100,"pivot":{"x":0.5,"y":0.5},"meshType":0}],[0],0,[0],[0],[0]],[[{"name":"word_share_hadiah","rect":{"x":503,"y":649,"width":95,"height":34},"offset":{"x":0,"y":0},"originalSize":{"width":95,"height":34},"rotated":true,"capInsets":[0,0,0,0],"packable":true,"pixelsToUnit":100,"pivot":{"x":0.5,"y":0.5},"meshType":0}],[0],0,[0],[0],[0]],[[{"name":"icon_dt_beibao_wu","rect":{"x":3,"y":610,"width":218,"height":252},"offset":{"x":0,"y":0},"originalSize":{"width":218,"height":252},"rotated":true,"capInsets":[0,0,0,0],"packable":true,"pixelsToUnit":100,"pivot":{"x":0.5,"y":0.5},"meshType":0}],[0],0,[0],[0],[0]],[[{"name":"btn_share_copy","rect":{"x":690,"y":646,"width":25,"height":26},"offset":{"x":0,"y":0},"originalSize":{"width":25,"height":26},"rotated":true,"capInsets":[0,0,0,0],"packable":true,"pixelsToUnit":100,"pivot":{"x":0.5,"y":0.5},"meshType":0}],[0],0,[0],[0],[0]],[[{"name":"word_person_bindphone1","rect":{"x":218,"y":501,"width":80,"height":41},"offset":{"x":0,"y":0},"originalSize":{"width":80,"height":41},"rotated":false,"capInsets":[0,0,0,0],"packable":true,"pixelsToUnit":100,"pivot":{"x":0.5,"y":0.5},"meshType":0}],[0],0,[0],[0],[0]],[[{"name":"word_share_taruhanPemain","rect":{"x":677,"y":324,"width":139,"height":34},"offset":{"x":0,"y":0},"originalSize":{"width":139,"height":34},"rotated":false,"capInsets":[0,0,0,0],"packable":true,"pixelsToUnit":100,"pivot":{"x":0.5,"y":0.5},"meshType":0}],[0],0,[0],[0],[0]],[[{"name":"word_person_informasl","rect":{"x":389,"y":344,"width":128,"height":26},"offset":{"x":0,"y":0},"originalSize":{"width":128,"height":26},"rotated":false,"capInsets":[0,0,0,0],"packable":true,"pixelsToUnit":100,"pivot":{"x":0.5,"y":0.5},"meshType":0}],[0],0,[0],[0],[0]],[[{"name":"icon_dt_xinxi_dengji","rect":{"x":756,"y":712,"width":64,"height":66},"offset":{"x":-0.5,"y":0},"originalSize":{"width":65,"height":66},"rotated":true,"capInsets":[0,0,0,0],"packable":true,"pixelsToUnit":100,"pivot":{"x":0.5,"y":0.5},"meshType":0}],[0],0,[0],[0],[0]],[[{"name":"word_person_switch","rect":{"x":524,"y":480,"width":87,"height":21},"offset":{"x":0,"y":0},"originalSize":{"width":87,"height":21},"rotated":false,"capInsets":[0,0,0,0],"packable":true,"pixelsToUnit":100,"pivot":{"x":0.5,"y":0.5},"meshType":0}],[0],0,[0],[0],[0]],[[{"name":"icon_dt_xinxi_vip5","rect":{"x":179,"y":548,"width":53,"height":64},"offset":{"x":0,"y":0},"originalSize":{"width":53,"height":64},"rotated":true,"capInsets":[0,0,0,0],"packable":true,"pixelsToUnit":100,"pivot":{"x":0.5,"y":0.5},"meshType":0}],[0],0,[0],[0],[0]],[[{"name":"word_share_bergabungHariIni","rect":{"x":420,"y":376,"width":106,"height":34},"offset":{"x":0,"y":0},"originalSize":{"width":106,"height":34},"rotated":true,"capInsets":[0,0,0,0],"packable":true,"pixelsToUnit":100,"pivot":{"x":0.5,"y":0.5},"meshType":0}],[0],0,[0],[0],[0]],[[{"name":"btn_dt_xinxi_xiugai","rect":{"x":722,"y":646,"width":22,"height":24},"offset":{"x":0,"y":0},"originalSize":{"width":22,"height":24},"rotated":false,"capInsets":[0,0,0,0],"packable":true,"pixelsToUnit":100,"pivot":{"x":0.5,"y":0.5},"meshType":0}],[0],0,[0],[0],[0]],[[{"name":"word_share_bawahan","rect":{"x":812,"y":3,"width":90,"height":16},"offset":{"x":0,"y":0},"originalSize":{"width":90,"height":16},"rotated":true,"capInsets":[0,0,0,0],"packable":true,"pixelsToUnit":100,"pivot":{"x":0.5,"y":0.5},"meshType":0}],[0],0,[0],[0],[0]],[[{"name":"img_water_wan","rect":{"x":615,"y":606,"width":33,"height":16},"offset":{"x":0,"y":0},"originalSize":{"width":33,"height":16},"rotated":false,"capInsets":[0,0,0,0],"packable":true,"pixelsToUnit":100,"pivot":{"x":0.5,"y":0.5},"meshType":0}],[0],0,[0],[0],[0]],[[{"name":"KonfirmasiSandi","rect":{"x":261,"y":606,"width":196,"height":58},"offset":{"x":0,"y":0},"originalSize":{"width":196,"height":58},"rotated":true,"capInsets":[0,0,0,0],"packable":true,"pixelsToUnit":100,"pivot":{"x":0.5,"y":0.5},"meshType":0}],[0],0,[0],[0],[0]],[[{"name":"word_share_bawahanTotalTaruhan","rect":{"x":659,"y":364,"width":137,"height":34},"offset":{"x":0,"y":0},"originalSize":{"width":137,"height":34},"rotated":false,"capInsets":[0,0,0,0],"packable":true,"pixelsToUnit":100,"pivot":{"x":0.5,"y":0.5},"meshType":0}],[0],0,[0],[0],[0]],[[{"name":"word_share_penghasilanHarilni","rect":{"x":659,"y":566,"width":120,"height":34},"offset":{"x":0,"y":0},"originalSize":{"width":120,"height":34},"rotated":false,"capInsets":[0,0,0,0],"packable":true,"pixelsToUnit":100,"pivot":{"x":0.5,"y":0.5},"meshType":0}],[0],0,[0],[0],[0]],[[{"name":"word_person_music","rect":{"x":467,"y":808,"width":80,"height":20},"offset":{"x":0,"y":0},"originalSize":{"width":80,"height":20},"rotated":false,"capInsets":[0,0,0,0],"packable":true,"pixelsToUnit":100,"pivot":{"x":0.5,"y":0.5},"meshType":0}],[0],0,[0],[0],[0]],[[{"name":"word_share_kode","rect":{"x":659,"y":404,"width":136,"height":38},"offset":{"x":0,"y":0},"originalSize":{"width":136,"height":38},"rotated":false,"capInsets":[0,0,0,0],"packable":true,"pixelsToUnit":100,"pivot":{"x":0.5,"y":0.5},"meshType":0}],[0],0,[0],[0],[0]],[[{"name":"btn_share_mengi","rect":{"x":654,"y":606,"width":90,"height":34},"offset":{"x":0,"y":0},"originalSize":{"width":90,"height":34},"rotated":false,"capInsets":[0,0,0,0],"packable":true,"pixelsToUnit":100,"pivot":{"x":0.5,"y":0.5},"meshType":0}],[0],0,[0],[0],[0]],[[{"name":"word_person_profil","rect":{"x":524,"y":507,"width":86,"height":29},"offset":{"x":0,"y":0},"originalSize":{"width":86,"height":29},"rotated":false,"capInsets":[0,0,0,0],"packable":true,"pixelsToUnit":100,"pivot":{"x":0.5,"y":0.5},"meshType":0}],[0],0,[0],[0],[0]],[[{"name":"word_person_logout","rect":{"x":437,"y":600,"width":158,"height":29},"offset":{"x":0,"y":0},"originalSize":{"width":158,"height":29},"rotated":true,"capInsets":[0,0,0,0],"packable":true,"pixelsToUnit":100,"pivot":{"x":0.5,"y":0.5},"meshType":0}],[0],0,[0],[0],[0]],[[{"name":"word_person_profil1","rect":{"x":524,"y":542,"width":86,"height":29},"offset":{"x":0,"y":0},"originalSize":{"width":86,"height":29},"rotated":false,"capInsets":[0,0,0,0],"packable":true,"pixelsToUnit":100,"pivot":{"x":0.5,"y":0.5},"meshType":0}],[0],0,[0],[0],[0]],[[{"name":"word_person_setting","rect":{"x":385,"y":496,"width":98,"height":28},"offset":{"x":0,"y":0},"originalSize":{"width":98,"height":28},"rotated":true,"capInsets":[0,0,0,0],"packable":true,"pixelsToUnit":100,"pivot":{"x":0.5,"y":0.5},"meshType":0}],[0],0,[0],[0],[0]],[[{"name":"icon_dt_xinxi_yinyue","rect":{"x":750,"y":606,"width":29,"height":26},"offset":{"x":0.5,"y":0},"originalSize":{"width":30,"height":26},"rotated":false,"capInsets":[0,0,0,0],"packable":true,"pixelsToUnit":100,"pivot":{"x":0.5,"y":0.5},"meshType":0}],[0],0,[0],[0],[0]],[[{"name":"title_shere_daili","rect":{"x":3,"y":3,"width":803,"height":104},"offset":{"x":0,"y":0},"originalSize":{"width":803,"height":104},"rotated":false,"capInsets":[0,0,0,0],"packable":true,"pixelsToUnit":100,"pivot":{"x":0.5,"y":0.5},"meshType":0}],[0],0,[0],[0],[0]],[[{"name":"bg_dt_fanshuibeijing","rect":{"x":547,"y":220,"width":48,"height":48},"offset":{"x":0,"y":0},"originalSize":{"width":48,"height":48},"rotated":false,"capInsets":[6,7,6,6],"packable":true,"pixelsToUnit":100,"pivot":{"x":0.5,"y":0.5},"meshType":0}],[0],0,[0],[0],[0]],[[{"name":"btn_dt_xinxi_shang","rect":{"x":586,"y":808,"width":26,"height":18},"offset":{"x":0,"y":0},"originalSize":{"width":28,"height":20},"rotated":false,"capInsets":[0,0,0,0],"packable":true,"pixelsToUnit":100,"pivot":{"x":0.5,"y":0.5},"meshType":0}],[0],0,[0],[0],[0]],[[{"name":"btn_dt_xinxi_xia","rect":{"x":553,"y":808,"width":27,"height":20},"offset":{"x":-0.5,"y":0},"originalSize":{"width":28,"height":20},"rotated":false,"capInsets":[0,0,0,0],"packable":true,"pixelsToUnit":100,"pivot":{"x":0.5,"y":0.5},"meshType":0}],[0],0,[0],[0],[0]],[[{"name":"word_share_jumlahImbalan","rect":{"x":618,"y":749,"width":79,"height":34},"offset":{"x":0,"y":0},"originalSize":{"width":79,"height":34},"rotated":true,"capInsets":[0,0,0,0],"packable":true,"pixelsToUnit":100,"pivot":{"x":0.5,"y":0.5},"meshType":0}],[0],0,[0],[0],[0]],[[{"name":"word_share_rekor","rect":{"x":592,"y":577,"width":45,"height":17},"offset":{"x":0,"y":0},"originalSize":{"width":45,"height":17},"rotated":true,"capInsets":[0,0,0,0],"packable":true,"pixelsToUnit":100,"pivot":{"x":0.5,"y":0.5},"meshType":0}],[0],0,[0],[0],[0]],[[{"name":"word_share_berbagi","rect":{"x":453,"y":488,"width":102,"height":25},"offset":{"x":0,"y":0},"originalSize":{"width":102,"height":25},"rotated":true,"capInsets":[0,0,0,0],"packable":true,"pixelsToUnit":100,"pivot":{"x":0.5,"y":0.5},"meshType":0}],[0],0,[0],[0],[0]],[[{"name":"zi_KODEHADIAH","rect":{"x":326,"y":182,"width":190,"height":21},"offset":{"x":0,"y":0},"originalSize":{"width":190,"height":21},"rotated":true,"capInsets":[0,0,0,0],"packable":true,"pixelsToUnit":100,"pivot":{"x":0.5,"y":0.5},"meshType":0}],[0],0,[0],[0],[0]],[[{"name":"word_person_vibration","rect":{"x":659,"y":539,"width":121,"height":21},"offset":{"x":0,"y":0},"originalSize":{"width":121,"height":21},"rotated":false,"capInsets":[0,0,0,0],"packable":true,"pixelsToUnit":100,"pivot":{"x":0.5,"y":0.5},"meshType":0}],[0],0,[0],[0],[0]],[[{"name":"icon_dt_xinxi_vip3","rect":{"x":547,"y":176,"width":49,"height":38},"offset":{"x":0,"y":0},"originalSize":{"width":49,"height":38},"rotated":false,"capInsets":[0,0,0,0],"packable":true,"pixelsToUnit":100,"pivot":{"x":0.5,"y":0.5},"meshType":0}],[0],0,[0],[0],[0]],[[{"name":"icon_dt_xinxi_vip1","rect":{"x":307,"y":548,"width":50,"height":38},"offset":{"x":0,"y":0},"originalSize":{"width":50,"height":38},"rotated":true,"capInsets":[0,0,0,0],"packable":true,"pixelsToUnit":100,"pivot":{"x":0.5,"y":0.5},"meshType":0}],[0],0,[0],[0],[0]],[[{"name":"btn_dt_hui","rect":{"x":39,"y":113,"width":165,"height":61},"offset":{"x":0,"y":0},"originalSize":{"width":165,"height":61},"rotated":false,"capInsets":[0,0,0,0],"packable":true,"pixelsToUnit":100,"pivot":{"x":0.5,"y":0.5},"meshType":0}],[0],0,[0],[0],[0]],[[{"name":"word_person_bindphone","rect":{"x":353,"y":182,"width":188,"height":30},"offset":{"x":0,"y":0},"originalSize":{"width":188,"height":30},"rotated":true,"capInsets":[0,0,0,0],"packable":true,"pixelsToUnit":100,"pivot":{"x":0.5,"y":0.5},"meshType":0}],[0],0,[0],[0],[0]],[[{"name":"word_share_ekstrak","rect":{"x":812,"y":99,"width":77,"height":16},"offset":{"x":0,"y":0},"originalSize":{"width":77,"height":16},"rotated":true,"capInsets":[0,0,0,0],"packable":true,"pixelsToUnit":100,"pivot":{"x":0.5,"y":0.5},"meshType":0}],[0],0,[0],[0],[0]],[[{"name":"word_person_sound","rect":{"x":658,"y":744,"width":84,"height":21},"offset":{"x":0,"y":0},"originalSize":{"width":84,"height":21},"rotated":true,"capInsets":[0,0,0,0],"packable":true,"pixelsToUnit":100,"pivot":{"x":0.5,"y":0.5},"meshType":0}],[0],0,[0],[0],[0]],[[{"name":"fanshui_0","rect":{"x":621,"y":649,"width":94,"height":29},"offset":{"x":0,"y":0},"originalSize":{"width":94,"height":29},"rotated":true,"capInsets":[0,0,0,0],"packable":true,"pixelsToUnit":100,"pivot":{"x":0.5,"y":0.5},"meshType":0}],[0],0,[0],[0],[0]],[[{"name":"Akun ","rect":{"x":656,"y":646,"width":92,"height":28},"offset":{"x":0,"y":0},"originalSize":{"width":92,"height":28},"rotated":true,"capInsets":[0,0,0,0],"packable":true,"pixelsToUnit":100,"pivot":{"x":0.5,"y":0.5},"meshType":0}],[0],0,[0],[0],[0]],[[{"name":"zi_RincianBawahan_1","rect":{"x":547,"y":293,"width":124,"height":45},"offset":{"x":0,"y":0},"originalSize":{"width":124,"height":45},"rotated":false,"capInsets":[0,0,0,0],"packable":true,"pixelsToUnit":100,"pivot":{"x":0.5,"y":0.5},"meshType":0}],[0],0,[0],[0],[0]],[[{"name":"word_share_instruksi","rect":{"x":76,"y":182,"width":313,"height":30},"offset":{"x":0,"y":0},"originalSize":{"width":313,"height":30},"rotated":true,"capInsets":[0,0,0,0],"packable":true,"pixelsToUnit":100,"pivot":{"x":0.5,"y":0.5},"meshType":0}],[0],0,[0],[0],[0]],[[{"name":"word_person_informasi","rect":{"x":693,"y":292,"width":128,"height":26},"offset":{"x":0,"y":0},"originalSize":{"width":128,"height":26},"rotated":false,"capInsets":[0,0,0,0],"packable":true,"pixelsToUnit":100,"pivot":{"x":0.5,"y":0.5},"meshType":0}],[0],0,[0],[0],[0]],[[{"name":"icon_dt_xinxi_libao","rect":{"x":121,"y":548,"width":54,"height":52},"offset":{"x":0,"y":0},"originalSize":{"width":54,"height":52},"rotated":true,"capInsets":[0,0,0,0],"packable":true,"pixelsToUnit":100,"pivot":{"x":0.5,"y":0.5},"meshType":0}],[0],0,[0],[0],[0]],[[{"name":"icon_dt_xinxi_xinxiao","rect":{"x":690,"y":677,"width":28,"height":21},"offset":{"x":0,"y":0},"originalSize":{"width":28,"height":21},"rotated":true,"capInsets":[0,0,0,0],"packable":true,"pixelsToUnit":100,"pivot":{"x":0.5,"y":0.5},"meshType":0}],[0],0,[0],[0],[0]],[[{"name":"word_person_batal","rect":{"x":693,"y":153,"width":76,"height":23},"offset":{"x":0,"y":0},"originalSize":{"width":76,"height":23},"rotated":false,"capInsets":[0,0,0,0],"packable":true,"pixelsToUnit":100,"pivot":{"x":0.5,"y":0.5},"meshType":0}],[0],0,[0],[0],[0]],[[{"name":"word_water_rasioBonus","rect":{"x":232,"y":182,"width":270,"height":25},"offset":{"x":0,"y":0},"originalSize":{"width":270,"height":25},"rotated":true,"capInsets":[0,0,0,0],"packable":true,"pixelsToUnit":100,"pivot":{"x":0.5,"y":0.5},"meshType":0}],[0],0,[0],[0],[0]],[[{"name":"word_share_akting1","rect":{"x":693,"y":257,"width":128,"height":29},"offset":{"x":0,"y":0},"originalSize":{"width":128,"height":29},"rotated":false,"capInsets":[0,0,0,0],"packable":true,"pixelsToUnit":100,"pivot":{"x":0.5,"y":0.5},"meshType":0}],[0],0,[0],[0],[0]],[[{"name":"icon_dt_xinxi_yonghu_up","rect":{"x":609,"y":113,"width":32,"height":39},"offset":{"x":0,"y":0},"originalSize":{"width":32,"height":39},"rotated":true,"capInsets":[0,0,0,0],"packable":true,"pixelsToUnit":100,"pivot":{"x":0.5,"y":0.5},"meshType":0}],[0],0,[0],[0],[0]],[[{"name":"word_water_cuci","rect":{"x":356,"y":376,"width":114,"height":24},"offset":{"x":0,"y":0},"originalSize":{"width":114,"height":24},"rotated":true,"capInsets":[0,0,0,0],"packable":true,"pixelsToUnit":100,"pivot":{"x":0.5,"y":0.5},"meshType":0}],[0],0,[0],[0],[0]],[[{"name":"word_share_pemberi","rect":{"x":359,"y":602,"width":178,"height":45},"offset":{"x":0,"y":0},"originalSize":{"width":178,"height":45},"rotated":true,"capInsets":[0,0,0,0],"packable":true,"pixelsToUnit":100,"pivot":{"x":0.5,"y":0.5},"meshType":0}],[0],0,[0],[0],[0]],[[{"name":"icon_dt_xinxi_bag_down","rect":{"x":618,"y":565,"width":35,"height":35},"offset":{"x":0,"y":0},"originalSize":{"width":35,"height":35},"rotated":false,"capInsets":[0,0,0,0],"packable":true,"pixelsToUnit":100,"pivot":{"x":0.5,"y":0.5},"meshType":0}],[0],0,[0],[0],[0]],[[{"name":"word_water_koin","rect":{"x":3,"y":182,"width":422,"height":25},"offset":{"x":0,"y":0},"originalSize":{"width":422,"height":25},"rotated":true,"capInsets":[0,0,0,0],"packable":true,"pixelsToUnit":100,"pivot":{"x":0.5,"y":0.5},"meshType":0}],[0],0,[0],[0],[0]],[[{"name":"word_share_pemberiRekomendasi","rect":{"x":653,"y":153,"width":134,"height":34},"offset":{"x":0,"y":0},"originalSize":{"width":134,"height":34},"rotated":true,"capInsets":[0,0,0,0],"packable":true,"pixelsToUnit":100,"pivot":{"x":0.5,"y":0.5},"meshType":0}],[0],0,[0],[0],[0]],[[{"name":"zi_RincianBawahan_0","rect":{"x":659,"y":488,"width":124,"height":45},"offset":{"x":0,"y":0},"originalSize":{"width":124,"height":45},"rotated":false,"capInsets":[0,0,0,0],"packable":true,"pixelsToUnit":100,"pivot":{"x":0.5,"y":0.5},"meshType":0}],[0],0,[0],[0],[0]],[[{"name":"icon_peson_phone","rect":{"x":801,"y":441,"width":31,"height":26},"offset":{"x":0,"y":0},"originalSize":{"width":31,"height":26},"rotated":true,"capInsets":[0,0,0,0],"packable":true,"pixelsToUnit":100,"pivot":{"x":0.5,"y":0.5},"meshType":0}],[0],0,[0],[0],[0]],[[{"name":"img_water_skalaSaat","rect":{"x":34,"y":549,"width":55,"height":15},"offset":{"x":0,"y":0},"originalSize":{"width":55,"height":15},"rotated":true,"capInsets":[0,0,0,0],"packable":true,"pixelsToUnit":100,"pivot":{"x":0.5,"y":0.5},"meshType":0}],[0],0,[0],[0],[0]],[[{"name":"word_akting_pemberi","rect":{"x":693,"y":182,"width":134,"height":34},"offset":{"x":0,"y":0},"originalSize":{"width":134,"height":34},"rotated":false,"capInsets":[0,0,0,0],"packable":true,"pixelsToUnit":100,"pivot":{"x":0.5,"y":0.5},"meshType":0}],[0],0,[0],[0],[0]]]]
