[1,["beui2Z9VRIY7OdpKPUhx7t@6c48a"],0,[["sp.SkeletonData",["_name","_atlasText","textureNames","_skeletonJson","textures"],-1,3]],[[0,0,1,2,3,4,5]],[[0,"fanye_1","\r\nfanye_1.png\r\nsize: 64,64\r\nformat: RGBA8888\r\nfilter: Linear,Linear\r\nrepeat: none\r\nzuo\r\n  rotate: false\r\n  xy: 2, 2\r\n  size: 40, 60\r\n  orig: 40, 60\r\n  offset: 0, 0\r\n  index: -1\r\n",["fanye_1.png"],{"skeleton":{"hash":"hQ0dC96H65yMD1rviyofGslBZHw","spine":"3.8.99","x":-19.5,"y":-30,"width":40,"height":60,"images":"","audio":""},"bones":[{"name":"root"}],"slots":[{"name":"ID_23_4","bone":"root","attachment":"zuo"}],"skins":[{"name":"default","attachments":{"ID_23_4":{"zuo":{"x":0.5,"width":40,"height":60}}}}],"animations":{"animation":{"bones":{"root":{"translate":[{"curve":0.25,"c3":0.75},{"time":0.3333,"x":-23,"curve":0.25,"c3":0.75},{"time":1}]}}}}},[0]]],0,0,[0],[-1],[0]]
