[1,["26s1nG6fNAmKWrKhYw2JHB","ec2EiqOm1Cd7QD5SK67KAf@f9941","b8aezD+RBJmqeu06ol2Zbe@f9941","f91638CJFKv407ykZzZT4v@f9941","f7UiqA019DRZGwrk1DWXGP@f9941","6dxzhRkBVPSbVbPVLe5aAH@f9941","dfYqb8DFlE2b7SKm64T36g@f9941","abU+dMzmdMB4tXJuuOxaY4","f1jfe/oiBFErWNb1vvLoZh@f9941","35c/v9BCJFvL7cUP4srXfc@f9941","e4uT78j39M2aEkr5/5HHvT@f9941","68IinIorxIrKMGpzmrRy+f@6c48a","40ultwpYdKBYlV/WqB8pNx@f9941","68IinIorxIrKMGpzmrRy+f@f9941","5bX3fqjehD3I6FR0Yyn7dC@f9941","ffuIqPr2JI9I8dPLYGRDpD@f9941","ee0mOsq8lHb77CoU/XgjWW@f9941","20g1ukYUVPvKWKBRznAKo+@f9941","54TknWPwVPqJqeCR+Y/Czo@f9941","95EkngnxZFbYuFpsqVTaFr@f9941","47d470t8tDSrmYuQgAUYl1@f9941","64YXmXpE9DwZOUgb84Jm4v@f9941","4cAcpNlUhMZLhW/1iz5sWR@f9941","14ad46CnxGH4lm4ZljKy7H","afxHkx8GZGsJC+n+YfITQo@f9941"],["node","_spriteFrame","_atlas","_target","_normalSprite","_textureSource","root","data","_parent","_scrollView","_hoverSprite","_pressedSprite","_disabledSprite"],[["cc.Node",["_name","_layer","_active","_components","_prefab","_children","_parent","_lpos","_lscale"],0,9,4,2,1,5,5],["cc.Sprite",["_type","_sizeMode","node","__prefab","_spriteFrame","_atlas"],1,1,4,6,6],["cc.Node",["_name","_layer","_active","_parent","_components","_prefab","_lpos","_children"],0,1,12,4,5,2],["cc.UITransform",["node","__prefab","_contentSize","_anchorPoint"],3,1,4,5,5],["cc.Label",["_string","_actualFontSize","_fontSize","_isBold","_horizontalAlign","_lineHeight","node","__prefab","_color"],-3,1,4,5],["cc.Button",["_transition","_zoomScale","node","__prefab","_normalColor","_target","_normalSprite","_hoverSprite","_pressedSprite","_disabledSprite"],1,1,4,5,1,6,6,6,6],"cc.SpriteAtlas","cc.SpriteFrame",["cc.Prefab",["_name"],2],["cc.CompPrefabInfo",["fileId"],2],["cc.PrefabInfo",["fileId","instance","targetOverrides","nestedPrefabInstanceRoots","root","asset"],-1,1,1],["cc.Layout",["node","__prefab"],3,1,4],["cc.Widget",["_alignFlags","_originalHeight","_alignMode","node","__prefab"],0,1,4],["cc.Mask",["node","__prefab"],3,1,4],["cc.Graphics",["node","__prefab","_fillColor"],3,1,4,5],["cc.ScrollBar",["_direction","node","__prefab","_handle"],2,1,4,1],["cc.ScrollView",["bounceDuration","brake","horizontal","node","__prefab","_content","_verticalScrollBar"],0,1,4,1,1]],[[9,0,2],[10,0,1,2,3,4,5,5],[3,0,1,2,1],[0,0,1,6,3,4,7,3],[1,0,1,2,3,4,5,3],[1,2,3,4,5,1],[1,2,3,4,1],[4,0,1,2,3,6,7,8,5],[0,0,1,6,5,3,4,7,3],[0,0,1,6,3,4,7,8,3],[3,0,1,2,3,1],[3,0,1,1],[4,0,4,1,2,5,6,7,8,6],[11,0,1,1],[1,0,1,2,3,3],[5,0,1,2,3,4,5,6,3],[8,0,2],[0,0,1,5,3,4,3],[0,0,2,1,6,5,3,4,7,4],[0,0,2,1,6,5,3,4,7,8,4],[0,0,1,6,5,3,4,3],[0,0,1,5,3,4,7,3],[2,0,1,3,7,4,5,6,3],[2,0,2,1,3,7,4,5,6,4],[2,0,1,3,4,5,6,3],[1,0,1,2,3,4,3],[12,0,1,2,3,4,4],[5,0,1,2,3,4,5,6,7,8,9,3],[13,0,1,1],[14,0,1,2,1],[4,0,1,2,6,7,8,4],[15,0,1,2,3,2],[16,0,1,2,3,4,5,6,4]],[[[{"name":"auto_award","spriteFrames":[]}],[6],0,[],[],[]],[[{"name":"panel_award_bg1","rect":{"x":3,"y":1,"width":1137,"height":271},"offset":{"x":1.5,"y":-0.5},"originalSize":{"width":1140,"height":272},"rotated":false,"capInsets":[0,0,0,0],"vertices":{"rawPosition":[-568.5,-135.5,0,568.5,-135.5,0,-568.5,135.5,0,568.5,135.5,0],"indexes":[0,1,2,2,1,3],"uv":[3,271,1140,271,3,0,1140,0],"nuv":[0.002631578947368421,0,1,0,0.002631578947368421,0.9963235294117647,1,0.9963235294117647],"minPos":{"x":-568.5,"y":-135.5,"z":0},"maxPos":{"x":568.5,"y":135.5,"z":0}},"packable":true,"pixelsToUnit":100,"pivot":{"x":0.5,"y":0.5},"meshType":0}],[7],0,[0],[5],[11]],[[[16,"node_award_level"],[17,"node_award_level",33554432,[-3,-4,-5,-6,-7,-8,-9,-10,-11,-12,-13,-14],[[11,-2,[0,"32uLli9EJNQqyFfD+bMhMk"]]],[1,"c46/YsCPVOJYA4mWEpNYRx",null,null,null,-1,0]],[8,"Layout_noVip",33554432,1,[-17,-18,-19,-20,-21,-22,-23,-24,-25,-26,-27,-28,-29],[[11,-15,[0,"5eSOUzi4BNgKQxgNXECifQ"]],[13,-16,[0,"ebBktdb+pPDoO/mH1ibxn7"]]],[1,"ea0mvGgKNHPZ2eF1FknP5P",null,null,null,1,0],[1,57,-25,0]],[18,"Layout_Vip",false,33554432,1,[-32,-33,-34,-35,-36,-37,-38],[[11,-30,[0,"a3I5Yf34dPo7UsbskM9SAE"]],[13,-31,[0,"c1h/fpHDNAXaYMyB6Geq6r"]]],[1,"6f/xrG9+1L1anvH56PJhBw",null,null,null,1,0],[1,57,-25,0]],[22,"ScrollView",33554432,1,[-42,-43],[[[2,-39,[0,"dd6H2KmBJAKrKWDXB9xaBW"],[5,124,180]],[14,1,0,-40,[0,"30PvG4XJpBx5MQe7E7iDt2"]],-41],4,4,1],[1,"abV4ESfIhEA5ydaYXNe2ud",null,null,null,1,0],[1,-53,-41,0]],[23,"scrollBar",false,33554432,4,[-48],[[[10,-44,[0,"0dNt8P7ChGi7IzwegYDGgX"],[5,12,180],[0,1,0.5]],[25,1,0,-45,[0,"3eVMKzQ9JDj72Hy4C9l94X"],15],[26,37,250,1,-46,[0,"0dt3M7ULRF15NNuSBhe2+D"]],-47],4,4,4,1],[1,"85BhBnk7pHLZLr2x+TPHip",null,null,null,1,0],[1,62,0,0]],[8,"btn_award_menerima",33554432,1,[-53],[[2,-49,[0,"d5GewTIg5L2L4aL1O4U+z5"],[5,165,61]],[4,1,0,-50,[0,"1cRnWmoTVHRo4sb9ODju4Y"],21,22],[27,3,0.9,-52,[0,"86Ug7t3oVKxYRtuiMbQYbe"],[4,4292269782],-51,23,24,25,26]],[1,"88GeYRp61FHIXK4BLj/p9L",null,null,null,1,0],[1,-119,-181,0]],[8,"btn_award_noVip",33554432,2,[-58],[[2,-54,[0,"e7b4qn+51DQbBvVTZFLa1h"],[5,165,61]],[4,1,0,-55,[0,"6eWmlFNt9Gd4cIXVB8Equf"],41,42],[15,3,0.9,-57,[0,"cfmxkpwCtDGoLz6xeK4NSB"],[4,4292269782],-56,43]],[1,"381HQowI5MiZfb0vcsGSqn",null,null,null,1,0],[1,174,-156,0]],[8,"spr_award_more",33554432,1,[-61,-62],[[2,-59,[0,"79FfTc4/hHYLQpJf5f82oa"],[5,123,180]],[4,1,0,-60,[0,"3dKdSXc0pFya6QKdIOC92S"],9,10]],[1,"3fb3jk7uhIS6XemO1xnmUB",null,null,null,1,0],[1,-179,-41,0]],[19,"spr_award_one",false,33554432,1,[-65,-66],[[2,-63,[0,"30JnxNNu5GgLXQYLvK0+U7"],[5,123,180]],[4,1,0,-64,[0,"ceuKlFPEVIHr8wQch+L5l1"],13,14]],[1,"46H9JxRLlMgIUHX6YM2l3I",null,null,null,1,0],[1,-114.89999999999998,-41,0],[1,2,1,1]],[20,"view",33554432,4,[-70],[[2,-67,[0,"5d5ESRyMBEsKEiXMQO9Od1"],[5,124,180]],[28,-68,[0,"acl7mar2ZGnbA8NLKZditu"]],[29,-69,[0,"92RGSTCvxJpqX3sOYFkYsc"],[4,16777215]]],[1,"eda1n5ClhIpJ3/8ZuS0SPh",null,null,null,1,0]],[21,"spr_award_item",33554432,[-73,-74],[[2,-71,[0,"dcq0B4x3NJopMnTUdO6vhy"],[5,124,89]],[4,1,0,-72,[0,"d0tD50XfhAKIN/oxTtMgys"],18,19]],[1,"a0Mre0SXVCb5fU9PeJZUi8",null,null,null,1,0],[1,0,-44,0]],[3,"btn_tips_close",33554432,1,[[10,-75,[0,"fcTbRafGdDaKTttCxPsPwY"],[5,61,79],[0,0.5,1]],[4,1,0,-76,[0,"57zkmfzPdDHLAywT9op/fD"],54,55],[15,3,0.9,-78,[0,"191D9jW8BOhZR4P0yS6try"],[4,4292269782],-77,56]],[1,"008Bf2j8VAMZ0BtVKexAOb",null,null,null,1,0],[1,511,253,0]],[8,"content",33554432,10,[11],[[10,-79,[0,"6eH9JnTx9ENbSihH1Cr/aB"],[5,124,180],[0,0.5,1]]],[1,"62NzhvkS5F37fLMHrpKjB2",null,null,null,1,0],[1,0,90,0]],[3,"spr_award_bg",33554432,1,[[2,-80,[0,"a4HDBgPLNJPKQJLLsn1Vu+"],[5,982,670]],[6,-81,[0,"0d22ae7zFNsbclvL0wdeie"],0]],[1,"48FDB7LD5ON7ZPIsuPgeZg",null,null,null,1,0],[1,51,-23,0]],[3,"spr_award_bg1",33554432,1,[[2,-82,[0,"6eBu3LQXlPyaA48m4qeMMW"],[5,730,394]],[4,1,0,-83,[0,"68Cir5FyVM1bSHqeu0Dq0T"],1,2]],[1,"ecZPjTc0ZH5KEIGTVzMOoI",null,null,null,1,0],[1,57,-58,0]],[3,"spr_award_bg2",33554432,1,[[2,-84,[0,"bfUhMTm81CDZqHQzLA/Ydr"],[5,1140,272]],[4,1,0,-85,[0,"05Jx3yKylJTJcAjW2R53G5"],3,4]],[1,"c0KVhfintHa5pGD4l4jeN0",null,null,null,1,0],[1,53,-259,0]],[3,"spr_award_bg4",33554432,1,[[2,-86,[0,"92u00wu7xN5b90Mb1fb/0q"],[5,343,329]],[4,1,0,-87,[0,"19Y2rNImVA3K/5Di/qeyG1"],5,6]],[1,"e9QSDg88pF0pl+wwEKiwQN",null,null,null,1,0],[1,-119,-49,0]],[3,"Label_award_level",33554432,1,[[2,-88,[0,"4bPQDAta9KyrT7wBj0Vdfl"],[5,709.33,50.4]],[7,"Congratulations on your upgrade to LV 5!",36,36,true,-89,[0,"7bsEVd0DlO5LeDbkZdBmrF"],[4,4287163903]]],[1,"5aVcWpOH9OXrtXOyYnDziT",null,null,null,1,0],[1,53,183,0]],[9,"spr_award_gold",33554432,8,[[2,-90,[0,"9f43cxSw5CyagZYKdX90rA"],[5,127,84]],[4,1,0,-91,[0,"4cPSvgSMlLKoeePQz0vZt8"],7,8]],[1,"71rFiTKodN64fK/ZblklUj",null,null,null,1,0],[1,0,26,0],[1,0.8,0.8,1]],[3,"Label_award_num",33554432,8,[[2,-92,[0,"faUqEPeqtEr6q5J4oaEhH+"],[5,35.02,50.4]],[7,"30M",18,18,true,-93,[0,"15l7z6UPBDlJyITy3GaGJO"],[4,4280561779]]],[1,"eb5laFJXRPwI3MsmleJD57",null,null,null,1,0],[1,0,-40,0]],[9,"spr_award_gold",33554432,9,[[2,-94,[0,"c9A6ETuXdI2IqWdeXDh2RW"],[5,127,84]],[4,1,0,-95,[0,"91HnoHE+xJjJ9VpC1rJp8t"],11,12]],[1,"deYXSQLh9GM5IwzuybT18C",null,null,null,1,0],[1,0,26,0],[1,0.5,0.5,1]],[9,"Label_award_num",33554432,9,[[2,-96,[0,"40bmc1Ms5MOKB0NRvnW8Pe"],[5,70.03,50.4]],[30,"30M",36,36,-97,[0,"53r0GxorNCGoRJ/Th6M6lI"],[4,4280561779]]],[1,"61Crv+csNAqKxZ+1jSKHI4",null,null,null,1,0],[1,0,-40,0],[1,0.5,0.5,1]],[24,"bar",33554432,5,[[[10,-98,[0,"7ez8+1GIBI86FYi3kehPrd"],[5,10,156.25],[0,0,0]],-99],4,1],[1,"3bGlAi7HxFaocTZeGaGaem",null,null,null,1,0],[1,-11,-31.25,0]],[9,"spr_award_item",33554432,11,[[2,-100,[0,"67SUrAJpVNybB/lA4dy9ea"],[5,127,84]],[4,1,0,-101,[0,"b7uVcScPNF7ZVpWO87i1MN"],16,17]],[1,"47CMWoJbJIZa+hKbF1ijG8",null,null,null,1,0],[1,-1.952,11.36,0],[1,0.5,0.5,1]],[3,"Label_award_num",33554432,11,[[2,-102,[0,"57SgUS6mFHLbKpU+cCXSLL"],[5,35.02,50.4]],[7,"30M",18,18,true,-103,[0,"15V6AUTrlAkIhcy66+tVVg"],[4,4280561779]]],[1,"33PKq4TPBDOpC8mIG7IK1A",null,null,null,1,0],[1,0,-29,0]],[3,"word_award_menerima",33554432,6,[[2,-104,[0,"97JjUoR0hNdblTvaHh2beR"],[5,138,22]],[6,-105,[0,"80nqKnjVdMfZPIhvWYa4fj"],20]],[1,"1eOvzdjhZF4ZtOQSR6vI96",null,null,null,1,0],[1,0,4,0]],[3,"spr_noVip_bg",33554432,2,[[2,-106,[0,"8dXGhErhJL8pt8rpJO5Spl"],[5,276,330]],[4,1,0,-107,[0,"28GkWaIkZG3LQKuVXNuaWt"],27,28]],[1,"8axPRCk/5P4bGq05yqdJxK",null,null,null,1,0],[1,178.548,-35.81699999999999,0]],[3,"spr_award_titleBg",33554432,2,[[2,-108,[0,"c61u4TTiFGf65Lium/gHYR"],[5,238,25]],[6,-109,[0,"47pDH1NMtOmpZx1v2Fsrac"],29]],[1,"f3kovnKqtC2oD79FAKJSM/",null,null,null,1,0],[1,180,98,0]],[3,"Label_title1",33554432,2,[[2,-110,[0,"b4jVysPxJO7pT+U7C4/t2k"],[5,142.69,50.4]],[7,"Tampilan Hadiah",18,18,true,-111,[0,"8e9x8r8SVEaaPs9Royihr5"],[4,4280561779]]],[1,"6c7vfdgNpBCYAJbTX4Bd/Z",null,null,null,1,0],[1,172.944,97.968,0]],[3,"Label_noVip_1",33554432,2,[[2,-112,[0,"33VidmfyFMyLvnKj18o41V"],[5,223.14,67.8]],[12,"Dapatkan 30 juta koin emas\nDapatkan alat peraga",0,18,18,30,-113,[0,"58iEm1YLlCGpiXyhSjyPyV"],[4,4280561779]]],[1,"0e+JpF6V1ENZZLXwM3VsuW",null,null,null,1,0],[1,190,47,0]],[3,"spr_noVip_dian1",33554432,2,[[2,-114,[0,"65vIOLUKNBVpm5WHI7XvIl"],[5,12,12]],[5,-115,[0,"5fAKGokIBES6oHtyKuYE3+"],30,31]],[1,"d0BL0rChtH5L8zbjPLwYZl",null,null,null,1,0],[1,64,60,0]],[3,"spr_noVip_dian2",33554432,2,[[2,-116,[0,"ad+ItF//VA97785/XTMomO"],[5,12,12]],[5,-117,[0,"d7prF7/mZIjIiKRxcadKfo"],32,33]],[1,"fe6nRRp0ZFUYHEGO2NwkqA",null,null,null,1,0],[1,64,30,0]],[3,"spr_award_titleBg2",33554432,2,[[2,-118,[0,"bdv5+/RmFPQbgn8iqcIBur"],[5,238,25]],[6,-119,[0,"f2LwVUI1dLHJpnhPfeSRIf"],34]],[1,"dc+4VbO9dBn43Wc6o+rv90",null,null,null,1,0],[1,180,-37,0]],[3,"Label_title2",33554432,2,[[2,-120,[0,"d0LL93NNtEjpArpm9H9uT3"],[5,176.7,50.4]],[7,"VIP Tampilan Hadiah",18,18,true,-121,[0,"0492hJMt5EM4FdkoWFlmLa"],[4,4280561779]]],[1,"097cn1KlVNo4EvOYR1orIJ",null,null,null,1,0],[1,172,-36,0]],[3,"Label_noVip_2",33554432,2,[[2,-122,[0,"c5Sc52NPlKHL7pn8MO6uT3"],[5,223.14,67.8]],[12,"Dapatkan 30 juta koin emas\nDapatkan alat peraga",0,18,18,30,-123,[0,"49OxMZXN5Gl7x+VSqr2Ytq"],[4,4280561779]]],[1,"77LPcCdu5PjLLs5gmjtmhb",null,null,null,1,0],[1,190,-86,0]],[3,"spr_noVip_dian3",33554432,2,[[2,-124,[0,"9b7IvQUsZLcKbf/txcFjSc"],[5,12,12]],[5,-125,[0,"b8e1eSkZVIQZJpaz46j7/h"],35,36]],[1,"da40ESooNLBLCsLwWw7EV6",null,null,null,1,0],[1,64,-72,0]],[3,"spr_noVip_dian4",33554432,2,[[2,-126,[0,"f785Hk0PZHhqs+inExu/3q"],[5,12,12]],[5,-127,[0,"d9KkoVvIRLY7/d9rvkycCu"],37,38]],[1,"e13MTjIhdO/JjFYoiYyZMi",null,null,null,1,0],[1,64,-102,0]],[3,"word_award_menerima",33554432,7,[[2,-128,[0,"30LP8vWf5ApZaGlsi/CGE8"],[5,137,26]],[5,-129,[0,"7fsL2r9c5FkJDK9L7Zna/F"],39,40]],[1,"c4SR7S565KILj5Fkish4JC",null,null,null,1,0],[1,0,4,0]],[3,"word_award_title",33554432,2,[[2,-130,[0,"21Y+5sKrxCAo7MwQPE2kmZ"],[5,157,72]],[6,-131,[0,"d8L5DlgUJOR7K8CfSEq6wJ"],44]],[1,"db5fKL5K5OwISBOXu92TfC",null,null,null,1,0],[1,10,290,0]],[3,"spr_Vip_bg",33554432,3,[[2,-132,[0,"60BZPod8xMkqetWrm9oi1C"],[5,276,330]],[4,1,0,-133,[0,"b5qnO7MK1NfZlurGjISgiO"],45,46]],[1,"12/Io5A9ZKHpWNTBt+eptY",null,null,null,1,0],[1,178.548,-35.81699999999999,0]],[3,"spr_award_titleBg",33554432,3,[[2,-134,[0,"3088/D2gBEN5x6hE1WlOsT"],[5,238,25]],[6,-135,[0,"95bQBiRgFLdJussPARUeex"],47]],[1,"026tjK5TBMdZnh8BvZKwUH",null,null,null,1,0],[1,180,98,0]],[3,"Label_title1",33554432,3,[[2,-136,[0,"41jwyvvulKII578dwNQ3iI"],[5,142.69,50.4]],[7,"Tampilan Hadiah",18,18,true,-137,[0,"5a0W8x0TlDxo4xAL7wgwSx"],[4,4280561779]]],[1,"0eIhzvQINEioDVwgQnqZ8z",null,null,null,1,0],[1,172.944,97.968,0]],[3,"Label_Vip_1",33554432,3,[[2,-138,[0,"f7ORJ3qzlG1KL+aHjuUcr2"],[5,223.14,67.8]],[12,"Dapatkan 30 juta koin emas\nDapatkan alat peraga",0,18,18,30,-139,[0,"f16ulQnFBE6LUCPFjGeKH6"],[4,4280561779]]],[1,"09GKD4ifpCpb4Mrhn4Ou8p",null,null,null,1,0],[1,190,47,0]],[3,"spr_Vip_dian1",33554432,3,[[2,-140,[0,"ab69cnTxlNNYmwGK9w4voY"],[5,12,12]],[5,-141,[0,"5dqPcI08dIgIGyhaCHqjtW"],48,49]],[1,"0aALnjPb9NjqR7CzBMJ2q4",null,null,null,1,0],[1,64,60,0]],[3,"spr_Vip_dian2",33554432,3,[[2,-142,[0,"f5aVNYlzFBB4uhxawyWwlo"],[5,12,12]],[5,-143,[0,"c7yk8XcWxMo5CfHm8F8Rbk"],50,51]],[1,"06DkUz+LJCVpZsZai+msJn",null,null,null,1,0],[1,64,30,0]],[3,"word_award_title",33554432,3,[[2,-144,[0,"33HEQFJnNFsJ8+eIHiE6Lt"],[5,242,83]],[5,-145,[0,"e21UVGn+VBNaqVbEUDfm8H"],52,53]],[1,"e2ASZuWy1D2IAYLK1kemK2",null,null,null,1,0],[1,10,290,0]],[14,1,0,23,[0,"43vQsHk/BJ1KTQNwHA4LC/"]],[31,1,5,[0,"4fEwCbNOZKELN9GvmrVmrq"],47],[32,0.23,0.75,false,4,[0,"35tF5tY+NLcaWQEE3AMcFF"],13,48]],0,[0,6,1,0,0,1,0,-1,14,0,-2,15,0,-3,16,0,-4,17,0,-5,18,0,-6,8,0,-7,9,0,-8,4,0,-9,6,0,-10,2,0,-11,3,0,-12,12,0,0,2,0,0,2,0,-1,27,0,-2,28,0,-3,29,0,-4,30,0,-5,31,0,-6,32,0,-7,33,0,-8,34,0,-9,35,0,-10,36,0,-11,37,0,-12,7,0,-13,39,0,0,3,0,0,3,0,-1,40,0,-2,41,0,-3,42,0,-4,43,0,-5,44,0,-6,45,0,-7,46,0,0,4,0,0,4,0,-3,49,0,-1,5,0,-2,10,0,0,5,0,0,5,0,0,5,0,-4,48,0,-1,23,0,0,6,0,0,6,0,3,6,0,0,6,0,-1,26,0,0,7,0,0,7,0,3,7,0,0,7,0,-1,38,0,0,8,0,0,8,0,-1,19,0,-2,20,0,0,9,0,0,9,0,-1,21,0,-2,22,0,0,10,0,0,10,0,0,10,0,-1,13,0,0,11,0,0,11,0,-1,24,0,-2,25,0,0,12,0,0,12,0,3,12,0,0,12,0,0,13,0,0,14,0,0,14,0,0,15,0,0,15,0,0,16,0,0,16,0,0,17,0,0,17,0,0,18,0,0,18,0,0,19,0,0,19,0,0,20,0,0,20,0,0,21,0,0,21,0,0,22,0,0,22,0,0,23,0,-2,47,0,0,24,0,0,24,0,0,25,0,0,25,0,0,26,0,0,26,0,0,27,0,0,27,0,0,28,0,0,28,0,0,29,0,0,29,0,0,30,0,0,30,0,0,31,0,0,31,0,0,32,0,0,32,0,0,33,0,0,33,0,0,34,0,0,34,0,0,35,0,0,35,0,0,36,0,0,36,0,0,37,0,0,37,0,0,38,0,0,38,0,0,39,0,0,39,0,0,40,0,0,40,0,0,41,0,0,41,0,0,42,0,0,42,0,0,43,0,0,43,0,0,44,0,0,44,0,0,45,0,0,45,0,0,46,0,0,46,0,7,1,11,8,13,48,9,49,145],[0,0,0,0,0,0,0,0,0,0,0,0,0,0,0,0,0,0,0,0,0,0,0,0,0,0,0,0,0,0,0,0,0,0,0,0,0,0,0,0,0,0,0,0,0,0,0,0,0,0,0,0,0,0,0,0,0,47],[1,1,2,1,2,1,2,1,2,1,2,1,2,1,2,1,1,2,1,2,1,1,2,4,10,11,12,1,2,1,1,2,1,2,1,1,2,1,2,1,2,1,2,4,1,1,2,1,1,2,1,2,1,2,1,2,4,1],[12,4,0,13,0,14,0,2,0,5,0,2,0,5,0,15,2,0,4,0,16,6,7,6,17,18,19,8,0,3,1,0,1,0,3,1,0,1,0,20,0,9,7,9,21,8,0,3,1,0,1,0,22,0,10,23,10,24]]]]
