[1,["1c8c26dd1@6c48a"],["_textureSource"],["cc.SpriteFrame","cc.SpriteAtlas"],0,[[[{"name":"bg_kefu_zuo","rect":{"x":3,"y":286,"width":31,"height":710},"offset":{"x":0,"y":0},"originalSize":{"width":31,"height":710},"rotated":true,"capInsets":[0,0,0,0],"packable":true,"pixelsToUnit":100,"pivot":{"x":0.5,"y":0.5},"meshType":0}],[0],0,[0],[0],[0]],[[{"name":"Situs Resmi","rect":{"x":3,"y":89,"width":152,"height":25},"offset":{"x":0,"y":0},"originalSize":{"width":152,"height":25},"rotated":false,"capInsets":[0,0,0,0],"packable":true,"pixelsToUnit":100,"pivot":{"x":0.5,"y":0.5},"meshType":0}],[0],0,[0],[0],[0]],[[{"name":"btn_dt_kefu_liulanqi","rect":{"x":74,"y":120,"width":85,"height":69},"offset":{"x":0,"y":0},"originalSize":{"width":85,"height":69},"rotated":false,"capInsets":[0,0,0,0],"packable":true,"pixelsToUnit":100,"pivot":{"x":0.5,"y":0.5},"meshType":0}],[0],0,[0],[0],[0]],[[{"name":"icon_kefu_liulanqi","rect":{"x":3,"y":120,"width":64,"height":65},"offset":{"x":0,"y":0},"originalSize":{"width":64,"height":65},"rotated":true,"capInsets":[0,0,0,0],"packable":true,"pixelsToUnit":100,"pivot":{"x":0.5,"y":0.5},"meshType":0}],[0],0,[0],[0],[0]],[[{"name":"auto_service","spriteFrames":[]}],[1],0,[],[],[]],[[{"name":"btn_dt_kehu_fanhui","rect":{"x":161,"y":20,"width":70,"height":60},"offset":{"x":0,"y":0},"originalSize":{"width":70,"height":60},"rotated":true,"capInsets":[0,0,0,0],"packable":true,"pixelsToUnit":100,"pivot":{"x":0.5,"y":0.5},"meshType":0}],[0],0,[0],[0],[0]],[[{"name":"btn_bet_deer","rect":{"x":3,"y":3,"width":1,"height":1},"offset":{"x":0.5,"y":-0.5},"originalSize":{"width":2,"height":2},"rotated":false,"capInsets":[0,0,0,0],"packable":true,"pixelsToUnit":100,"pivot":{"x":0.5,"y":0.5},"meshType":0}],[0],0,[0],[0],[0]],[[{"name":"icon_kefu_guanwnag","rect":{"x":63,"y":20,"width":62,"height":63},"offset":{"x":0,"y":0},"originalSize":{"width":62,"height":63},"rotated":false,"capInsets":[0,0,0,0],"packable":true,"pixelsToUnit":100,"pivot":{"x":0.5,"y":0.5},"meshType":0}],[0],0,[0],[0],[0]],[[{"name":"bg_kefu_you","rect":{"x":3,"y":256,"width":24,"height":708},"offset":{"x":0,"y":0},"originalSize":{"width":24,"height":708},"rotated":true,"capInsets":[0,0,0,0],"packable":true,"pixelsToUnit":100,"pivot":{"x":0.5,"y":0.5},"meshType":0}],[0],0,[0],[0],[0]],[[{"name":"bg_dt_kefu_di","rect":{"x":227,"y":20,"width":92,"height":92},"offset":{"x":0,"y":0},"originalSize":{"width":92,"height":92},"rotated":false,"capInsets":[0,0,0,0],"packable":true,"pixelsToUnit":100,"pivot":{"x":0.5,"y":0.5},"meshType":0}],[0],0,[0],[0],[0]],[[{"name":"bg_kefu_zuobox","rect":{"x":3,"y":323,"width":386,"height":714},"offset":{"x":0,"y":0},"originalSize":{"width":386,"height":714},"rotated":true,"capInsets":[0,0,0,0],"packable":true,"pixelsToUnit":100,"pivot":{"x":0.5,"y":0.5},"meshType":0}],[0],0,[0],[0],[0]],[[{"name":"bg_kefu_fengexian ","rect":{"x":3,"y":10,"width":270,"height":4},"offset":{"x":0,"y":0},"originalSize":{"width":270,"height":4},"rotated":false,"capInsets":[0,0,0,0],"packable":true,"pixelsToUnit":100,"pivot":{"x":0.5,"y":0.5},"meshType":0}],[0],0,[0],[0],[0]],[[{"name":"Peramban Terbuka","rect":{"x":3,"y":195,"width":136,"height":55},"offset":{"x":0,"y":0},"originalSize":{"width":136,"height":55},"rotated":false,"capInsets":[0,0,0,0],"packable":true,"pixelsToUnit":100,"pivot":{"x":0.5,"y":0.5},"meshType":0}],[0],0,[0],[0],[0]],[[{"name":"bg_kefu_youbeijing","rect":{"x":3,"y":20,"width":54,"height":54},"offset":{"x":0,"y":0},"originalSize":{"width":54,"height":54},"rotated":false,"capInsets":[0,0,0,0],"packable":true,"pixelsToUnit":100,"pivot":{"x":0.5,"y":0.5},"meshType":0}],[0],0,[0],[0],[0]]]]
