[1,["c33LqafJJHN7O6ERVfy9Sa@f9941","c33LqafJJHN7O6ERVfy9Sa@6c48a"],["spriteFrame","_textureSource"],["cc.SpriteFrame",["cc.BitmapFont",["_name","fontSize","fntConfig"],0]],[[1,0,1,2,4]],[[[[0,"front_gift_4",32,{"commonHeight":32,"fontSize":32,"atlasName":"front_gift_4_0.png","fontDefDictionary":{"37":{"xOffset":-1,"yOffset":-1,"xAdvance":22,"rect":{"x":0,"y":0,"width":24,"height":31}},"43":{"xOffset":-1,"yOffset":-1,"xAdvance":18,"rect":{"x":70,"y":0,"width":20,"height":31}},"44":{"xOffset":-1,"yOffset":-1,"xAdvance":10,"rect":{"x":0,"y":32,"width":12,"height":31}},"46":{"xOffset":-1,"yOffset":-1,"xAdvance":9,"rect":{"x":13,"y":32,"width":11,"height":31}},"48":{"xOffset":-1,"yOffset":-1,"xAdvance":18,"rect":{"x":91,"y":0,"width":20,"height":31}},"49":{"xOffset":-1,"yOffset":-1,"xAdvance":14,"rect":{"x":235,"y":0,"width":16,"height":31}},"50":{"xOffset":-1,"yOffset":-1,"xAdvance":18,"rect":{"x":112,"y":0,"width":20,"height":31}},"51":{"xOffset":-1,"yOffset":-1,"xAdvance":18,"rect":{"x":133,"y":0,"width":20,"height":31}},"52":{"xOffset":-1,"yOffset":-1,"xAdvance":19,"rect":{"x":48,"y":0,"width":21,"height":31}},"53":{"xOffset":-1,"yOffset":-1,"xAdvance":17,"rect":{"x":175,"y":0,"width":19,"height":31}},"54":{"xOffset":-1,"yOffset":-1,"xAdvance":17,"rect":{"x":195,"y":0,"width":19,"height":31}},"55":{"xOffset":-1,"yOffset":-1,"xAdvance":20,"rect":{"x":25,"y":0,"width":22,"height":31}},"56":{"xOffset":-1,"yOffset":-1,"xAdvance":17,"rect":{"x":215,"y":0,"width":19,"height":31}},"57":{"xOffset":-1,"yOffset":-1,"xAdvance":18,"rect":{"x":154,"y":0,"width":20,"height":31}}},"kerningDict":{}}]],0,0,[0],[0],[0]],[[{"name":"front_gift_4_0","rect":{"x":1,"y":1,"width":246,"height":61},"offset":{"x":-4,"y":224.5},"originalSize":{"width":256,"height":512},"rotated":false,"capInsets":[0,0,0,0],"vertices":{"rawPosition":[-123,-30.5,0,123,-30.5,0,-123,30.5,0,123,30.5,0],"indexes":[0,1,2,2,1,3],"uv":[1,511,247,511,1,450,247,450],"nuv":[0.00390625,0.87890625,0.96484375,0.87890625,0.00390625,0.998046875,0.96484375,0.998046875],"minPos":{"x":-123,"y":-30.5,"z":0},"maxPos":{"x":123,"y":30.5,"z":0}},"packable":true,"pixelsToUnit":100,"pivot":{"x":0.5,"y":0.5},"meshType":0}],[0],0,[0],[1],[1]]]]
