[1,["17edff66e@6c48a"],["_textureSource"],["cc.SpriteFrame","cc.SpriteAtlas"],0,[[[{"name":"auto-tanchuang","spriteFrames":[]}],[1],0,[],[],[]],[[{"name":"zi_tangchang_1","rect":{"x":3,"y":74,"width":914,"height":504},"offset":{"x":0,"y":0},"originalSize":{"width":914,"height":504},"rotated":true,"capInsets":[0,0,0,0],"packable":true,"pixelsToUnit":100,"pivot":{"x":0.5,"y":0.5},"meshType":0}],[0],0,[0],[0],[0]],[[{"name":"bg_tanchuang_fenleibg","rect":{"x":3,"y":3,"width":968,"height":65},"offset":{"x":0,"y":0},"originalSize":{"width":968,"height":65},"rotated":false,"capInsets":[0,0,0,0],"packable":true,"pixelsToUnit":100,"pivot":{"x":0.5,"y":0.5},"meshType":0}],[0],0,[0],[0],[0]],[[{"name":"bg_fenxiang_erweimabg","rect":{"x":513,"y":74,"width":486,"height":486},"offset":{"x":0,"y":0},"originalSize":{"width":486,"height":486},"rotated":false,"capInsets":[0,0,0,0],"packable":true,"pixelsToUnit":100,"pivot":{"x":0.5,"y":0.5},"meshType":0}],[0],0,[0],[0],[0]]]]
