[1,["1c9ca6d7e@6c48a"],["_textureSource"],["cc.SpriteFrame","cc.SpriteAtlas"],0,[[[{"name":"money_day_bg01","rect":{"x":843,"y":341,"width":161,"height":159},"offset":{"x":0,"y":-1.5},"originalSize":{"width":163,"height":164},"rotated":true,"capInsets":[0,0,0,0],"packable":true,"pixelsToUnit":100,"pivot":{"x":0.5,"y":0.5},"meshType":0}],[0],0,[0],[0],[0]],[[{"name":"checked_in_btnFont","rect":{"x":687,"y":899,"width":300,"height":84},"offset":{"x":0,"y":0},"originalSize":{"width":300,"height":84},"rotated":false,"capInsets":[0,0,0,0],"packable":true,"pixelsToUnit":100,"pivot":{"x":0.5,"y":0.5},"meshType":0}],[0],0,[0],[0],[0]],[[{"name":"icon_yiqiandao","rect":{"x":687,"y":806,"width":83,"height":83},"offset":{"x":0,"y":0},"originalSize":{"width":87,"height":87},"rotated":false,"capInsets":[0,0,0,0],"packable":true,"pixelsToUnit":100,"pivot":{"x":0.5,"y":0.5},"meshType":0}],[0],0,[0],[0],[0]],[[{"name":"icon_dt_shop_jinb1","rect":{"x":927,"y":655,"width":127,"height":71},"offset":{"x":0,"y":0},"originalSize":{"width":127,"height":71},"rotated":true,"capInsets":[0,0,0,0],"packable":true,"pixelsToUnit":100,"pivot":{"x":0.5,"y":0.5},"meshType":0}],[0],0,[0],[0],[0]],[[{"name":"icon_dt_shop_jinb3","rect":{"x":843,"y":655,"width":127,"height":78},"offset":{"x":0,"y":0},"originalSize":{"width":127,"height":78},"rotated":true,"capInsets":[0,0,0,0],"packable":true,"pixelsToUnit":100,"pivot":{"x":0.5,"y":0.5},"meshType":0}],[0],0,[0],[0],[0]],[[{"name":"checked_in_btn","rect":{"x":3,"y":929,"width":300,"height":84},"offset":{"x":0,"y":0},"originalSize":{"width":300,"height":84},"rotated":false,"capInsets":[0,0,0,0],"packable":true,"pixelsToUnit":100,"pivot":{"x":0.5,"y":0.5},"meshType":0}],[0],0,[0],[0],[0]],[[{"name":"icon_dt_shop_jinb5","rect":{"x":442,"y":929,"width":127,"height":81},"offset":{"x":0,"y":0},"originalSize":{"width":127,"height":81},"rotated":false,"capInsets":[0,0,0,0],"packable":true,"pixelsToUnit":100,"pivot":{"x":0.5,"y":0.5},"meshType":0}],[0],0,[0],[0],[0]],[[{"name":"icon_dt_shop_jinb6","rect":{"x":687,"y":673,"width":127,"height":84},"offset":{"x":0,"y":0},"originalSize":{"width":127,"height":84},"rotated":true,"capInsets":[0,0,0,0],"packable":true,"pixelsToUnit":100,"pivot":{"x":0.5,"y":0.5},"meshType":0}],[0],0,[0],[0],[0]],[[{"name":"auto_sigIn","spriteFrames":[]}],[1],0,[],[],[]],[[{"name":"hit","rect":{"x":779,"y":3,"width":890,"height":58},"offset":{"x":0,"y":0},"originalSize":{"width":890,"height":58},"rotated":true,"capInsets":[0,0,0,0],"packable":true,"pixelsToUnit":100,"pivot":{"x":0.5,"y":0.5},"meshType":0}],[0],0,[0],[0],[0]],[[{"name":"icon_dt_shop_jinb2","rect":{"x":843,"y":788,"width":127,"height":72},"offset":{"x":0,"y":0},"originalSize":{"width":127,"height":72},"rotated":false,"capInsets":[0,0,0,0],"packable":true,"pixelsToUnit":100,"pivot":{"x":0.5,"y":0.5},"meshType":0}],[0],0,[0],[0],[0]],[[{"name":"checked_in_close","rect":{"x":575,"y":929,"width":106,"height":79},"offset":{"x":0,"y":0},"originalSize":{"width":106,"height":79},"rotated":false,"capInsets":[0,0,0,0],"packable":true,"pixelsToUnit":100,"pivot":{"x":0.5,"y":0.5},"meshType":0}],[0],0,[0],[0],[0]],[[{"name":"money_day_di","rect":{"x":687,"y":989,"width":104,"height":26},"offset":{"x":0,"y":0},"originalSize":{"width":104,"height":28},"rotated":false,"capInsets":[0,0,0,0],"packable":true,"pixelsToUnit":100,"pivot":{"x":0.5,"y":0.5},"meshType":0}],[0],0,[0],[0],[0]],[[{"name":"checked_in_bg","rect":{"x":3,"y":3,"width":770,"height":664},"offset":{"x":0,"y":0},"originalSize":{"width":770,"height":664},"rotated":false,"capInsets":[0,0,0,0],"packable":true,"pixelsToUnit":100,"pivot":{"x":0.5,"y":0.5},"meshType":0}],[0],0,[0],[0],[0]],[[{"name":"money_icon","rect":{"x":843,"y":508,"width":134,"height":141},"offset":{"x":-0.5,"y":0.5},"originalSize":{"width":135,"height":142},"rotated":false,"capInsets":[0,0,0,0],"packable":true,"pixelsToUnit":100,"pivot":{"x":0.5,"y":0.5},"meshType":0}],[0],0,[0],[0],[0]],[[{"name":"money_day_bg01_di","rect":{"x":797,"y":989,"width":104,"height":26},"offset":{"x":0,"y":0},"originalSize":{"width":104,"height":28},"rotated":false,"capInsets":[0,0,0,0],"packable":true,"pixelsToUnit":100,"pivot":{"x":0.5,"y":0.5},"meshType":0}],[0],0,[0],[0],[0]],[[{"name":"kuang","rect":{"x":3,"y":673,"width":678,"height":250},"offset":{"x":0,"y":0},"originalSize":{"width":682,"height":254},"rotated":false,"capInsets":[0,0,0,0],"packable":true,"pixelsToUnit":100,"pivot":{"x":0.5,"y":0.5},"meshType":0}],[0],0,[0],[0],[0]],[[{"name":"icon_dt_shop_jinb4","rect":{"x":309,"y":929,"width":127,"height":82},"offset":{"x":0,"y":0},"originalSize":{"width":127,"height":82},"rotated":false,"capInsets":[0,0,0,0],"packable":true,"pixelsToUnit":100,"pivot":{"x":0.5,"y":0.5},"meshType":0}],[0],0,[0],[0],[0]],[[{"name":"money_day_bg12","rect":{"x":843,"y":3,"width":161,"height":332},"offset":{"x":0,"y":-1.5},"originalSize":{"width":163,"height":337},"rotated":false,"capInsets":[0,0,0,0],"packable":true,"pixelsToUnit":100,"pivot":{"x":0.5,"y":0.5},"meshType":0}],[0],0,[0],[0],[0]]]]
