[1,["f0bYo9+r9Ptqkzn/3GCe4z@6c48a"],0,[["sp.SkeletonData",["_name","_atlasText","textureNames","_skeletonJson","textures"],-1,3]],[[0,0,1,2,3,4,5]],[[0,"meigui","\r\nmeigui.png\r\nsize: 2048,2048\r\nformat: RGBA8888\r\nfilter: Linear,Linear\r\nrepeat: none\r\nmeigui_0000_1\r\n  rotate: false\r\n  xy: 1046, 2\r\n  size: 259, 230\r\n  orig: 259, 230\r\n  offset: 0, 0\r\n  index: -1\r\nmeigui_0001_2\r\n  rotate: false\r\n  xy: 263, 1162\r\n  size: 259, 230\r\n  orig: 259, 230\r\n  offset: 0, 0\r\n  index: -1\r\nmeigui_0002_3\r\n  rotate: false\r\n  xy: 524, 1162\r\n  size: 259, 230\r\n  orig: 259, 230\r\n  offset: 0, 0\r\n  index: -1\r\nmeigui_0003_4\r\n  rotate: false\r\n  xy: 785, 1162\r\n  size: 259, 230\r\n  orig: 259, 230\r\n  offset: 0, 0\r\n  index: -1\r\nmeigui_0004_5\r\n  rotate: false\r\n  xy: 1046, 1162\r\n  size: 259, 230\r\n  orig: 259, 230\r\n  offset: 0, 0\r\n  index: -1\r\nmeigui_0005_6\r\n  rotate: false\r\n  xy: 1307, 1162\r\n  size: 259, 230\r\n  orig: 259, 230\r\n  offset: 0, 0\r\n  index: -1\r\nmeigui_0006_7\r\n  rotate: false\r\n  xy: 1568, 1162\r\n  size: 259, 230\r\n  orig: 259, 230\r\n  offset: 0, 0\r\n  index: -1\r\nmeigui_0007_8\r\n  rotate: false\r\n  xy: 2, 930\r\n  size: 259, 230\r\n  orig: 259, 230\r\n  offset: 0, 0\r\n  index: -1\r\nmeigui_0008_9\r\n  rotate: false\r\n  xy: 263, 930\r\n  size: 259, 230\r\n  orig: 259, 230\r\n  offset: 0, 0\r\n  index: -1\r\nmeigui_0009_10\r\n  rotate: false\r\n  xy: 524, 930\r\n  size: 259, 230\r\n  orig: 259, 230\r\n  offset: 0, 0\r\n  index: -1\r\nmeigui_0010_11\r\n  rotate: false\r\n  xy: 785, 930\r\n  size: 259, 230\r\n  orig: 259, 230\r\n  offset: 0, 0\r\n  index: -1\r\nmeigui_0011_12\r\n  rotate: false\r\n  xy: 1046, 930\r\n  size: 259, 230\r\n  orig: 259, 230\r\n  offset: 0, 0\r\n  index: -1\r\nmeigui_0012_13\r\n  rotate: false\r\n  xy: 1307, 930\r\n  size: 259, 230\r\n  orig: 259, 230\r\n  offset: 0, 0\r\n  index: -1\r\nmeigui_0013_14\r\n  rotate: false\r\n  xy: 1568, 930\r\n  size: 259, 230\r\n  orig: 259, 230\r\n  offset: 0, 0\r\n  index: -1\r\nmeigui_0014_15\r\n  rotate: false\r\n  xy: 2, 698\r\n  size: 259, 230\r\n  orig: 259, 230\r\n  offset: 0, 0\r\n  index: -1\r\nmeigui_0015_16\r\n  rotate: false\r\n  xy: 263, 698\r\n  size: 259, 230\r\n  orig: 259, 230\r\n  offset: 0, 0\r\n  index: -1\r\nmeigui_0016_17\r\n  rotate: false\r\n  xy: 524, 698\r\n  size: 259, 230\r\n  orig: 259, 230\r\n  offset: 0, 0\r\n  index: -1\r\nmeigui_0017_18\r\n  rotate: false\r\n  xy: 785, 698\r\n  size: 259, 230\r\n  orig: 259, 230\r\n  offset: 0, 0\r\n  index: -1\r\nmeigui_0018_19\r\n  rotate: false\r\n  xy: 1046, 698\r\n  size: 259, 230\r\n  orig: 259, 230\r\n  offset: 0, 0\r\n  index: -1\r\nmeigui_0019_20\r\n  rotate: false\r\n  xy: 1307, 698\r\n  size: 259, 230\r\n  orig: 259, 230\r\n  offset: 0, 0\r\n  index: -1\r\nmeigui_0020_21\r\n  rotate: false\r\n  xy: 1568, 698\r\n  size: 259, 230\r\n  orig: 259, 230\r\n  offset: 0, 0\r\n  index: -1\r\nmeigui_0021_22\r\n  rotate: false\r\n  xy: 2, 466\r\n  size: 259, 230\r\n  orig: 259, 230\r\n  offset: 0, 0\r\n  index: -1\r\nmeigui_0022_23\r\n  rotate: false\r\n  xy: 263, 466\r\n  size: 259, 230\r\n  orig: 259, 230\r\n  offset: 0, 0\r\n  index: -1\r\nmeigui_0023_24\r\n  rotate: false\r\n  xy: 524, 466\r\n  size: 259, 230\r\n  orig: 259, 230\r\n  offset: 0, 0\r\n  index: -1\r\nmeigui_0024_25\r\n  rotate: false\r\n  xy: 785, 466\r\n  size: 259, 230\r\n  orig: 259, 230\r\n  offset: 0, 0\r\n  index: -1\r\nmeigui_0025_26\r\n  rotate: false\r\n  xy: 1046, 466\r\n  size: 259, 230\r\n  orig: 259, 230\r\n  offset: 0, 0\r\n  index: -1\r\nmeigui_0026_27\r\n  rotate: false\r\n  xy: 1307, 466\r\n  size: 259, 230\r\n  orig: 259, 230\r\n  offset: 0, 0\r\n  index: -1\r\nmeigui_0027_28\r\n  rotate: false\r\n  xy: 1568, 466\r\n  size: 259, 230\r\n  orig: 259, 230\r\n  offset: 0, 0\r\n  index: -1\r\nmeigui_0028_29\r\n  rotate: false\r\n  xy: 2, 234\r\n  size: 259, 230\r\n  orig: 259, 230\r\n  offset: 0, 0\r\n  index: -1\r\nmeigui_0029_30\r\n  rotate: false\r\n  xy: 263, 234\r\n  size: 259, 230\r\n  orig: 259, 230\r\n  offset: 0, 0\r\n  index: -1\r\nmeigui_0030_31\r\n  rotate: false\r\n  xy: 524, 234\r\n  size: 259, 230\r\n  orig: 259, 230\r\n  offset: 0, 0\r\n  index: -1\r\nmeigui_0031_32\r\n  rotate: false\r\n  xy: 785, 234\r\n  size: 259, 230\r\n  orig: 259, 230\r\n  offset: 0, 0\r\n  index: -1\r\nmeigui_0032_33\r\n  rotate: false\r\n  xy: 1046, 234\r\n  size: 259, 230\r\n  orig: 259, 230\r\n  offset: 0, 0\r\n  index: -1\r\nmeigui_0033_34\r\n  rotate: false\r\n  xy: 1307, 234\r\n  size: 259, 230\r\n  orig: 259, 230\r\n  offset: 0, 0\r\n  index: -1\r\nmeigui_0034_35\r\n  rotate: false\r\n  xy: 1568, 234\r\n  size: 259, 230\r\n  orig: 259, 230\r\n  offset: 0, 0\r\n  index: -1\r\nmeigui_0035_36\r\n  rotate: false\r\n  xy: 2, 2\r\n  size: 259, 230\r\n  orig: 259, 230\r\n  offset: 0, 0\r\n  index: -1\r\nmeigui_0036_37\r\n  rotate: false\r\n  xy: 263, 2\r\n  size: 259, 230\r\n  orig: 259, 230\r\n  offset: 0, 0\r\n  index: -1\r\nmeigui_0037_38\r\n  rotate: false\r\n  xy: 524, 2\r\n  size: 259, 230\r\n  orig: 259, 230\r\n  offset: 0, 0\r\n  index: -1\r\nmeigui_0038_39\r\n  rotate: false\r\n  xy: 785, 2\r\n  size: 259, 230\r\n  orig: 259, 230\r\n  offset: 0, 0\r\n  index: -1\r\nmeigui_0039_40\r\n  rotate: false\r\n  xy: 2, 1162\r\n  size: 259, 230\r\n  orig: 259, 230\r\n  offset: 0, 0\r\n  index: -1\r\n",["meigui.png"],{"skeleton":{"hash":"SrjFblELV9OdYRwue9ibAqgMZ4w","spine":"3.8.99","x":-129,"y":-115,"width":259,"height":230,"images":"D:/nie/nie/表情/玫瑰","audio":""},"bones":[{"name":"root"}],"slots":[{"name":"1","bone":"root","attachment":"meigui_0000_1"}],"skins":[{"name":"default","attachments":{"1":{"meigui_0001_2":{"x":0.5,"width":259,"height":230},"meigui_0002_3":{"x":0.5,"width":259,"height":230},"meigui_0003_4":{"x":0.5,"width":259,"height":230},"meigui_0004_5":{"x":0.5,"width":259,"height":230},"meigui_0005_6":{"x":0.5,"width":259,"height":230},"meigui_0006_7":{"x":0.5,"width":259,"height":230},"meigui_0007_8":{"x":0.5,"width":259,"height":230},"meigui_0008_9":{"x":0.5,"width":259,"height":230},"meigui_0009_10":{"x":0.5,"width":259,"height":230},"meigui_0010_11":{"x":0.5,"width":259,"height":230},"meigui_0011_12":{"x":0.5,"width":259,"height":230},"meigui_0012_13":{"x":0.5,"width":259,"height":230},"meigui_0013_14":{"x":0.5,"width":259,"height":230},"meigui_0014_15":{"x":0.5,"width":259,"height":230},"meigui_0015_16":{"x":0.5,"width":259,"height":230},"meigui_0016_17":{"x":0.5,"width":259,"height":230},"meigui_0017_18":{"x":0.5,"width":259,"height":230},"meigui_0018_19":{"x":0.5,"width":259,"height":230},"meigui_0019_20":{"x":0.5,"width":259,"height":230},"meigui_0020_21":{"x":0.5,"width":259,"height":230},"meigui_0021_22":{"x":0.5,"width":259,"height":230},"meigui_0022_23":{"x":0.5,"width":259,"height":230},"meigui_0023_24":{"x":0.5,"width":259,"height":230},"meigui_0024_25":{"x":0.5,"width":259,"height":230},"meigui_0025_26":{"x":0.5,"width":259,"height":230},"meigui_0026_27":{"x":0.5,"width":259,"height":230},"meigui_0027_28":{"x":0.5,"width":259,"height":230},"meigui_0028_29":{"x":0.5,"width":259,"height":230},"meigui_0029_30":{"x":0.5,"width":259,"height":230},"meigui_0030_31":{"x":0.5,"width":259,"height":230},"meigui_0031_32":{"x":0.5,"width":259,"height":230},"meigui_0032_33":{"x":0.5,"width":259,"height":230},"meigui_0033_34":{"x":0.5,"width":259,"height":230},"meigui_0034_35":{"x":0.5,"width":259,"height":230},"meigui_0035_36":{"x":0.5,"width":259,"height":230},"meigui_0036_37":{"x":0.5,"width":259,"height":230},"meigui_0037_38":{"x":0.5,"width":259,"height":230},"meigui_0038_39":{"x":0.5,"width":259,"height":230},"meigui_0039_40":{"x":0.5,"width":259,"height":230},"meigui_0000_1":{"x":0.5,"width":259,"height":230}}}}],"animations":{"animation":{"slots":{"1":{"attachment":[{"time":0.0333,"name":"meigui_0001_2"},{"time":0.0667,"name":"meigui_0002_3"},{"time":0.1,"name":"meigui_0003_4"},{"time":0.1333,"name":"meigui_0004_5"},{"time":0.1667,"name":"meigui_0005_6"},{"time":0.2,"name":"meigui_0006_7"},{"time":0.2333,"name":"meigui_0007_8"},{"time":0.2667,"name":"meigui_0008_9"},{"time":0.3,"name":"meigui_0009_10"},{"time":0.3333,"name":"meigui_0010_11"},{"time":0.3667,"name":"meigui_0011_12"},{"time":0.4,"name":"meigui_0012_13"},{"time":0.4333,"name":"meigui_0013_14"},{"time":0.4667,"name":"meigui_0014_15"},{"time":0.5,"name":"meigui_0015_16"},{"time":0.5333,"name":"meigui_0016_17"},{"time":0.5667,"name":"meigui_0017_18"},{"time":0.6,"name":"meigui_0018_19"},{"time":0.6333,"name":"meigui_0019_20"},{"time":0.6667,"name":"meigui_0020_21"},{"time":0.7333,"name":"meigui_0021_22"},{"time":0.8,"name":"meigui_0022_23"},{"time":0.8667,"name":"meigui_0023_24"},{"time":0.9333,"name":"meigui_0024_25"},{"time":1,"name":"meigui_0025_26"},{"time":1.0667,"name":"meigui_0026_27"},{"time":1.1333,"name":"meigui_0027_28"},{"time":1.2,"name":"meigui_0028_29"},{"time":1.2667,"name":"meigui_0029_30"},{"time":1.3333,"name":"meigui_0030_31"},{"time":1.4,"name":"meigui_0031_32"},{"time":1.4667,"name":"meigui_0032_33"},{"time":1.5333,"name":"meigui_0033_34"},{"time":1.6,"name":"meigui_0034_35"},{"time":1.6667,"name":"meigui_0035_36"},{"time":1.7333,"name":"meigui_0036_37"},{"time":1.8,"name":"meigui_0037_38"},{"time":1.8667,"name":"meigui_0038_39"},{"time":1.9333,"name":"meigui_0039_40"},{"time":2,"name":"meigui_0000_1"}]}}}}},[0]]],0,0,[0],[-1],[0]]
