[1,["eaWQUhOa9FUq+FVS7qU7Ep@6c48a"],["_textureSource"],["cc.SpriteFrame"],0,[{"name":"aixinshanshan","rect":{"x":2,"y":2,"width":380,"height":77},"offset":{"x":0,"y":0},"originalSize":{"width":384,"height":81},"rotated":false,"capInsets":[0,0,0,0],"vertices":{"rawPosition":[-190,-38.5,0,190,-38.5,0,-190,38.5,0,190,38.5,0],"indexes":[0,1,2,2,1,3],"uv":[2,79,382,79,2,2,382,2],"nuv":[0.005208333333333333,0.024691358024691357,0.9947916666666666,0.024691358024691357,0.005208333333333333,0.9753086419753086,0.9947916666666666,0.9753086419753086],"minPos":{"x":-190,"y":-38.5,"z":0},"maxPos":{"x":190,"y":38.5,"z":0}},"packable":true,"pixelsToUnit":100,"pivot":{"x":0.5,"y":0.5},"meshType":0}],[0],0,[0],[0],[0]]
