{"version":1,"document":[{"__type__":"cc.AnimationClip","_name":"animation_title","_objFlags":0,"__editorExtras__":{"embeddedPlayerGroups":[]},"_native":"","sample":60,"speed":1,"wrapMode":2,"enableTrsBlending":false,"_duration":0.6833333333333333,"_hash":500763545,"_tracks":[{"__id__":1}],"_exoticAnimation":null,"_events":[],"_embeddedPlayers":[]},{"__type__":"cc.animation.ObjectTrack","_binding":{"__type__":"cc.animation.TrackBinding","path":{"__id__":2},"proxy":null},"_channel":{"__id__":4}},{"__type__":"cc.animation.TrackPath","_paths":[{"__id__":3},"spriteFrame"]},{"__type__":"cc.animation.ComponentPath","component":"cc.Sprite"},{"__type__":"cc.animation.Channel","_curve":{"__id__":5}},{"__type__":"cc.ObjectCurve","_times":[0,0.3333333333333333,0.6666666666666666],"_values":[{"__uuid__":"10Xj8qom9Fq6Zqag9lxjlO@f9941","__expectedType__":"cc.Asset"},{"__uuid__":"4fWG8BhXNEGrGwc8aSpVsL@f9941","__expectedType__":"cc.Asset"},{"__uuid__":"10Xj8qom9Fq6Zqag9lxjlO@f9941","__expectedType__":"cc.Asset"}]}],"chunks":[]}
