[1,["b4A6MV6UBIw4N/yhMGir/z@6c48a"],["_textureSource"],["cc.SpriteFrame"],0,[{"name":"btn_caozuo_xiazhu_di","rect":{"x":0,"y":0,"width":276,"height":86},"offset":{"x":0,"y":0},"originalSize":{"width":276,"height":86},"rotated":false,"capInsets":[0,0,0,0],"vertices":{"rawPosition":[-138,-43,0,138,-43,0,-138,43,0,138,43,0],"indexes":[0,1,2,2,1,3],"uv":[0,86,276,86,0,0,276,0],"nuv":[0,0,1,0,0,1,1,1],"minPos":{"x":-138,"y":-43,"z":0},"maxPos":{"x":138,"y":43,"z":0}},"packable":true,"pixelsToUnit":100,"pivot":{"x":0.5,"y":0.5},"meshType":0}],[0],0,[0],[0],[0]]
