{"importBase":"import","nativeBase":"native","name":"common","deps":["main"],"uuids":["abU+dMzmdMB4tXJuuOxaY4","dbnYVTnjBK9LK4olIriAqE","02OARLuw1Duq0LKDX5ExF0","04ARvOeVtHioaq/gkBl239","06UVNycTlCJag9qxi915x/","09goxYmEBGeZ9E3jEG/DgB","0eO0yRr/FBzqLvk7aotfiC","12m3KcwvpJx4TOzkSP1a7N","1co/WZrGFFeKVWVuae/Poi","1cxpG5A59KHJkwt/HMhmeS","1fa9v2KOxAEqzq61vtMf+7","215ENOKStFUrmK8IAGpyoW","22Lmuh5X1C7Lk6FBsqc5Rl","22xGzUl5tBXbxjWLpx0sVQ","224jP3okRCjKl2OXxuCBxU","247LMVtTtFfYFxWQEaRDqo","25Lo5L2FNBM6kI1ljRy0yj","27GeX8brhI9r4pdAq1p/0q","27xvbkDz5ES7Q1N4ias4AH","2bUy5QzgJFHLCfm6WdMb4Z","2eMawkd+BAuaJTOerixHlF","2eUiqXJ5tHBK+7SBBkyE3M","2fAxB4zohOuI5ZsxfKPfY+","31epkwggNAYqyvw3//Zwyf","3170vwTIJHCK218reuj0dv","330NdTw15Iu7mCMVmWWjlr","34NnDYv9pNdKIOiDoOIxU5","34ZG5s0SFCpb1BgzRSbU5b","34ugUmuXdAg6UvbfTfMEp7","39uRaM79NCgajTuNlGiIDZ","3a2/GPEDBHJ5izeva/8NDE","3en3BvYrZEWIDgX1hBEHCB","43JjZEwD9Ga5JVQcEyfjsc","434VsJQPhIw4DNfrjgTrHO","46HAcCPOhAy7Ts1hfSDeVc","47KmA44ctAaIJnPYuc+i3g","4aUmuoCxFPn7Wn6bidqftc","4asT9XdW9HRr6eog6ftjnI","4duu7FkblHrYT3C6wu7JZ7","51a19BeOJNaIDyxPOhfBtI","53cVaOBH9PyJwX6pR6nzLX","57Wjv7qd9H8r+X0PONEzdr","57pJP/1MlBzqE+I3129MLZ","58eAgOeJ9DSJ4A8QcO564p","5aZZH2KGpE37CzAcBTh0iM","5dMTwv235NE4ZhEDn9Xe97","5eXZNmI7xKfa9Ri1al/ZZE","5e/30PhxFOpKYALxcdb56F","5fanOFr8xMU5vd0Fsk1HfF","61KTUJdppBU4DIbXn2dxqC","61PYbXRUNOpZzERS7LWjZD","62oHXFWyRCUL94s0GQ7wJ0","66G+P0t4ZNUrHaxuGqOJD5","66OM2F2FJOar4/wN5LHIzH","67HR4fB5xEmLap0OuBh56a","68FMUtkyFOwIhxVlgAhuxQ","683ECah2pC37EWuQ/ELQRO","694dwJPYFOZ5XUOTrHboAh","724OXKhzBCX5lBd/d3gP2s","73RtQ5KjFESIlSEyMOaYvq","7353CbBfFJVot/J0Jhb7R+","74QNuO01BGb57HYxgiDqgg","75mBQQ9cpJLpFKwhemnJK7","7809RJryNPPKRpIZTaTTmq","7fXK1kjNpCi60PlTd+wjOI","87v/xw9otDQ741Mnp45nNs","8berpXqJlOqJiXFoROuMCl","8dWZHKDrpPzoHo5zGOkS4/","92TV9zMHNBUYnWqxQ8WrUV","92avLMyklJBrG6KwwQ3/mP","93HGBDykxGyK30L02r5pEZ","95i1oFK/FLM5413HQnDHJz","97L71xauJNspUlyHZYu80d","97Ra58Y+lPnq5d2lQZH320","97i3dNrCxLO6lE0+vmJaNJ","98MHxJQGJGioJVNJ/iiGxL","98S1kXkoFAY6+iJXUo2wrV","9d4NV1TAZFernLRcSfG+0O","9d/GMgG31Cjp0Arz2vSS/x","9fILGEgCpGP6J7BnLQtcnc","a1fhFbeMpLL48MH9ShcT8m","a165HP2H9OMIwE3OpMpHXS","a4AUBzjydDcaC5xMO7wVDW","a5Fai9v3JFva459+yDH4zd","a8+YmWlVtBWKNBkrngtC2q","aa/MXbJN5GYYucIGr3iN4a","b1KKquhU1NjKxGOj+iN3C5","b1cxaL9z5ClbWb/5fKMfNY","b3kGqVY+RNvoll1WiLF+vv","b3meWfhjJANp9JR+RpzWx0","b4A6MV6UBIw4N/yhMGir/z","b9g91CLKRLwK5i0LjeST1Y","b90O8FJIpEEpeDnaUsR5BX","bbptELFdhOR68FqUwY1XVt","bcrcnAeM9Ou7Uo6lRJ2LHz","bddF0ZSy1MkINVhFJFMvzs","bfWpvnoWpAubZpmvs5dart","c1M8O0NUpE+KDeitZPuqKr","c3eIqc2NJL/7tnsHdk37It","ca+CuHQFNIlZ6CvN6GtH41","cbpCy0XtxEH6H8aScKJ969","ceYdlnpWxMLK/Zp7BIyUy9","d1r9I1NudNCL4DrZlE3DYQ","d2vLnMuHJGP6EaGQTiuhK+","d6Zs79GdhOppelV+XPHLbQ","db2hVwiDFBcp5Jh+OPOcfh","dfZGhx+WNC9pzpJWc/hgm6","df9nSt1nhIX4lCsFsL+Osq","e6HzYdUYJLB7Z5hJKqAJH6","e7rWm8JxBNmITxyi7eQYHd","eafYRmHFRBKoPsheqTavh1","ecXwhQqTlPgbyfxHU55kVy","edaHaqaA1JT4XsBmadG8kq","efdlxOOmVAKLcV7slUQmga","f0bYo9+r9Ptqkzn/3GCe4z","f3Hy+eF7tB0KqVauQ/uYnb","f5FbxlrnJIWrDtj/oTafi8","f7BkaycN1N6KusU1/pbLX7","f7Ltjbgz5FA4WzvMurYShI","faKu8+IwBKFJKlGT+9EbQd","fe5NAmkd5GZrunhpVeMW7U","02OARLuw1Duq0LKDX5ExF0@6c48a","02OARLuw1Duq0LKDX5ExF0@f9941","07IG5PaX9PVaBDbdVBvhEa@f9941","07Y5tB4nFFmZeNs6a9/dj6","09goxYmEBGeZ9E3jEG/DgB@6c48a","09goxYmEBGeZ9E3jEG/DgB@f9941","0aHq2RFGhJe7z/DrkSO1N5@f9941","0cvjxha79Mg67z9x5PUQ2t@f9941","0cxKfdAURDv7yhq9k+L6Tw@f9941","0eO0yRr/FBzqLvk7aotfiC@6c48a","0eO0yRr/FBzqLvk7aotfiC@f9941","111fccd67","114ff35ab","1171e9a2b","13aegcQqlMY5I6jnJ6+2CT","13f5b7250","146f3853b","15JTEVwXZA7ZLyPsem4J1+@f9941","16Q7zNs/REGJuj7EIjkQLD@f9941","179axHpjdLG6LdTQEXxZTu@f9941","19VSPGJPxM1I+Kc6jc9GFY@f9941","19gjzjVctJnIOaFY408FR8@f9941","1b191506d","1co/WZrGFFeKVWVuae/Poi@6c48a","1co/WZrGFFeKVWVuae/Poi@f9941","1cb8435fc","1cxpG5A59KHJkwt/HMhmeS@6c48a","1cxpG5A59KHJkwt/HMhmeS@f9941","1d/m/F0W9FRqQyqUEBNrC/","1eYpbhdgxBVYOKHO9/yiAM@f9941","1eY8MhDQtBSq5GksGGkJrD@f9941","1fD7YwvclCoLaCD+nu5R0A@f9941","1fa9v2KOxAEqzq61vtMf+7@6c48a","21fczWiipJ+4Nn+4cnH+5a@f9941","215ENOKStFUrmK8IAGpyoW@6c48a","215ENOKStFUrmK8IAGpyoW@f9941","22Lmuh5X1C7Lk6FBsqc5Rl@6c48a","22Lmuh5X1C7Lk6FBsqc5Rl@f9941","24hxrkSkxPEZCul1UJpADK@f9941","247LMVtTtFfYFxWQEaRDqo@6c48a","247LMVtTtFfYFxWQEaRDqo@f9941","25Lo5L2FNBM6kI1ljRy0yj@6c48a","25Lo5L2FNBM6kI1ljRy0yj@f9941","27mD3D+zxEC5n95DwIfUh+","27xvbkDz5ES7Q1N4ias4AH@6c48a","27xvbkDz5ES7Q1N4ias4AH@f9941","29H/5dnZtOwqH9kUnkYHPx@f9941","2bUy5QzgJFHLCfm6WdMb4Z@6c48a","2cb/M1vvpCCa8fRUHv4Via","2eMawkd+BAuaJTOerixHlF@6c48a","2eMawkd+BAuaJTOerixHlF@f9941","2fAxB4zohOuI5ZsxfKPfY+@6c48a","2fAxB4zohOuI5ZsxfKPfY+@f9941","31epkwggNAYqyvw3//Zwyf@6c48a","31epkwggNAYqyvw3//Zwyf@f9941","31nkNIH3FLY6i+D5Z0WNlv","3170vwTIJHCK218reuj0dv@6c48a","3170vwTIJHCK218reuj0dv@f9941","32tJWC0S9DLZGuH5kpbibr@f9941","322DS7jmxNJ6cgIgzsiNQC","330NdTw15Iu7mCMVmWWjlr@6c48a","330NdTw15Iu7mCMVmWWjlr@f9941","332UqbiZFESp4MjyJQkbGA@f9941","34NnDYv9pNdKIOiDoOIxU5@6c48a","34ugUmuXdAg6UvbfTfMEp7@6c48a","35c/v9BCJFvL7cUP4srXfc@f9941","37Vni0zFdESbxjH3aU9KaD@f9941","39AmbCr2NGArh2PdP+o4NP@f9941","39uRaM79NCgajTuNlGiIDZ@6c48a","3atKJ9UJxDW66qtdNz0Z0x@f9941","3de+8suQ5P54LYQ4dwwwCg@f9941","3eW/K/paZBVJAQXNqfYdaG@f9941","3en3BvYrZEWIDgX1hBEHCB@6c48a","3en3BvYrZEWIDgX1hBEHCB@f9941","4158HSIDhEaILnniPuCSla@f9941","42LLaaMmRK3qV3C2AIWjwz@f9941","42ufr1p+FBfaXeV2/EdEMd@f9941","43JjZEwD9Ga5JVQcEyfjsc@6c48a","43JjZEwD9Ga5JVQcEyfjsc@f9941","43zh4tiD5HT7QeF7DRNwkq","434VsJQPhIw4DNfrjgTrHO@6c48a","434VsJQPhIw4DNfrjgTrHO@f9941","44G2a3y7tIOIDG2G6T7O/b@f9941","44Nxj15BhBa76f2b3UiPP8@f9941","45ICrAdXZDnYm1IDMXGcTk","46HAcCPOhAy7Ts1hfSDeVc@6c48a","462V2PfIlOY74P6BXdq64O","47KmA44ctAaIJnPYuc+i3g@6c48a","47KmA44ctAaIJnPYuc+i3g@f9941","476dKrH61CAJnO6WuO0nJA@f9941","4aUmuoCxFPn7Wn6bidqftc@6c48a","4aUmuoCxFPn7Wn6bidqftc@f9941","4agV9vDDZJ06MbM4qUV36b","4asT9XdW9HRr6eog6ftjnI@6c48a","4fTf8K9D5AK6Batvn0nUGe@f9941","4fWoo8FXtJZq8PSa+IuHO4@f9941","4fg003QuBLUb6EgVjgoDJG@f9941","50btXq3RlH95uYtMGAvCAL@f9941","51a19BeOJNaIDyxPOhfBtI@6c48a","51a19BeOJNaIDyxPOhfBtI@f9941","51qsd9JxZMFqEQhS6EF8CT@f9941","53eo99nbBHH6ox10ALAKQl","54KLiwur9Amap2gJMEkLWO@f9941","54sgwCzVRLFYTLJtn0mySJ@f9941","56UMzwg6xEVKfLou1mGlRa@f9941","57Wjv7qd9H8r+X0PONEzdr@6c48a","57Wjv7qd9H8r+X0PONEzdr@f9941","58eAgOeJ9DSJ4A8QcO564p@6c48a","59VglDuBdKT6hNXlZ3aspl","5aZZH2KGpE37CzAcBTh0iM@6c48a","5aZZH2KGpE37CzAcBTh0iM@f9941","5bC3ENgvdIX7V1+CC+cq0I@f9941","5bSbJwUbRH3YWteoWs8Hwk@f9941","5caQ5QGcNGeJO8BC1giK2y@f9941","5eEUWy72xI2adtoy2l0RFc@f9941","5eXZNmI7xKfa9Ri1al/ZZE@6c48a","5eXZNmI7xKfa9Ri1al/ZZE@f9941","5e/30PhxFOpKYALxcdb56F@6c48a","61KTUJdppBU4DIbXn2dxqC@6c48a","61KTUJdppBU4DIbXn2dxqC@f9941","61bRP7z7xDxbr4HTSw2bKd@f9941","62n8UBKLFNf4jG1gDr6WW/@f9941","64+C00exdCHpQ/pUaaCnEC@f9941","651DPqo65CHLr2b/yETSWl","66G+P0t4ZNUrHaxuGqOJD5@6c48a","66G+P0t4ZNUrHaxuGqOJD5@f9941","66OM2F2FJOar4/wN5LHIzH@6c48a","66OM2F2FJOar4/wN5LHIzH@f9941","67HR4fB5xEmLap0OuBh56a@6c48a","68FMUtkyFOwIhxVlgAhuxQ@6c48a","68FMUtkyFOwIhxVlgAhuxQ@f9941","694dwJPYFOZ5XUOTrHboAh@6c48a","694dwJPYFOZ5XUOTrHboAh@f9941","6avyFaTJRLnYoqLlO+nCaV@f9941","6cPgSCsNVHFbdXyNBf+Y2p@f9941","6fyGJg0clLuKmqkbp04h/G@f9941","724OXKhzBCX5lBd/d3gP2s@6c48a","724OXKhzBCX5lBd/d3gP2s@f9941","7353CbBfFJVot/J0Jhb7R+@6c48a","7353CbBfFJVot/J0Jhb7R+@f9941","74AQ69M3NAjput9L6s0T4S@f9941","74QNuO01BGb57HYxgiDqgg@6c48a","74QNuO01BGb57HYxgiDqgg@f9941","75mBQQ9cpJLpFKwhemnJK7@6c48a","75mBQQ9cpJLpFKwhemnJK7@f9941","756AN4mMhGC4ygALH4znAy","76s5u9acJOo73EtAsJftjf","76zJ7MtCRPm7QmXYxeNbby@f9941","78n66wzD1Pc7KFSxyYxPgn@f9941","79tze+QttP8Jwizs0mvxf7@f9941","7anaVqazhJsastaPUDQIvJ@f9941","7bEbffROJCapZOWtzn0948@f9941","7bqLnbp/ZPIJTYNJO0kqdw@f9941","7fXK1kjNpCi60PlTd+wjOI@6c48a","7fXK1kjNpCi60PlTd+wjOI@f9941","7f63bv+/NBrI2gKrpy5EV8@f9941","80ObrT8kdK35cnst3OAMfx","82oSekdrFNl6pPHJf1boWU@f9941","826+zWf1BDJ52anp4XDC/Q","87U7uLsJtMrItEuIzWbCRD@f9941","87v/xw9otDQ741Mnp45nNs@6c48a","87v/xw9otDQ741Mnp45nNs@f9941","8berpXqJlOqJiXFoROuMCl@6c48a","8berpXqJlOqJiXFoROuMCl@f9941","8dWZHKDrpPzoHo5zGOkS4/@6c48a","8dWZHKDrpPzoHo5zGOkS4/@f9941","8f7K3l8LxOrKjEi4x80xdu@f9941","91Uv2XxHdKGrQXB3KSb753","91u1R60pBDDYpuHm5EYwqC","92QZ8PFiNPr7NwZn5uc7Sn","92TV9zMHNBUYnWqxQ8WrUV@6c48a","92TV9zMHNBUYnWqxQ8WrUV@f9941","93HGBDykxGyK30L02r5pEZ@6c48a","93HGBDykxGyK30L02r5pEZ@f9941","94OQy+7SxBX7ek7wxICxnx","95+qmdD39AF4Hs2yQ/f9X2","97L71xauJNspUlyHZYu80d@6c48a","97L71xauJNspUlyHZYu80d@f9941","97i3dNrCxLO6lE0+vmJaNJ@6c48a","97i3dNrCxLO6lE0+vmJaNJ@f9941","973r0Nt2JJLZhhxfWPR0mn","98MHxJQGJGioJVNJ/iiGxL@6c48a","98MHxJQGJGioJVNJ/iiGxL@f9941","98S1kXkoFAY6+iJXUo2wrV@6c48a","98nH6dfjdI/rzl7zeckIve@f9941","9aTD7Zu+pI8Lrkuz89ge1a@f9941","9cTEkLtQ5M1KctGJx9+j0h@f9941","9cXF+a9xBOQYQxKETm9h75@f9941","9d4NV1TAZFernLRcSfG+0O@6c48a","9d4NV1TAZFernLRcSfG+0O@f9941","9d/GMgG31Cjp0Arz2vSS/x@6c48a","9d/GMgG31Cjp0Arz2vSS/x@f9941","9fcAkzkRNOZJm+pCDdRV1E@f9941","a01fksZwhJMYykyOH+x2GB","a1fhFbeMpLL48MH9ShcT8m@6c48a","a1fhFbeMpLL48MH9ShcT8m@f9941","a165HP2H9OMIwE3OpMpHXS@6c48a","a165HP2H9OMIwE3OpMpHXS@f9941","a3lmu7InpBjJrwQiyMGRns@f9941","a39gwZOchBk7dfHk+8dB2p@f9941","a4AUBzjydDcaC5xMO7wVDW@6c48a","a5Fai9v3JFva459+yDH4zd@6c48a","a5Fai9v3JFva459+yDH4zd@f9941","a8+YmWlVtBWKNBkrngtC2q@6c48a","a9ML3XpXZOPap6q3F5LoJN@f9941","a9U6QmhDRBsJwlHLdYyav+","aatQ6pxOVIOpFuE54Mji7a@f9941","aa/MXbJN5GYYucIGr3iN4a@6c48a","acMLJYicFHfY3KGw2EbUXC@f9941","ae55VexThHIYRSh0j6BgW5@f9941","ae6SVXbRZJEKyMez6vGzAg@f9941","b1AzYM+EpBp4X7zgPJ4nZp","b1KKquhU1NjKxGOj+iN3C5@6c48a","b1cxaL9z5ClbWb/5fKMfNY@6c48a","b1cxaL9z5ClbWb/5fKMfNY@f9941","b11vnOBp1GdaANKvNc+r5q","b3kGqVY+RNvoll1WiLF+vv@6c48a","b3kGqVY+RNvoll1WiLF+vv@f9941","b3meWfhjJANp9JR+RpzWx0@6c48a","b3meWfhjJANp9JR+RpzWx0@f9941","b3u4fN0kVHyqXH5GUhQS0W","b4A6MV6UBIw4N/yhMGir/z@6c48a","b4A6MV6UBIw4N/yhMGir/z@f9941","b5NZhXUPtJuKL7eNzv/WyE@f9941","b7vPY9+OZNaaT1YGBGIbN+@f9941","b8J8UMPB9OwZLbbm6CuQRx","b8aezD+RBJmqeu06ol2Zbe@f9941","b9g91CLKRLwK5i0LjeST1Y@6c48a","b9g91CLKRLwK5i0LjeST1Y@f9941","b90O8FJIpEEpeDnaUsR5BX@6c48a","b90O8FJIpEEpeDnaUsR5BX@f9941","bbptELFdhOR68FqUwY1XVt@6c48a","bbptELFdhOR68FqUwY1XVt@f9941","bcrcnAeM9Ou7Uo6lRJ2LHz@6c48a","bddF0ZSy1MkINVhFJFMvzs@6c48a","beJIRv5LZKJJJ413Ih/JK9@f9941","beyLxpxAVHFYxyuaYML1fZ@f9941","bfWpvnoWpAubZpmvs5dart@6c48a","bfWpvnoWpAubZpmvs5dart@f9941","c1M8O0NUpE+KDeitZPuqKr@6c48a","c2wl9ldCVACIC7RFVHbIHk","c3GzbNPndGVZNq89eOvrqE@f9941","c3UXY3fDlKM7lhVWCabUYS@f9941","c3j6NjTj9Et5TowllWf0VQ@f9941","c3pXMv4wNJdYMCZAdQTaUj@f9941","c4sG773pBBXb43VX6LOJht@f9941","c6vJaGFDhIGYC1IkQ1x1pm@f9941","c9qsiBlH9BlbBkw30rrCDu@f9941","c9rl7R19RF1oHr5kmgRCdB","ca+CuHQFNIlZ6CvN6GtH41@6c48a","ca+CuHQFNIlZ6CvN6GtH41@f9941","cbpCy0XtxEH6H8aScKJ969@6c48a","cdxn4qXHFOBbR1u1CluGOH@f9941","d1r9I1NudNCL4DrZlE3DYQ@6c48a","d1r9I1NudNCL4DrZlE3DYQ@f9941","d2vLnMuHJGP6EaGQTiuhK+@6c48a","d27zCyIGdIiZV+Jcm4xs8x@f9941","d6Zs79GdhOppelV+XPHLbQ@6c48a","d64ky4b+JFwrcJUwE6acmX@f9941","d7PYZvGhhJIplsjz/EDGNb@f9941","daJnF282dGmbKLPddLS/4m@f9941","daQEBFBhFGULJfuhpOYMKy@f9941","db2hVwiDFBcp5Jh+OPOcfh@6c48a","db2hVwiDFBcp5Jh+OPOcfh@f9941","db8h2MjrpAYpbVhTvPx33x@f9941","ddAWp6HMhKqadWiAjEQsn9","ddcLjeb7lAbK79IOSMIcny@f9941","ddvrqQZKxJx5KRJPa5TWQS","deT/wF3cRECL6hB1mg6PtX@f9941","dfYqb8DFlE2b7SKm64T36g@f9941","dfZGhx+WNC9pzpJWc/hgm6@6c48a","dfZGhx+WNC9pzpJWc/hgm6@f9941","df9nSt1nhIX4lCsFsL+Osq@6c48a","e3qetiitpDpLvhuDKRuQOd@f9941","e4uT78j39M2aEkr5/5HHvT@f9941","e45fQBDTJOxIYHq4X221xO@f9941","e528r5LRlI15LMHAPcuf0Q@f9941","e6HzYdUYJLB7Z5hJKqAJH6@6c48a","e6HzYdUYJLB7Z5hJKqAJH6@f9941","e6Sm5j9JBL4byNuA3NgTv5@f9941","e7rWm8JxBNmITxyi7eQYHd@6c48a","e9GLEapuFNH7X1O3ue5Rob","eafYRmHFRBKoPsheqTavh1@6c48a","eafYRmHFRBKoPsheqTavh1@f9941","eapyz/uEJOGJiMvsB5E9Um@f9941","ecs5TeeapKvp9F9u3GBa2V@f9941","edaHaqaA1JT4XsBmadG8kq@6c48a","edaHaqaA1JT4XsBmadG8kq@f9941","eds1YjkQ9Pxaos46OmSuf+@f9941","efOBZey41Is45nI7rsJ99R","f0bYo9+r9Ptqkzn/3GCe4z@6c48a","f2xdDvcw1JI7UZb6rbJsrd@f9941","f25fM3lVNBpblbOmUHiLnl@f9941","f3Hy+eF7tB0KqVauQ/uYnb@6c48a","f3LKKhxaRE2qN8P3c1QqtX@f9941","f53XgGsHtBi6YzjqLiznV4","f7BkaycN1N6KusU1/pbLX7@6c48a","f7BkaycN1N6KusU1/pbLX7@f9941","faKu8+IwBKFJKlGT+9EbQd@6c48a","faKu8+IwBKFJKlGT+9EbQd@f9941","fdM7ofo3JHW7eaPCgNBv2u@f9941","fe5NAmkd5GZrunhpVeMW7U@6c48a","fe5NAmkd5GZrunhpVeMW7U@f9941","0104183ce","0108fe33d","01a491d17","01c41b7dd","022e5e64f","04458da39","0450ed69e","046990040","04c5044b0","05afd150e","0853be0d1","0b6c2160a","0c097f050","0ce6a572f","0db1be276","0dd55d1a1","0e286a337","0e42ea3e4","0eee6a70e","0f6f54abf","111fccd67@6c48a","114ff35ab@6c48a","1171e9a2b@6c48a","13f5b7250@6c48a","14ad46CnxGH4lm4ZljKy7H","146f3853b@6c48a","1b191506d@6c48a","1cb8435fc@6c48a","7dj5uJT9FMn6OrOOx83tfK@f9941"],"paths":{"0":["resource/auto_tips",10],"1":["animation/animation_loading",3],"2":["header/PublicImg/btn_caozuo_zengjiajinbi",0],"3":["resource/toast_bg.png",4],"4":["animation/xinfeng",4],"5":["resource/vip/VIP10",0],"6":["resource/vip/b_VIP4",0],"7":["gift/car/liulian",4],"8":["resource/vip/b_VIP3",0],"9":["header/PublicImg/zi_spin_BERHENTI@2x",0],"10":["header/PublicSkeleton/spine_guangquan",0],"11":["header/PublicImg/btn_caozuo_bangzhu_di",0],"12":["header/PublicImg/btn_caozuo_jinbi_di",0],"13":["header/PublicSkeleton/beli",4],"14":["animation/fany",4],"15":["header/PublicImg/zi_caozuo_goodluck@2x",0],"16":["header/PublicImg/btn_caozuo_xiazhu_jian",0],"17":["header/PublicSkeleton/SPECIAL",4],"18":["header/PublicImg/bg_slots_caozuo_denfenbox",0],"19":["gift/car/xihongshi",0],"20":["resource/vip/b_VIP10",0],"21":["animation/star",6],"22":["header/PublicImg/btn_caozuo_spin_di",0],"23":["header/PublicImg/zi_caozuo_BELI",0],"24":["resource/vip/b_VIP7",0],"25":["resource/vip/b_VIP12",0],"26":["gift/car/jidan",0],"27":["gift/car/shuitong",4],"28":["resource/gold/icon_dt_shop_jinbi0",0],"29":["animation/fany",0],"30":["gift/car/xihongshi",4],"31":["resource/vip/b_VIP0",0],"32":["animation/stars",0],"33":["fonts/welcome_font_0",0],"34":["resource/vip/VIP12",0],"35":["resource/vip/VIP0",0],"36":["header/publicFont/shuzi_zhongjiangjine_0",0],"37":["header/PublicSkeleton/SPECIAL",0],"38":["animation/animation_akunUp",3],"39":["header/PublicImg/btn_caozuo_fanhui",0],"40":["gift/car/wen",4],"41":["header/PublicImg/btn_caozuo_max_di",0],"42":["header/PublicSkeleton/skeleton",4],"43":["gift/car/pjgb",0],"44":["resource/vip/b_VIP5",0],"45":["gift/car/zhuaji",4],"46":["header/PublicImg/zi_spin_PUTAR",0],"47":["header/PublicSkeleton/beli",0],"48":["gift/car/qian",4],"49":["resource/vip/b_VIP15",0],"50":["gift/car/pjgb",4],"51":["bg_common_loading.jpg",4],"52":["resource/vip/VIP7",0],"53":["header/PublicImg/btn_caozuo_xiazhu_jia",0],"54":["animation/xinfeng",0],"55":["header/PublicImg/btn_caozuo_spin",0],"56":["resource/head",4],"57":["header/PublicImg/btn_caozuo_bangzhu",0],"58":["resource/vip/b_VIP14",0],"59":["gift/car/zhuantou",4],"60":["resource/vip/b_VIP6",0],"61":["resource/vip/VIP1",0],"62":["resource/vip/VIP3",0],"63":["gift/car/pdg",4],"64":["header/PublicImg/bg_slots_caozuo_box2",0],"65":["header/PublicImg/zi_caozuo_SPECLAL",0],"66":["resource/vip/b_VIP9",0],"67":["header/PublicImg/btn_caozuo_libao",0],"68":["animation/fire",0],"69":["header/animation_nomey",3],"70":["header/PublicImg/btn_caozuo_dingbu_di",0],"71":["gift/img/auto-gift",10],"72":["resource/vip/VIP4",0],"73":["gift/car/meigui",4],"74":["fonts/zi_shop_buy_0",0],"75":["resource/vip/VIP8",0],"76":["resource/vip/VIP15",0],"77":["header/PublicImg/bg_slots_caozuo_box1",0],"78":["header/publicFont/shuzi_xiazhujine_0",0],"79":["header/PublicSkeleton/spine_guangquan",4],"80":["resource/vip/b_VIP1",0],"81":["header/PublicImg/zi_spinTAHAN",0],"82":["resource/vip/VIP14",0],"83":["header/PublicImg/icon_dating_jinbi",0],"84":["header/PublicSkeleton/spine_guangquan2",0],"85":["gift/car/pdg",0],"86":["gift/car/tuoxie",0],"87":["resource/vip/VIP5",0],"88":["resource/vip/b_VIP8",0],"89":["resource/vip/VIP9",0],"90":["header/PublicImg/btn_caozuo_xiazhu_di",0],"91":["resource/vip/b_VIP2",0],"92":["resource/vip/b_VIP11",0],"93":["header/publicFont/shuzi_xiazhucishu_0",0],"94":["gift/car/liulian",0],"95":["resource/vip/VIP13",0],"96":["header/PublicImg/btn_caozuo_max",0],"97":["gift/car/zhuantou",0],"98":["gift/car/tuoxie",4],"99":["header/PublicImg/btn_caozuo_zuidabox",0],"100":["resource/vip/VIP11",0],"101":["gift/car/jidan",4],"102":["resource/vip/VIP2",0],"103":["header/PublicSkeleton/skeleton",0],"104":["gift/car/zhuaji",0],"105":["header/PublicImg/btn_caozuo_shezhi",0],"106":["fonts/num_shop_num_0",0],"107":["gift/car/wen",0],"108":["resource/vip/b_VIP13",0],"109":["gift/car/shuitong",0],"110":["resource/vip/VIP6",0],"111":["resource/loading/auto_loading",10],"112":["animation/baoxiangbao",0],"113":["resource/toast_bg.png",4],"114":["gift/car/meigui",0],"115":["gift/car/qian",0],"116":["animation/fire",6],"117":["resource/panel_common_bg1",0],"118":["bg_common_loading.jpg",4],"119":["bg_common_loading",0],"120":["header/PublicImg/Rptidakmencukupi",0],"121":["header/PublicImg/btn_caozuo_zengjiajinbi/texture",1,1],"122":["header/PublicImg/btn_caozuo_zengjiajinbi/spriteFrame",2,1],"123":["resource/img_common_di2/spriteFrame",2,1],"124":["gift/car/shuitong",5],"125":["resource/vip/VIP10/texture",1,1],"126":["resource/vip/VIP10/spriteFrame",2,1],"127":["resource/btn_off/spriteFrame",2,1],"128":["gift/img/icon_gift_user/spriteFrame",2,1],"129":["resource/bg_xifneng_shufukuang/spriteFrame",2,1],"130":["resource/vip/b_VIP4/texture",1,1],"131":["resource/vip/b_VIP4/spriteFrame",2,1],"135":["gift/car/liulian",5],"138":["resource/btn_xinfeng_guanbi/spriteFrame",2,1],"139":["resource/loading/loading16/spriteFrame",2,1],"140":["gift/img/bg_gift_daojubox_daojuban/spriteFrame",2,1],"141":["resource/gold/icon_dt_shop_jinb4/spriteFrame",2,1],"142":["resource/head/head_7/spriteFrame",2,1],"144":["resource/vip/b_VIP3/texture",1,1],"145":["resource/vip/b_VIP3/spriteFrame",2,1],"147":["header/PublicImg/zi_spin_BERHENTI@2x/texture",1,1],"148":["header/PublicImg/zi_spin_BERHENTI@2x/spriteFrame",2,1],"149":["prefabs/marquee_insert",9],"150":["resource/icon_yincang/spriteFrame",2,1],"151":["resource/newsTicker_bg/spriteFrame",2,1],"152":["resource/loading/loading3/spriteFrame",2,1],"153":["header/PublicSkeleton/spine_guangquan/texture",1,1],"154":["resource/pro_common_bg/spriteFrame",2,1],"155":["header/PublicImg/btn_caozuo_bangzhu_di/texture",1,1],"156":["header/PublicImg/btn_caozuo_bangzhu_di/spriteFrame",2,1],"157":["header/PublicImg/btn_caozuo_jinbi_di/texture",1,1],"158":["header/PublicImg/btn_caozuo_jinbi_di/spriteFrame",2,1],"159":["resource/btn_set_on/spriteFrame",2,1],"160":["header/PublicImg/zi_caozuo_goodluck@2x/texture",1,1],"161":["header/PublicImg/zi_caozuo_goodluck@2x/spriteFrame",2,1],"162":["header/PublicImg/btn_caozuo_xiazhu_jian/texture",1,1],"163":["header/PublicImg/btn_caozuo_xiazhu_jian/spriteFrame",2,1],"164":["gift/prefabs/prefabs_gift_animation",9],"165":["header/PublicImg/bg_slots_caozuo_denfenbox/texture",1,1],"166":["header/PublicImg/bg_slots_caozuo_denfenbox/spriteFrame",2,1],"167":["resource/head/head_2/spriteFrame",2,1],"168":["gift/car/xihongshi/texture",1,1],"169":["gift/car/meigui",5],"170":["resource/vip/b_VIP10/texture",1,1],"171":["resource/vip/b_VIP10/spriteFrame",2,1],"172":["header/PublicImg/btn_caozuo_spin_di/texture",1,1],"173":["header/PublicImg/btn_caozuo_spin_di/spriteFrame",2,1],"174":["header/PublicImg/zi_caozuo_BELI/texture",1,1],"175":["header/PublicImg/zi_caozuo_BELI/spriteFrame",2,1],"176":["gift/car/jidan",5],"177":["resource/vip/b_VIP7/texture",1,1],"178":["resource/vip/b_VIP7/spriteFrame",2,1],"179":["resource/icon_common_woman/spriteFrame",2,1],"180":["prefabs/modalBox",9],"181":["resource/vip/b_VIP12/texture",1,1],"182":["resource/vip/b_VIP12/spriteFrame",2,1],"183":["resource/loading/loading2/spriteFrame",2,1],"184":["gift/car/jidan/texture",1,1],"185":["resource/gold/icon_dt_shop_jinbi0/texture",1,1],"186":["resource/btn_dt_huang/spriteFrame",2,1],"187":["resource/word_tips_cancel/spriteFrame",2,1],"188":["resource/word_tips_ok/spriteFrame",2,1],"189":["animation/fany/texture",1,1],"190":["resource/head/head_3/spriteFrame",2,1],"191":["resource/head/head_circle_8/spriteFrame",2,1],"192":["resource/newsTicker_bg1/spriteFrame",2,1],"193":["resource/vip/b_VIP0/texture",1,1],"194":["resource/vip/b_VIP0/spriteFrame",2,1],"195":["resource/gold/icon_dt_shop_jinb2/spriteFrame",2,1],"196":["resource/loading/loading12/spriteFrame",2,1],"197":["gift/img/shoe/spriteFrame",2,1],"198":["animation/stars/texture",1,1],"199":["animation/stars/spriteFrame",2,1],"200":["gift/car/qian",5],"201":["fonts/welcome_font_0/texture",1,1],"202":["fonts/welcome_font_0/spriteFrame",2,1],"203":["resource/btn_common_down/spriteFrame",2,1],"204":["resource/bg_xinfengbox/spriteFrame",2,1],"205":["fonts/num_shop_num",8],"206":["resource/vip/VIP12/texture",1,1],"207":["gift/car/pjgb",5],"208":["resource/vip/VIP0/texture",1,1],"209":["resource/vip/VIP0/spriteFrame",2,1],"210":["resource/loading/loading5/spriteFrame",2,1],"211":["header/publicFont/shuzi_zhongjiangjine_0/texture",1,1],"212":["header/publicFont/shuzi_zhongjiangjine_0/spriteFrame",2,1],"213":["prefabs/subGameHeader",9],"214":["header/PublicSkeleton/SPECIAL/texture",1,1],"215":["resource/img_common_di1/spriteFrame",2,1],"216":["resource/word_tips_title/spriteFrame",2,1],"217":["resource/head/head_circle_5/spriteFrame",2,1],"218":["gift/img/durian/spriteFrame",2,1],"219":["header/PublicImg/btn_caozuo_fanhui/texture",1,1],"220":["header/PublicImg/btn_caozuo_fanhui/spriteFrame",2,1],"221":["resource/head/head_1/spriteFrame",2,1],"222":["animation/xinfeng",5],"223":["resource/head/head_circle_3/spriteFrame",2,1],"224":["resource/loading/loading1/spriteFrame",2,1],"225":["resource/icon_dating_loading/spriteFrame",2,1],"226":["header/PublicImg/btn_caozuo_max_di/texture",1,1],"227":["header/PublicImg/btn_caozuo_max_di/spriteFrame",2,1],"228":["gift/car/pjgb/texture",1,1],"229":["fonts/zi_shop_buy",8],"230":["resource/vip/b_VIP5/texture",1,1],"231":["resource/vip/b_VIP5/spriteFrame",2,1],"232":["resource/head/head_circle_4/spriteFrame",2,1],"233":["resource/loading/loading8/spriteFrame",2,1],"234":["gift/img/kiss/spriteFrame",2,1],"235":["resource/head/head_8/spriteFrame",2,1],"236":["header/PublicImg/zi_spin_PUTAR/texture",1,1],"237":["header/PublicImg/zi_spin_PUTAR/spriteFrame",2,1],"238":["header/PublicSkeleton/beli/texture",1,1],"239":["resource/vip/b_VIP15/texture",1,1],"240":["resource/vip/b_VIP15/spriteFrame",2,1],"241":["gift/img/btn_gift_xuanzhong/spriteFrame",2,1],"242":["resource/loading/loading6/spriteFrame",2,1],"243":["resource/btn_mengikat/spriteFrame",2,1],"244":["animation/fany",5],"245":["resource/vip/VIP7/texture",1,1],"246":["resource/vip/VIP7/spriteFrame",2,1],"247":["header/PublicImg/btn_caozuo_xiazhu_jia/texture",1,1],"248":["header/PublicImg/btn_caozuo_xiazhu_jia/spriteFrame",2,1],"249":["animation/xinfeng/texture",1,1],"250":["header/PublicImg/btn_caozuo_spin/texture",1,1],"251":["header/PublicImg/btn_caozuo_spin/spriteFrame",2,1],"252":["header/PublicImg/btn_caozuo_bangzhu/texture",1,1],"253":["header/PublicImg/btn_caozuo_bangzhu/spriteFrame",2,1],"254":["resource/png_update_tipsBg/spriteFrame",2,1],"255":["resource/head/head_circle_7/spriteFrame",2,1],"256":["resource/panel_common_left/spriteFrame",2,1],"257":["resource/vip/b_VIP14/texture",1,1],"258":["resource/vip/b_VIP14/spriteFrame",2,1],"259":["resource/vip/b_VIP6/texture",1,1],"260":["resource/vip/b_VIP6/spriteFrame",2,1],"261":["resource/icon_dating_loading2/spriteFrame",2,1],"262":["resource/vip/VIP1/texture",1,1],"263":["resource/vip/VIP1/spriteFrame",2,1],"264":["resource/vip/VIP3/texture",1,1],"265":["resource/vip/VIP3/spriteFrame",2,1],"266":["gift/car/tuoxie",5],"267":["fonts/msyh",7],"268":["gift/img/bg_touxiangbox_me/spriteFrame",2,1],"269":["resource/png_common_di3/spriteFrame",2,1],"270":["resource/loading/loading7/spriteFrame",2,1],"271":["resource/loading/loading14/spriteFrame",2,1],"272":["gift/img/rose/spriteFrame",2,1],"273":["resource/icon_common_man/spriteFrame",2,1],"274":["header/PublicImg/bg_slots_caozuo_box2/texture",1,1],"275":["header/PublicImg/bg_slots_caozuo_box2/spriteFrame",2,1],"276":["resource/loading/loading9/spriteFrame",2,1],"277":["header/PublicSkeleton/skeleton",5],"278":["resource/head/head_10/spriteFrame",2,1],"279":["gift/prefabs/prefabs_gift_user",9],"280":["resource/head/head_circle_10/spriteFrame",2,1],"281":["header/PublicImg/zi_caozuo_SPECLAL/texture",1,1],"282":["header/PublicImg/zi_caozuo_SPECLAL/spriteFrame",2,1],"283":["resource/vip/b_VIP9/texture",1,1],"284":["resource/vip/b_VIP9/spriteFrame",2,1],"285":["header/PublicImg/btn_caozuo_libao/texture",1,1],"286":["header/PublicImg/btn_caozuo_libao/spriteFrame",2,1],"287":["resource/head/head_circle_9/spriteFrame",2,1],"288":["gift/prefabs/prefabs_gift_croupier",9],"289":["prefabs/loading",9],"290":["gift/car/zhuaji",5],"291":["animation/fire/texture",1,1],"292":["animation/fire/spriteFrame",2,1],"293":["header/PublicImg/btn_caozuo_dingbu_di/texture",1,1],"294":["header/PublicImg/btn_caozuo_dingbu_di/spriteFrame",2,1],"295":["gift/car/wen",5],"296":["resource/gold/auto_gold",10],"297":["resource/vip/VIP4/texture",1,1],"298":["resource/vip/VIP4/spriteFrame",2,1],"299":["fonts/zi_shop_buy_0/texture",1,1],"300":["fonts/zi_shop_buy_0/spriteFrame",2,1],"301":["header/PublicSkeleton/spine_guangquan",5],"302":["resource/vip/VIP8/texture",1,1],"303":["resource/vip/VIP8/spriteFrame",2,1],"304":["resource/vip/VIP15/texture",1,1],"305":["resource/btn_common_in/spriteFrame",2,1],"306":["resource/pro_common_in/spriteFrame",2,1],"307":["resource/head/head_9/spriteFrame",2,1],"308":["resource/pro_common_bg1/spriteFrame",2,1],"309":["header/PublicImg/bg_slots_caozuo_box1/texture",1,1],"310":["header/PublicImg/bg_slots_caozuo_box1/spriteFrame",2,1],"311":["header/publicFont/shuzi_xiazhujine_0/texture",1,1],"312":["header/publicFont/shuzi_xiazhujine_0/spriteFrame",2,1],"313":["gift/img/bucket/spriteFrame",2,1],"314":["prefabs/confirm",9],"315":["resource/vip/b_VIP1/texture",1,1],"316":["resource/vip/b_VIP1/spriteFrame",2,1],"317":["header/PublicImg/zi_spinTAHAN/texture",1,1],"318":["header/PublicImg/zi_spinTAHAN/spriteFrame",2,1],"319":["gift/img/brick/spriteFrame",2,1],"320":["resource/loading/loading4/spriteFrame",2,1],"321":["resource/vip/VIP14/texture",1,1],"322":["header/PublicImg/icon_dating_jinbi/texture",1,1],"323":["header/PublicImg/icon_dating_jinbi/spriteFrame",2,1],"324":["header/PublicSkeleton/spine_guangquan2/texture",1,1],"325":["gift/img/cock/spriteFrame",2,1],"326":["header/publicFont/shuzi_xiazhujine",8],"327":["resource/head/head_circle_6/spriteFrame",2,1],"328":["gift/car/pdg/texture",1,1],"329":["gift/img/bg_gift_daojubox/spriteFrame",2,1],"330":["gift/img/egg/spriteFrame",2,1],"331":["gift/img/heguan_bandar/spriteFrame",2,1],"332":["gift/car/pdg",5],"333":["gift/car/tuoxie/texture",1,1],"334":["resource/vip/VIP5/texture",1,1],"335":["resource/vip/VIP5/spriteFrame",2,1],"336":["header/publicFont/shuzi_xiazhucishu",8],"337":["resource/vip/b_VIP8/texture",1,1],"338":["resource/vip/b_VIP8/spriteFrame",2,1],"339":["resource/vip/VIP9/texture",1,1],"340":["resource/vip/VIP9/spriteFrame",2,1],"341":["resource/head/auto_head",10],"342":["header/PublicImg/btn_caozuo_xiazhu_di/texture",1,1],"343":["header/PublicImg/btn_caozuo_xiazhu_di/spriteFrame",2,1],"344":["resource/loading/loading15/spriteFrame",2,1],"345":["gift/img/heguan_yxx/spriteFrame",2,1],"346":["header/PublicSkeleton/SPECIAL",5],"347":["resource/gold/icon_dt_shop_jinb6/spriteFrame",2,1],"348":["resource/vip/b_VIP2/texture",1,1],"349":["resource/vip/b_VIP2/spriteFrame",2,1],"350":["resource/vip/b_VIP11/texture",1,1],"351":["resource/vip/b_VIP11/spriteFrame",2,1],"352":["header/publicFont/shuzi_xiazhucishu_0/texture",1,1],"353":["header/publicFont/shuzi_xiazhucishu_0/spriteFrame",2,1],"354":["gift/car/liulian/texture",1,1],"355":["resource/vip/VIP13/texture",1,1],"356":["resource/loading/loading13/spriteFrame",2,1],"357":["resource/gold/icon_dt_shop_jinb3/spriteFrame",2,1],"358":["header/PublicImg/btn_caozuo_max/texture",1,1],"359":["header/PublicImg/btn_caozuo_max/spriteFrame",2,1],"360":["gift/car/zhuantou/texture",1,1],"361":["prefabs/marquee",9],"362":["resource/btn_common_up/spriteFrame",2,1],"363":["resource/gold/icon_dt_shop_jinb1/spriteFrame",2,1],"364":["resource/head/head_circle_1/spriteFrame",2,1],"365":["resource/panel_common_bg2/spriteFrame",2,1],"366":["gift/img/bg_gift_daojubox_jinbi/spriteFrame",2,1],"367":["resource/btn_hall_add/spriteFrame",2,1],"368":["gift/img/pan/spriteFrame",2,1],"369":["resource/vip/auto_vip",10],"370":["header/PublicImg/btn_caozuo_zuidabox/texture",1,1],"371":["header/PublicImg/btn_caozuo_zuidabox/spriteFrame",2,1],"372":["resource/vip/VIP11/texture",1,1],"373":["resource/toast_bg/spriteFrame",2,1],"374":["resource/vip/VIP2/texture",1,1],"375":["resource/vip/VIP2/spriteFrame",2,1],"376":["header/PublicSkeleton/skeleton/texture",1,1],"377":["resource/btn_set_off/spriteFrame",2,1],"378":["gift/car/zhuaji/texture",1,1],"379":["gift/img/beer/spriteFrame",2,1],"380":["resource/head/head_circle_2/spriteFrame",2,1],"381":["resource/pro_common_in1/spriteFrame",2,1],"382":["resource/head/head_4/spriteFrame",2,1],"383":["header/PublicImg/btn_caozuo_shezhi/texture",1,1],"384":["header/PublicImg/btn_caozuo_shezhi/spriteFrame",2,1],"385":["gift/img/btn_gift_on/spriteFrame",2,1],"386":["gift/car/zhuantou",5],"387":["resource/loading/loading11/spriteFrame",2,1],"388":["header/publicFont/shuzi_zhongjiangjine",8],"389":["resource/icon_common_gold/spriteFrame",2,1],"390":["resource/btn_dt_lv/spriteFrame",2,1],"391":["fonts/num_shop_num_0/texture",1,1],"392":["fonts/num_shop_num_0/spriteFrame",2,1],"393":["gift/car/wen/texture",1,1],"394":["gift/img/btn_gift_off/spriteFrame",2,1],"395":["resource/btn_dt_off/spriteFrame",2,1],"396":["resource/head/head_6/spriteFrame",2,1],"397":["resource/gold/icon_dt_shop_jinb5/spriteFrame",2,1],"398":["resource/vip/b_VIP13/texture",1,1],"399":["resource/vip/b_VIP13/spriteFrame",2,1],"400":["gift/img/tomato/spriteFrame",2,1],"401":["gift/car/shuitong/texture",1,1],"402":["gift/car/xihongshi",5],"403":["resource/vip/VIP6/texture",1,1],"404":["resource/vip/VIP6/spriteFrame",2,1],"405":["resource/btn_common_of/spriteFrame",2,1],"406":["resource/loading/loading10/spriteFrame",2,1],"407":["animation/baoxiangbao/texture",1,1],"408":["animation/baoxiangbao/spriteFrame",2,1],"409":["resource/img_common_di/spriteFrame",2,1],"410":["fonts/welcome_font",8],"411":["gift/car/meigui/texture",1,1],"412":["gift/img/money/spriteFrame",2,1],"413":["gift/img/head1/spriteFrame",2,1],"414":["gift/car/qian/texture",1,1],"415":["gift/img/btn_gift_weixuan/spriteFrame",2,1],"416":["header/PublicSkeleton/beli",5],"417":["resource/panel_common_bg1/texture",1,1],"418":["resource/panel_common_bg1/spriteFrame",2,1],"419":["bg_common_loading/texture",1,1],"420":["bg_common_loading/spriteFrame",2,1],"421":["resource/head/head_5/spriteFrame",2,1],"422":["header/PublicImg/Rptidakmencukupi/texture",1,1],"423":["header/PublicImg/Rptidakmencukupi/spriteFrame",2,1]},"scenes":{},"packs":{"0104183ce":["139","152","183","196","210","224","233","242","270","271","276","320","344","356","387","111","406"],"0108fe33d":["0","361"],"01a491d17":["289","111"],"01c41b7dd":["127","225","243","256","0","365","409"],"022e5e64f":["336","353"],"04458da39":["205","392"],"0450ed69e":["21","199"],"046990040":["141","195","296","347","357","363","397"],"04c5044b0":["229","300"],"05afd150e":["130","450","144","451","147","153","168","170","172","193","211","214","230","236","238","274","283","285","309","311","447","155","160","165","177","181","185","189","201","252","257","259","281","444","445","449","157","162","174","206","208","219","226","245","249","291","293","297","299","304","446","247","250","262","125","302","121","184","228","198","239","264","317","324","315","322","321","328","350","333","339","342","348","337","334","352","354","355","358","360","370","372","374","376","378","383","391","393","401","398","403","407","411","414","417","419","422"],"0853be0d1":["122","158","175","213","220","227","275","282","294","312","326","346","384","416"],"0b6c2160a":["142","167","190","191","217","221","223","232","235","255","278","280","287","307","327","341","364","380","382","396","421"],"0c097f050":["292","116"],"0ce6a572f":["6","143","8","146","9","10","19","20","22","31","36","37","44","46","47","64","66","67","77","78","136","11","15","18","24","25","28","29","33","57","58","60","65","132","133","137","12","16","23","34","35","39","41","52","54","68","70","72","74","76","134","53","55","61","5","75","2","26","43","32","49","62","81","84","80","83","82","85","92","86","89","90","91","88","87","93","94","95","96","97","99","100","102","103","104","105","106","107","109","108","110","112","114","115","117","119","120"],"0db1be276":["202","410"],"0dd55d1a1":["123","129","138","150","151","154","159","179","186","187","188","192","203","204","215","216","254","261","269","273","305","306","308","0","362","367","373","377","381","389","390","395","405"],"0e286a337":["212","388"],"0e42ea3e4":["128","140","197","218","234","241","268","272","71","313","319","325","329","330","331","345","366","368","379","385","394","400","412","413","415"],"0eee6a70e":["164","266","71"],"0f6f54abf":["126","131","145","171","178","182","194","209","231","240","246","258","260","263","265","284","298","303","316","335","338","340","349","351","369","375","399","404"]},"versions":{"import":[424,"7ab43",425,"8ea9f",426,"8d0a1",427,"82161",428,"57ec6",3,"bb8ac",429,"5e37b",430,"81ff4",431,"b1ce9",432,"63e60",433,"03223",4,"8618b",124,"da6f5",434,"a674e",435,"3b7a5",436,"48d15",437,"6ad55",438,"dbe04",439,"59ac5",440,"05f9c",441,"2a15e",442,"4d375",443,"df848",7,"d1d86",135,"449d6",148,"215ef",149,"18629",156,"de6e2",13,"41fdb",14,"d82e1",161,"78484",163,"821fd",17,"74de4",166,"aa74c",169,"c4936",173,"ed81e",176,"15672",180,"7b280",27,"96b72",30,"1647a",200,"3d307",207,"cd050",38,"7a36e",40,"952e2",222,"6e5e0",42,"621e2",45,"55651",237,"39051",48,"7fa18",50,"9f8fc",51,"23085",244,"097fe",248,"6bfd7",251,"7a969",56,"e1ffc",253,"0166d",59,"690fa",63,"567e2",277,"ce749",279,"18f5b",286,"0e89e",288,"7c4f2",290,"a5106",69,"65860",295,"ef812",73,"4d247",301,"b5edd",310,"d40ee",79,"469f7",314,"2f57f",318,"6cd19",323,"d1286",332,"569bc",343,"d5d59",359,"9e89b",98,"125bb",371,"3c276",101,"f7179",1,"22692",386,"6d87f",402,"93cc6",408,"afcf7",113,"70310",418,"9ef67",118,"f24f3",420,"aef1c",423,"d957c"],"native":[2,"f3301",3,"b92c3",4,"4d9f1",5,"9f701",6,"593c0",132,"33a02",133,"6aba6",134,"120f6",7,"1b762",136,"18129",137,"55713",143,"b7330",8,"d9385",146,"87dea",9,"1ac04",10,"34e17",11,"9d7cf",12,"729be",13,"5fb29",14,"ee245",15,"603be",16,"dcbd8",17,"2d2bd",18,"7176b",19,"b9ee2",20,"0d24b",21,"1830f",22,"8edc5",23,"42f69",24,"ab516",25,"7e41c",26,"9ad63",27,"de020",28,"b5f89",29,"3b2ed",30,"ef258",31,"0baf5",32,"2a3a2",33,"2eb18",34,"89e79",35,"9c191",36,"cfa1a",37,"5d999",39,"ea108",40,"ca1d3",41,"64f70",42,"c6b12",43,"df642",44,"25615",45,"73a79",46,"76710",47,"65f25",48,"7c0b8",49,"cd323",50,"1a861",51,"9de05",52,"9cbce",53,"d0765",54,"4ff8b",55,"0eca0",56,"41a2e",57,"e66b8",58,"130a0",59,"528b2",60,"d3dcb",61,"90203",62,"ff313",63,"d5dae",64,"31380",65,"d6a10",66,"539b6",67,"fc2d1",68,"a9ded",70,"af8bd",72,"f634a",73,"33174",74,"58816",75,"2e302",76,"a3bf9",77,"5e736",78,"7a17d",79,"e937c",80,"17ffd",81,"8e0b4",82,"470fa",83,"4854e",84,"47621",85,"715f0",86,"0208f",87,"744c3",88,"5945a",89,"774d2",90,"baa9b",91,"f83c6",92,"704f2",93,"f1231",94,"8c933",95,"f293b",96,"64f70",97,"f935b",98,"43175",99,"5231f",100,"820f4",101,"09d30",102,"74e37",103,"88614",104,"b0365",105,"70d9f",106,"df0ce",107,"19d4e",108,"359ad",109,"d3e64",110,"1ea38",112,"bc9b8",113,"b92c3",114,"e439f",115,"806f4",116,"1e986",117,"a288b",118,"9de05",119,"cf2ea",120,"0ad38"]},"redirect":[448,"0",267,"0",452,"0"],"debug":false,"extensionMap":{".ccon":["1","1","38","69"]},"hasPreloadScript":true,"types":["cc.ImageAsset","cc.Texture2D","cc.SpriteFrame","cc.AnimationClip","cc.Asset","sp.SkeletonData","cc.ParticleAsset","cc.TTFFont","cc.BitmapFont","cc.Prefab","cc.SpriteAtlas"]}