[1,["c1N+GG9L1EqbsyWDdSsVt/@6c48a"],0,[["sp.SkeletonData",["_name","_atlasText","textureNames","_skeletonJson","textures"],-1,3]],[[0,0,1,2,3,4,5]],[[0,"rk_dmn_da","\r\nrk_dmn_da.png\r\nsize: 1024,256\r\nformat: RGBA8888\r\nfilter: Linear,Linear\r\nrepeat: none\r\nbg_duonimo_da\r\n  rotate: true\r\n  xy: 2, 24\r\n  size: 230, 460\r\n  orig: 230, 460\r\n  offset: 0, 0\r\n  index: -1\r\nboluo\r\n  rotate: false\r\n  xy: 763, 100\r\n  size: 144, 154\r\n  orig: 144, 154\r\n  offset: 0, 0\r\n  index: -1\r\ngp\r\n  rotate: false\r\n  xy: 464, 39\r\n  size: 163, 215\r\n  orig: 163, 215\r\n  offset: 0, 0\r\n  index: -1\r\ngp[2\r\n  rotate: false\r\n  xy: 629, 79\r\n  size: 132, 175\r\n  orig: 132, 175\r\n  offset: 0, 0\r\n  index: -1\r\nye1\r\n  rotate: true\r\n  xy: 851, 45\r\n  size: 53, 39\r\n  orig: 53, 39\r\n  offset: 0, 0\r\n  index: -1\r\nye2\r\n  rotate: false\r\n  xy: 540, 6\r\n  size: 74, 31\r\n  orig: 74, 31\r\n  offset: 0, 0\r\n  index: -1\r\nye3\r\n  rotate: false\r\n  xy: 464, 2\r\n  size: 74, 35\r\n  orig: 74, 35\r\n  offset: 0, 0\r\n  index: -1\r\nye4\r\n  rotate: false\r\n  xy: 689, 5\r\n  size: 49, 72\r\n  orig: 49, 72\r\n  offset: 0, 0\r\n  index: -1\r\nye5\r\n  rotate: true\r\n  xy: 800, 35\r\n  size: 63, 49\r\n  orig: 63, 49\r\n  offset: 0, 0\r\n  index: -1\r\nye7\r\n  rotate: false\r\n  xy: 740, 8\r\n  size: 58, 69\r\n  orig: 58, 69\r\n  offset: 0, 0\r\n  index: -1\r\nye8\r\n  rotate: true\r\n  xy: 616, 6\r\n  size: 31, 71\r\n  orig: 31, 71\r\n  offset: 0, 0\r\n  index: -1\r\n",["rk_dmn_da.png"],{"skeleton":{"hash":"F3T8JPX0J331tV7vxFNdtosgn6s","spine":"3.8.99","x":-128,"y":-3,"width":246,"height":460,"images":"E:/新版UI/平台/入口新源文件/多米诺大","audio":""},"bones":[{"name":"root"},{"name":"zuo","parent":"root","x":-20.78,"y":194.85},{"name":"you","parent":"root","x":31.18,"y":221.7},{"name":"boluo","parent":"root"},{"name":"骨骼","parent":"boluo"}],"slots":[{"name":"ss","bone":"root","attachment":"bg_duonimo_da"},{"name":"gp[2","bone":"you","attachment":"gp[2"},{"name":"gp","bone":"zuo","attachment":"gp"},{"name":"boluo","bone":"boluo","attachment":"boluo"},{"name":"ye2","bone":"骨骼","attachment":"ye2"},{"name":"ye3","bone":"骨骼","attachment":"ye3"},{"name":"ye4","bone":"骨骼","attachment":"ye4"},{"name":"ye5","bone":"骨骼","attachment":"ye5"},{"name":"ye8","bone":"骨骼","attachment":"ye8"},{"name":"ye7","bone":"骨骼","attachment":"ye7"},{"name":"ye1","bone":"骨骼","attachment":"ye1"}],"skins":[{"name":"default","attachments":{"boluo":{"boluo":{"x":24,"y":187,"width":144,"height":154}},"gp":{"gp":{"x":-25.72,"y":69.65,"width":163,"height":215}},"gp[2":{"gp[2":{"x":20.82,"y":52.8,"width":132,"height":175}},"ss":{"bg_duonimo_da":{"y":227,"width":230,"height":460}},"ye1":{"ye1":{"x":30.52,"y":266.78,"width":53,"height":39}},"ye2":{"ye2":{"x":70.23,"y":256.3,"width":74,"height":31}},"ye3":{"ye3":{"x":78.09,"y":277.71,"width":74,"height":35}},"ye4":{"ye4":{"x":23.97,"y":296,"width":49,"height":72}},"ye5":{"ye5":{"x":4.3,"y":282.08,"width":63,"height":49}},"ye7":{"ye7":{"x":67.61,"y":296.5,"width":58,"height":69}},"ye8":{"ye8":{"x":50.63,"y":303.49,"width":31,"height":71}}}}],"animations":{"animation":{"bones":{"骨骼":{"translate":[{"x":7.79,"y":-17.32}]},"boluo":{"translate":[{"y":-40},{"time":1,"y":-19.92},{"time":2,"y":-40}]},"you":{"rotate":[{},{"time":1,"angle":-10},{"time":2}]},"zuo":{"rotate":[{},{"time":1,"angle":10},{"time":2}]}}}}},[0]]],0,0,[0],[-1],[0]]
