[1,["51oTsLjmZOlqk9/b+Owy5R@6c48a"],["_textureSource"],["cc.SpriteFrame"],0,[{"name":"bangdingshouji_icon","rect":{"x":26,"y":2,"width":1241,"height":476},"offset":{"x":-377.5,"y":16},"originalSize":{"width":2048,"height":512},"rotated":false,"capInsets":[0,0,0,0],"vertices":{"rawPosition":[-620.5,-238,0,620.5,-238,0,-620.5,238,0,620.5,238,0],"indexes":[0,1,2,2,1,3],"uv":[26,510,1267,510,26,34,1267,34],"nuv":[0.0126953125,0.06640625,0.61865234375,0.06640625,0.0126953125,0.99609375,0.61865234375,0.99609375],"minPos":{"x":-620.5,"y":-238,"z":0},"maxPos":{"x":620.5,"y":238,"z":0}},"packable":true,"pixelsToUnit":100,"pivot":{"x":0.5,"y":0.5},"meshType":0}],[0],0,[0],[0],[0]]
