{"importBase":"import","nativeBase":"native","name":"common","deps":["main"],"uuids":["abU+dMzmdMB4tXJuuOxaY4","dbnYVTnjBK9LK4olIriAqE","02OARLuw1Duq0LKDX5ExF0","06UVNycTlCJag9qxi915x/","063TJTIZxHir1olbTnN6yf","09goxYmEBGeZ9E3jEG/DgB","0eO0yRr/FBzqLvk7aotfiC","12m3KcwvpJx4TOzkSP1a7N","13XmIhRH9Hz7F9Xn+DOO81","1co/WZrGFFeKVWVuae/Poi","1cxpG5A59KHJkwt/HMhmeS","1fa9v2KOxAEqzq61vtMf+7","215ENOKStFUrmK8IAGpyoW","22Lmuh5X1C7Lk6FBsqc5Rl","22xGzUl5tBXbxjWLpx0sVQ","247LMVtTtFfYFxWQEaRDqo","25Lo5L2FNBM6kI1ljRy0yj","27GeX8brhI9r4pdAq1p/0q","27xvbkDz5ES7Q1N4ias4AH","29uhrxWeFET5ZHjzB7sifR","2bUy5QzgJFHLCfm6WdMb4Z","2bvqpS0sRGU7yG5fEoXJRm","2eMawkd+BAuaJTOerixHlF","2eUiqXJ5tHBK+7SBBkyE3M","2fAxB4zohOuI5ZsxfKPfY+","31epkwggNAYqyvw3//Zwyf","3170vwTIJHCK218reuj0dv","330NdTw15Iu7mCMVmWWjlr","34NnDYv9pNdKIOiDoOIxU5","34ZG5s0SFCpb1BgzRSbU5b","34ugUmuXdAg6UvbfTfMEp7","38/GS5BElOQ7JWc7Jbf8Ge","3a2/GPEDBHJ5izeva/8NDE","3bneatkYtH+LylmLraDVno","3en3BvYrZEWIDgX1hBEHCB","43JjZEwD9Ga5JVQcEyfjsc","434VsJQPhIw4DNfrjgTrHO","46HAcCPOhAy7Ts1hfSDeVc","47KmA44ctAaIJnPYuc+i3g","4aUmuoCxFPn7Wn6bidqftc","4asT9XdW9HRr6eog6ftjnI","4duu7FkblHrYT3C6wu7JZ7","51a19BeOJNaIDyxPOhfBtI","51oTsLjmZOlqk9/b+Owy5R","53cVaOBH9PyJwX6pR6nzLX","54tSpyCLpBJLCB0+RmCBM3","57Wjv7qd9H8r+X0PONEzdr","57pJP/1MlBzqE+I3129MLZ","58eAgOeJ9DSJ4A8QcO564p","5aZZH2KGpE37CzAcBTh0iM","5cJBxdgB9Jf4Kp4L0/NvGo","5dMTwv235NE4ZhEDn9Xe97","5eXZNmI7xKfa9Ri1al/ZZE","5e/30PhxFOpKYALxcdb56F","5fanOFr8xMU5vd0Fsk1HfF","61KTUJdppBU4DIbXn2dxqC","61PYbXRUNOpZzERS7LWjZD","64OZPv68FIw5mg3kRKQL7L","66G+P0t4ZNUrHaxuGqOJD5","66OM2F2FJOar4/wN5LHIzH","67HR4fB5xEmLap0OuBh56a","68FMUtkyFOwIhxVlgAhuxQ","694dwJPYFOZ5XUOTrHboAh","6cO/faTwFGTIPFF8trz5Eg","724OXKhzBCX5lBd/d3gP2s","73RtQ5KjFESIlSEyMOaYvq","7353CbBfFJVot/J0Jhb7R+","74QNuO01BGb57HYxgiDqgg","75mBQQ9cpJLpFKwhemnJK7","76ljWACu1OaatdBUZeoezH","7809RJryNPPKRpIZTaTTmq","7fXK1kjNpCi60PlTd+wjOI","87v/xw9otDQ741Mnp45nNs","8berpXqJlOqJiXFoROuMCl","8dWZHKDrpPzoHo5zGOkS4/","92TV9zMHNBUYnWqxQ8WrUV","92avLMyklJBrG6KwwQ3/mP","93HGBDykxGyK30L02r5pEZ","95i1oFK/FLM5413HQnDHJz","97L71xauJNspUlyHZYu80d","97Ra58Y+lPnq5d2lQZH320","97i3dNrCxLO6lE0+vmJaNJ","98MHxJQGJGioJVNJ/iiGxL","98S1kXkoFAY6+iJXUo2wrV","9c/D0wSZ9B5YBqoH54Pzkq","9d4NV1TAZFernLRcSfG+0O","9d/GMgG31Cjp0Arz2vSS/x","9eEgfi8gFOnoC5sLim77Dk","9fILGEgCpGP6J7BnLQtcnc","a1fhFbeMpLL48MH9ShcT8m","a165HP2H9OMIwE3OpMpHXS","a4AUBzjydDcaC5xMO7wVDW","a5Fai9v3JFva459+yDH4zd","a8+YmWlVtBWKNBkrngtC2q","aaTrw5/BpNga0p3fxVYICE","aaj2lli1hPqKbKPZOLIU4I","aa/MXbJN5GYYucIGr3iN4a","b1KKquhU1NjKxGOj+iN3C5","b1cxaL9z5ClbWb/5fKMfNY","b3kGqVY+RNvoll1WiLF+vv","b3meWfhjJANp9JR+RpzWx0","b4A6MV6UBIw4N/yhMGir/z","b9g91CLKRLwK5i0LjeST1Y","b90O8FJIpEEpeDnaUsR5BX","bbptELFdhOR68FqUwY1XVt","bcrcnAeM9Ou7Uo6lRJ2LHz","bddF0ZSy1MkINVhFJFMvzs","beui2Z9VRIY7OdpKPUhx7t","bfWpvnoWpAubZpmvs5dart","c1M8O0NUpE+KDeitZPuqKr","c3eIqc2NJL/7tnsHdk37It","c8vabN9rVG1rZWgdqLnSbI","ca+CuHQFNIlZ6CvN6GtH41","cbpCy0XtxEH6H8aScKJ969","ceFgm0C99LLL0eLX0HsYGL","ceYdlnpWxMLK/Zp7BIyUy9","d1r9I1NudNCL4DrZlE3DYQ","d2vLnMuHJGP6EaGQTiuhK+","d6Zs79GdhOppelV+XPHLbQ","db2hVwiDFBcp5Jh+OPOcfh","dfZGhx+WNC9pzpJWc/hgm6","df9nSt1nhIX4lCsFsL+Osq","e0c1SwaFJLFIMP6FToNLJd","e3YEdcFQZNWrq27S0SaUeO","e6HzYdUYJLB7Z5hJKqAJH6","e7rWm8JxBNmITxyi7eQYHd","eafYRmHFRBKoPsheqTavh1","ecXwhQqTlPgbyfxHU55kVy","edaHaqaA1JT4XsBmadG8kq","f0bYo9+r9Ptqkzn/3GCe4z","f0xOKdEbdKlo+Vwu9IHkyD","f2wzDTM6VCG7fBqdWxt5GH","f3Hy+eF7tB0KqVauQ/uYnb","f5FbxlrnJIWrDtj/oTafi8","f7BkaycN1N6KusU1/pbLX7","faKu8+IwBKFJKlGT+9EbQd","fbf2dKkD1JD71LC9sQac80","fe5NAmkd5GZrunhpVeMW7U","02OARLuw1Duq0LKDX5ExF0@6c48a","02OARLuw1Duq0LKDX5ExF0@f9941","07IG5PaX9PVaBDbdVBvhEa@f9941","07Y5tB4nFFmZeNs6a9/dj6","09goxYmEBGeZ9E3jEG/DgB@6c48a","09goxYmEBGeZ9E3jEG/DgB@f9941","0aHq2RFGhJe7z/DrkSO1N5@f9941","0cvjxha79Mg67z9x5PUQ2t@f9941","0cxKfdAURDv7yhq9k+L6Tw@f9941","0eO0yRr/FBzqLvk7aotfiC@6c48a","0eO0yRr/FBzqLvk7aotfiC@f9941","0fckUBP7NEz4iDkp5Bai7F@f9941","114ff35ab","132b16a3f","13aegcQqlMY5I6jnJ6+2CT","13f5b7250","146f3853b","15JTEVwXZA7ZLyPsem4J1+@f9941","15af87154","16Q7zNs/REGJuj7EIjkQLD@f9941","17eLWQBfhEh7xfyQVkrHyx@f9941","179axHpjdLG6LdTQEXxZTu@f9941","19VSPGJPxM1I+Kc6jc9GFY@f9941","19gjzjVctJnIOaFY408FR8@f9941","1b191506d","1co/WZrGFFeKVWVuae/Poi@6c48a","1co/WZrGFFeKVWVuae/Poi@f9941","1cb8435fc","1cxpG5A59KHJkwt/HMhmeS@6c48a","1cxpG5A59KHJkwt/HMhmeS@f9941","1d/m/F0W9FRqQyqUEBNrC/","1eYpbhdgxBVYOKHO9/yiAM@f9941","1eY8MhDQtBSq5GksGGkJrD@f9941","1fD7YwvclCoLaCD+nu5R0A@f9941","1fa9v2KOxAEqzq61vtMf+7@6c48a","21fczWiipJ+4Nn+4cnH+5a@f9941","215ENOKStFUrmK8IAGpyoW@6c48a","215ENOKStFUrmK8IAGpyoW@f9941","22Lmuh5X1C7Lk6FBsqc5Rl@6c48a","22Lmuh5X1C7Lk6FBsqc5Rl@f9941","24hxrkSkxPEZCul1UJpADK@f9941","247LMVtTtFfYFxWQEaRDqo@6c48a","247LMVtTtFfYFxWQEaRDqo@f9941","25Lo5L2FNBM6kI1ljRy0yj@6c48a","25Lo5L2FNBM6kI1ljRy0yj@f9941","25zhXAtrFHL5hVN24zE09y@f9941","27mD3D+zxEC5n95DwIfUh+","27xvbkDz5ES7Q1N4ias4AH@6c48a","27xvbkDz5ES7Q1N4ias4AH@f9941","29H/5dnZtOwqH9kUnkYHPx@f9941","2bUy5QzgJFHLCfm6WdMb4Z@6c48a","2cb/M1vvpCCa8fRUHv4Via","2eMawkd+BAuaJTOerixHlF@6c48a","2eMawkd+BAuaJTOerixHlF@f9941","2fAxB4zohOuI5ZsxfKPfY+@6c48a","2fAxB4zohOuI5ZsxfKPfY+@f9941","31epkwggNAYqyvw3//Zwyf@6c48a","31epkwggNAYqyvw3//Zwyf@f9941","31nkNIH3FLY6i+D5Z0WNlv","3170vwTIJHCK218reuj0dv@6c48a","3170vwTIJHCK218reuj0dv@f9941","32tJWC0S9DLZGuH5kpbibr@f9941","322DS7jmxNJ6cgIgzsiNQC","330NdTw15Iu7mCMVmWWjlr@6c48a","330NdTw15Iu7mCMVmWWjlr@f9941","332UqbiZFESp4MjyJQkbGA@f9941","34NnDYv9pNdKIOiDoOIxU5@6c48a","34ugUmuXdAg6UvbfTfMEp7@6c48a","35c/v9BCJFvL7cUP4srXfc@f9941","37Vni0zFdESbxjH3aU9KaD@f9941","39AmbCr2NGArh2PdP+o4NP@f9941","3atKJ9UJxDW66qtdNz0Z0x@f9941","3de+8suQ5P54LYQ4dwwwCg@f9941","3eW/K/paZBVJAQXNqfYdaG@f9941","3en3BvYrZEWIDgX1hBEHCB@6c48a","3en3BvYrZEWIDgX1hBEHCB@f9941","4158HSIDhEaILnniPuCSla@f9941","42LLaaMmRK3qV3C2AIWjwz@f9941","42ufr1p+FBfaXeV2/EdEMd@f9941","43JjZEwD9Ga5JVQcEyfjsc@6c48a","43JjZEwD9Ga5JVQcEyfjsc@f9941","43zh4tiD5HT7QeF7DRNwkq","434VsJQPhIw4DNfrjgTrHO@6c48a","434VsJQPhIw4DNfrjgTrHO@f9941","44G2a3y7tIOIDG2G6T7O/b@f9941","44Nxj15BhBa76f2b3UiPP8@f9941","45ICrAdXZDnYm1IDMXGcTk","46HAcCPOhAy7Ts1hfSDeVc@6c48a","462V2PfIlOY74P6BXdq64O","47KmA44ctAaIJnPYuc+i3g@6c48a","47KmA44ctAaIJnPYuc+i3g@f9941","476dKrH61CAJnO6WuO0nJA@f9941","4aUmuoCxFPn7Wn6bidqftc@6c48a","4aUmuoCxFPn7Wn6bidqftc@f9941","4agV9vDDZJ06MbM4qUV36b","4asT9XdW9HRr6eog6ftjnI@6c48a","4fTf8K9D5AK6Batvn0nUGe@f9941","4fWoo8FXtJZq8PSa+IuHO4@f9941","4fg003QuBLUb6EgVjgoDJG@f9941","50btXq3RlH95uYtMGAvCAL@f9941","51a19BeOJNaIDyxPOhfBtI@6c48a","51a19BeOJNaIDyxPOhfBtI@f9941","51oTsLjmZOlqk9/b+Owy5R@6c48a","51qsd9JxZMFqEQhS6EF8CT@f9941","53eo99nbBHH6ox10ALAKQl","54KLiwur9Amap2gJMEkLWO@f9941","54sgwCzVRLFYTLJtn0mySJ@f9941","56UMzwg6xEVKfLou1mGlRa@f9941","57Wjv7qd9H8r+X0PONEzdr@6c48a","57Wjv7qd9H8r+X0PONEzdr@f9941","58eAgOeJ9DSJ4A8QcO564p@6c48a","59VglDuBdKT6hNXlZ3aspl","5aZZH2KGpE37CzAcBTh0iM@6c48a","5aZZH2KGpE37CzAcBTh0iM@f9941","5bC3ENgvdIX7V1+CC+cq0I@f9941","5bSbJwUbRH3YWteoWs8Hwk@f9941","5caQ5QGcNGeJO8BC1giK2y@f9941","5eEUWy72xI2adtoy2l0RFc@f9941","5eXZNmI7xKfa9Ri1al/ZZE@6c48a","5eXZNmI7xKfa9Ri1al/ZZE@f9941","5e/30PhxFOpKYALxcdb56F@6c48a","5fkup/H81IJab4PlSYraOh@f9941","61KTUJdppBU4DIbXn2dxqC@6c48a","61KTUJdppBU4DIbXn2dxqC@f9941","61bRP7z7xDxbr4HTSw2bKd@f9941","62n8UBKLFNf4jG1gDr6WW/@f9941","64OZPv68FIw5mg3kRKQL7L@6c48a","64+C00exdCHpQ/pUaaCnEC@f9941","66G+P0t4ZNUrHaxuGqOJD5@6c48a","66G+P0t4ZNUrHaxuGqOJD5@f9941","66OM2F2FJOar4/wN5LHIzH@6c48a","66OM2F2FJOar4/wN5LHIzH@f9941","67HR4fB5xEmLap0OuBh56a@6c48a","68FMUtkyFOwIhxVlgAhuxQ@6c48a","68FMUtkyFOwIhxVlgAhuxQ@f9941","694dwJPYFOZ5XUOTrHboAh@6c48a","694dwJPYFOZ5XUOTrHboAh@f9941","6avyFaTJRLnYoqLlO+nCaV@f9941","6cPgSCsNVHFbdXyNBf+Y2p@f9941","6fyGJg0clLuKmqkbp04h/G@f9941","724OXKhzBCX5lBd/d3gP2s@6c48a","724OXKhzBCX5lBd/d3gP2s@f9941","7353CbBfFJVot/J0Jhb7R+@6c48a","7353CbBfFJVot/J0Jhb7R+@f9941","74AQ69M3NAjput9L6s0T4S@f9941","74QNuO01BGb57HYxgiDqgg@6c48a","74QNuO01BGb57HYxgiDqgg@f9941","75mBQQ9cpJLpFKwhemnJK7@6c48a","75mBQQ9cpJLpFKwhemnJK7@f9941","756AN4mMhGC4ygALH4znAy","759V6gJatDJ7NcUDP3qLgc@f9941","76zJ7MtCRPm7QmXYxeNbby@f9941","78n66wzD1Pc7KFSxyYxPgn@f9941","79tze+QttP8Jwizs0mvxf7@f9941","7aXV6Y2NhHxaxxq0Wf6sCo@f9941","7anaVqazhJsastaPUDQIvJ@f9941","7bEbffROJCapZOWtzn0948@f9941","7bqLnbp/ZPIJTYNJO0kqdw@f9941","7fXK1kjNpCi60PlTd+wjOI@6c48a","7fXK1kjNpCi60PlTd+wjOI@f9941","7f63bv+/NBrI2gKrpy5EV8@f9941","80ObrT8kdK35cnst3OAMfx","82MBLvZINH97r3AqiWmmOl@f9941","82oSekdrFNl6pPHJf1boWU@f9941","826+zWf1BDJ52anp4XDC/Q","87U7uLsJtMrItEuIzWbCRD@f9941","87v/xw9otDQ741Mnp45nNs@6c48a","87v/xw9otDQ741Mnp45nNs@f9941","8berpXqJlOqJiXFoROuMCl@6c48a","8berpXqJlOqJiXFoROuMCl@f9941","8dWZHKDrpPzoHo5zGOkS4/@6c48a","8dWZHKDrpPzoHo5zGOkS4/@f9941","8f7K3l8LxOrKjEi4x80xdu@f9941","91Uv2XxHdKGrQXB3KSb753","91u1R60pBDDYpuHm5EYwqC","92QZ8PFiNPr7NwZn5uc7Sn","92TV9zMHNBUYnWqxQ8WrUV@6c48a","92TV9zMHNBUYnWqxQ8WrUV@f9941","93HGBDykxGyK30L02r5pEZ@6c48a","93HGBDykxGyK30L02r5pEZ@f9941","94OQy+7SxBX7ek7wxICxnx","95+qmdD39AF4Hs2yQ/f9X2","96NI+9kEZCdYLLHXKAHrL+@f9941","97L71xauJNspUlyHZYu80d@6c48a","97L71xauJNspUlyHZYu80d@f9941","97i3dNrCxLO6lE0+vmJaNJ@6c48a","97i3dNrCxLO6lE0+vmJaNJ@f9941","973r0Nt2JJLZhhxfWPR0mn","98MHxJQGJGioJVNJ/iiGxL@6c48a","98MHxJQGJGioJVNJ/iiGxL@f9941","98S1kXkoFAY6+iJXUo2wrV@6c48a","98nH6dfjdI/rzl7zeckIve@f9941","9aTD7Zu+pI8Lrkuz89ge1a@f9941","9cTEkLtQ5M1KctGJx9+j0h@f9941","9cXF+a9xBOQYQxKETm9h75@f9941","9d4NV1TAZFernLRcSfG+0O@6c48a","9d4NV1TAZFernLRcSfG+0O@f9941","9d/GMgG31Cjp0Arz2vSS/x@6c48a","9d/GMgG31Cjp0Arz2vSS/x@f9941","9eEgfi8gFOnoC5sLim77Dk@6c48a","9eEgfi8gFOnoC5sLim77Dk@f9941","9fcAkzkRNOZJm+pCDdRV1E@f9941","a1fhFbeMpLL48MH9ShcT8m@6c48a","a1fhFbeMpLL48MH9ShcT8m@f9941","a165HP2H9OMIwE3OpMpHXS@6c48a","a165HP2H9OMIwE3OpMpHXS@f9941","a3lmu7InpBjJrwQiyMGRns@f9941","a39gwZOchBk7dfHk+8dB2p@f9941","a4AUBzjydDcaC5xMO7wVDW@6c48a","a5Fai9v3JFva459+yDH4zd@6c48a","a5Fai9v3JFva459+yDH4zd@f9941","a8+YmWlVtBWKNBkrngtC2q@6c48a","a9ML3XpXZOPap6q3F5LoJN@f9941","a9U6QmhDRBsJwlHLdYyav+","aatQ6pxOVIOpFuE54Mji7a@f9941","aa/MXbJN5GYYucIGr3iN4a@6c48a","acMLJYicFHfY3KGw2EbUXC@f9941","ae55VexThHIYRSh0j6BgW5@f9941","ae6SVXbRZJEKyMez6vGzAg@f9941","b1AzYM+EpBp4X7zgPJ4nZp","b1KKquhU1NjKxGOj+iN3C5@6c48a","b1cxaL9z5ClbWb/5fKMfNY@6c48a","b1cxaL9z5ClbWb/5fKMfNY@f9941","b11vnOBp1GdaANKvNc+r5q","b3kGqVY+RNvoll1WiLF+vv@6c48a","b3kGqVY+RNvoll1WiLF+vv@f9941","b3meWfhjJANp9JR+RpzWx0@6c48a","b3meWfhjJANp9JR+RpzWx0@f9941","b3u4fN0kVHyqXH5GUhQS0W","b4A6MV6UBIw4N/yhMGir/z@6c48a","b4A6MV6UBIw4N/yhMGir/z@f9941","b5NZhXUPtJuKL7eNzv/WyE@f9941","b7vPY9+OZNaaT1YGBGIbN+@f9941","b8J8UMPB9OwZLbbm6CuQRx","b8aezD+RBJmqeu06ol2Zbe@f9941","b9g91CLKRLwK5i0LjeST1Y@6c48a","b9g91CLKRLwK5i0LjeST1Y@f9941","b90O8FJIpEEpeDnaUsR5BX@6c48a","b90O8FJIpEEpeDnaUsR5BX@f9941","bbptELFdhOR68FqUwY1XVt@6c48a","bbptELFdhOR68FqUwY1XVt@f9941","bcrcnAeM9Ou7Uo6lRJ2LHz@6c48a","bddF0ZSy1MkINVhFJFMvzs@6c48a","beJIRv5LZKJJJ413Ih/JK9@f9941","beuZ31F11G85MDvUBoc0m8","beui2Z9VRIY7OdpKPUhx7t@6c48a","beyLxpxAVHFYxyuaYML1fZ@f9941","bfWpvnoWpAubZpmvs5dart@6c48a","bfWpvnoWpAubZpmvs5dart@f9941","c1M8O0NUpE+KDeitZPuqKr@6c48a","c2wl9ldCVACIC7RFVHbIHk","c3GzbNPndGVZNq89eOvrqE@f9941","c3UXY3fDlKM7lhVWCabUYS@f9941","c3j6NjTj9Et5TowllWf0VQ@f9941","c3pXMv4wNJdYMCZAdQTaUj@f9941","c4sG773pBBXb43VX6LOJht@f9941","c6vJaGFDhIGYC1IkQ1x1pm@f9941","c9qsiBlH9BlbBkw30rrCDu@f9941","c9rl7R19RF1oHr5kmgRCdB","ca+CuHQFNIlZ6CvN6GtH41@6c48a","ca+CuHQFNIlZ6CvN6GtH41@f9941","cbpCy0XtxEH6H8aScKJ969@6c48a","cdxn4qXHFOBbR1u1CluGOH@f9941","d1r9I1NudNCL4DrZlE3DYQ@6c48a","d1r9I1NudNCL4DrZlE3DYQ@f9941","d2vLnMuHJGP6EaGQTiuhK+@6c48a","d27zCyIGdIiZV+Jcm4xs8x@f9941","d3SXtVqQhDR5EBi8TzZOLb","d6Zs79GdhOppelV+XPHLbQ@6c48a","d64ky4b+JFwrcJUwE6acmX@f9941","d7PYZvGhhJIplsjz/EDGNb@f9941","daJnF282dGmbKLPddLS/4m@f9941","daQEBFBhFGULJfuhpOYMKy@f9941","db2hVwiDFBcp5Jh+OPOcfh@6c48a","db2hVwiDFBcp5Jh+OPOcfh@f9941","db8h2MjrpAYpbVhTvPx33x@f9941","ddAWp6HMhKqadWiAjEQsn9","ddcLjeb7lAbK79IOSMIcny@f9941","ddvrqQZKxJx5KRJPa5TWQS","deT/wF3cRECL6hB1mg6PtX@f9941","dfYqb8DFlE2b7SKm64T36g@f9941","dfZGhx+WNC9pzpJWc/hgm6@6c48a","dfZGhx+WNC9pzpJWc/hgm6@f9941","df9nSt1nhIX4lCsFsL+Osq@6c48a","e3qetiitpDpLvhuDKRuQOd@f9941","e4uT78j39M2aEkr5/5HHvT@f9941","e45fQBDTJOxIYHq4X221xO@f9941","e528r5LRlI15LMHAPcuf0Q@f9941","e6HzYdUYJLB7Z5hJKqAJH6@6c48a","e6HzYdUYJLB7Z5hJKqAJH6@f9941","e6Sm5j9JBL4byNuA3NgTv5@f9941","e7rWm8JxBNmITxyi7eQYHd@6c48a","e9GLEapuFNH7X1O3ue5Rob","eafYRmHFRBKoPsheqTavh1@6c48a","eafYRmHFRBKoPsheqTavh1@f9941","eapyz/uEJOGJiMvsB5E9Um@f9941","ecs5TeeapKvp9F9u3GBa2V@f9941","edaHaqaA1JT4XsBmadG8kq@6c48a","edaHaqaA1JT4XsBmadG8kq@f9941","eds1YjkQ9Pxaos46OmSuf+@f9941","efOBZey41Is45nI7rsJ99R","f0bYo9+r9Ptqkzn/3GCe4z@6c48a","f2xdDvcw1JI7UZb6rbJsrd@f9941","f25fM3lVNBpblbOmUHiLnl@f9941","f3Hy+eF7tB0KqVauQ/uYnb@6c48a","f3LKKhxaRE2qN8P3c1QqtX@f9941","f53XgGsHtBi6YzjqLiznV4","f7BkaycN1N6KusU1/pbLX7@6c48a","f7BkaycN1N6KusU1/pbLX7@f9941","f8lCshLVZL0YmX0Fqkdjvd","faKu8+IwBKFJKlGT+9EbQd@6c48a","faKu8+IwBKFJKlGT+9EbQd@f9941","fdM7ofo3JHW7eaPCgNBv2u@f9941","fepv2IQ0lAb7g7ZR9cx7QM@f9941","fe5NAmkd5GZrunhpVeMW7U@6c48a","fe5NAmkd5GZrunhpVeMW7U@f9941","0104183ce","0108fe33d","01a491d17","022e5e64f","04458da39","0450ed69e","046990040","04c5044b0","0543f10d0","05ffaf90a","078c3459a","0853be0d1","08b8cacc2","0b6c2160a","0c097f050","0db1be276","0e286a337","0e42ea3e4","0eee6a70e","0f5ea1dea","0f6f54abf","114ff35ab@6c48a","132b16a3f@6c48a","13f5b7250@6c48a","14ad46CnxGH4lm4ZljKy7H","146f3853b@6c48a","15af87154@6c48a","1b191506d@6c48a","1cb8435fc@6c48a","7dj5uJT9FMn6OrOOx83tfK@f9941"],"paths":{"0":["resource/auto_tips",9],"1":["animation/animation_loading",3],"2":["header/PublicImg/btn_caozuo_zengjiajinbi",0],"3":["animation/xinfeng",4],"4":["animation/bangdingshouji_icon",4],"5":["resource/vip/VIP10",0],"6":["resource/vip/b_VIP4",0],"7":["gift/car/liulian",4],"8":["gift/dub/ani_slipper",10],"9":["resource/vip/b_VIP3",0],"10":["header/PublicImg/zi_spin_BERHENTI@2x",0],"11":["header/PublicSkeleton/spine_guangquan",0],"12":["header/PublicImg/btn_caozuo_bangzhu_di",0],"13":["header/PublicImg/btn_caozuo_jinbi_di",0],"14":["header/PublicSkeleton/beli",4],"15":["header/PublicImg/zi_caozuo_goodluck@2x",0],"16":["header/PublicImg/btn_caozuo_xiazhu_jian",0],"17":["header/PublicSkeleton/SPECIAL",4],"18":["header/PublicImg/bg_slots_caozuo_denfenbox",0],"19":["gift/dub/ani_spin",10],"20":["gift/car/xihongshi",0],"21":["gift/dub/ani_rocket",10],"22":["resource/vip/b_VIP10",0],"23":["animation/star",6],"24":["header/PublicImg/btn_caozuo_spin_di",0],"25":["header/PublicImg/zi_caozuo_BELI",0],"26":["resource/vip/b_VIP7",0],"27":["resource/vip/b_VIP12",0],"28":["gift/car/jidan",0],"29":["gift/car/shuitong",4],"30":["resource/gold/icon_dt_shop_jinbi0",0],"31":["animation/animation_autoLauncher_up",3],"32":["gift/car/xihongshi",4],"33":["gift/dub/ani_chicken",10],"34":["resource/vip/b_VIP0",0],"35":["animation/stars",0],"36":["fonts/welcome_font_0",0],"37":["resource/vip/VIP12",0],"38":["resource/vip/VIP0",0],"39":["header/publicFont/shuzi_zhongjiangjine_0",0],"40":["header/PublicSkeleton/SPECIAL",0],"41":["animation/animation_akunUp",3],"42":["header/PublicImg/btn_caozuo_fanhui",0],"43":["animation/bangdingshouji_icon",0],"44":["gift/car/wen",4],"45":["gift/dub/ani_labber",10],"46":["header/PublicImg/btn_caozuo_max_di",0],"47":["header/PublicSkeleton/skeleton",4],"48":["gift/car/pjgb",0],"49":["resource/vip/b_VIP5",0],"50":["animation/snow11",6],"51":["gift/car/zhuaji",4],"52":["header/PublicImg/zi_spin_PUTAR",0],"53":["header/PublicSkeleton/beli",0],"54":["gift/car/qian",4],"55":["resource/vip/b_VIP15",0],"56":["gift/car/pjgb",4],"57":["animation/shoujibangding_ruchang",0],"58":["resource/vip/VIP7",0],"59":["header/PublicImg/btn_caozuo_xiazhu_jia",0],"60":["animation/xinfeng",0],"61":["header/PublicImg/btn_caozuo_spin",0],"62":["header/PublicImg/btn_caozuo_bangzhu",0],"63":["gift/dub/ani_beer",10],"64":["resource/vip/b_VIP14",0],"65":["gift/car/zhuantou",4],"66":["resource/vip/b_VIP6",0],"67":["resource/vip/VIP1",0],"68":["resource/vip/VIP3",0],"69":["gift/dub/ani_tomato",10],"70":["gift/car/pdg",4],"71":["header/PublicImg/bg_slots_caozuo_box2",0],"72":["header/PublicImg/zi_caozuo_SPECLAL",0],"73":["resource/vip/b_VIP9",0],"74":["header/PublicImg/btn_caozuo_libao",0],"75":["animation/fire",0],"76":["header/animation_nomey",3],"77":["header/PublicImg/btn_caozuo_dingbu_di",0],"78":["gift/img/auto-gift",9],"79":["resource/vip/VIP4",0],"80":["gift/car/meigui",4],"81":["fonts/zi_shop_buy_0",0],"82":["resource/vip/VIP8",0],"83":["resource/vip/VIP15",0],"84":["animation/shoujibangding_ruchang",4],"85":["header/PublicImg/bg_slots_caozuo_box1",0],"86":["header/publicFont/shuzi_xiazhujine_0",0],"87":["animation/snow",0],"88":["header/PublicSkeleton/spine_guangquan",4],"89":["resource/vip/b_VIP1",0],"90":["header/PublicImg/zi_spinTAHAN",0],"91":["resource/vip/VIP14",0],"92":["header/PublicImg/icon_dating_jinbi",0],"93":["header/PublicSkeleton/spine_guangquan2",0],"94":["gift/dub/ani_durian",10],"95":["gift/dub/ani_gold",10],"96":["gift/car/pdg",0],"97":["gift/car/tuoxie",0],"98":["resource/vip/VIP5",0],"99":["resource/vip/b_VIP8",0],"100":["resource/vip/VIP9",0],"101":["header/PublicImg/btn_caozuo_xiazhu_di",0],"102":["resource/vip/b_VIP2",0],"103":["resource/vip/b_VIP11",0],"104":["header/publicFont/shuzi_xiazhucishu_0",0],"105":["gift/car/liulian",0],"106":["resource/vip/VIP13",0],"107":["animation/fanye_1",0],"108":["header/PublicImg/btn_caozuo_max",0],"109":["gift/car/zhuantou",0],"110":["gift/car/tuoxie",4],"111":["gift/dub/ani_pot",10],"112":["header/PublicImg/btn_caozuo_zuidabox",0],"113":["resource/vip/VIP11",0],"114":["gift/dub/ani_kiss",10],"115":["gift/car/jidan",4],"116":["resource/vip/VIP2",0],"117":["header/PublicSkeleton/skeleton",0],"118":["gift/car/zhuaji",0],"119":["header/PublicImg/btn_caozuo_shezhi",0],"120":["fonts/num_shop_num_0",0],"121":["gift/car/wen",0],"122":["gift/dub/ani_money",10],"123":["animation/fanye_1",4],"124":["resource/vip/b_VIP13",0],"125":["gift/car/shuitong",0],"126":["resource/vip/VIP6",0],"127":["resource/loading/auto_loading",9],"128":["animation/baoxiangbao",0],"129":["gift/car/meigui",0],"130":["gift/dub/ani_egg",10],"131":["gift/dub/ani_rose",10],"132":["gift/car/qian",0],"133":["animation/fire",6],"134":["resource/panel_common_bg1",0],"135":["bg_common_loading",0],"136":["animation/animation_autoLauncher_down",3],"137":["header/PublicImg/Rptidakmencukupi",0],"138":["header/PublicImg/btn_caozuo_zengjiajinbi/texture",1,1],"139":["header/PublicImg/btn_caozuo_zengjiajinbi/spriteFrame",2,1],"140":["resource/img_common_di2/spriteFrame",2,1],"141":["gift/car/shuitong",5],"142":["resource/vip/VIP10/texture",1,1],"143":["resource/vip/VIP10/spriteFrame",2,1],"144":["resource/btn_off/spriteFrame",2,1],"145":["gift/img/icon_gift_user/spriteFrame",2,1],"146":["resource/bg_xifneng_shufukuang/spriteFrame",2,1],"147":["resource/vip/b_VIP4/texture",1,1],"148":["resource/vip/b_VIP4/spriteFrame",2,1],"149":["resource/Kata sandi/spriteFrame",2,1],"152":["gift/car/liulian",5],"155":["resource/btn_xinfeng_guanbi/spriteFrame",2,1],"157":["resource/loading/loading16/spriteFrame",2,1],"158":["resource/Nomor HP/spriteFrame",2,1],"159":["gift/img/bg_gift_daojubox_daojuban/spriteFrame",2,1],"160":["resource/gold/icon_dt_shop_jinb4/spriteFrame",2,1],"161":["resource/head/head_7/spriteFrame",2,1],"163":["resource/vip/b_VIP3/texture",1,1],"164":["resource/vip/b_VIP3/spriteFrame",2,1],"166":["header/PublicImg/zi_spin_BERHENTI@2x/texture",1,1],"167":["header/PublicImg/zi_spin_BERHENTI@2x/spriteFrame",2,1],"168":["prefabs/marquee_insert",8],"169":["resource/icon_yincang/spriteFrame",2,1],"170":["resource/newsTicker_bg/spriteFrame",2,1],"171":["resource/loading/loading3/spriteFrame",2,1],"172":["header/PublicSkeleton/spine_guangquan/texture",1,1],"173":["resource/pro_common_bg/spriteFrame",2,1],"174":["header/PublicImg/btn_caozuo_bangzhu_di/texture",1,1],"175":["header/PublicImg/btn_caozuo_bangzhu_di/spriteFrame",2,1],"176":["header/PublicImg/btn_caozuo_jinbi_di/texture",1,1],"177":["header/PublicImg/btn_caozuo_jinbi_di/spriteFrame",2,1],"178":["resource/btn_set_on/spriteFrame",2,1],"179":["header/PublicImg/zi_caozuo_goodluck@2x/texture",1,1],"180":["header/PublicImg/zi_caozuo_goodluck@2x/spriteFrame",2,1],"181":["header/PublicImg/btn_caozuo_xiazhu_jian/texture",1,1],"182":["header/PublicImg/btn_caozuo_xiazhu_jian/spriteFrame",2,1],"183":["resource/btn_hall_head2/spriteFrame",2,1],"184":["gift/prefabs/prefabs_gift_animation",8],"185":["header/PublicImg/bg_slots_caozuo_denfenbox/texture",1,1],"186":["header/PublicImg/bg_slots_caozuo_denfenbox/spriteFrame",2,1],"187":["resource/head/head_2/spriteFrame",2,1],"188":["gift/car/xihongshi/texture",1,1],"189":["gift/car/meigui",5],"190":["resource/vip/b_VIP10/texture",1,1],"191":["resource/vip/b_VIP10/spriteFrame",2,1],"192":["header/PublicImg/btn_caozuo_spin_di/texture",1,1],"193":["header/PublicImg/btn_caozuo_spin_di/spriteFrame",2,1],"194":["header/PublicImg/zi_caozuo_BELI/texture",1,1],"195":["header/PublicImg/zi_caozuo_BELI/spriteFrame",2,1],"196":["gift/car/jidan",5],"197":["resource/vip/b_VIP7/texture",1,1],"198":["resource/vip/b_VIP7/spriteFrame",2,1],"199":["resource/icon_common_woman/spriteFrame",2,1],"200":["prefabs/modalBox",8],"201":["resource/vip/b_VIP12/texture",1,1],"202":["resource/vip/b_VIP12/spriteFrame",2,1],"203":["resource/loading/loading2/spriteFrame",2,1],"204":["gift/car/jidan/texture",1,1],"205":["resource/gold/icon_dt_shop_jinbi0/texture",1,1],"206":["resource/btn_dt_huang/spriteFrame",2,1],"207":["resource/word_tips_cancel/spriteFrame",2,1],"208":["resource/word_tips_ok/spriteFrame",2,1],"209":["resource/head/head_3/spriteFrame",2,1],"210":["resource/head/head_circle_8/spriteFrame",2,1],"211":["resource/newsTicker_bg1/spriteFrame",2,1],"212":["resource/vip/b_VIP0/texture",1,1],"213":["resource/vip/b_VIP0/spriteFrame",2,1],"214":["resource/gold/icon_dt_shop_jinb2/spriteFrame",2,1],"215":["resource/loading/loading12/spriteFrame",2,1],"216":["gift/img/img_icon_shoe/spriteFrame",2,1],"217":["animation/stars/texture",1,1],"218":["animation/stars/spriteFrame",2,1],"219":["gift/car/qian",5],"220":["fonts/welcome_font_0/texture",1,1],"221":["fonts/welcome_font_0/spriteFrame",2,1],"222":["resource/btn_common_down/spriteFrame",2,1],"223":["resource/bg_xinfengbox/spriteFrame",2,1],"224":["fonts/num_shop_num",7],"225":["resource/vip/VIP12/texture",1,1],"226":["gift/car/pjgb",5],"227":["resource/vip/VIP0/texture",1,1],"228":["resource/vip/VIP0/spriteFrame",2,1],"229":["resource/loading/loading5/spriteFrame",2,1],"230":["header/publicFont/shuzi_zhongjiangjine_0/texture",1,1],"231":["header/publicFont/shuzi_zhongjiangjine_0/spriteFrame",2,1],"232":["prefabs/subGameHeader",8],"233":["header/PublicSkeleton/SPECIAL/texture",1,1],"234":["resource/img_common_di1/spriteFrame",2,1],"235":["resource/word_tips_title/spriteFrame",2,1],"236":["resource/head/head_circle_5/spriteFrame",2,1],"237":["gift/img/img_icon_durian/spriteFrame",2,1],"238":["header/PublicImg/btn_caozuo_fanhui/texture",1,1],"239":["header/PublicImg/btn_caozuo_fanhui/spriteFrame",2,1],"240":["animation/bangdingshouji_icon/texture",1,1],"241":["resource/head/head_1/spriteFrame",2,1],"242":["animation/xinfeng",5],"243":["resource/head/head_circle_3/spriteFrame",2,1],"244":["resource/loading/loading1/spriteFrame",2,1],"245":["resource/icon_dating_loading/spriteFrame",2,1],"246":["header/PublicImg/btn_caozuo_max_di/texture",1,1],"247":["header/PublicImg/btn_caozuo_max_di/spriteFrame",2,1],"248":["gift/car/pjgb/texture",1,1],"249":["fonts/zi_shop_buy",7],"250":["resource/vip/b_VIP5/texture",1,1],"251":["resource/vip/b_VIP5/spriteFrame",2,1],"252":["resource/head/head_circle_4/spriteFrame",2,1],"253":["resource/loading/loading8/spriteFrame",2,1],"254":["gift/img/img_icon_kiss/spriteFrame",2,1],"255":["resource/head/head_8/spriteFrame",2,1],"256":["header/PublicImg/zi_spin_PUTAR/texture",1,1],"257":["header/PublicImg/zi_spin_PUTAR/spriteFrame",2,1],"258":["header/PublicSkeleton/beli/texture",1,1],"259":["resource/Konfirmamsi Kata Sandi/spriteFrame",2,1],"260":["resource/vip/b_VIP15/texture",1,1],"261":["resource/vip/b_VIP15/spriteFrame",2,1],"262":["gift/img/btn_gift_xuanzhong/spriteFrame",2,1],"263":["resource/loading/loading6/spriteFrame",2,1],"264":["animation/shoujibangding_ruchang/texture",1,1],"265":["resource/btn_mengikat/spriteFrame",2,1],"266":["resource/vip/VIP7/texture",1,1],"267":["resource/vip/VIP7/spriteFrame",2,1],"268":["header/PublicImg/btn_caozuo_xiazhu_jia/texture",1,1],"269":["header/PublicImg/btn_caozuo_xiazhu_jia/spriteFrame",2,1],"270":["animation/xinfeng/texture",1,1],"271":["header/PublicImg/btn_caozuo_spin/texture",1,1],"272":["header/PublicImg/btn_caozuo_spin/spriteFrame",2,1],"273":["header/PublicImg/btn_caozuo_bangzhu/texture",1,1],"274":["header/PublicImg/btn_caozuo_bangzhu/spriteFrame",2,1],"275":["resource/png_update_tipsBg/spriteFrame",2,1],"276":["resource/head/head_circle_7/spriteFrame",2,1],"277":["resource/panel_common_left/spriteFrame",2,1],"278":["resource/vip/b_VIP14/texture",1,1],"279":["resource/vip/b_VIP14/spriteFrame",2,1],"280":["resource/vip/b_VIP6/texture",1,1],"281":["resource/vip/b_VIP6/spriteFrame",2,1],"282":["resource/icon_dating_loading2/spriteFrame",2,1],"283":["resource/vip/VIP1/texture",1,1],"284":["resource/vip/VIP1/spriteFrame",2,1],"285":["resource/vip/VIP3/texture",1,1],"286":["resource/vip/VIP3/spriteFrame",2,1],"287":["gift/car/tuoxie",5],"288":["resource/bjinbi_big/spriteFrame",2,1],"289":["gift/img/bg_touxiangbox_me/spriteFrame",2,1],"290":["resource/png_common_di3/spriteFrame",2,1],"291":["resource/loading/loading7/spriteFrame",2,1],"292":["resource/fengexian/spriteFrame",2,1],"293":["resource/loading/loading14/spriteFrame",2,1],"294":["gift/img/img_icon_rose/spriteFrame",2,1],"295":["resource/icon_common_man/spriteFrame",2,1],"296":["header/PublicImg/bg_slots_caozuo_box2/texture",1,1],"297":["header/PublicImg/bg_slots_caozuo_box2/spriteFrame",2,1],"298":["resource/loading/loading9/spriteFrame",2,1],"299":["header/PublicSkeleton/skeleton",5],"300":["resource/btn_hall_add2/spriteFrame",2,1],"301":["resource/head/head_10/spriteFrame",2,1],"302":["gift/prefabs/prefabs_gift_user",8],"303":["resource/head/head_circle_10/spriteFrame",2,1],"304":["header/PublicImg/zi_caozuo_SPECLAL/texture",1,1],"305":["header/PublicImg/zi_caozuo_SPECLAL/spriteFrame",2,1],"306":["resource/vip/b_VIP9/texture",1,1],"307":["resource/vip/b_VIP9/spriteFrame",2,1],"308":["header/PublicImg/btn_caozuo_libao/texture",1,1],"309":["header/PublicImg/btn_caozuo_libao/spriteFrame",2,1],"310":["resource/head/head_circle_9/spriteFrame",2,1],"311":["gift/prefabs/prefabs_gift_croupier",8],"312":["prefabs/loading",8],"313":["gift/car/zhuaji",5],"314":["animation/fire/texture",1,1],"315":["animation/fire/spriteFrame",2,1],"316":["header/PublicImg/btn_caozuo_dingbu_di/texture",1,1],"317":["header/PublicImg/btn_caozuo_dingbu_di/spriteFrame",2,1],"318":["gift/car/wen",5],"319":["resource/gold/auto_gold",9],"320":["resource/Tingkatkan Akun/spriteFrame",2,1],"321":["resource/vip/VIP4/texture",1,1],"322":["resource/vip/VIP4/spriteFrame",2,1],"323":["fonts/zi_shop_buy_0/texture",1,1],"324":["fonts/zi_shop_buy_0/spriteFrame",2,1],"325":["header/PublicSkeleton/spine_guangquan",5],"326":["resource/vip/VIP8/texture",1,1],"327":["resource/vip/VIP8/spriteFrame",2,1],"328":["resource/vip/VIP15/texture",1,1],"329":["resource/btn_common_in/spriteFrame",2,1],"330":["resource/pro_common_in/spriteFrame",2,1],"331":["resource/head/head_9/spriteFrame",2,1],"332":["resource/pro_common_bg1/spriteFrame",2,1],"333":["header/PublicImg/bg_slots_caozuo_box1/texture",1,1],"334":["header/PublicImg/bg_slots_caozuo_box1/spriteFrame",2,1],"335":["header/publicFont/shuzi_xiazhujine_0/texture",1,1],"336":["header/publicFont/shuzi_xiazhujine_0/spriteFrame",2,1],"337":["animation/snow/texture",1,1],"338":["animation/snow/spriteFrame",2,1],"339":["gift/img/img_icon_bucket/spriteFrame",2,1],"340":["resource/vip/b_VIP1/texture",1,1],"341":["resource/vip/b_VIP1/spriteFrame",2,1],"342":["header/PublicImg/zi_spinTAHAN/texture",1,1],"343":["header/PublicImg/zi_spinTAHAN/spriteFrame",2,1],"344":["gift/img/img_icon_brick/spriteFrame",2,1],"345":["resource/loading/loading4/spriteFrame",2,1],"346":["resource/vip/VIP14/texture",1,1],"347":["header/PublicImg/icon_dating_jinbi/texture",1,1],"348":["header/PublicImg/icon_dating_jinbi/spriteFrame",2,1],"349":["header/PublicSkeleton/spine_guangquan2/texture",1,1],"350":["gift/img/img_icon_cock/spriteFrame",2,1],"351":["header/publicFont/shuzi_xiazhujine",7],"352":["resource/head/head_circle_6/spriteFrame",2,1],"353":["gift/car/pdg/texture",1,1],"354":["gift/img/bg_gift_daojubox/spriteFrame",2,1],"355":["gift/img/img_icon_egg/spriteFrame",2,1],"356":["gift/img/heguan_bandar/spriteFrame",2,1],"357":["gift/car/pdg",5],"358":["gift/car/tuoxie/texture",1,1],"359":["resource/vip/VIP5/texture",1,1],"360":["resource/vip/VIP5/spriteFrame",2,1],"361":["header/publicFont/shuzi_xiazhucishu",7],"362":["resource/vip/b_VIP8/texture",1,1],"363":["resource/vip/b_VIP8/spriteFrame",2,1],"364":["resource/vip/VIP9/texture",1,1],"365":["resource/vip/VIP9/spriteFrame",2,1],"366":["resource/head/auto_head",9],"367":["header/PublicImg/btn_caozuo_xiazhu_di/texture",1,1],"368":["header/PublicImg/btn_caozuo_xiazhu_di/spriteFrame",2,1],"369":["resource/loading/loading15/spriteFrame",2,1],"370":["gift/img/heguan_yxx/spriteFrame",2,1],"371":["header/PublicSkeleton/SPECIAL",5],"372":["resource/gold/icon_dt_shop_jinb6/spriteFrame",2,1],"373":["resource/vip/b_VIP2/texture",1,1],"374":["resource/vip/b_VIP2/spriteFrame",2,1],"375":["resource/vip/b_VIP11/texture",1,1],"376":["resource/vip/b_VIP11/spriteFrame",2,1],"377":["header/publicFont/shuzi_xiazhucishu_0/texture",1,1],"378":["header/publicFont/shuzi_xiazhucishu_0/spriteFrame",2,1],"379":["gift/car/liulian/texture",1,1],"380":["resource/vip/VIP13/texture",1,1],"381":["resource/loading/loading13/spriteFrame",2,1],"382":["animation/fanye_1",5],"383":["animation/fanye_1/texture",1,1],"384":["resource/gold/icon_dt_shop_jinb3/spriteFrame",2,1],"385":["header/PublicImg/btn_caozuo_max/texture",1,1],"386":["header/PublicImg/btn_caozuo_max/spriteFrame",2,1],"387":["gift/car/zhuantou/texture",1,1],"388":["prefabs/marquee",8],"389":["resource/btn_common_up/spriteFrame",2,1],"390":["resource/gold/icon_dt_shop_jinb1/spriteFrame",2,1],"391":["resource/head/head_circle_1/spriteFrame",2,1],"392":["resource/panel_common_bg2/spriteFrame",2,1],"393":["gift/img/bg_gift_daojubox_jinbi/spriteFrame",2,1],"394":["resource/btn_hall_add/spriteFrame",2,1],"395":["gift/img/img_icon_pan/spriteFrame",2,1],"396":["resource/vip/auto_vip",9],"397":["header/PublicImg/btn_caozuo_zuidabox/texture",1,1],"398":["header/PublicImg/btn_caozuo_zuidabox/spriteFrame",2,1],"399":["resource/vip/VIP11/texture",1,1],"400":["resource/toast_bg/spriteFrame",2,1],"401":["resource/vip/VIP2/texture",1,1],"402":["resource/vip/VIP2/spriteFrame",2,1],"403":["header/PublicSkeleton/skeleton/texture",1,1],"404":["resource/btn_set_off/spriteFrame",2,1],"405":["animation/shoujibangding_ruchang",5],"406":["gift/car/zhuaji/texture",1,1],"407":["gift/img/img_icon_beer/spriteFrame",2,1],"408":["resource/head/head_circle_2/spriteFrame",2,1],"409":["resource/pro_common_in1/spriteFrame",2,1],"410":["resource/head/head_4/spriteFrame",2,1],"411":["header/PublicImg/btn_caozuo_shezhi/texture",1,1],"412":["header/PublicImg/btn_caozuo_shezhi/spriteFrame",2,1],"413":["gift/img/btn_gift_on/spriteFrame",2,1],"414":["gift/car/zhuantou",5],"415":["resource/loading/loading11/spriteFrame",2,1],"416":["header/publicFont/shuzi_zhongjiangjine",7],"417":["resource/icon_common_gold/spriteFrame",2,1],"418":["resource/btn_dt_lv/spriteFrame",2,1],"419":["fonts/num_shop_num_0/texture",1,1],"420":["fonts/num_shop_num_0/spriteFrame",2,1],"421":["gift/car/wen/texture",1,1],"422":["gift/img/btn_gift_off/spriteFrame",2,1],"423":["resource/btn_dt_off/spriteFrame",2,1],"424":["resource/head/head_6/spriteFrame",2,1],"425":["resource/gold/icon_dt_shop_jinb5/spriteFrame",2,1],"426":["resource/vip/b_VIP13/texture",1,1],"427":["resource/vip/b_VIP13/spriteFrame",2,1],"428":["gift/img/img_icon_tomato/spriteFrame",2,1],"429":["gift/car/shuitong/texture",1,1],"430":["gift/car/xihongshi",5],"431":["resource/vip/VIP6/texture",1,1],"432":["resource/vip/VIP6/spriteFrame",2,1],"433":["resource/btn_common_of/spriteFrame",2,1],"434":["resource/loading/loading10/spriteFrame",2,1],"435":["animation/baoxiangbao/texture",1,1],"436":["animation/baoxiangbao/spriteFrame",2,1],"437":["resource/img_common_di/spriteFrame",2,1],"438":["fonts/welcome_font",7],"439":["gift/car/meigui/texture",1,1],"440":["gift/img/img_icon_money/spriteFrame",2,1],"441":["gift/img/head1/spriteFrame",2,1],"442":["gift/car/qian/texture",1,1],"443":["gift/img/btn_gift_weixuan/spriteFrame",2,1],"444":["header/PublicSkeleton/beli",5],"445":["resource/panel_common_bg1/texture",1,1],"446":["resource/panel_common_bg1/spriteFrame",2,1],"447":["animation/bangdingshouji_icon",5],"448":["bg_common_loading/texture",1,1],"449":["bg_common_loading/spriteFrame",2,1],"450":["resource/head/head_5/spriteFrame",2,1],"451":["resource/toast_error_bg2/spriteFrame",2,1],"452":["header/PublicImg/Rptidakmencukupi/texture",1,1],"453":["header/PublicImg/Rptidakmencukupi/spriteFrame",2,1]},"scenes":{},"packs":{"0104183ce":["157","171","203","215","229","244","253","263","291","293","298","345","369","381","415","127","434"],"0108fe33d":["0","388"],"01a491d17":["312","127"],"022e5e64f":["361","378"],"04458da39":["224","420"],"0450ed69e":["23","218"],"046990040":["160","214","319","372","384","390","425"],"04c5044b0":["249","324"],"0543f10d0":["144","155","169","170","173","178","183","207","223","234","245","259","288","290","320","330","332","0","394","400","404","409","418","423","433","437","451"],"05ffaf90a":["147","481","163","482","166","172","188","190","192","212","230","233","250","256","258","296","306","308","333","335","337","477","480","174","179","185","197","201","205","220","240","273","278","280","304","475","476","479","176","181","194","225","227","238","246","266","270","314","316","321","323","328","268","271","283","142","326","138","204","264","248","217","260","285","342","349","340","347","346","353","375","358","364","367","373","362","359","377","379","380","383","385","387","397","399","401","403","406","411","419","421","429","426","431","435","439","442","445","448","452"],"078c3459a":["50","338"],"0853be0d1":["139","177","195","232","239","247","297","305","317","336","351","371","412","444"],"08b8cacc2":["6","162","9","165","10","11","20","22","24","34","39","40","49","52","53","71","73","74","85","86","87","153","156","12","15","18","26","27","30","36","43","62","64","66","72","150","151","154","13","16","25","37","38","42","46","58","60","75","77","79","81","83","59","61","67","5","82","2","28","57","48","35","55","68","90","93","89","92","91","96","103","97","100","101","102","99","98","104","105","106","107","108","109","112","113","116","117","118","119","120","121","125","124","126","128","129","132","134","135","137"],"0b6c2160a":["161","187","209","210","236","241","243","252","255","276","301","303","310","331","352","366","391","408","410","424","450"],"0c097f050":["315","133"],"0db1be276":["221","438"],"0e286a337":["231","416"],"0e42ea3e4":["145","159","216","237","254","262","289","294","78","339","344","350","354","355","356","370","393","395","407","413","422","428","440","441","443"],"0eee6a70e":["184","287","78"],"0f5ea1dea":["140","146","149","158","199","206","208","211","222","235","265","275","277","282","292","295","300","329","0","389","392","417"],"0f6f54abf":["143","148","164","191","198","202","213","228","251","261","267","279","281","284","286","307","322","327","341","360","363","365","374","376","396","402","427","432"]},"versions":{"import":[454,"7ab43",455,"f7e91",456,"8d0a1",457,"57ec6",458,"5e37b",459,"81ff4",460,"b1ce9",461,"63e60",462,"eb5e5",463,"a3ad5",3,"8618b",4,"dc964",141,"da6f5",464,"ec643",465,"bb803",466,"e5398",467,"3b7a5",468,"48d15",469,"dbe04",470,"05f9c",471,"f6032",472,"4e1f6",473,"cd200",474,"df848",7,"d1d86",8,"58557",152,"449d6",167,"215ef",168,"dfd65",175,"de6e2",14,"41fdb",180,"78484",182,"821fd",17,"74de4",186,"aa74c",19,"57581",21,"2ba00",189,"15ffe",193,"ed81e",196,"15672",200,"065c8",29,"96b72",31,"270af",32,"1647a",33,"1e438",219,"3d307",226,"cd050",41,"654b8",44,"952e2",242,"6e5e0",45,"fced9",47,"621e2",51,"55651",257,"39051",54,"7fa18",56,"9f8fc",269,"6bfd7",272,"7a969",274,"0166d",63,"9273b",65,"690fa",69,"85872",70,"567e2",299,"ce749",302,"cb7a1",309,"0e89e",311,"6d4dc",313,"a5106",76,"65860",318,"ef812",80,"4d247",325,"b5edd",84,"b3150",334,"86f1f",88,"469f7",343,"6cd19",348,"d1286",94,"85877",95,"4e75c",357,"569bc",368,"d5d59",382,"5eb89",386,"9e89b",110,"125bb",111,"c5a60",398,"3c276",114,"15ebd",115,"f7179",405,"7660c",1,"22692",414,"6d87f",122,"09db3",123,"b0057",430,"d2e51",436,"afcf7",130,"f561a",131,"ad2a4",446,"9ef67",447,"71b0e",449,"aef1c",136,"7e8f3",453,"d957c"],"native":[2,"f3301",3,"4d9f1",4,"03f5c",5,"9f701",6,"593c0",150,"6aba6",7,"1b762",151,"b22fe",8,"5e80a",153,"18129",154,"55713",156,"ec740",162,"b7330",9,"d9385",165,"87dea",10,"1ac04",11,"34e17",12,"9d7cf",13,"729be",14,"5fb29",15,"603be",16,"dcbd8",17,"2d2bd",18,"7176b",19,"4a86b",20,"8d37b",21,"93993",22,"0d24b",23,"1830f",24,"8edc5",25,"42f69",26,"ab516",27,"7e41c",28,"9ad63",29,"de020",30,"b5f89",32,"57c3b",33,"88d6f",34,"0baf5",35,"2a3a2",36,"2eb18",37,"89e79",38,"9c191",39,"cfa1a",40,"5d999",42,"ea108",43,"c4cd6",44,"ca1d3",45,"316ed",46,"64f70",47,"c6b12",48,"df642",49,"25615",50,"c3eee",51,"73a79",52,"76710",53,"65f25",54,"7c0b8",55,"cd323",56,"1a861",57,"7b460",58,"9cbce",59,"d0765",60,"4ff8b",61,"0eca0",62,"e66b8",63,"dfadd",64,"130a0",65,"528b2",66,"d3dcb",67,"90203",68,"ff313",69,"39583",70,"d5dae",71,"aac38",72,"d6a10",73,"539b6",74,"fc2d1",75,"a9ded",77,"af8bd",79,"f634a",80,"31ce8",81,"58816",82,"2e302",83,"a3bf9",84,"f524d",85,"b594c",86,"340bb",87,"b75a9",88,"e937c",89,"17ffd",90,"8e0b4",91,"470fa",92,"4854e",93,"47621",94,"27342",95,"d7615",96,"715f0",97,"0208f",98,"744c3",99,"5945a",100,"774d2",101,"baa9b",102,"f83c6",103,"704f2",104,"f1231",105,"8c933",106,"f293b",107,"64b4a",108,"64f70",109,"f935b",110,"43175",111,"2255c",112,"5231f",113,"820f4",114,"fc933",115,"09d30",116,"74e37",117,"88614",118,"b0365",119,"70d9f",120,"df0ce",121,"19d4e",122,"16dc8",123,"eb331",124,"359ad",125,"d3e64",126,"1ea38",128,"bc9b8",129,"067b8",130,"96521",131,"ff033",132,"806f4",133,"1e986",134,"a288b",135,"cf2ea",137,"0ad38"]},"redirect":[478,"0",483,"0"],"debug":false,"extensionMap":{".ccon":["1","1","136","31","41","76"]},"hasPreloadScript":true,"types":["cc.ImageAsset","cc.Texture2D","cc.SpriteFrame","cc.AnimationClip","cc.Asset","sp.SkeletonData","cc.ParticleAsset","cc.BitmapFont","cc.Prefab","cc.SpriteAtlas","cc.AudioClip"]}