[1,["77jOsDyf9LDrTLmHhJtve+@6c48a"],0,[["sp.SkeletonData",["_name","_atlasText","textureNames","_skeletonJson","textures"],-1,3]],[[0,0,1,2,3,4,5]],[[0,"Crash","\r\nCrash.png\r\nsize: 2048,256\r\nformat: RGBA8888\r\nfilter: Linear,Linear\r\nrepeat: none\r\ncrash-bg1\r\n  rotate: false\r\n  xy: 2, 26\r\n  size: 417, 192\r\n  orig: 417, 192\r\n  offset: 0, 0\r\n  index: -1\r\ncrash-xing\r\n  rotate: false\r\n  xy: 421, 46\r\n  size: 389, 172\r\n  orig: 389, 172\r\n  offset: 0, 0\r\n  index: -1\r\ncrash_bg\r\n  rotate: false\r\n  xy: 812, 2\r\n  size: 216, 216\r\n  orig: 216, 216\r\n  offset: 0, 0\r\n  index: -1\r\ncrash_guang\r\n  rotate: true\r\n  xy: 1172, 89\r\n  size: 129, 122\r\n  orig: 129, 122\r\n  offset: 0, 0\r\n  index: -1\r\nhuojian_hj\r\n  rotate: true\r\n  xy: 1030, 71\r\n  size: 147, 140\r\n  orig: 147, 140\r\n  offset: 0, 0\r\n  index: -1\r\n",["Crash.png"],{"skeleton":{"hash":"NOZ0pFaHzYurkOBMb4EK+O9uZgY","spine":"3.8.99","x":-108,"y":-2.99,"width":216,"height":216,"images":"","audio":""},"bones":[{"name":"root"},{"name":"hj","parent":"root","length":107.14,"rotation":41.67,"x":-23.13,"y":84.85,"scaleX":0.8269,"scaleY":0.8269},{"name":"guang","parent":"hj","length":40.97,"rotation":-176.45,"x":-19.86,"y":8.63},{"name":"骨骼","parent":"root"},{"name":"bg2","parent":"骨骼","length":166.48,"rotation":-137.95,"x":54.67,"y":158.68},{"name":"骨骼2","parent":"骨骼","length":83.89,"rotation":-139.37,"x":18.73,"y":107.66}],"slots":[{"name":"bg","bone":"root","attachment":"crash_bg"},{"name":"root","bone":"骨骼","attachment":"root"},{"name":"crash-bg1","bone":"bg2","attachment":"crash-bg1"},{"name":"crash-xing","bone":"骨骼2","attachment":"crash-xing"},{"name":"crash_guang","bone":"guang","attachment":"crash_guang"},{"name":"huojian_hj","bone":"hj","attachment":"huojian_hj"}],"skins":[{"name":"default","attachments":{"bg":{"crash_bg":{"y":105.01,"width":216,"height":216}},"crash-bg1":{"crash-bg1":{"x":0.5,"width":417,"height":192}},"crash-xing":{"crash-xing":{"x":4.2,"y":-8.36,"width":389,"height":172}},"crash_guang":{"crash_guang":{"x":-4.74,"y":1.9,"rotation":136.28,"width":129,"height":122}},"huojian_hj":{"huojian_hj":{"x":45.38,"y":6.47,"rotation":-41.21,"width":147,"height":140}},"root":{"root":{"type":"clipping","end":"root","vertexCount":46,"color":"ce3a3aff","vertices":[-91.17,132.13,-94.06,118.61,-94.73,106.68,-94.17,95.37,-92.06,84.24,-88.56,73.5,-83.61,62.2,-76.98,50.5,-68.72,41.08,-60.07,33.33,-48.99,25.35,-36.81,18.83,-21.81,14.03,-7.28,11.58,6.62,11.69,21.08,13.8,34.43,18.04,46.25,23.54,56.61,30.42,65.66,38.45,74.05,47.61,81.86,59.16,88.59,72.15,92.7,86.82,94.36,100.26,94.37,113.58,92.27,126.96,88.76,138.5,83.8,150.06,77.35,160.75,69.46,170.93,58.95,180.37,46.85,188.17,34.25,194.36,20.5,198.43,6.57,199.93,-4.96,199.74,-16.27,198.38,-27.76,195.51,-41.26,190.68,-51.84,184.45,-61.23,177.37,-69.63,169.03,-77.47,159.35,-82.93,151.32,-87.14,142.82]}}}}],"animations":{"animation":{"bones":{"hj":{"translate":[{"x":-12.58,"y":-14.15,"curve":0.25,"c3":0.75},{"time":0.5,"x":2.36,"y":3.14,"curve":0.25,"c3":0.75},{"time":2,"x":-12.58,"y":-14.15},{"time":2.5,"x":2.36,"y":3.14,"curve":0.25,"c3":0.75},{"time":4,"x":-12.58,"y":-14.15},{"time":4.5,"x":2.36,"y":3.14,"curve":0.25,"c3":0.75},{"time":6,"x":-12.58,"y":-14.15}]},"guang":{"scale":[{"curve":0.25,"c3":0.75},{"time":0.5,"x":1.139,"curve":0.25,"c3":0.75},{"time":2,"x":0.486,"y":0.427},{"time":2.5,"x":1.139,"curve":0.25,"c3":0.75},{"time":4,"x":0.486,"y":0.427},{"time":4.5,"x":1.139,"curve":0.25,"c3":0.75},{"time":6,"x":0.486,"y":0.427}]},"bg2":{"translate":[{"x":30.27,"y":23.39,"curve":0.25,"c3":0.75},{"time":6,"x":-137.6,"y":-127.97}]},"骨骼2":{"translate":[{"x":174.75,"y":229.1,"curve":0.25,"c3":0.75},{"time":6,"x":-205.71,"y":-199.52}]}}}}},[0]]],0,0,[0],[-1],[0]]
