[1,["d3iunXQmVDDI5abVmrXdnK@6c48a"],0,[["sp.SkeletonData",["_name","_atlasText","textureNames","_skeletonJson","textures"],-1,3]],[[0,0,1,2,3,4,5]],[[0,"rummy_xiao","\r\nrummy_xiao.png\r\nsize: 1555,347\r\nformat: RGBA8888\r\nfilter: Linear,Linear\r\nrepeat: none\r\nCs_xiao\r\n  rotate: true\r\n  xy: 2, 101\r\n  size: 244, 171\r\n  orig: 246, 171\r\n  offset: 1, 0\r\n  index: -1\r\ncm\r\n  rotate: true\r\n  xy: 589, 2\r\n  size: 169, 159\r\n  orig: 171, 161\r\n  offset: 1, 1\r\n  index: -1\r\ncm/cm_00000\r\n  rotate: true\r\n  xy: 589, 2\r\n  size: 169, 159\r\n  orig: 171, 161\r\n  offset: 1, 1\r\n  index: -1\r\ncm/cm_00002\r\n  rotate: true\r\n  xy: 589, 2\r\n  size: 169, 159\r\n  orig: 171, 161\r\n  offset: 1, 1\r\n  index: -1\r\ncm/cm_00004\r\n  rotate: true\r\n  xy: 589, 2\r\n  size: 169, 159\r\n  orig: 171, 161\r\n  offset: 1, 1\r\n  index: -1\r\ncm/cm_00006\r\n  rotate: true\r\n  xy: 726, 176\r\n  size: 169, 159\r\n  orig: 171, 161\r\n  offset: 1, 1\r\n  index: -1\r\ncm/cm_00008\r\n  rotate: true\r\n  xy: 750, 5\r\n  size: 169, 159\r\n  orig: 171, 161\r\n  offset: 1, 1\r\n  index: -1\r\ncm/cm_00010\r\n  rotate: true\r\n  xy: 887, 176\r\n  size: 169, 159\r\n  orig: 171, 161\r\n  offset: 1, 1\r\n  index: -1\r\ncm/cm_00012\r\n  rotate: true\r\n  xy: 911, 5\r\n  size: 169, 159\r\n  orig: 171, 161\r\n  offset: 1, 1\r\n  index: -1\r\ncm/cm_00014\r\n  rotate: true\r\n  xy: 1048, 176\r\n  size: 169, 159\r\n  orig: 171, 161\r\n  offset: 1, 1\r\n  index: -1\r\ncm/cm_00016\r\n  rotate: true\r\n  xy: 1072, 5\r\n  size: 169, 159\r\n  orig: 171, 161\r\n  offset: 1, 1\r\n  index: -1\r\ncm/cm_00018\r\n  rotate: true\r\n  xy: 1209, 176\r\n  size: 169, 159\r\n  orig: 171, 161\r\n  offset: 1, 1\r\n  index: -1\r\ncm/cm_00020\r\n  rotate: true\r\n  xy: 1233, 5\r\n  size: 169, 159\r\n  orig: 171, 161\r\n  offset: 1, 1\r\n  index: -1\r\ncm/cm_00022\r\n  rotate: true\r\n  xy: 1370, 176\r\n  size: 169, 159\r\n  orig: 171, 161\r\n  offset: 1, 1\r\n  index: -1\r\ncm/cm_00024\r\n  rotate: true\r\n  xy: 1394, 5\r\n  size: 169, 159\r\n  orig: 171, 161\r\n  offset: 1, 1\r\n  index: -1\r\ndi\r\n  rotate: true\r\n  xy: 175, 133\r\n  size: 212, 201\r\n  orig: 212, 201\r\n  offset: 0, 0\r\n  index: -1\r\nguang\r\n  rotate: false\r\n  xy: 2, 15\r\n  size: 84, 84\r\n  orig: 86, 86\r\n  offset: 1, 1\r\n  index: -1\r\nhongtao\r\n  rotate: false\r\n  xy: 88, 21\r\n  size: 70, 78\r\n  orig: 72, 80\r\n  offset: 1, 1\r\n  index: -1\r\njb1\r\n  rotate: false\r\n  xy: 160, 34\r\n  size: 197, 65\r\n  orig: 199, 67\r\n  offset: 1, 1\r\n  index: -1\r\njb2\r\n  rotate: false\r\n  xy: 359, 26\r\n  size: 184, 105\r\n  orig: 195, 110\r\n  offset: 10, 3\r\n  index: -1\r\npuke\r\n  rotate: true\r\n  xy: 581, 173\r\n  size: 172, 143\r\n  orig: 174, 145\r\n  offset: 1, 1\r\n  index: -1\r\npuke1\r\n  rotate: true\r\n  xy: 545, 70\r\n  size: 61, 42\r\n  orig: 63, 44\r\n  offset: 1, 1\r\n  index: -1\r\npuke2\r\n  rotate: false\r\n  xy: 545, 26\r\n  size: 42, 42\r\n  orig: 44, 46\r\n  offset: 1, 2\r\n  index: -1\r\nrummy_xiao\r\n  rotate: true\r\n  xy: 378, 133\r\n  size: 212, 201\r\n  orig: 212, 201\r\n  offset: 0, 0\r\n  index: -1\r\n",["rummy_xiao.png"],{"skeleton":{"hash":"g5zDqBOvmbq89G8foHksfiRVKUk","spine":"3.8.99","x":-122.99,"y":-2.86,"width":246,"height":203.93,"images":"F:/工作/大厅/rummy_xiao","audio":"F:/工作/大厅"},"bones":[{"name":"root","y":97.64},{"name":"zong","parent":"root","x":-10.73,"y":0.34,"scaleX":0.8,"scaleY":0.8},{"name":"puke","parent":"zong","x":12.51,"y":89.82},{"name":"puke1","parent":"zong","x":-49.97,"y":171.87},{"name":"puke2","parent":"zong","x":70.98,"y":153.44},{"name":"cm","parent":"zong","x":1.3,"y":24.8},{"name":"hongtao","parent":"zong","x":-70.79,"y":-23.58},{"name":"guang","parent":"zong","x":92.61,"y":56.52},{"name":"cm2","parent":"cm","x":7.32,"y":-19.97},{"name":"cm3","parent":"cm2","x":-7.09,"y":1.53},{"name":"cm4","parent":"cm3","x":3.13,"y":-5.06}],"slots":[{"name":"rummy_xiao","bone":"root","attachment":"rummy_xiao"},{"name":"Cs_xiao","bone":"root","attachment":"Cs_xiao"},{"name":"di","bone":"root","attachment":"di"},{"name":"jb1","bone":"zong","attachment":"jb1"},{"name":"hongtao","bone":"hongtao","attachment":"hongtao"},{"name":"guang","bone":"guang","attachment":"guang"},{"name":"puke","bone":"puke","attachment":"puke"},{"name":"cm","bone":"cm","attachment":"cm/cm_00024"},{"name":"jb2","bone":"zong","attachment":"jb2"},{"name":"puke1","bone":"puke1","attachment":"puke1"},{"name":"puke2","bone":"puke2","attachment":"puke2"}],"skins":[{"name":"default","attachments":{"Cs_xiao":{"Cs_xiao":{"x":0.01,"y":17.93,"width":246,"height":171}},"cm":{"cm":{"x":21.87,"y":-57.78,"width":171,"height":161},"cm/cm_00000":{"x":13.98,"y":-21.12,"width":171,"height":161},"cm/cm_00002":{"x":13.98,"y":-21.12,"width":171,"height":161},"cm/cm_00004":{"x":13.98,"y":-21.12,"width":171,"height":161},"cm/cm_00006":{"x":13.98,"y":-21.12,"width":171,"height":161},"cm/cm_00008":{"x":13.98,"y":-21.12,"width":171,"height":161},"cm/cm_00010":{"x":13.98,"y":-21.12,"width":171,"height":161},"cm/cm_00012":{"x":13.98,"y":-21.12,"width":171,"height":161},"cm/cm_00014":{"x":13.98,"y":-21.12,"width":171,"height":161},"cm/cm_00016":{"x":13.98,"y":-21.12,"width":171,"height":161},"cm/cm_00018":{"x":13.98,"y":-21.12,"width":171,"height":161},"cm/cm_00020":{"x":13.98,"y":-21.12,"width":171,"height":161},"cm/cm_00022":{"x":13.98,"y":-21.12,"width":171,"height":161},"cm/cm_00024":{"x":13.98,"y":-21.12,"width":171,"height":161}},"di":{"di":{"width":212,"height":201}},"guang":{"guang":{"x":2.09,"y":-52.71,"width":86,"height":86}},"hongtao":{"hongtao":{"x":-1.47,"y":11.58,"width":72,"height":80}},"jb1":{"jb1":{"x":9.17,"y":-46.99,"width":199,"height":67}},"jb2":{"jb2":{"x":11.17,"y":-67.82,"width":195,"height":110}},"puke":{"puke":{"x":-0.85,"y":-35.67,"width":174,"height":145}},"puke1":{"puke1":{"x":-27,"y":-104.41,"width":63,"height":44}},"puke2":{"puke2":{"x":40.92,"y":-73.02,"width":44,"height":46}},"rummy_xiao":{"rummy_xiao":{"width":212,"height":201}}}}],"animations":{"animation1":{"slots":{"Cs_xiao":{"color":[{"color":"ffffff00"}]},"cm":{"attachment":[{"name":"cm/cm_00000"},{"time":1.4667,"name":"cm/cm_00002"},{"time":1.5333,"name":"cm/cm_00004"},{"time":1.6,"name":"cm/cm_00006"},{"time":1.6667,"name":"cm/cm_00008"},{"time":1.7333,"name":"cm/cm_00010"},{"time":1.8,"name":"cm/cm_00012"},{"time":1.8667,"name":"cm/cm_00014"},{"time":1.9333,"name":"cm/cm_00016"},{"time":2,"name":"cm/cm_00018"},{"time":2.0667,"name":"cm/cm_00020"},{"time":2.1333,"name":"cm/cm_00022"},{"time":2.2,"name":"cm/cm_00024"},{"time":2.3333,"name":"cm/cm_00000"}]},"rummy_xiao":{"color":[{"color":"ffffff00"}]}},"bones":{"cm":{"translate":[{"y":-23.23}]},"guang":{"translate":[{},{"time":1.1667,"y":4.29},{"time":2.3333}]},"hongtao":{"translate":[{},{"time":1.1667,"x":-3.43,"y":5.14},{"time":2.3333}]},"puke":{"translate":[{"y":-23.23},{"time":0.6667,"y":-15.82},{"time":1.3333,"y":-23.23}]},"puke1":{"translate":[{},{"time":1.1667,"y":-4.81},{"time":2.3333}]},"puke2":{"translate":[{},{"time":1.1667,"x":-8.81,"y":3.2},{"time":2.3333}]}}},"animation2":{"slots":{"cm":{"color":[{"color":"ffffff00"}],"attachment":[{"name":"cm/cm_00000"},{"time":1.4667,"name":"cm/cm_00002"},{"time":1.5333,"name":"cm/cm_00004"},{"time":1.6,"name":"cm/cm_00006"},{"time":1.6667,"name":"cm/cm_00008"},{"time":1.7333,"name":"cm/cm_00010"},{"time":1.8,"name":"cm/cm_00012"},{"time":1.8667,"name":"cm/cm_00014"},{"time":1.9333,"name":"cm/cm_00016"},{"time":2,"name":"cm/cm_00018"},{"time":2.0667,"name":"cm/cm_00020"},{"time":2.1333,"name":"cm/cm_00022"},{"time":2.2,"name":"cm/cm_00024"},{"time":2.3333,"name":"cm/cm_00000"}]},"di":{"color":[{"color":"ffffff00"}]},"guang":{"color":[{"color":"ffffff00"}]},"hongtao":{"color":[{"color":"ffffff00"}]},"jb1":{"color":[{"color":"ffffff00"}]},"jb2":{"color":[{"color":"ffffff00"}]},"puke":{"color":[{"color":"ffffff00"}]},"puke1":{"color":[{"color":"ffffff00"}]},"puke2":{"color":[{"color":"ffffff00"}]}},"bones":{"cm":{"translate":[{"y":-23.23}]},"guang":{"translate":[{},{"time":1.1667,"y":4.29},{"time":2.3333}]},"hongtao":{"translate":[{},{"time":1.1667,"x":-3.43,"y":5.14},{"time":2.3333}]},"puke":{"translate":[{"y":-23.23},{"time":0.6667,"y":-15.82},{"time":1.3333,"y":-23.23}]},"puke1":{"translate":[{},{"time":1.1667,"y":-4.81},{"time":2.3333}]},"puke2":{"translate":[{},{"time":1.1667,"x":-8.81,"y":3.2},{"time":2.3333}]}}}}},[0]]],0,0,[0],[-1],[0]]
