[1,["9d4NV1TAZFernLRcSfG+0O@6c48a"],["_textureSource"],["cc.SpriteFrame"],0,[{"name":"bg_slots_caozuo_box1","rect":{"x":0,"y":0,"width":1624,"height":114},"offset":{"x":0,"y":0},"originalSize":{"width":1624,"height":114},"rotated":false,"capInsets":[0,0,0,0],"vertices":{"rawPosition":[-812,-57,0,812,-57,0,-812,57,0,812,57,0],"indexes":[0,1,2,2,1,3],"uv":[0,114,1624,114,0,0,1624,0],"nuv":[0,0,1,0,0,1,1,1],"minPos":{"x":-812,"y":-57,"z":0},"maxPos":{"x":812,"y":57,"z":0}},"packable":true,"pixelsToUnit":100,"pivot":{"x":0.5,"y":0.5},"meshType":0}],[0],0,[0],[0],[0]]
