[1,["756AN4mMhGC4ygALH4znAy","42ufr1p+FBfaXeV2/EdEMd@f9941","95i1oFK/FLM5413HQnDHJz","b1KKquhU1NjKxGOj+iN3C5@6c48a"],["node","root","data","_skeletonData","_spriteFrame","_atlas"],[["cc.Node",["_name","_components","_prefab","_parent","_children","_lscale"],2,9,4,1,2,5],["cc.UITransform",["node","__prefab","_contentSize"],3,1,4,5],"cc.SpriteAtlas",["cc.Prefab",["_name"],2],["cc.CompPrefabInfo",["fileId"],2],["cc.PrefabInfo",["fileId","instance","targetOverrides","nestedPrefabInstanceRoots","root","asset"],-1,1,1],["sp.Skeleton",["_preCacheMode","_premultipliedAlpha","defaultSkin","defaultAnimation","node","__prefab","_skeletonData"],-1,1,4,6],["cc.Sprite",["node","__prefab","_spriteFrame","_atlas"],3,1,4,6,6],["sp.SkeletonData",["_name","_atlasText","textureNames","_skeletonJson","textures"],-1,3]],[[4,0,2],[5,0,1,2,3,4,5,5],[1,0,1,2,1],[3,0,2],[0,0,4,1,2,2],[0,0,3,1,2,2],[0,0,3,1,2,5,2],[1,0,1,1],[6,0,1,2,3,4,5,6,5],[7,0,1,2,3,1],[8,0,1,2,3,4,5]],[[[[3,"prefabs_gift_animation"],[4,"prefabs_gift_animation",[-3,-4],[[7,-2,[0,"bfninQGBNCfYQvDOCkYdxo"]]],[1,"c46/YsCPVOJYA4mWEpNYRx",null,null,null,-1,0]],[5,"gift_animation",1,[[2,-5,[0,"89iPrtzGVG7rBMm4/m2+Co"],[5,224,208]],[8,0,false,"default","animation",-6,[0,"66upsZh+5EfZm3lNTc2OWS"],0]],[1,"41JpW8y85HSIMDY2p+cq17",null,null,null,1,0]],[6,"props_spr_gift",1,[[2,-7,[0,"27AItknEdJA6WUrN6unZEj"],[5,48,89]],[9,-8,[0,"77uoT87OpCe7Bzl+p2ZA7T"],1,2]],[1,"52eDyRoWNFgKPaop6o0SCd",null,null,null,1,0],[1,1.1,1.1,1]]],0,[0,1,1,0,0,1,0,-1,2,0,-2,3,0,0,2,0,0,2,0,0,3,0,0,3,0,2,1,8],[0,0,0],[3,4,5],[0,1,2]],[[[10,"tuoxie","\r\ntuoxie.png\r\nsize: 2048,256\r\nformat: RGBA8888\r\nfilter: Linear,Linear\r\nrepeat: none\r\ntuoxie_0000_1\r\n  rotate: false\r\n  xy: 906, 2\r\n  size: 224, 208\r\n  orig: 224, 208\r\n  offset: 0, 0\r\n  index: -1\r\ntuoxie_0001_2\r\n  rotate: false\r\n  xy: 228, 2\r\n  size: 224, 208\r\n  orig: 224, 208\r\n  offset: 0, 0\r\n  index: -1\r\ntuoxie_0002_xing3\r\n  rotate: false\r\n  xy: 454, 2\r\n  size: 224, 208\r\n  orig: 224, 208\r\n  offset: 0, 0\r\n  index: -1\r\ntuoxie_0003_xing2\r\n  rotate: false\r\n  xy: 2, 2\r\n  size: 224, 208\r\n  orig: 224, 208\r\n  offset: 0, 0\r\n  index: -1\r\ntuoxie_0004_xing1\r\n  rotate: false\r\n  xy: 680, 2\r\n  size: 224, 208\r\n  orig: 224, 208\r\n  offset: 0, 0\r\n  index: -1\r\n",["tuoxie.png"],{"skeleton":{"hash":"csYHe5evy17L/Kyzi6n2WSS5Stc","spine":"3.8.99","x":-112,"y":-104,"width":224,"height":208,"images":"","audio":""},"bones":[{"name":"root"},{"name":"xie","parent":"root","length":44.04,"rotation":-87.95,"x":-6.49,"y":10.27},{"name":"xieyin","parent":"root","length":35.08,"rotation":-94.5,"x":-4.92,"y":34.24},{"name":"xing1","parent":"root","x":-64.26,"y":20.09},{"name":"xing3","parent":"root","x":60.96,"y":20.2},{"name":"xing2","parent":"root","x":-1.15,"y":62.11}],"slots":[{"name":"tuoxie_0001_2","bone":"xieyin","attachment":"tuoxie_0001_2"},{"name":"tuoxie_0004_xing1","bone":"xing1","attachment":"tuoxie_0004_xing1"},{"name":"tuoxie_0002_xing3","bone":"xing3","attachment":"tuoxie_0002_xing3"},{"name":"tuoxie_0003_xing2","bone":"xing2","attachment":"tuoxie_0003_xing2"},{"name":"tuoxie_0000_2","bone":"xie","attachment":"tuoxie_0000_1"}],"skins":[{"name":"default","attachments":{"tuoxie_0001_2":{"tuoxie_0001_2":{"x":33.75,"y":7.59,"rotation":94.5,"width":224,"height":208}},"tuoxie_0002_xing3":{"tuoxie_0002_xing3":{"x":-60.96,"y":-20.2,"width":224,"height":208}},"tuoxie_0003_xing2":{"tuoxie_0003_xing2":{"x":1.15,"y":-62.11,"width":224,"height":208}},"tuoxie_0004_xing1":{"tuoxie_0004_xing1":{"x":64.26,"y":-20.09,"width":224,"height":208}},"tuoxie_0000_2":{"tuoxie_0000_1":{"x":10.49,"y":6.12,"rotation":87.95,"width":224,"height":208}}}}],"animations":{"animation":{"slots":{"tuoxie_0001_2":{"color":[{"color":"ffffff00"},{"time":0.8,"color":"ffffff9c"},{"time":0.8667,"color":"ffffffff"},{"time":0.9333,"color":"ffffffcb"},{"time":1.4,"color":"ffffffbe"},{"time":1.6667,"color":"ffffff00"}]},"tuoxie_0002_xing3":{"color":[{"color":"ffffff00","curve":"stepped"},{"time":0.1333,"color":"ffffff00"},{"time":0.4,"color":"ffffffff","curve":"stepped"},{"time":0.6,"color":"ffffffff"},{"time":0.7333,"color":"ffffff00"}]},"tuoxie_0003_xing2":{"color":[{"color":"ffffff00","curve":"stepped"},{"time":0.1333,"color":"ffffff00"},{"time":0.4,"color":"ffffff00"},{"time":0.6,"color":"ffffffff"},{"time":0.7333,"color":"ffffff00"}]},"tuoxie_0004_xing1":{"color":[{"color":"ffffff00","curve":"stepped"},{"time":0.1333,"color":"ffffff00"},{"time":0.4,"color":"ffffffff","curve":"stepped"},{"time":0.6,"color":"ffffffff"},{"time":0.7333,"color":"ffffff00"},{"time":1.6667,"color":"ffffff00"}]},"tuoxie_0000_2":{"color":[{"color":"ffffff00"},{"time":0.1333,"color":"ffffffff","curve":"stepped"},{"time":0.9333,"color":"ffffffff"},{"time":1.4,"color":"ffffff00"}]}},"bones":{"xing1":{"rotate":[{"time":0.1333},{"time":0.6,"angle":180},{"time":1.6667,"angle":90}],"translate":[{},{"time":0.1333,"x":58.14,"y":-20.67},{"time":0.2,"x":57.98,"y":-30.41},{"time":0.4,"x":58.14,"y":-20.78},{"time":0.6,"x":-40.5,"y":44.13},{"time":1.6667,"x":-32.03,"y":21.84}],"scale":[{},{"time":0.1333,"x":0.8,"y":0.8},{"time":0.6,"x":1.2,"y":1.2},{"time":1.6667}]},"xie":{"translate":[{"time":0.7333},{"time":0.9333,"y":7.98},{"time":1.4,"y":-124.85},{"time":1.6667}],"scale":[{"x":0.6,"y":0.6},{"time":0.1333,"x":0.8,"y":0.8},{"time":0.2,"x":1.4,"y":1.4,"curve":"stepped"},{"time":0.3333,"x":1.4,"y":1.4},{"time":0.4}]},"xing3":{"rotate":[{},{"time":0.3333,"angle":180,"curve":"stepped"},{"time":0.6667,"angle":180},{"time":1.6667}],"translate":[{},{"time":0.1333,"x":-65.76,"y":-19.64},{"time":0.2,"x":-65.59,"y":-20.41},{"time":0.4,"x":-63.95,"y":-36.18},{"time":0.6667,"x":22.61,"y":24.98},{"time":1.6667}],"scale":[{},{"time":0.4,"x":0.6,"y":0.6},{"time":0.6667}]},"xing2":{"rotate":[{},{"time":0.3333,"angle":180,"curve":"stepped"},{"time":0.6,"angle":180},{"time":1.6667}],"translate":[{},{"time":0.1333,"x":-3.88,"y":-59.43},{"time":0.2,"x":-2.58,"y":-61.37},{"time":0.4,"y":-74.94},{"time":0.6,"y":35.53},{"time":1.6667}],"scale":[{},{"time":0.4,"x":0.6,"y":0.6},{"time":0.6,"x":1.2,"y":1.2},{"time":1.6667}]}}}}},[0]]],0,0,[0],[-1],[3]],[[{"name":"auto-gift","spriteFrames":[]}],[2],0,[],[],[]]]]
