[1,["93nNZTA1FLXKdjsoMxmBl0@6c48a"],["_textureSource"],["cc.SpriteFrame"],0,[{"name":"large","rect":{"x":0,"y":0,"width":110,"height":80},"offset":{"x":0,"y":0},"originalSize":{"width":110,"height":80},"rotated":false,"capInsets":[0,0,0,0],"vertices":{"rawPosition":[-55,-40,0,55,-40,0,-55,40,0,55,40,0],"indexes":[0,1,2,2,1,3],"uv":[0,80,110,80,0,0,110,0],"nuv":[0,0,1,0,0,1,1,1],"minPos":{"x":-55,"y":-40,"z":0},"maxPos":{"x":55,"y":40,"z":0}},"packable":true,"pixelsToUnit":100,"pivot":{"x":0.5,"y":0.5},"meshType":0}],[0],0,[0],[0],[0]]
