[1,["75aCrjbsVAfbP/FQGhsMJa@6c48a"],0,[["sp.SkeletonData",["_name","_atlasText","textureNames","_skeletonJson","textures"],-1,3]],[[0,0,1,2,3,4,5]],[[0,"bangdingicon","\r\nbangdingicon.png\r\nsize: 1024,512\r\nformat: RGBA8888\r\nfilter: Linear,Linear\r\nrepeat: none\r\n1\r\n  rotate: false\r\n  xy: 89, 270\r\n  size: 159, 132\r\n  orig: 159, 132\r\n  offset: 0, 0\r\n  index: -1\r\n10\r\n  rotate: false\r\n  xy: 485, 136\r\n  size: 159, 132\r\n  orig: 159, 132\r\n  offset: 0, 0\r\n  index: -1\r\n11\r\n  rotate: false\r\n  xy: 646, 136\r\n  size: 159, 132\r\n  orig: 159, 132\r\n  offset: 0, 0\r\n  index: -1\r\n12\r\n  rotate: false\r\n  xy: 807, 136\r\n  size: 159, 132\r\n  orig: 159, 132\r\n  offset: 0, 0\r\n  index: -1\r\n13\r\n  rotate: false\r\n  xy: 2, 2\r\n  size: 159, 132\r\n  orig: 159, 132\r\n  offset: 0, 0\r\n  index: -1\r\n14\r\n  rotate: false\r\n  xy: 163, 2\r\n  size: 159, 132\r\n  orig: 159, 132\r\n  offset: 0, 0\r\n  index: -1\r\n15\r\n  rotate: false\r\n  xy: 324, 2\r\n  size: 159, 132\r\n  orig: 159, 132\r\n  offset: 0, 0\r\n  index: -1\r\n16\r\n  rotate: false\r\n  xy: 485, 2\r\n  size: 159, 132\r\n  orig: 159, 132\r\n  offset: 0, 0\r\n  index: -1\r\n2\r\n  rotate: false\r\n  xy: 250, 270\r\n  size: 159, 132\r\n  orig: 159, 132\r\n  offset: 0, 0\r\n  index: -1\r\n3\r\n  rotate: false\r\n  xy: 411, 270\r\n  size: 159, 132\r\n  orig: 159, 132\r\n  offset: 0, 0\r\n  index: -1\r\n4\r\n  rotate: false\r\n  xy: 572, 270\r\n  size: 159, 132\r\n  orig: 159, 132\r\n  offset: 0, 0\r\n  index: -1\r\n5\r\n  rotate: false\r\n  xy: 733, 270\r\n  size: 159, 132\r\n  orig: 159, 132\r\n  offset: 0, 0\r\n  index: -1\r\n6\r\n  rotate: false\r\n  xy: 2, 136\r\n  size: 159, 132\r\n  orig: 159, 132\r\n  offset: 0, 0\r\n  index: -1\r\n7\r\n  rotate: false\r\n  xy: 163, 136\r\n  size: 159, 132\r\n  orig: 159, 132\r\n  offset: 0, 0\r\n  index: -1\r\n8\r\n  rotate: false\r\n  xy: 324, 136\r\n  size: 159, 132\r\n  orig: 159, 132\r\n  offset: 0, 0\r\n  index: -1\r\n9\r\n  rotate: false\r\n  xy: 646, 2\r\n  size: 159, 132\r\n  orig: 159, 132\r\n  offset: 0, 0\r\n  index: -1\r\ndi\r\n  rotate: true\r\n  xy: 2, 328\r\n  size: 74, 85\r\n  orig: 74, 85\r\n  offset: 0, 0\r\n  index: -1\r\n",["bangdingicon.png"],{"skeleton":{"hash":"BTq/CnWpKgvo06ryI6xvKn3/A5k","spine":"3.8.99","x":-79,"y":-66,"width":159,"height":132,"images":"./素材/","audio":""},"bones":[{"name":"root"}],"slots":[{"name":"d","bone":"root","attachment":"di"},{"name":"g","bone":"root","attachment":"9","blend":"screen"}],"skins":[{"name":"default","attachments":{"d":{"di":{"y":0.5,"width":74,"height":85}},"g":{"1":{"x":0.5,"width":159,"height":132},"2":{"x":0.5,"width":159,"height":132},"3":{"x":0.5,"width":159,"height":132},"4":{"x":0.5,"width":159,"height":132},"5":{"x":0.5,"width":159,"height":132},"6":{"x":0.5,"width":159,"height":132},"7":{"x":0.5,"width":159,"height":132},"8":{"x":0.5,"width":159,"height":132},"9":{"x":0.5,"width":159,"height":132},"10":{"x":0.5,"width":159,"height":132},"11":{"x":0.5,"width":159,"height":132},"12":{"x":0.5,"width":159,"height":132},"13":{"x":0.5,"width":159,"height":132},"14":{"x":0.5,"width":159,"height":132},"15":{"x":0.5,"width":159,"height":132},"16":{"x":0.5,"width":159,"height":132}}}}],"animations":{"animation":{"slots":{"g":{"attachment":[{"name":"1"},{"time":0.0667,"name":"2"},{"time":0.1333,"name":"3"},{"time":0.2,"name":"4"},{"time":0.2667,"name":"5"},{"time":0.3333,"name":"6"},{"time":0.4,"name":"7"},{"time":0.4667,"name":"8"},{"time":0.5333,"name":"9"},{"time":0.6,"name":"10"},{"time":0.6667,"name":"11"},{"time":0.7333,"name":"12"},{"time":0.8,"name":"13"},{"time":0.8667,"name":"14"},{"time":0.9333,"name":"15"},{"time":1,"name":"16"}]}}}}},[0]]],0,0,[0],[-1],[0]]
