[1,["1bb30a594@6c48a"],["_textureSource"],["cc.SpriteFrame","cc.SpriteAtlas"],0,[[[{"name":"auto_activity","spriteFrames":[]}],[1],0,[],[],[]],[[{"name":"zhongjiangnanniu_dikuang","rect":{"x":637,"y":417,"width":266,"height":34},"offset":{"x":0,"y":0},"originalSize":{"width":266,"height":34},"rotated":false,"capInsets":[24,0,24,0],"packable":true,"pixelsToUnit":100,"pivot":{"x":0.5,"y":0.5},"meshType":0}],[0],0,[0],[0],[0]],[[{"name":"zhaunpan_xiangqing_tankuang","rect":{"x":3,"y":512,"width":827,"height":439},"offset":{"x":0,"y":-2.5},"originalSize":{"width":827,"height":444},"rotated":false,"capInsets":[0,0,0,0],"packable":true,"pixelsToUnit":100,"pivot":{"x":0.5,"y":0.5},"meshType":0}],[0],0,[0],[0],[0]],[[{"name":"zhuanpandilan","rect":{"x":637,"y":3,"width":351,"height":408},"offset":{"x":0,"y":0},"originalSize":{"width":351,"height":408},"rotated":false,"capInsets":[0,0,0,0],"packable":true,"pixelsToUnit":100,"pivot":{"x":0.5,"y":0.5},"meshType":0}],[0],0,[0],[0],[0]],[[{"name":"zhuanpan_tanchaung_bj","rect":{"x":3,"y":3,"width":628,"height":503},"offset":{"x":0,"y":-0.5},"originalSize":{"width":628,"height":504},"rotated":false,"capInsets":[0,0,0,0],"packable":true,"pixelsToUnit":100,"pivot":{"x":0.5,"y":0.5},"meshType":0}],[0],0,[0],[0],[0]]]]
