[1,["1b7f860e4@6c48a"],["_textureSource"],["cc.SpriteFrame","cc.SpriteAtlas"],0,[[[{"name":"ID_2","rect":{"x":3,"y":597,"width":381,"height":234},"offset":{"x":0,"y":0},"originalSize":{"width":381,"height":234},"rotated":false,"capInsets":[0,0,0,0],"packable":true,"pixelsToUnit":100,"pivot":{"x":0.5,"y":0.5},"meshType":0}],[0],0,[0],[0],[0]],[[{"name":"auto_download","spriteFrames":["bg_peringatan","26bDQrMa5PWrLovUI06rjm@f9941","img_share","bclijoXudLNpahOnzaSKAi@f9941","btn_off","1dEF0TYgVK4JlE9jTN+nFY@f9941","dian_hui","b6MZU4NdNOjaFSIRiZoBD/@f9941","dian_shi","ecJTtJ6H9Gd4QMu0CYLWNA@f9941","ID_1","8bSw2KINhM9YuGL4f+Syc8@f9941","ID_4","dad2jDLflN6qIimNlqPL6s@f9941","ID_3","50PPGERKhMiZ1Ik7ydfNiB@f9941","guanbi","f4fMHsFW1MW4yjWSX6X6uH@f9941","btm_xiazai ","68+IN7E/FBC7nlCaRb/QjA@f9941","btn_apk","a3uwV6vt9Djbv4yfxwydlK@f9941","btn_add","fe3gss5sxA8b+TYOo0Qf4M@f9941","tanchuangkuang","dbgRpZD/lE+KN+66wWwrgx@f9941","ID_2","370s2SfJ5IbaRCK7PAA3TY@f9941"]}],[1],0,[],[],[]],[[{"name":"tanchuangkuang","rect":{"x":3,"y":3,"width":463,"height":588},"offset":{"x":0,"y":0},"originalSize":{"width":463,"height":588},"rotated":false,"capInsets":[0,0,0,0],"packable":true,"pixelsToUnit":100,"pivot":{"x":0.5,"y":0.5},"meshType":0}],[0],0,[0],[0],[0]]]]
