[1,["1f51abcbc@6c48a"],["_textureSource"],["cc.SpriteFrame","cc.SpriteAtlas"],0,[[[{"name":"word_login_password1","rect":{"x":979,"y":137,"width":124,"height":23},"offset":{"x":0,"y":0},"originalSize":{"width":124,"height":23},"rotated":true,"capInsets":[0,0,0,0],"packable":true,"pixelsToUnit":100,"pivot":{"x":0.5,"y":0.5},"meshType":0}],[0],0,[0],[0],[0]],[[{"name":"btn_login_down","rect":{"x":591,"y":974,"width":36,"height":50},"offset":{"x":0,"y":-1},"originalSize":{"width":36,"height":52},"rotated":true,"capInsets":[0,0,0,0],"packable":true,"pixelsToUnit":100,"pivot":{"x":0.5,"y":0.5},"meshType":0}],[0],0,[0],[0],[0]],[[{"name":"btn_login_situs","rect":{"x":770,"y":773,"width":88,"height":74},"offset":{"x":0,"y":0},"originalSize":{"width":88,"height":74},"rotated":false,"capInsets":[0,0,0,0],"packable":true,"pixelsToUnit":100,"pivot":{"x":0.5,"y":0.5},"meshType":0}],[0],0,[0],[0],[0]],[[{"name":"btn_login_ok1","rect":{"x":864,"y":709,"width":220,"height":56},"offset":{"x":0,"y":0},"originalSize":{"width":220,"height":56},"rotated":true,"capInsets":[0,0,0,0],"packable":true,"pixelsToUnit":100,"pivot":{"x":0.5,"y":0.5},"meshType":0}],[0],0,[0],[0],[0]],[[{"name":"btn_denglu_LogIn","rect":{"x":924,"y":709,"width":220,"height":56},"offset":{"x":0,"y":0},"originalSize":{"width":220,"height":56},"rotated":true,"capInsets":[0,0,0,0],"packable":true,"pixelsToUnit":100,"pivot":{"x":0.5,"y":0.5},"meshType":0}],[0],0,[0],[0],[0]],[[{"name":"word_login_phone","rect":{"x":913,"y":993,"width":88,"height":29},"offset":{"x":0,"y":0},"originalSize":{"width":88,"height":29},"rotated":false,"capInsets":[0,0,0,0],"packable":true,"pixelsToUnit":100,"pivot":{"x":0.5,"y":0.5},"meshType":0}],[0],0,[0],[0],[0]],[[{"name":"zi_denglu_yanzhengma","rect":{"x":979,"y":383,"width":86,"height":31},"offset":{"x":0,"y":0},"originalSize":{"width":86,"height":31},"rotated":true,"capInsets":[0,0,0,0],"packable":true,"pixelsToUnit":100,"pivot":{"x":0.5,"y":0.5},"meshType":0}],[0],0,[0],[0],[0]],[[{"name":"zi_denglu_Akun","rect":{"x":979,"y":559,"width":72,"height":29},"offset":{"x":0,"y":0},"originalSize":{"width":72,"height":29},"rotated":true,"capInsets":[0,0,0,0],"packable":true,"pixelsToUnit":100,"pivot":{"x":0.5,"y":0.5},"meshType":0}],[0],0,[0],[0],[0]],[[{"name":"panel_login_bg","rect":{"x":2,"y":2,"width":973,"height":703},"offset":{"x":0.5,"y":0},"originalSize":{"width":974,"height":703},"rotated":false,"capInsets":[0,0,0,0],"packable":true,"pixelsToUnit":100,"pivot":{"x":0.5,"y":0.5},"meshType":0}],[0],0,[0],[0],[0]],[[{"name":"word_login_login","rect":{"x":662,"y":709,"width":198,"height":60},"offset":{"x":0.5,"y":0},"originalSize":{"width":199,"height":62},"rotated":false,"capInsets":[0,0,0,0],"packable":true,"pixelsToUnit":100,"pivot":{"x":0.5,"y":0.5},"meshType":0}],[0],0,[0],[0],[0]],[[{"name":"title_login_password","rect":{"x":662,"y":856,"width":191,"height":48},"offset":{"x":0,"y":0},"originalSize":{"width":191,"height":48},"rotated":false,"capInsets":[0,0,0,0],"packable":true,"pixelsToUnit":100,"pivot":{"x":0.5,"y":0.5},"meshType":0}],[0],0,[0],[0],[0]],[[{"name":"title_denlgu_AkunMasuk","rect":{"x":2,"y":974,"width":390,"height":47},"offset":{"x":0,"y":0},"originalSize":{"width":390,"height":47},"rotated":false,"capInsets":[0,0,0,0],"packable":true,"pixelsToUnit":100,"pivot":{"x":0.5,"y":0.5},"meshType":0}],[0],0,[0],[0],[0]],[[{"name":"btn_login_up","rect":{"x":979,"y":635,"width":36,"height":50},"offset":{"x":0,"y":-1},"originalSize":{"width":36,"height":52},"rotated":false,"capInsets":[0,0,0,0],"packable":true,"pixelsToUnit":100,"pivot":{"x":0.5,"y":0.5},"meshType":0}],[0],0,[0],[0],[0]],[[{"name":"zi_denglu_querenmima","rect":{"x":645,"y":993,"width":130,"height":29},"offset":{"x":0,"y":0},"originalSize":{"width":130,"height":29},"rotated":false,"capInsets":[0,0,0,0],"packable":true,"pixelsToUnit":100,"pivot":{"x":0.5,"y":0.5},"meshType":0}],[0],0,[0],[0],[0]],[[{"name":"zi_denglu_Sandi","rect":{"x":979,"y":2,"width":131,"height":36},"offset":{"x":0,"y":0},"originalSize":{"width":131,"height":36},"rotated":true,"capInsets":[0,0,0,0],"packable":true,"pixelsToUnit":100,"pivot":{"x":0.5,"y":0.5},"meshType":0}],[0],0,[0],[0],[0]],[[{"name":"title_login_phone","rect":{"x":396,"y":974,"width":191,"height":48},"offset":{"x":0,"y":0},"originalSize":{"width":191,"height":48},"rotated":false,"capInsets":[0,0,0,0],"packable":true,"pixelsToUnit":100,"pivot":{"x":0.5,"y":0.5},"meshType":0}],[0],0,[0],[0],[0]],[[{"name":"btn_dt_dl_xuanzhong","rect":{"x":984,"y":689,"width":32,"height":32},"offset":{"x":0,"y":0},"originalSize":{"width":32,"height":32},"rotated":false,"capInsets":[0,0,0,0],"packable":true,"pixelsToUnit":100,"pivot":{"x":0.5,"y":0.5},"meshType":0}],[0],0,[0],[0],[0]],[[{"name":"lgoin_close","rect":{"x":662,"y":773,"width":104,"height":79},"offset":{"x":1,"y":0},"originalSize":{"width":106,"height":79},"rotated":false,"capInsets":[0,0,0,0],"packable":true,"pixelsToUnit":100,"pivot":{"x":0.5,"y":0.5},"meshType":0}],[0],0,[0],[0],[0]],[[{"name":"bin_dt_dl_weixuan","rect":{"x":984,"y":725,"width":32,"height":32},"offset":{"x":0,"y":0},"originalSize":{"width":32,"height":32},"rotated":false,"capInsets":[0,0,0,0],"packable":true,"pixelsToUnit":100,"pivot":{"x":0.5,"y":0.5},"meshType":0}],[0],0,[0],[0],[0]],[[{"name":"word_login_password","rect":{"x":779,"y":993,"width":130,"height":29},"offset":{"x":0,"y":0},"originalSize":{"width":130,"height":29},"rotated":false,"capInsets":[0,0,0,0],"packable":true,"pixelsToUnit":100,"pivot":{"x":0.5,"y":0.5},"meshType":0}],[0],0,[0],[0],[0]],[[{"name":"auto_login","spriteFrames":[]}],[1],0,[],[],[]],[[{"name":"panel_login_remind","rect":{"x":2,"y":709,"width":656,"height":261},"offset":{"x":0,"y":0},"originalSize":{"width":656,"height":261},"rotated":false,"capInsets":[0,0,0,0],"packable":true,"pixelsToUnit":100,"pivot":{"x":0.5,"y":0.5},"meshType":0}],[0],0,[0],[0],[0]],[[{"name":"word_login_phone1","rect":{"x":979,"y":473,"width":82,"height":23},"offset":{"x":0,"y":0},"originalSize":{"width":82,"height":23},"rotated":true,"capInsets":[0,0,0,0],"packable":true,"pixelsToUnit":100,"pivot":{"x":0.5,"y":0.5},"meshType":0}],[0],0,[0],[0],[0]],[[{"name":"word_login_captcha","rect":{"x":979,"y":265,"width":114,"height":36},"offset":{"x":0,"y":0},"originalSize":{"width":114,"height":36},"rotated":true,"capInsets":[0,0,0,0],"packable":true,"pixelsToUnit":100,"pivot":{"x":0.5,"y":0.5},"meshType":0}],[0],0,[0],[0],[0]],[[{"name":"bg_denglu_box","rect":{"x":662,"y":933,"width":350,"height":56},"offset":{"x":0,"y":0},"originalSize":{"width":350,"height":56},"rotated":false,"capInsets":[0,0,0,0],"packable":true,"pixelsToUnit":100,"pivot":{"x":0.5,"y":0.5},"meshType":0}],[0],0,[0],[0],[0]]]]
