[1,["1d0f426bb@6c48a"],["_textureSource"],["cc.SpriteFrame","cc.SpriteAtlas"],0,[[[{"name":"icon_dt_huanying","rect":{"x":3,"y":503,"width":405,"height":631},"offset":{"x":0,"y":0},"originalSize":{"width":405,"height":631},"rotated":true,"capInsets":[0,0,0,0],"packable":true,"pixelsToUnit":100,"pivot":{"x":0.5,"y":0.5},"meshType":0}],[0],0,[0],[0],[0]],[[{"name":"auto_shop","spriteFrames":[]}],[1],0,[],[],[]],[[{"name":"img_shop_title1","rect":{"x":3,"y":101,"width":567,"height":94},"offset":{"x":0,"y":0},"originalSize":{"width":567,"height":94},"rotated":false,"capInsets":[0,0,0,0],"packable":true,"pixelsToUnit":100,"pivot":{"x":0.5,"y":0.5},"meshType":0}],[0],0,[0],[0],[0]],[[{"name":"img_shop_title2","rect":{"x":3,"y":201,"width":567,"height":94},"offset":{"x":0.5,"y":0},"originalSize":{"width":568,"height":94},"rotated":false,"capInsets":[0,0,0,0],"packable":true,"pixelsToUnit":100,"pivot":{"x":0.5,"y":0.5},"meshType":0}],[0],0,[0],[0],[0]],[[{"name":"img_shop_title5","rect":{"x":3,"y":3,"width":567,"height":92},"offset":{"x":0,"y":0},"originalSize":{"width":567,"height":92},"rotated":false,"capInsets":[0,0,0,0],"packable":true,"pixelsToUnit":100,"pivot":{"x":0.5,"y":0.5},"meshType":0}],[0],0,[0],[0],[0]],[[{"name":"img_shop_title4","rect":{"x":3,"y":402,"width":568,"height":95},"offset":{"x":0,"y":0},"originalSize":{"width":568,"height":95},"rotated":false,"capInsets":[0,0,0,0],"packable":true,"pixelsToUnit":100,"pivot":{"x":0.5,"y":0.5},"meshType":0}],[0],0,[0],[0],[0]],[[{"name":"img_shop_title6","rect":{"x":3,"y":301,"width":567,"height":95},"offset":{"x":0,"y":0},"originalSize":{"width":567,"height":95},"rotated":false,"capInsets":[0,0,0,0],"packable":true,"pixelsToUnit":100,"pivot":{"x":0.5,"y":0.5},"meshType":0}],[0],0,[0],[0],[0]]]]
