[1,["82tctxu9BKU7eFdUPbRXU1@6c48a"],["_textureSource"],["cc.SpriteFrame"],0,[{"name":"large","rect":{"x":0,"y":0,"width":157,"height":49},"offset":{"x":0,"y":0.5},"originalSize":{"width":157,"height":50},"rotated":false,"capInsets":[0,0,0,0],"vertices":{"rawPosition":[-78.5,-24.5,0,78.5,-24.5,0,-78.5,24.5,0,78.5,24.5,0],"indexes":[0,1,2,2,1,3],"uv":[0,50,157,50,0,1,157,1],"nuv":[0,0.02,1,0.02,0,1,1,1],"minPos":{"x":-78.5,"y":-24.5,"z":0},"maxPos":{"x":78.5,"y":24.5,"z":0}},"packable":true,"pixelsToUnit":100,"pivot":{"x":0.5,"y":0.5},"meshType":0}],[0],0,[0],[0],[0]]
