[1,["e7rWm8JxBNmITxyi7eQYHd@6c48a"],0,[["sp.SkeletonData",["_name","_atlasText","textureNames","_skeletonJson","textures"],-1,3]],[[0,0,1,2,3,4,5]],[[0,"shuitong","\r\nshuitong.png\r\nsize: 2048,256\r\nformat: RGBA8888\r\nfilter: Linear,Linear\r\nrepeat: none\r\nt_0000_10\r\n  rotate: true\r\n  xy: 1406, 2\r\n  size: 208, 154\r\n  orig: 208, 154\r\n  offset: 0, 0\r\n  index: -1\r\nt_0001_9\r\n  rotate: true\r\n  xy: 158, 2\r\n  size: 208, 154\r\n  orig: 208, 154\r\n  offset: 0, 0\r\n  index: -1\r\nt_0002_8\r\n  rotate: true\r\n  xy: 314, 2\r\n  size: 208, 154\r\n  orig: 208, 154\r\n  offset: 0, 0\r\n  index: -1\r\nt_0003_1\r\n  rotate: true\r\n  xy: 470, 2\r\n  size: 208, 154\r\n  orig: 208, 154\r\n  offset: 0, 0\r\n  index: -1\r\nt_0004_2\r\n  rotate: true\r\n  xy: 626, 2\r\n  size: 208, 154\r\n  orig: 208, 154\r\n  offset: 0, 0\r\n  index: -1\r\nt_0005_3\r\n  rotate: true\r\n  xy: 782, 2\r\n  size: 208, 154\r\n  orig: 208, 154\r\n  offset: 0, 0\r\n  index: -1\r\nt_0006_4\r\n  rotate: true\r\n  xy: 938, 2\r\n  size: 208, 154\r\n  orig: 208, 154\r\n  offset: 0, 0\r\n  index: -1\r\nt_0007_5\r\n  rotate: true\r\n  xy: 1094, 2\r\n  size: 208, 154\r\n  orig: 208, 154\r\n  offset: 0, 0\r\n  index: -1\r\nt_0008_6\r\n  rotate: true\r\n  xy: 1250, 2\r\n  size: 208, 154\r\n  orig: 208, 154\r\n  offset: 0, 0\r\n  index: -1\r\nt_0009_7\r\n  rotate: true\r\n  xy: 2, 2\r\n  size: 208, 154\r\n  orig: 208, 154\r\n  offset: 0, 0\r\n  index: -1\r\n",["shuitong.png"],{"skeleton":{"hash":"noUwU4yy95baUwYNSbn13kOL6zM","spine":"3.8.99","x":-113.21,"y":-92.37,"width":261.96,"height":210.82,"images":"","audio":""},"bones":[{"name":"root"},{"name":"tong","parent":"root","length":32.15,"rotation":159.01,"x":70.03,"y":15.68},{"name":"shuitang","parent":"root","x":-32.58,"y":16.9},{"name":"xiaost","parent":"root","x":-26.64,"y":-71.93},{"name":"s3","parent":"root","x":3.24,"y":-7.5},{"name":"s2","parent":"root","x":-7.22,"y":-19.5},{"name":"s1","parent":"root","x":-27.47,"y":-20.06}],"slots":[{"name":"01","bone":"tong","attachment":"t_0007_5"},{"name":"02","bone":"shuitang","attachment":"t_0008_6"},{"name":"03","bone":"xiaost","attachment":"t_0009_7"},{"name":"3","bone":"s3","attachment":"t_0000_10"},{"name":"2","bone":"s2","attachment":"t_0001_9"},{"name":"1","bone":"s1","attachment":"t_0002_8"}],"skins":[{"name":"default","attachments":{"1":{"t_0002_8":{"x":72.21,"y":56.91,"width":208,"height":154}},"2":{"t_0001_9":{"x":32.23,"y":49.77,"width":208,"height":154}},"3":{"t_0000_10":{"x":-12.45,"y":48.95,"width":208,"height":154}},"01":{"t_0003_1":{"x":59.76,"y":39.73,"rotation":-159.01,"width":208,"height":154},"t_0004_2":{"x":59.76,"y":39.73,"rotation":-159.01,"width":208,"height":154},"t_0005_3":{"x":59.76,"y":39.73,"rotation":-159.01,"width":208,"height":154},"t_0006_4":{"x":59.76,"y":39.73,"rotation":-159.01,"width":208,"height":154},"t_0007_5":{"x":59.76,"y":39.73,"rotation":-159.01,"width":208,"height":154}},"02":{"t_0008_6":{"x":32.58,"y":-8.35,"width":208,"height":154}},"03":{"t_0009_7":{"x":26.64,"y":56.56,"width":208,"height":154}}}}],"animations":{"animation":{"slots":{"1":{"color":[{"color":"ffffff00","curve":"stepped"},{"time":1.0667,"color":"ffffff00"},{"time":1.1333,"color":"ffffffff","curve":"stepped"},{"time":1.2667,"color":"ffffffff"},{"time":1.6667,"color":"ffffff00"}]},"2":{"color":[{"color":"ffffff00","curve":"stepped"},{"time":1,"color":"ffffff00"},{"time":1.0667,"color":"ffffffff","curve":"stepped"},{"time":1.3333,"color":"ffffffff"},{"time":1.6667,"color":"ffffff00"}]},"3":{"color":[{"color":"ffffff00"},{"time":0.8,"color":"ffffff00"},{"time":1,"color":"ffffffff","curve":"stepped"},{"time":1.2667,"color":"ffffffff"},{"time":1.6667,"color":"ffffff00"}]},"01":{"color":[{"time":0.6667,"color":"ffffffff"},{"time":0.8667,"color":"ffffff00"}],"attachment":[{"time":0.1333,"name":"t_0003_1"},{"time":0.2667,"name":"t_0004_2"},{"time":0.4,"name":"t_0005_3"},{"time":0.5333,"name":"t_0006_4"},{"time":0.6667,"name":"t_0007_5"}]},"02":{"color":[{"color":"ffffff00","curve":"stepped"},{"time":0.5333,"color":"ffffff00"},{"time":0.6667,"color":"ffffff1f"},{"time":0.7333,"color":"ffffff71"},{"time":1.2667,"color":"ffffffff"},{"time":1.6667,"color":"ffffff00"}]},"03":{"color":[{"color":"ffffff00"},{"time":0.7333,"color":"ffffff00"},{"time":0.8667,"color":"ffffffff"},{"time":1.2667,"color":"fffffffe"},{"time":1.6667,"color":"ffffff00"}]}},"bones":{"s1":{"rotate":[{"time":1.1333},{"time":1.2667,"angle":180},{"time":1.6667,"angle":-180}],"translate":[{"x":-21.71,"y":-9.04},{"time":1.1333,"x":-21.71,"y":-9.04},{"time":1.2667,"x":-23.69,"y":-45.4},{"time":1.6667,"x":-23.03,"y":-45.4}]},"s2":{"rotate":[{"time":1.0667},{"time":1.3333,"angle":180},{"time":1.6667,"angle":-180}],"translate":[{"x":1.97,"y":-12.27},{"time":1.0667,"x":1.97,"y":-12.27},{"time":1.1667,"x":-3.62,"y":-42,"curve":"stepped"},{"time":1.2333,"x":-3.62,"y":-42},{"time":1.3333,"x":-15.79,"y":-50.67},{"time":1.6667,"x":-15.79,"y":-50.67}]},"s3":{"translate":[{},{"time":1,"y":-17.11},{"time":1.0667,"y":-49.2,"curve":"stepped"},{"time":1.2667,"y":-49.2},{"time":1.6667,"y":-49.2}]},"shuitang":{"translate":[{"time":0.8667},{"time":1.2667,"y":-17.94}]}},"drawOrder":[{"time":1.1333,"offsets":[{"slot":"02","offset":4}]},{"time":1.6667}]}}},[0]]],0,0,[0],[-1],[0]]
