[1,["1da78d76e@6c48a"],["_textureSource"],["cc.SpriteFrame","cc.SpriteAtlas"],0,[[[{"name":"img_common_di2","rect":{"x":899,"y":905,"width":117,"height":107},"offset":{"x":0,"y":0},"originalSize":{"width":117,"height":107},"rotated":false,"capInsets":[0,0,0,0],"packable":true,"pixelsToUnit":100,"pivot":{"x":0.5,"y":0.5},"meshType":0}],[0],0,[0],[0],[0]],[[{"name":"bg_xifneng_shufukuang","rect":{"x":899,"y":557,"width":342,"height":66},"offset":{"x":0,"y":0},"originalSize":{"width":342,"height":66},"rotated":true,"capInsets":[19,16,19,16],"packable":true,"pixelsToUnit":100,"pivot":{"x":0.5,"y":0.5},"meshType":0}],[0],0,[0],[0],[0]],[[{"name":"btn_set_on","rect":{"x":749,"y":919,"width":120,"height":30},"offset":{"x":0,"y":0},"originalSize":{"width":120,"height":30},"rotated":false,"capInsets":[0,0,0,0],"packable":true,"pixelsToUnit":100,"pivot":{"x":0.5,"y":0.5},"meshType":0}],[0],0,[0],[0],[0]],[[{"name":"png_update_tipsBg","rect":{"x":3,"y":3,"width":740,"height":473},"offset":{"x":0,"y":0},"originalSize":{"width":740,"height":473},"rotated":false,"capInsets":[0,0,0,0],"packable":true,"pixelsToUnit":100,"pivot":{"x":0.5,"y":0.5},"meshType":0}],[0],0,[0],[0],[0]],[[{"name":"panel_common_left","rect":{"x":749,"y":3,"width":252,"height":548},"offset":{"x":0,"y":0},"originalSize":{"width":252,"height":548},"rotated":false,"capInsets":[0,0,0,0],"packable":true,"pixelsToUnit":100,"pivot":{"x":0.5,"y":0.5},"meshType":0}],[0],0,[0],[0],[0]],[[{"name":"fengexian","rect":{"x":1007,"y":3,"width":4,"height":261},"offset":{"x":0,"y":0},"originalSize":{"width":4,"height":261},"rotated":false,"capInsets":[0,0,0,0],"packable":true,"pixelsToUnit":100,"pivot":{"x":0.5,"y":0.5},"meshType":0}],[0],0,[0],[0],[0]],[[{"name":"btn_common_in","rect":{"x":749,"y":557,"width":260,"height":72},"offset":{"x":2,"y":0},"originalSize":{"width":268,"height":72},"rotated":true,"capInsets":[0,0,0,0],"packable":true,"pixelsToUnit":100,"pivot":{"x":0.5,"y":0.5},"meshType":0}],[0],0,[0],[0],[0]],[[{"name":"auto_tips","spriteFrames":[]}],[1],0,[],[],[]],[[{"name":"btn_common_up","rect":{"x":875,"y":919,"width":18,"height":18},"offset":{"x":0,"y":0},"originalSize":{"width":18,"height":18},"rotated":false,"capInsets":[0,0,0,0],"packable":true,"pixelsToUnit":100,"pivot":{"x":0.5,"y":0.5},"meshType":0}],[0],0,[0],[0],[0]],[[{"name":"panel_common_bg2","rect":{"x":3,"y":482,"width":740,"height":473},"offset":{"x":0,"y":0},"originalSize":{"width":740,"height":473},"rotated":false,"capInsets":[176,58,130,76],"packable":true,"pixelsToUnit":100,"pivot":{"x":0.5,"y":0.5},"meshType":0}],[0],0,[0],[0],[0]],[[{"name":"toast_bg","rect":{"x":3,"y":961,"width":890,"height":58},"offset":{"x":0,"y":0},"originalSize":{"width":890,"height":58},"rotated":false,"capInsets":[0,0,0,0],"packable":true,"pixelsToUnit":100,"pivot":{"x":0.5,"y":0.5},"meshType":0}],[0],0,[0],[0],[0]],[[{"name":"icon_common_gold","rect":{"x":971,"y":860,"width":39,"height":42},"offset":{"x":0,"y":0},"originalSize":{"width":39,"height":42},"rotated":true,"capInsets":[0,0,0,0],"packable":true,"pixelsToUnit":100,"pivot":{"x":0.5,"y":0.5},"meshType":0}],[0],0,[0],[0],[0]],[[{"name":"panel_commom_bg3","rect":{"x":749,"y":823,"width":138,"height":90},"offset":{"x":0,"y":0},"originalSize":{"width":138,"height":90},"rotated":false,"capInsets":[13,14,15,14],"packable":true,"pixelsToUnit":100,"pivot":{"x":0.5,"y":0.5},"meshType":0}],[0],0,[0],[0],[0]],[[{"name":"btn_common_of","rect":{"x":827,"y":557,"width":238,"height":62},"offset":{"x":0,"y":0},"originalSize":{"width":240,"height":64},"rotated":true,"capInsets":[0,0,0,0],"packable":true,"pixelsToUnit":100,"pivot":{"x":0.5,"y":0.5},"meshType":0}],[0],0,[0],[0],[0]],[[{"name":"toast_error_bg2","rect":{"x":971,"y":557,"width":297,"height":34},"offset":{"x":0,"y":0},"originalSize":{"width":297,"height":34},"rotated":true,"capInsets":[35,4,35,4],"packable":true,"pixelsToUnit":100,"pivot":{"x":0.5,"y":0.5},"meshType":0}],[0],0,[0],[0],[0]]]]
