[1,["12bC6rT/5P4Ju6LrAMgFIS@6c48a"],["_textureSource"],["cc.SpriteFrame"],0,[{"name":"large","rect":{"x":0,"y":0,"width":171,"height":88},"offset":{"x":0,"y":0},"originalSize":{"width":171,"height":88},"rotated":false,"capInsets":[0,0,0,0],"vertices":{"rawPosition":[-85.5,-44,0,85.5,-44,0,-85.5,44,0,85.5,44,0],"indexes":[0,1,2,2,1,3],"uv":[0,88,171,88,0,0,171,0],"nuv":[0,0,1,0,0,1,1,1],"minPos":{"x":-85.5,"y":-44,"z":0},"maxPos":{"x":85.5,"y":44,"z":0}},"packable":true,"pixelsToUnit":100,"pivot":{"x":0.5,"y":0.5},"meshType":0}],[0],0,[0],[0],[0]]
