[1,["23pxXDEBZHKYKpOVfyp4oT@6c48a","23pxXDEBZHKYKpOVfyp4oT@f9941"],["_textureSource","spriteFrame"],["cc.SpriteFrame",["cc.BitmapFont",["_name","fontSize","fntConfig"],0]],[[1,0,1,2,4]],[[[{"name":"front_gift_1_0","rect":{"x":1,"y":1,"width":241,"height":81},"offset":{"x":-6.5,"y":22.5},"originalSize":{"width":256,"height":128},"rotated":false,"capInsets":[0,0,0,0],"vertices":{"rawPosition":[-120.5,-40.5,0,120.5,-40.5,0,-120.5,40.5,0,120.5,40.5,0],"indexes":[0,1,2,2,1,3],"uv":[1,127,242,127,1,46,242,46],"nuv":[0.00390625,0.359375,0.9453125,0.359375,0.00390625,0.9921875,0.9453125,0.9921875],"minPos":{"x":-120.5,"y":-40.5,"z":0},"maxPos":{"x":120.5,"y":40.5,"z":0}},"packable":true,"pixelsToUnit":100,"pivot":{"x":0.5,"y":0.5},"meshType":0}],[0],0,[0],[0],[0]],[[[0,"front_gift_1",32,{"commonHeight":32,"fontSize":32,"atlasName":"front_gift_1_0.png","fontDefDictionary":{"44":{"xOffset":-1,"yOffset":-1,"xAdvance":17,"rect":{"x":52,"y":42,"width":19,"height":41}},"46":{"xOffset":-1,"yOffset":-1,"xAdvance":14,"rect":{"x":72,"y":42,"width":16,"height":41}},"48":{"xOffset":-1,"yOffset":-1,"xAdvance":28,"rect":{"x":32,"y":0,"width":30,"height":41}},"49":{"xOffset":-1,"yOffset":-1,"xAdvance":20,"rect":{"x":29,"y":42,"width":22,"height":41}},"50":{"xOffset":-1,"yOffset":-1,"xAdvance":28,"rect":{"x":63,"y":0,"width":30,"height":41}},"51":{"xOffset":-1,"yOffset":-1,"xAdvance":27,"rect":{"x":125,"y":0,"width":29,"height":41}},"52":{"xOffset":-1,"yOffset":-1,"xAdvance":28,"rect":{"x":94,"y":0,"width":30,"height":41}},"53":{"xOffset":-1,"yOffset":-1,"xAdvance":29,"rect":{"x":0,"y":0,"width":31,"height":41}},"54":{"xOffset":-1,"yOffset":-1,"xAdvance":26,"rect":{"x":0,"y":42,"width":28,"height":41}},"55":{"xOffset":-1,"yOffset":-1,"xAdvance":27,"rect":{"x":155,"y":0,"width":29,"height":41}},"56":{"xOffset":-1,"yOffset":-1,"xAdvance":27,"rect":{"x":185,"y":0,"width":29,"height":41}},"57":{"xOffset":-1,"yOffset":-1,"xAdvance":27,"rect":{"x":215,"y":0,"width":29,"height":41}}},"kerningDict":{}}]],0,0,[0],[1],[1]]]]
