[1,["1b9e5aedd@6c48a"],["_textureSource"],["cc.SpriteFrame","cc.SpriteAtlas"],0,[[[{"name":"zhuanpandiquan","rect":{"x":339,"y":509,"width":298,"height":297},"offset":{"x":0,"y":0},"originalSize":{"width":298,"height":297},"rotated":false,"capInsets":[0,0,0,0],"packable":true,"pixelsToUnit":100,"pivot":{"x":0.5,"y":0.5},"meshType":0}],[0],0,[0],[0],[0]],[[{"name":"zhuanpanguangquan","rect":{"x":3,"y":509,"width":329,"height":330},"offset":{"x":0,"y":0},"originalSize":{"width":329,"height":330},"rotated":true,"capInsets":[0,0,0,0],"packable":true,"pixelsToUnit":100,"pivot":{"x":0.5,"y":0.5},"meshType":0}],[0],0,[0],[0],[0]],[[{"name":"auto_activity","spriteFrames":[]}],[1],0,[],[],[]],[[{"name":"zhuanpan_tanchaung_bj","rect":{"x":3,"y":3,"width":701,"height":500},"offset":{"x":0,"y":0},"originalSize":{"width":701,"height":500},"rotated":false,"capInsets":[0,0,0,0],"packable":true,"pixelsToUnit":100,"pivot":{"x":0.5,"y":0.5},"meshType":0}],[0],0,[0],[0],[0]]]]
