[1,["172dfee8f@6c48a"],["_textureSource"],["cc.SpriteFrame","cc.SpriteAtlas"],0,[[[{"name":"btn_login_down","rect":{"x":966,"y":951,"width":36,"height":50},"offset":{"x":0,"y":-1},"originalSize":{"width":36,"height":52},"rotated":true,"capInsets":[0,0,0,0],"packable":true,"pixelsToUnit":100,"pivot":{"x":0.5,"y":0.5},"meshType":0}],[0],0,[0],[0],[0]],[[{"name":"maintenance_popup_bg","rect":{"x":2,"y":476,"width":736,"height":469},"offset":{"x":0,"y":1},"originalSize":{"width":740,"height":473},"rotated":false,"capInsets":[0,0,0,0],"packable":true,"pixelsToUnit":100,"pivot":{"x":0.5,"y":0.5},"meshType":0}],[0],0,[0],[0],[0]],[[{"name":"btn_login_loginAkun","rect":{"x":742,"y":503,"width":416,"height":80},"offset":{"x":0,"y":0},"originalSize":{"width":418,"height":82},"rotated":true,"capInsets":[0,0,0,0],"packable":true,"pixelsToUnit":100,"pivot":{"x":0.5,"y":0.5},"meshType":0}],[0],0,[0],[0],[0]],[[{"name":"word_login_setpassword","rect":{"x":533,"y":949,"width":429,"height":62},"offset":{"x":0.5,"y":0.5},"originalSize":{"width":430,"height":63},"rotated":false,"capInsets":[0,0,0,0],"packable":true,"pixelsToUnit":100,"pivot":{"x":0.5,"y":0.5},"meshType":0}],[0],0,[0],[0],[0]],[[{"name":"btn_login_phone","rect":{"x":826,"y":503,"width":416,"height":80},"offset":{"x":0,"y":0},"originalSize":{"width":418,"height":82},"rotated":true,"capInsets":[0,0,0,0],"packable":true,"pixelsToUnit":100,"pivot":{"x":0.5,"y":0.5},"meshType":0}],[0],0,[0],[0],[0]],[[{"name":"title_login_password","rect":{"x":910,"y":503,"width":191,"height":48},"offset":{"x":0,"y":0},"originalSize":{"width":191,"height":48},"rotated":true,"capInsets":[0,0,0,0],"packable":true,"pixelsToUnit":100,"pivot":{"x":0.5,"y":0.5},"meshType":0}],[0],0,[0],[0],[0]],[[{"name":"btn_login_up","rect":{"x":910,"y":893,"width":36,"height":50},"offset":{"x":0,"y":-1},"originalSize":{"width":36,"height":52},"rotated":false,"capInsets":[0,0,0,0],"packable":true,"pixelsToUnit":100,"pivot":{"x":0.5,"y":0.5},"meshType":0}],[0],0,[0],[0],[0]],[[{"name":"word_login_mind","rect":{"x":2,"y":949,"width":527,"height":72},"offset":{"x":-0.5,"y":0},"originalSize":{"width":528,"height":72},"rotated":false,"capInsets":[0,0,0,0],"packable":true,"pixelsToUnit":100,"pivot":{"x":0.5,"y":0.5},"meshType":0}],[0],0,[0],[0],[0]],[[{"name":"title_login_phone","rect":{"x":910,"y":698,"width":191,"height":48},"offset":{"x":0,"y":0},"originalSize":{"width":191,"height":48},"rotated":true,"capInsets":[0,0,0,0],"packable":true,"pixelsToUnit":100,"pivot":{"x":0.5,"y":0.5},"meshType":0}],[0],0,[0],[0],[0]],[[{"name":"login_icon","rect":{"x":743,"y":2,"width":497,"height":246},"offset":{"x":0,"y":0.5},"originalSize":{"width":499,"height":247},"rotated":true,"capInsets":[0,0,0,0],"packable":true,"pixelsToUnit":100,"pivot":{"x":0.5,"y":0.5},"meshType":0}],[0],0,[0],[0],[0]],[[{"name":"auto_login","spriteFrames":[]}],[1],0,[],[],[]],[[{"name":"img_prohibit_login","rect":{"x":2,"y":2,"width":737,"height":470},"offset":{"x":0.5,"y":0.5},"originalSize":{"width":740,"height":473},"rotated":false,"capInsets":[0,0,0,0],"packable":true,"pixelsToUnit":100,"pivot":{"x":0.5,"y":0.5},"meshType":0}],[0],0,[0],[0],[0]],[[{"name":"btn_denglu_DaftarAkun","rect":{"x":966,"y":503,"width":220,"height":56},"offset":{"x":0,"y":0},"originalSize":{"width":220,"height":56},"rotated":true,"capInsets":[0,0,0,0],"packable":true,"pixelsToUnit":100,"pivot":{"x":0.5,"y":0.5},"meshType":0}],[0],0,[0],[0],[0]],[[{"name":"btn_login_login","rect":{"x":966,"y":727,"width":220,"height":56},"offset":{"x":0,"y":0},"originalSize":{"width":220,"height":56},"rotated":true,"capInsets":[0,0,0,0],"packable":true,"pixelsToUnit":100,"pivot":{"x":0.5,"y":0.5},"meshType":0}],[0],0,[0],[0],[0]]]]
