[1,["97i3dNrCxLO6lE0+vmJaNJ@f9941","97i3dNrCxLO6lE0+vmJaNJ@6c48a"],["spriteFrame","_textureSource"],["cc.SpriteFrame",["cc.BitmapFont",["_name","fontSize","fntConfig"],0]],[[1,0,1,2,4]],[[[[0,"zi_shop_buy",32,{"commonHeight":32,"fontSize":32,"atlasName":"zi_shop_buy_0.png","fontDefDictionary":{"36":{"xOffset":0,"yOffset":0,"xAdvance":28,"rect":{"x":0,"y":0,"width":28,"height":42}},"44":{"xOffset":0,"yOffset":0,"xAdvance":13,"rect":{"x":284,"y":0,"width":13,"height":42}},"46":{"xOffset":0,"yOffset":0,"xAdvance":13,"rect":{"x":297,"y":0,"width":13,"height":42}},"48":{"xOffset":0,"yOffset":0,"xAdvance":27,"rect":{"x":56,"y":0,"width":27,"height":42}},"49":{"xOffset":0,"yOffset":0,"xAdvance":21,"rect":{"x":263,"y":0,"width":21,"height":42}},"50":{"xOffset":0,"yOffset":0,"xAdvance":28,"rect":{"x":28,"y":0,"width":28,"height":42}},"51":{"xOffset":0,"yOffset":0,"xAdvance":26,"rect":{"x":83,"y":0,"width":26,"height":42}},"52":{"xOffset":0,"yOffset":0,"xAdvance":26,"rect":{"x":109,"y":0,"width":26,"height":42}},"53":{"xOffset":0,"yOffset":0,"xAdvance":26,"rect":{"x":135,"y":0,"width":26,"height":42}},"54":{"xOffset":0,"yOffset":0,"xAdvance":26,"rect":{"x":161,"y":0,"width":26,"height":42}},"55":{"xOffset":0,"yOffset":0,"xAdvance":25,"rect":{"x":213,"y":0,"width":25,"height":42}},"56":{"xOffset":0,"yOffset":0,"xAdvance":25,"rect":{"x":238,"y":0,"width":25,"height":42}},"57":{"xOffset":0,"yOffset":0,"xAdvance":26,"rect":{"x":187,"y":0,"width":26,"height":42}}},"kerningDict":{}}]],0,0,[0],[0],[0]],[[{"name":"zi_shop_buy_0","rect":{"x":0,"y":0,"width":321,"height":221},"offset":{"x":0,"y":0},"originalSize":{"width":321,"height":221},"rotated":false,"capInsets":[0,0,0,0],"vertices":{"rawPosition":[-160.5,-110.5,0,160.5,-110.5,0,-160.5,110.5,0,160.5,110.5,0],"indexes":[0,1,2,2,1,3],"uv":[0,221,321,221,0,0,321,0],"nuv":[0,0,1,0,0,1,1,1],"minPos":{"x":-160.5,"y":-110.5,"z":0},"maxPos":{"x":160.5,"y":110.5,"z":0}},"packable":true,"pixelsToUnit":100,"pivot":{"x":0.5,"y":0.5},"meshType":0}],[0],0,[0],[1],[1]]]]
