{"importBase":"import","nativeBase":"native","name":"hall","deps":["main"],"uuids":["003JMf4wpO2Kbm3WNY58B5","0c2Lp0ZY9CWr7DG8xIA9aS","0eNahcs0hPU4T5gMd061Mo","2fR9m1FAFKXKG27mgg3y/j","43+4LeteJEYZF0kgb0ir1A","62iBSfYfFLYYUQsIKhfQod","8ax8pPR8hG+aieb6FX4PxG","begxw9vH1NP4kOBFDYYwLa","ccWnvOE/1PxLG5WH9jlGaz","ecOEZ49K1JhI+mbsjIV5BO","fc5gs+Y9hGFo2KGQDcyqkx","00B25GD9NPnJiOQDYemxIB","00cv3pRg5DNohAUAPTkmp/","002pcacm9EgqsVx8aob1DU","01TXFdNlpM0IAzcQfgItwl","03lXJDmmVC8bzJvSB0BrXp","04CtWZiopJNYkfuonw0w6O","04WBlHVDVCxZTK2FezSRcm","06K64SzXBPJKKmrEo+WeZq","07M9mLDgxP75Nq1iN1NH52","09eaCqTS5J7YVSNeR1mB1N","09sX/qCT1LCJH9BmA07jfQ","0coO//t7pJtYQ/mt/FT3qR","0c1Xw5cqhMwJUREtQmgpUd","0eO8KBOodCqLfzQ5VsjG6v","10Xj8qom9Fq6Zqag9lxjlO","11QItz9m5MyZhDtir7I1yJ","12bC6rT/5P4Ju6LrAMgFIS","121yWRnZlIFb4eYleQW9sx","1354uq9bNLaZFgn8/0iJQ5","14ad46CnxGH4lm4ZljKy7H","15rgQA5A5D2pnO540FpPez","154gZji1tGrZ0MnQHktqWX","17rnzLXjVHsrz+/IomSTkT","18TAVdYvlD6apRiBRxcum+","18YgDWSepANbo3mHpsq2Xl","1dxoWmRNNFkIf90z7BUv5n","1f+w2sNupGha2aa+b2gxbJ","212/eg1W1Hmp0B/T59HdVZ","23pxXDEBZHKYKpOVfyp4oT","25BjxKkedIe5/wEGbM5UVf","25KCeHmH5IuovzenAfpCOV","25M8YfVZhMQru8DZP2ZiyG","2580QBTTNAkrOYMWopK/g+","26s1nG6fNAmKWrKhYw2JHB","26t4w2YZZKhrNP0mrnLFOG","26uFARG5BKvZHh3y60HelP","27ljIDVrlNb5F5sbOS0sgc","28D0xMT8NIRZQXobb9Lkpz","29rT8B+rpOepnzqPhheHTg","2dHd2PwiRJzpK/m56KpuiJ","2ePgl2qflJzYsDmHS9bqzo","2ed6q2C3pDFYlcIH0qln8C","2ewFrKxtpL5q5LYtbSsCHe","32WBqtQAhIJrF3eAKoL8E+","32p3zZ7o1P2K7XKR+9yi55","33MYFq7sJIlqGOKIo8uZfQ","33tm5hBjBNCLsAoErAhPm0","35gTSSKGlCPIZw5aufChcD","36zAFuN8hB+7TE0cMSw6g+","3666nmoHxMabML0Y0oaAqQ","39dUPe9etHEp/qcSKUs2VM","3awcLvqeJL+4y8AFOtCPsP","3azUMfF/9KaYrc5SVjUW1P","3epyv4PEVHa6tcwa0YnArc","3fFCuxoo9C2btukoM9auPJ","3fpjO+EUhMzaZYeEc2vNgn","3fxyZv1p1CiITwpzn/QfkB","3f1KyTEaxAJrNQ68yEM+1p","4bVaf4Ud9OQY76WSBSaBtt","4d4S0T7o1Bypoja9kUO3M7","4ednrl3qJDpLhYmO+m8vEw","4enx9Us0xBhbo1ebFU8AqQ","4e/Zyo2vZLVbYI0xAf/SHl","4fWG8BhXNEGrGwc8aSpVsL","51X5oDLk9MsYWHHh5tRkXr","55oymu1D5ATaTg2c5oafrb","557rQFhutIzrd9usT5Mnhj","57R+mr/1BIhqLICKXTauqz","59s4RYGf9DT5hUwZJG1zph","5ewerRgKdI87/Jk7X4OayG","60Zsf2FbhC/rMP8N3+3AVw","61NE6tswlMwJKVd6Y5C5An","61QmTX9ClE8qidyFozS6RS","62ZawA2HJPxqVkqoi+wtYL","62weomSD9Ce7Zts1Eeo2Yb","62ynWufy5NzKnQyfxuelyA","63q2Rz9bdK765A1ZCi+b+N","65oYsSG6BPFYvhQr/v4v/m","67iIWT/xBI1Ib6fehsqdzu","67/tZrAeFEuZkliLQ5zg8v","68IinIorxIrKMGpzmrRy+f","686VaP31FBL6oH/Rt/uSuy","69lDlsqOhGtpqkSYyVhSnE","6aBQmWA15LIbF4JiRvosEv","6a1Fc2wZ1Mc5ShPlboTrJD","6bGQ9dDj1LkrRLxqlmZ+4O","6cF+lWibNIm6HAQBekXu+u","6cp/bGIdlLjZEeqFRKvms0","6cuVDhd5JGBIcDkl283IEO","6dvh/PpmFMvqtaR02UDYQ4","6eT1f3c7tNVKosQjLNaNUP","70AaOidjpFFbXyvHK4T0A/","700sWXjUZIIKdZ7ZMb/iTj","72W2ILio5Nv737kUqHy9NN","746Q1Mr0pHLaUg20bKfMZD","75N++RIFJHjIh38qZJysxL","75aCrjbsVAfbP/FQGhsMJa","75dl25X9FIE539caA7uNoo","76A13/WLJCk44fRUT56fry","77jOsDyf9LDrTLmHhJtve+","778ouirApDNKGe5p0eCaXi","7ap8BBcSNDuo4vW7+O/lAI","7eiNEdwphNIIgaunFfP4FH","81fcGuFHlHJocJoEHHvgc+","82tctxu9BKU7eFdUPbRXU1","832ydODdNJ8ph507b6lXq/","85cYpgaXhDR5Tic8zmH5zg","85zja/udRIFLq/qUCU49xv","89eoz20khFw6crtXcuL5Xc","89ueKriY9GK6IZSLcUygI+","8aKd2FkDFFKYyFkEYjiu9Y","8bBHBNSZRPOauL5vPWUOOq","8bP9xRAJFO0aj0hQSm3tQ/","8bp9eiUoFLG7YOunaQT2ih","8cSLCcVbpBxIve9/wTripT","91yqFiUlROyKqcCe/+5iM9","92u0f5shFJVKBWBp+KfU+b","93nNZTA1FLXKdjsoMxmBl0","93xauB4fFAwoeDyoDbAa9I","94Z1OvwFlI1LDuBc6x8ihS","96vgrejwFGWqb+5cUiJzuW","98Km+Zn49CWpaX1LWVhA/B","99ddw4Wp5BtogOjUigH3tb","9aP/vPzP5FoKRxS1Ar6PeC","9bLAWg1JFAJrxuHQxupUAm","9dwhwBhLBOTbOLay/WiU9D","a0aqmFzQZIwrj+KbwqfgPG","a1cJKO1/xOsKj9ERdoPoEm","a2jnHtVJZMCYJKhcPjxBcB","a3AKL+xnZPT6kw+e2cFCF5","a4YwSkClFA4pDtpKu2y4cC","a4ZWfHTVtA1YoR4q0PUKwd","a7NsayjfZDoJYGc466lwBI","abU+dMzmdMB4tXJuuOxaY4","adOYZPv39IGYDkTkIV8OGc","adT9LFNdhEobpDFe2fSFkK","afatAeorVJkIKGr/ejZhYf","b0JFtwVnZDya2VUvUDLvSe","b0Nlvc/ZdKKIfBPjjoq8I1","b4Y5y0WotEE5AFhfLWE5j7","b7xTiWRMxF8o3rmve36KOM","b8iAfZajhD+7CJzHCJb3Qi","bdDdJ3cAxPk6wODeTqzQIk","beLvhzBHRO/KN/NCw44+kP","bfo/kVFkhGxpFc4Mkc51Sx","c1N+GG9L1EqbsyWDdSsVt/","c3cNUD/89BwJYCSLvB3p1o","c33LqafJJHN7O6ERVfy9Sa","c4Bp32DtNLe41yIuvkTp+s","c4WnveCUlBn42/riaT7oia","c9nvIvEpJG6Yaf7WivZfCB","caCvvllI5EFYVYgPsf203d","cbLHx0a+9H95FzY4viPXYT","cdACePeIFH4pdjn/zT5HfE","d0GOjp9adPILvpuZwmviHK","d4BN0QTpxIyKlHKyaZ78wf","d488/uM9xMFaOKBEo+3ASn","d7SyS+O45E7J3jxsZVKNSS","d9oDWVJjlKPon5zIPQxUPt","daBI41u2ZF+otceITVqwLo","dbZbRfpnFO9IDVm0vVOsOd","dbnYVTnjBK9LK4olIriAqE","dfAGE8VylPHbZjxEovQQYS","e3O6v6vlpGHp/M6hDLQKO+","e6Eq3XH5tKo4Ru0VztAKH9","e7XmNMOHNDeJvQm4rEHXz4","e8GePH8EVMZIqc4ppTKMJG","e9cCqxBiFHTJbgylRYzGMP","eeoDli9nVFh4iaa1vSX2iA","ee956AY6JIwoWshZhQSbdc","f08LGd375IsqmtkAHE88tu","f2BqiNRYpPmL4wO813eUFP","f2wTrwKpdD8rZrVFoCpCjX","f28J+2FflHZ4pNsjMhWrOe","f5zi5TJfVENb56gFpbAv5w","f7zXylUjVIZqU26N/gNyoa","f8FMuPHqhC9oFbPQoHI0HR","f8rrhsZ8BOHY/EgMxIp5TM","fax4l/hkNLsa52EPQhPRH5","fbZrqu4GhKMKfFTTDk4iO2","fcZydyW6hK6o2rai2pgMdf","002pcacm9EgqsVx8aob1DU@6c48a","01RNrqdvBEM6DC4/NvRgdr@f9941","02OARLuw1Duq0LKDX5ExF0","03lXJDmmVC8bzJvSB0BrXp@6c48a","03tOyE2E5J44VTWo9gFwed@f9941","04WBlHVDVCxZTK2FezSRcm@6c48a","04WBlHVDVCxZTK2FezSRcm@f9941","04WUkryc1JH4VRHgs2Wjay@f9941","05DKrKH2xM569+kyFPikdV","05HCLAcB5IXoecsF79N0bc@f9941","05QC0Y4EVNjJR4myZGD8vZ@f9941","05RLMo2oFOFYrcIm/DvRD3@f9941","05i8+x1RJEP4vSpNEmcbEc","06K64SzXBPJKKmrEo+WeZq@6c48a","06RuqTDBJKyoSHvkpQ1RqC@f9941","07M9mLDgxP75Nq1iN1NH52@6c48a","07g8GPJVpGyoUFdThdyb0a@f9941","09J47SC89Lob9GAyerA/Vg@f9941","09sX/qCT1LCJH9BmA07jfQ@6c48a","09v234DHdIKqJwJrkKCAEJ","0aC4B4mkRH4pqXNzEg9wFw@f9941","0aOy8DGCpDRooHe3DHVpRn@f9941","0aQlt6/xdDAIG33iiBkaG+@f9941","0az8OdIqBICqRohMfgyPGr@f9941","0bMaXIHgRN3518jdWjFV31@f9941","0bVv+UHFpJ9L83akJ31hyN@f9941","0baH+5TLNJy75W+s8UpLn+@f9941","0cIx0hg/hFJbHRDxw8BbyS@f9941","0cVcRPikJPV4Wulzm68pmL@f9941","0coO//t7pJtYQ/mt/FT3qR@6c48a","0cqYKBZ+ZDkryTRiA+yt6h@f9941","0c1Xw5cqhMwJUREtQmgpUd@6c48a","0c1Xw5cqhMwJUREtQmgpUd@f9941","0dpecoZGJFrZ+GNkIM08Hn@f9941","0eyz1IWaxAw5RLc2s/HbKh@f9941","0fV53VekNKA48DHt1X0xGO@f9941","0fwLRLyGNEoasUl+xfev8M@f9941","10Xj8qom9Fq6Zqag9lxjlO@6c48a","10Xj8qom9Fq6Zqag9lxjlO@f9941","10foqhPApDRpP/UAB1nG0q","10iDw8H1FHIo5UXXI1yBcD@f9941","111fccd67","11PsHcNjZCAZZYgkiznSh1@f9941","11QItz9m5MyZhDtir7I1yJ@6c48a","11QItz9m5MyZhDtir7I1yJ@f9941","114de5f94","114ff35ab","11VATWE4xAkrXHd+Q8q7Sm@f9941","1171e9a2b","11acc4ef5","12On85bJ1FtILn1F8T50/n@f9941","125e89911","12bC6rT/5P4Ju6LrAMgFIS@6c48a","12bC6rT/5P4Ju6LrAMgFIS@f9941","12g1sW04ZCrJ0Hl1I6DGm9@f9941","121yWRnZlIFb4eYleQW9sx@6c48a","138417a2e","1354uq9bNLaZFgn8/0iJQ5@6c48a","1354uq9bNLaZFgn8/0iJQ5@f9941","13f5b7250","14G8l2WGhJx7n38jAy4ohZ@f9941","14M0vXiNxOXoJE3ZzYtkcR@f9941","15DItFRvBBO7jSOtP5Fckq@f9941","15rgQA5A5D2pnO540FpPez@6c48a","15rgQA5A5D2pnO540FpPez@f9941","15tHxspU9HOoVIn1nQJ8Hq@f9941","16Kts+7hxMF4K08q6+RaZK","16Kts+7hxMF4K08q6+RaZK@6c48a","16Kts+7hxMF4K08q6+RaZK@f9941","16T5RiO4dIYqB4zmcwJcMn@f9941","16WbYNhHtG/5OxufYpmfTH@f9941","16fUwxG21Hp7s61PAF/WJL@f9941","16u1y3Le5MZpZF2UtGMyhn@f9941","17rnzLXjVHsrz+/IomSTkT@6c48a","172H+7+zRNw7N05raiUKQp@f9941","18fFp9FnhNLrwO3nIMeWIo","18n9HWietI4ICoS/xhZqk8@f9941","18b41c32e","193ac3c6b","19SuwNILNMnqQXX/xZ1oXa@f9941","19ZpJHZghIBLJ5+QqgdwK/@f9941","19c4+MswpJr5YuBOEhorsJ","19c4+MswpJr5YuBOEhorsJ@6c48a","19c4+MswpJr5YuBOEhorsJ@f9941","19bef8e78","199BuBxU1HK57jgwgGZvzW@f9941","1aQPkV4FFOp40YgdzCaNRX@f9941","1aVZDtbexDPKLSFQtOBErK@f9941","1a807c6c3","1a81b0de6","1alg8bpxtI4pw6S9WtA/VI","1a9nowp4BIuo7QQf66rJ3i@f9941","1b191506d","1bfh1masdOQqjjhDDzwJSr@f9941","1btIpcWfNJ35jHwPDarfck","1bvlWgl0RG0q5SeTT0Wss2@f9941","1be5f4593","1cJgYfmihHcIB1I0MqNoPH@f9941","1c8c26dd1","1corxxJBlOnJXHMlAHGXfW@f9941","1cb8435fc","1dZHzugDVAobi99eO+4zFU","1d7e6e530","1dxoWmRNNFkIf90z7BUv5n@6c48a","1dxoWmRNNFkIf90z7BUv5n@f9941","1dy219F/VJEpJ2BXbK+yCF@f9941","1df2e526c","1eLyor5rdKxZcDluYEElhf@f9941","1e5411d86","1e9c8c517","1eadbdf4a","1e5KzeaWZFlImuxIyclfyH@f9941","1e6wAiQiRMOKpOJd+K3sQm@f9941","1fKvOOZ4FGWJOQtp9y1B8T@f9941","20IVrWQN1AF7ikc9p56B5q@f9941","20x9n3ZeFHxa5+yW1g6A9/@f9941","212/eg1W1Hmp0B/T59HdVZ@6c48a","218NWviARKNaDy/6V6Aybg@f9941","218NqxhDBKtalfFX48llX/@f9941","22Lmuh5X1C7Lk6FBsqc5Rl","225esRjxBHXYPNaksRqUTn@f9941","22+pP2wNVD7bLEAQJ+Msle@f9941","23LUxGS0ZMTZ43c5t3NO/A@f9941","23pAySH9VNI5Jh+tvvB1T4@f9941","23pxXDEBZHKYKpOVfyp4oT@6c48a","23pxXDEBZHKYKpOVfyp4oT@f9941","23r3CeMBxFyI7FveiL3zrr@f9941","24lkB48YJAkaRJVajfc6ew","25DlEevydL96KPxEoSBFn8@f9941","25KCeHmH5IuovzenAfpCOV@6c48a","25M8YfVZhMQru8DZP2ZiyG@6c48a","25hGoCuxRNfZD4CfOCaVpr","25isuBku1ODa4AG/fOkN6D","26S9ntYHRBsrydlQAhn9hT@f9941","26frMt8VFJ1Ioq1jvLLQmY","26t4w2YZZKhrNP0mrnLFOG@6c48a","27bUDf+tFA5r0CrdylQU0O","27ljIDVrlNb5F5sbOS0sgc@6c48a","27q14kYIhPQYw2mEHBkSWp@f9941","27+iiTItxCLqvdI5pTJSkD","27+iiTItxCLqvdI5pTJSkD@6c48a","27+iiTItxCLqvdI5pTJSkD@f9941","28D0xMT8NIRZQXobb9Lkpz@6c48a","28D0xMT8NIRZQXobb9Lkpz@f9941","287yAcFutIvpYeJoXf9UNm@f9941","29eCBi+tFNtIuu7gFKdW25@f9941","29kOHlqMhDrKzJ0aGR1nKM@f9941","2aLm3uuLdEOIKyPmbF1t5V","2axa9ydLJJ4Kbmk/vVp0ad@f9941","2b3ZSduuJAIo3iz18q+Yzm@f9941","2cWf7uYiRAJJJh4AJjkUBa@f9941","2cp1PnVGBNZYDk9PfwedDk@f9941","2c2918GKNOSZ7zmX8Y7MqZ@f9941","2djSCI/4NDBYW677Fph0Ea","2d6UVzD/9Jb6MZBSsAbOLX@f9941","2ePgl2qflJzYsDmHS9bqzo@6c48a","2eUiqXJ5tHBK+7SBBkyE3M","2ebo8Vs7tJGLuK4ZTSyPC3","2ed6q2C3pDFYlcIH0qln8C@6c48a","2ewFrKxtpL5q5LYtbSsCHe@6c48a","2ewFrKxtpL5q5LYtbSsCHe@f9941","2fAZkNLs5GNaNxTcrlRUct","2frqIVuolNBqYF9w8hLuWI@f9941","2f5oHoi2VG8q/etxP7Fe6F@f9941","2f/FQd955NM6u6lYVfXdIo@f9941","2f/j7u449FsK0d2R6cxOBw@f9941","30ybfNi9VFQ5oOJuRIHl1A@f9941","31epkwggNAYqyvw3//Zwyf","32EWW/zjJM47pFduY7qqzl@f9941","32HzvtGSFNrpiaOvDkaJHi@f9941","32WBqtQAhIJrF3eAKoL8E+@6c48a","32WBqtQAhIJrF3eAKoL8E+@f9941","32p3zZ7o1P2K7XKR+9yi55@6c48a","32wFOh7YpP7InTav/jUqDJ@f9941","33CVT66NNAl5vXNYwlccj/@f9941","33EewA/DZP9LH9IWZEQ5BJ@f9941","33S8ed9P5FhZnk1MJgcNFN@f9941","33tY4fvEFKjZuhT1pn+DMJ@f9941","34zDo//y5PWaL6edzcsg3k","35JbwrkN5BHoLeungOr1+r@f9941","35SUTzEaVJEb2rj6ycHJSZ@f9941","35gTSSKGlCPIZw5aufChcD@6c48a","35gTSSKGlCPIZw5aufChcD@f9941","36gKh8OlJDFqxcWeWjK4yT@f9941","36jRnkDcpGXLv/jIGLmsJ8@f9941","36zAFuN8hB+7TE0cMSw6g+@6c48a","36zAFuN8hB+7TE0cMSw6g+@f9941","3646rI1XdANZ51VT2KQ58n@f9941","3666nmoHxMabML0Y0oaAqQ@6c48a","3666nmoHxMabML0Y0oaAqQ@f9941","37JEGRWXdHKYwsgjEwkRty@f9941","38DXB0+65KSprsDzTiQe/6@f9941","38cuiRwMhJgrYX3liG/B3f@f9941","38lTHg9utMNLVVVRQY6Jl3@f9941","39WzmPpIxALq1a+FeGvvI3@f9941","39dUPe9etHEp/qcSKUs2VM@6c48a","39uRaM79NCgajTuNlGiIDZ","3ax+2iLtFNJpvBYZf7gUPU@f9941","3azUMfF/9KaYrc5SVjUW1P@6c48a","3a8rYcKz9AKIy5bBQBxZW8@f9941","3bT5Y7/KVEkIr8+2zRsLnX@f9941","3cDYNR2VRA0a7dNtbd5eN6","3cDYNR2VRA0a7dNtbd5eN6@6c48a","3cDYNR2VRA0a7dNtbd5eN6@f9941","3cZL4pKutE2YShy9gUvgA4@f9941","3dLsjKgqRCH6Ulqsr6hn61@f9941","3dhnsQphhCcpFDknyaNI8p@f9941","3dnL/oa3lE8bPjF/hN120/@f9941","3ekLW6jkdL2LjWQE3LOWma@f9941","3ex4ESQutCt7PSsrgjgOOJ@f9941","3fFCuxoo9C2btukoM9auPJ@6c48a","3fFicyG3BBpLjmehrbEIOE@f9941","3fQTwqs2VEj4iy5GZdcLhH@f9941","3fkXfaOa1Hfr0Aej6C+0Uj@f9941","3fpjO+EUhMzaZYeEc2vNgn@6c48a","3fszcfCQpCta2krQzU/wv8@f9941","3f34LN5lVNq7P+4KPHvlxy@f9941","40ultwpYdKBYlV/WqB8pNx@f9941","41BTV9ezxLCJ3n13QQRJa1","41VUbB7lFBkZWaTDgiYTef@f9941","41u8YMbT5NyqloNLXQ6jzF@f9941","41xOEnIshH/IBinJt+6P88@f9941","4113sNP71BZpEvBVMaGgUN@f9941","41+HV6LdtIJZjuzGhzFAoz@f9941","42TTPb2IhJlK9RbgjXwrJ3@f9941","42c+/Lhu5MO5h4y0+xR7GV@f9941","43JjZEwD9Ga5JVQcEyfjsc","43dc12abNAF6JDRWqq5NQl@f9941","43vyMPaxtN+b+C0bPQnwuU@f9941","434VsJQPhIw4DNfrjgTrHO","436foioMlFKbYL+A0VS48z@f9941","44xTLfhxRACZ8j2mCrSpGH","448CdLYhFKLYQAsIA5TAG0","45IAdEYvZIwogsvkAgwdv7@f9941","45gk7xGxZM6IfyWDLQIiwS@f9941","45k49iM85CFrNg7C+yN/me@f9941","45uYq92jxHObcL0m9IZJWP@f9941","4538z0AXFCC4whU3i6Y9Qs@f9941","47Oe4cLUVMTpGaNnF5Z4ig@f9941","47d470t8tDSrmYuQgAUYl1@f9941","47n3anlf9Kcap+50xmZnen@f9941","47tlocNqJLmZ2eeBTkLz+J@f9941","47+wHcbzFMYafMWfCkl1Gn@f9941","48GYI3YPtLBISZttW6UHdX@f9941","481OYylvxKHZkzoVUB93TW@f9941","496OIBm6RKq5SJ4LR1owJt@f9941","4aOPUK5SFHkqQJULtOyvcH@f9941","4aSK41M5FHyLMXsxADdx7h@f9941","4asT9XdW9HRr6eog6ftjnI","4awEIIVaRA/5BEh7j9SifT@f9941","4azoiXgIJN95PxxFz3y8Xd@f9941","4a3YTMHW1MWYqFRn9evah9@f9941","4a4qMJ/l9HxLkyG/oFmvGc@f9941","4bVaf4Ud9OQY76WSBSaBtt@6c48a","4cAcpNlUhMZLhW/1iz5sWR@f9941","4cLP0QNuFCnJq/KUEnhLWJ@f9941","4cdHLRI9lAh7zB46RJeIBJ","4duu7FkblHrYT3C6wu7JZ7","4ePAGE9AZEQacVfQjqfXNo@f9941","4enx9Us0xBhbo1ebFU8AqQ@6c48a","4enx9Us0xBhbo1ebFU8AqQ@f9941","4e/Zyo2vZLVbYI0xAf/SHl@6c48a","4fUBnmvbhFXpiNDKhdNpUw@f9941","4fWG8BhXNEGrGwc8aSpVsL@6c48a","4fWG8BhXNEGrGwc8aSpVsL@f9941","4fyRGMAdlMrY9ZfyEcmk1h@f9941","50BlZkR6NPh6MPJgwbGhCg@f9941","50abLaH7NGurGEotmum8ov@f9941","50oYpeEVFAl6a0mHuZD7/S@f9941","50uA5DFYFFA4nslZwV6c/8@f9941","51Bej1HZBA5pjL+lRJB0Fj@f9941","51MFcP749NjZRWS8bYdtal","51PmY3QTVAfJtgU+sN2toD@f9941","51RZ7Ve1ZOcIG/V8GsXCQr@f9941","51X5oDLk9MsYWHHh5tRkXr@6c48a","51a19BeOJNaIDyxPOhfBtI","52aYh+Cm9OnIERr9V594wQ","53SsWWTFlAxLz/IGJC+L8L","53SsWWTFlAxLz/IGJC+L8L@6c48a","53SsWWTFlAxLz/IGJC+L8L@f9941","53cy31tRRI4Zd7iJeQPAun","53uWwYLfpCp5kymWHYBIJq","53xfbEHzhKG6axHFMXF9N/","55AOwB595G/o+M9wxosDaA@f9941","55wzViyS5B5bwDnu4i6TW3@f9941","557rQFhutIzrd9usT5Mnhj@6c48a","557rQFhutIzrd9usT5Mnhj@f9941","57R+mr/1BIhqLICKXTauqz@6c48a","57R+mr/1BIhqLICKXTauqz@f9941","57Wjv7qd9H8r+X0PONEzdr","58Z5dgCtZPs5CsEklt9SRy@f9941","58dnkBVWlEOYVPm0hI1WFa","58qGF0VhZL5InKmJjR0p0b@f9941","58rp0QE1VDAYWbOBcfvfse","59UQDgrIpEKIMQCRLhuLgg@f9941","594fqPMENDArtVwNOcDcpG@f9941","59+RZjuvVFHIiu4QtgNEVJ@f9941","5bG7zotzdFMbJTK1NGIhBz","5bTH4WcoZOOYpo9JyXfg5e@f9941","5bX3fqjehD3I6FR0Yyn7dC@f9941","5b1jQK+AJEAZt3BDy6XLoi","5b9euLV9VLv7i63O7twx32@f9941","5cQFVKNKJDcpp87ggsRFo0","5cbxQRNghLKrs3sthQAyE9@f9941","5cgJnq7VtJap1metvRoT6S","5cvrBc5AlF5KiinAn0r1Wi","5dCi64Jo5FgoFr4wVRIfXd@f9941","5drlcyuw1MuYnYhwlBZSRd@f9941","5dx/9UNBJCzICRpc9Cbi9C@f9941","5d+HiAvGNMzZYxt3SrXJEQ@f9941","5eFd8KGc5E8ajLwDZQCsoa@f9941","5epaibLU5FVZ7ViTRO7Fq9","5ewerRgKdI87/Jk7X4OayG@6c48a","5e1HxGY3pLk401N/hWT28t","5e/30PhxFOpKYALxcdb56F","5fIOtcjq5M/6HOYDhYDaZJ@f9941","60KpcJ2OFHj5f1fZR/WwYL","60N3NogJVLYIiZYPTdJVVo@f9941","60Zsf2FbhC/rMP8N3+3AVw@6c48a","60kFBzKX5HxYSlbWHj1kdG@f9941","605iLapBdCkay0QhjxGFwU@f9941","61NnrqoR1KTrZWPOl4hQAv@f9941","62weomSD9Ce7Zts1Eeo2Yb@6c48a","63q2Rz9bdK765A1ZCi+b+N@6c48a","64YXmXpE9DwZOUgb84Jm4v@f9941","64caZNc6pPg6Vul5vk+KQB@f9941","64cxxDa6hBDKL35IvoT3Vm","64d1iKfUFPQLcqEgw+XHCG","64iL2hPZpAEZZp34MhrXj3@f9941","64sXYU74ZOOozw3o5Ldocz","64/76QgJRHoINGqGm7uqt7","65q8I7uwhP5r8lJE2Wuc/e@f9941","67/tZrAeFEuZkliLQ5zg8v@6c48a","68IinIorxIrKMGpzmrRy+f@6c48a","68IinIorxIrKMGpzmrRy+f@f9941","686VaP31FBL6oH/Rt/uSuy@6c48a","69XjesqR5BcYHimczJdkWp","69g0QQtKxOor/UODDD2fwA","6aBQmWA15LIbF4JiRvosEv@6c48a","6aBQmWA15LIbF4JiRvosEv@f9941","6aYCg8XIxHFo2NMh3try+D","6ajDOoC0tKepVo04S3u/nR","6aynU0JIpJ57A/1NyhU6lc@f9941","6a1Fc2wZ1Mc5ShPlboTrJD@6c48a","6a1Fc2wZ1Mc5ShPlboTrJD@f9941","6a4EQgTGRO05AfdUJwsZjy@f9941","6bGQ9dDj1LkrRLxqlmZ+4O@6c48a","6bGQ9dDj1LkrRLxqlmZ+4O@f9941","6cp/bGIdlLjZEeqFRKvms0@6c48a","6cuVDhd5JGBIcDkl283IEO@6c48a","6dXMvh+n1AxKREpn7SuwSN@f9941","6dxzhRkBVPSbVbPVLe5aAH@f9941","6fMAgyWYFDNr4BCZkHIosC@f9941","6fd+XGy0NGPY9+u5Z7f8ym@f9941","6fkhF8VtpCm5y2ks7hX35S@f9941","70AaOidjpFFbXyvHK4T0A/@6c48a","70USEV3qFP4qCUAwi9t+P+@f9941","71KjpDk95L9Z5AydR5FBnc@f9941","71QWRmDglFYLmFvYS4qIgB@f9941","71Q7Lxw5pP0og4vnns9YM2","71Q7Lxw5pP0og4vnns9YM2@6c48a","71Q7Lxw5pP0og4vnns9YM2@f9941","71ayHhWZRJ8YuTBWLEMftE@f9941","71v5p9+OVEqpIqBES5R9o+@f9941","73WvbA9G1IBbwn3F6FJ5Y7@f9941","730jb67EhGQZggW7l4MG60@f9941","746Q1Mr0pHLaUg20bKfMZD@6c48a","746Q1Mr0pHLaUg20bKfMZD@f9941","75aCrjbsVAfbP/FQGhsMJa@6c48a","75dl25X9FIE539caA7uNoo@6c48a","75p0T9fxRJtINX8HP6DM3T@f9941","76ezT9BmtOy7t9EHRnVE+y@f9941","77jOsDyf9LDrTLmHhJtve+@6c48a","778ouirApDNKGe5p0eCaXi@6c48a","778ouirApDNKGe5p0eCaXi@f9941","77/5zDtCpEvquy2jm8TU2X@f9941","78ZFLOB/tK/JA8OsM05PW3@f9941","79p/Z3tB5BiZSgMGQbRPQI","79wTeEsopMu5IoJDrlW8WF","7abo7mB+xM57lbvgg47pVz","7ap8BBcSNDuo4vW7+O/lAI@6c48a","7bo7zhD4xNcriU3IKUcaaw@f9941","7cV8B9bhlLMonLcykk+BNp@f9941","7dZ+hrOy9FCIFoNEi8olCL@f9941","7eJpzEYqRDyrCTFGWxX4+I@f9941","7eiNEdwphNIIgaunFfP4FH@6c48a","7e1xvX5cdAuLKJs44Li4qy@f9941","7fXK1kjNpCi60PlTd+wjOI","80DBMA6GhCcYxZCL5GPT5+","80vj1gRNpHFrmzT11PhfIL@f9941","82G9/xDRRJAZyJrFfY+dg6@f9941","82tctxu9BKU7eFdUPbRXU1@6c48a","82tctxu9BKU7eFdUPbRXU1@f9941","820FAi781PKoW2kTBAKnUT@f9941","83HL/FaixJHrPC9cTphcGL@f9941","83j+APcC1Er7xsp1kz42F6@f9941","835vxfsGREk4IFRFychdUE","84A3PUeM1FMbqfhr6dEoVn@f9941","84tFaX3GVN36ADR+hONRrG@f9941","847S2mA8VDv6hC0jg9oDn6@f9941","85cYpgaXhDR5Tic8zmH5zg@6c48a","85zja/udRIFLq/qUCU49xv@6c48a","86IICBh/FG341PgKAIDfpT","86f1i6pLNFrYM5IPbsz70h","86iR7oxj9Cy5ZTU4hR24tW","86iR7oxj9Cy5ZTU4hR24tW@6c48a","86iR7oxj9Cy5ZTU4hR24tW@f9941","86nP3fosRBQ52YKwN2HaOQ@f9941","87v/xw9otDQ741Mnp45nNs","89L8wE/lhL66wfYc3CQ7Hf","89eoz20khFw6crtXcuL5Xc@6c48a","89gaGlzDhAEZe/WmFZUWU5@f9941","89ueKriY9GK6IZSLcUygI+@6c48a","8aIse/Wa1OrpJUJsw2LOX0","8aKd2FkDFFKYyFkEYjiu9Y@6c48a","8bBHBNSZRPOauL5vPWUOOq@6c48a","8bP9xRAJFO0aj0hQSm3tQ/@6c48a","8buhB6oZlAAZfdo1adznt0@f9941","8cSLCcVbpBxIve9/wTripT@6c48a","8cSLCcVbpBxIve9/wTripT@f9941","8ceMLJHmFBmqn7s+gcExrB","8clt9Db5JE6JtDDBvsB37k@f9941","8dHn8W2jpII6Dw9v7BJEuL","8d/QBY6r9Ms5poSVgYzFUz@f9941","8eNIg+gfZNSJ5BIkZV72RZ@f9941","8ehCXi/e9HPrnFH2rOVC0s@f9941","8eqLCZOzZJdJQhNGctHYTE@f9941","8fSi8kDnRI6pvlgc6on0x0","8fqQFemDpDz4EAr7RJWPYe@f9941","8fyjNvAhZPd6DfgjrfAdig@f9941","91uxD3jONJZoTlCOhIKdso@f9941","91yqFiUlROyKqcCe/+5iM9@6c48a","91145xqQVLjahPrInHFcVw","92CGUzyqpAV61peUatv4ya@f9941","92TV9zMHNBUYnWqxQ8WrUV","92ZZgJTFZCmrT2YZZYP3rK@f9941","92sm1M5TpC3JfgYU6y/nXF","93HGBDykxGyK30L02r5pEZ","93iBwiaYxOlKA/ySkS142Q","93nNZTA1FLXKdjsoMxmBl0@6c48a","93nNZTA1FLXKdjsoMxmBl0@f9941","93r388imlBU64VN5/1spnD@f9941","93xE6ttQJDd41hN70gJ5n2@f9941","93xauB4fFAwoeDyoDbAa9I@6c48a","93xauB4fFAwoeDyoDbAa9I@f9941","937MvSmtpB+YGdnaiORRm5@f9941","93/EJFSCZE/asVv7/nQhJw@f9941","93/cDuUWFHJKciXlO25zlk@f9941","94Z1OvwFlI1LDuBc6x8ihS@6c48a","94oDOf9AZNdLsJyYn/jXGp@f9941","9417QZT+dKi63o62E6DE1F@f9941","95hyVxJ9RJnqQY/cXfWZT6@f9941","95+qmdD39AF4Hs2yQ/f9X2","96XO9Ei6FIQ6Cy8YcrORBc@f9941","97fCEWOSVA6a60wdZVMDDo@f9941","97i3dNrCxLO6lE0+vmJaNJ","971VP2jAJPmaV6pOTx6O5N@f9941","98Km+Zn49CWpaX1LWVhA/B@6c48a","98Km+Zn49CWpaX1LWVhA/B@f9941","98TB8Htu9ExbEo/oh+S6TB","99MsnZIAhCLoJCo3I170aO@f9941","99ddw4Wp5BtogOjUigH3tb@6c48a","99ddw4Wp5BtogOjUigH3tb@f9941","99fwsxU1JI34vsuDJpnA6t@f9941","99gODn7cVCc6x5jUNRclRj@f9941","998Q73klVGgI4orWGJdG8m@f9941","9aOiHyt9pKap1PrvG3HJEu@f9941","9aTDliU89BoJAdpsa0QEZ8@f9941","9bLAWg1JFAJrxuHQxupUAm@6c48a","9bLAWg1JFAJrxuHQxupUAm@f9941","9bef3g0H9BRLL99lBs5X/y","9cV+1VV1tAi6P5WkrFl0cF","9crDla/NhAO5JD5qk8gF9+@f9941","9c4WEJX8xCpJ4iCi2gOEai@f9941","9dmbHfCE9KKo5CgZUiHxGH","9dwebllGdISLPnvID5/Fed","9dwhwBhLBOTbOLay/WiU9D@6c48a","9d/GMgG31Cjp0Arz2vSS/x","9eZhFqlI5NELi4kkVCQElc@f9941","9edD+afkFDxb6wVZKZ8zvF@f9941","9en8FNOI1E5bA/homofe4E@f9941","9en+u2Y/VNoqZUtK68AeOK@f9941","9ep+igYWFNL6ib5zqmEDzQ@f9941","9fkYVMLH9K+Kln1pl2Sp7H","9fxup0FI1HmaTA017+Sufd@f9941","a0cg7vPaJMz5xZdsdiPrqX@f9941","a1arS7jTNHX4Rcdl/9UB6T@f9941","a1cJKO1/xOsKj9ERdoPoEm@6c48a","a1cJKO1/xOsKj9ERdoPoEm@f9941","a1eIxr499OxYyOBk90KnOn@f9941","a1w2/+NTpGXqimVN466E6i","a2jnHtVJZMCYJKhcPjxBcB@6c48a","a3AKL+xnZPT6kw+e2cFCF5@6c48a","a4ul8EeHpANJumpqOkzMLt@f9941","a5Fai9v3JFva459+yDH4zd","a5nJi2oflFo6z94DTjuIq+@f9941","a5uTR2NgdFZ4OCf+CSo9Cc@f9941","a6DivZnCdEwYYBnNySjijo@f9941","a7NsayjfZDoJYGc466lwBI@6c48a","a7NsayjfZDoJYGc466lwBI@f9941","a9I6zqRNpHT4j64Fgy9KPH@f9941","a9SfSvkVBCcZm2w9XSgVqJ@f9941","a9T1kBrGxK7IbrXgoXBVAT@f9941","a9VAfHNrpGa4X5GYKA4nji","a97DuEmCBH5Ytr4UBGyN7A","aa5hMzBDRNH5WnPvHHw7o9@f9941","abPMDLn5pDb6b1p7UqOkRu@f9941","ab7PmCBFpJhJjASJiRMLye","acRpMtcdFNirDuBgl06mcx@f9941","ac5brZf2tIPLOkXGiSKaQo@f9941","adOYZPv39IGYDkTkIV8OGc@6c48a","adlZVwEUtCS4lWX1kCPyJN","adnj557IFIpIwlUcO0fUr3@f9941","aduJOIDnxNc7PGv0DPAWGt@f9941","adyde3fVZHNJ9NbHtgIz1s@f9941","aesVJ9E9FHxJfXhliN8pOP","afxHkx8GZGsJC+n+YfITQo","b1Pr9C2SJC/K7deAqN2JFj@f9941","b1V8y+lxxA8oDo0ZGU90wg@f9941","b1aWZAYL5Mf73stqqFjFfH","b2zNAimABIR4q8O/+b2i3l@f9941","b3u4fN0kVHyqXH5GUhQS0W","b4GIZqmVlO/L7+8u4gVaNy@f9941","b4mYDMG9NBFJhsGOo+ehLU@f9941","b6JOLm0FlNz64KdqnzVs7B@f9941","b652dqPSBIgYlgB7ZQtvUg@f9941","b7MFJ8MjNBwqr3fNq1j5dJ","b7T7THVudFpJtgxZOI53Q8@f9941","b7fDiJ8FpEU7AX4AdNOcTs@f9941","b7oS310RFLk4e2QsWWcD+3@f9941","b7xTiWRMxF8o3rmve36KOM@6c48a","b8E21H4/VDn6xT/xFvctJ+@f9941","b8U2nHomNDD7Tj5a4a+F9d@f9941","b8xrIVln5KEJCNxwOw7kGd@f9941","b89E1tKLFIdoXeCOy2a2eL@f9941","b9XoBI4bRBbqVxkBoousa5@f9941","b9rsM9vOBPFYDjRNqbQLBM","baR0TgNJlD+KfLuYJohoGB@f9941","baTcNSz+1AeJGTXkSb+qeN","batY2XCfFPuoeDkEzEyvWe@f9941","bbBUZoNpFM8ZnX9yrFVVjy@f9941","bbYgN+GPFOjauSbMGKdOsQ","bcdm2bF8xLJa+TKyGfcOfB","bcdm2bF8xLJa+TKyGfcOfB@6c48a","bcdm2bF8xLJa+TKyGfcOfB@f9941","bdIseR0xdKLbnEEQqLDDEC@f9941","bdL52J3BRNs4qrrgFgazfC@f9941","beAybrKltNaoUSw1UkSoR6@f9941","beXu+NrYRK7IdMo3VFjRwB@f9941","be0MVZpj5EHLwwNthxqH0S@f9941","bfkACk9YdKDoF2B7c3fYl8@f9941","bfo/kVFkhGxpFc4Mkc51Sx@6c48a","c0LfkqDCJNH48DWoRx3/bU","c1N+GG9L1EqbsyWDdSsVt/@6c48a","c1aPhvLX1PbZO0Q14gTc4s@f9941","c1m95drkNPQrIHKH7HDXs6@f9941","c19+K0GJlHFJuGunGAvyl8@f9941","c3cNUD/89BwJYCSLvB3p1o@6c48a","c3jIqamkFF+Z0cxuoMjz/a@f9941","c33LqafJJHN7O6ERVfy9Sa@6c48a","c33LqafJJHN7O6ERVfy9Sa@f9941","c4Bp32DtNLe41yIuvkTp+s@6c48a","c4Bp32DtNLe41yIuvkTp+s@f9941","c4WnveCUlBn42/riaT7oia@6c48a","c4Xr+RCOtAV7IRIu7khx/q","c4Y0d4KAlN+KN+DgBeCcv/@f9941","c4oG+fY65Ac71SFru5tB8Z@f9941","c4+VAKeHJHJq+LA5uL2/sG@f9941","c6W3MAU65KypNzXUcmILNo@f9941","c6qXmDEp9NYpggsIIySX1A","c6yCIwz+9Fb5TDfXaWDU1m@f9941","c7DvaRoztNcI27oExnp/om@f9941","c7b2eVleNIL6s1mPdVNa6R@f9941","c7fniSoH9CLpSTyij6HSj9","c7nfBZLZ1Ny7iK97JHdJNp@f9941","c8gcKDOBdJiLrQQIaIc0p7@f9941","c8jVnKP05M9aMb9e9GHild","c8jVnKP05M9aMb9e9GHild@6c48a","c8jVnKP05M9aMb9e9GHild@f9941","c9ICGcf3tEkIjY9m+Ptlnh@f9941","c9Lw9bL0dHXa9JKZO3A86R@f9941","c9aPg0mUBLC6fZsWDxoGUI@f9941","c9rl7R19RF1oHr5kmgRCdB","c92V7qhwZN07x+4sjPDX/J","catrf7kwVC/acoRfeqNT60@f9941","cayk6dNm9Pta/PjfEHhTKp@f9941","cazRgJ/NFEi4XgOBekBqb2@f9941","cbLHx0a+9H95FzY4viPXYT@6c48a","cbLHx0a+9H95FzY4viPXYT@f9941","cbQ1tT23JBbqRikMqOcqCN","ccWSo7bSlN/4ioZN6I5wA4@f9941","ccxK3ZNQBGmZBhQflPM3+V@f9941","cc3yJiwbpFk6xbDZPGZHhQ@f9941","cdooh1hsVL652mryePyrgx@f9941","cdtkdHb1hLjrnubw4GrC5r@f9941","cevlYa9x1NR5rYnJ3nVyOi@f9941","ce0XWCZJVH1KidYHEPiBGG@f9941","cfGOK+ZS5EPa1n3PA07C9k@f9941","d0GOjp9adPILvpuZwmviHK@6c48a","d0GOjp9adPILvpuZwmviHK@f9941","d0wob/SapLXIcwWShQJPGp@f9941","d333Xmt1xK1bkKXLvopnOp@f9941","d4BN0QTpxIyKlHKyaZ78wf@6c48a","d4MbR5bvJIaJcIJ5DPWL16@f9941","d4d8jkvu9FF7gtTTeeLhse@f9941","d4n10f/ExDFLDIezozRsQq@f9941","d488/uM9xMFaOKBEo+3ASn@6c48a","d5TAY1CjBDuKnketdCWE0p@f9941","d5Xlp0ILND4qs02Oj5AHh+@f9941","d5akSfO1ZEk7qbM++IWh6c@f9941","d6Aw+igMhJWKrMMJvJ2C7M","d6K1h8a/xD6ZbQgmcHfB7U","d7Qn+Zrb5L/pq4zNW2gO+A@f9941","d7SyS+O45E7J3jxsZVKNSS@6c48a","d7SyS+O45E7J3jxsZVKNSS@f9941","d7xfAo/vxO1ZowpfWeClSQ@f9941","d702wFhOVIBI+qxwQZGUzY@f9941","d71FhUgCJKnpvgDmQ2q5xR@f9941","d8kW/PfdBGkZghqPYhCJ1w@f9941","d8+PH3rtBHPqkRkNly3g0E@f9941","d9K3RRqvBEqa8B0JDJjezl@f9941","d9aksyHKZDpL/xhAm8dTgh","d9gsrK5flKQ4sHcWcm1qG7@f9941","d9n3cGLbFKFI1/jx8vnJNt@f9941","d9oDWVJjlKPon5zIPQxUPt@6c48a","d9tmx+PqtPepVwj4KPV/UO@f9941","daBI41u2ZF+otceITVqwLo@6c48a","daCM7ACY1N8oXVtIU6fPpV@f9941","daMUvzGt1Dg71Lya4tqvfL@f9941","daufInH8BASYL56EnCyn3O@f9941","db2hVwiDFBcp5Jh+OPOcfh","dcFAkfTK5AMaiMiL+3aJUQ@f9941","ddBm8IDFZLtIJJTBmEhjJj@f9941","ddPngevn5KT7tosBHalri4@f9941","deKogQYwxNNY2YVRkGEaiP@f9941","dfRnz50p5CnYHko2UAaQ/4@f9941","dfXOp32ZpF1IlRFWKWc2wK@f9941","dfg2ig8D9Hn5awAIOrkNUH","e0adYb2/xBx7hdzNwp7mn/","e0tI3sc4lKnrgNKNgo1ogu@f9941","e1Dg32+EVIsZB7gJp4xdrU@f9941","e1NhvUZbZBbawUSF7OTHzH@f9941","e1P1g5tNpPl7jSIK98jlOn","e3O6v6vlpGHp/M6hDLQKO+@6c48a","e4i+WY0IBCTLSamEDyhv4Y@f9941","e6Q8noktVD/asyG1k7GxyI@f9941","e6YQCFvzhJIrehOXfZHZ44@f9941","e6ay/SBatE5IYTBPTDRYxU@f9941","e6lEKZVW1JzbIc0V3iom8x","e8GePH8EVMZIqc4ppTKMJG@6c48a","e8GePH8EVMZIqc4ppTKMJG@f9941","e8hgmHgBZK05G7Ol2VRY3t","e9cCqxBiFHTJbgylRYzGMP@6c48a","e9cCqxBiFHTJbgylRYzGMP@f9941","e9cIlbUABDh5DYfuovBkU7@f9941","e9w536YA5Fo7lWLeFYCvXR","eaEZ5XedZDFKC7CJeivRqQ@f9941","eayLyM3rVO9KQNmvmdbI3o@f9941","ea5iDW4TRJJpO1Qxr8m/xW@f9941","ebhzOfY61OLKpSdhfBMI/c@f9941","eb6dI0WKdAyIjByQKci1YR","eb/WIPfuBNFKbAVY9/9rL4@f9941","ecXwhQqTlPgbyfxHU55kVy","ecj6fOEqJND4BWyVwueyzv@f9941","ec2EiqOm1Cd7QD5SK67KAf@f9941","edGYqCJblNdKbsgzrhqY1b@f9941","edpJSR6vJFzrnFgL8L98Mp@f9941","edraO/XpVMo5ZqpeHw5Tui@f9941","eeNs2KJSNDCoCUJOhvcwMN@f9941","eeoDli9nVFh4iaa1vSX2iA@6c48a","eeoDli9nVFh4iaa1vSX2iA@f9941","eeu186DlVD0ogch7E2e2zo@f9941","ee0mOsq8lHb77CoU/XgjWW@f9941","ee956AY6JIwoWshZhQSbdc@6c48a","f0CuClBdpLy4x8wQWq/nqm@f9941","f0TINOsaBAdrP0+hTqh/vJ@f9941","f0k6XiVDVI9K3nzZb3ZsIu@f9941","f01OGXWaxP/YL0far+D8E0@f9941","f08LGd375IsqmtkAHE88tu@6c48a","f1aKdUDjNOe4eeN/aYmdcW@f9941","f1drnziPxO+6+rlrnPPyAR@f9941","f1jfe/oiBFErWNb1vvLoZh@f9941","f2BqiNRYpPmL4wO813eUFP@6c48a","f2BqiNRYpPmL4wO813eUFP@f9941","f2LyMV7+NDqL09aoiqfHeb@f9941","f4AFLAZSRETqmv4pbBsaxr","f4dn7/tABJhpVvqQUsFE7q@f9941","f5FbxlrnJIWrDtj/oTafi8","f5bkkN8gpANqUv8hShbvnh@f9941","f5mORsRJBFfYpilGtNCA8u@f9941","f5p4MZDttIsrPSbYswVLI5@f9941","f6LoL4uxRJi4tHsmtPXb/y","f6VUC2zu9Amq9znGMEy1Ws","f7BkaycN1N6KusU1/pbLX7","f7UiqA019DRZGwrk1DWXGP@f9941","f7WyIuWNVNKbc3GckwvI7A@f9941","f7koIBRR5JqobDTVJJ5u8i@f9941","f7zXylUjVIZqU26N/gNyoa@6c48a","f7z7QFKetHOrKbRnHOS86H@f9941","f8FMuPHqhC9oFbPQoHI0HR@6c48a","f8oJQiai5H56ykTZwU8mBF","f8rrhsZ8BOHY/EgMxIp5TM@6c48a","f9JSpV7kdPeILx+5y7ZavC@f9941","f91638CJFKv407ykZzZT4v@f9941","f95FALZi5CL5Lv0oYzF2xs@f9941","faaEvIxwNFwrLaB9D/d7v+@f9941","famsDf0BFLbZWG3JwuqhWE@f9941","fax4l/hkNLsa52EPQhPRH5@6c48a","fbh6qMYCFPg7H/ER75yQo/","fboVeF6wJLD44Eet13FxXn","fcW3dRsYJEwIVr+/aVmE1c","fcW3dRsYJEwIVr+/aVmE1c@6c48a","fcW3dRsYJEwIVr+/aVmE1c@f9941","fchYK+B4dGUIwntdGLLtxG@f9941","fco6nLiuVKobXoNu04rq3H@f9941","fc81UgSUBCMJv6SQWP3oX8@f9941","fdAbOvptZKbLQGyhcL8xqH@f9941","ffuIqPr2JI9I8dPLYGRDpD","ff4n5K0k5CTZKXBXwj8Gqu@f9941","0104183ce","0191548ae","019c16e40","01d4e0e16","021bcbb51","02OARLuw1Duq0LKDX5ExF0@6c48a","02OARLuw1Duq0LKDX5ExF0@f9941","026f1abdf","02770e6e9","028fb0094","02a76dd47","02ce19bb0","02d70d83b","02d864330","034fa391c","039f9ad70","03c53991e","03ec0d5e2","044fa438d","046990040","047d3f75b","053994f8c","058977ab0","0694b53c4","06c727311","06f96bcc9","07IG5PaX9PVaBDbdVBvhEa@f9941","076504056","07ca136cd","07ecbafb1","08c86989c","0919a32d7","09goxYmEBGeZ9E3jEG/DgB@f9941","09886d4a2","0aHq2RFGhJe7z/DrkSO1N5@f9941","0a2bc7e09","0a67d521b","0abd5a430","0adf9cdb7","0af4a38c4","0b54a1800","0b63173ff","0b74b3a2b","0be5f4593","0c99144fe","0ca966c0f","0cc30987a","0cxKfdAURDv7yhq9k+L6Tw@f9941","0d1ba0759","0d7917e0f","0d986f741","0dde0a048","0de78b130","0df67ec5b","0e18aeea4","0eO0yRr/FBzqLvk7aotfiC@f9941","0ebfaf62c","0edec2713","0f11d08d6","0f6f54abf","0fdb6552c","111fccd67@6c48a","114de5f94@6c48a","114ff35ab@6c48a","1171e9a2b@6c48a","11acc4ef5@6c48a","125e89911@6c48a","138417a2e@6c48a","13f5b7250@6c48a","16Q7zNs/REGJuj7EIjkQLD@f9941","18b41c32e@6c48a","193ac3c6b@6c48a","19VSPGJPxM1I+Kc6jc9GFY@f9941","19bef8e78@6c48a","1a807c6c3@6c48a","1a81b0de6@6c48a","1aa1bcd93@6c48a","1b191506d@6c48a","1be5f4593@6c48a","1c8c26dd1@6c48a","1co/WZrGFFeKVWVuae/Poi@f9941","1cb8435fc@6c48a","1d7e6e530@6c48a","1df2e526c@6c48a","1e5411d86@6c48a","1eYpbhdgxBVYOKHO9/yiAM@f9941","1e9c8c517@6c48a","1eadbdf4a@6c48a","1fD7YwvclCoLaCD+nu5R0A@f9941","20g1ukYUVPvKWKBRznAKo+@f9941","21fczWiipJ+4Nn+4cnH+5a@f9941","22Lmuh5X1C7Lk6FBsqc5Rl@6c48a","22Lmuh5X1C7Lk6FBsqc5Rl@f9941","24hxrkSkxPEZCul1UJpADK@f9941","2eMawkd+BAuaJTOerixHlF@f9941","31epkwggNAYqyvw3//Zwyf@6c48a","31epkwggNAYqyvw3//Zwyf@f9941","3170vwTIJHCK218reuj0dv@f9941","32tJWC0S9DLZGuH5kpbibr@f9941","330NdTw15Iu7mCMVmWWjlr@f9941","332UqbiZFESp4MjyJQkbGA@f9941","35c/v9BCJFvL7cUP4srXfc@f9941","39AmbCr2NGArh2PdP+o4NP@f9941","39uRaM79NCgajTuNlGiIDZ@6c48a","3de+8suQ5P54LYQ4dwwwCg@f9941","3en3BvYrZEWIDgX1hBEHCB@f9941","4158HSIDhEaILnniPuCSla@f9941","42LLaaMmRK3qV3C2AIWjwz@f9941","43JjZEwD9Ga5JVQcEyfjsc@6c48a","43JjZEwD9Ga5JVQcEyfjsc@f9941","434VsJQPhIw4DNfrjgTrHO@6c48a","434VsJQPhIw4DNfrjgTrHO@f9941","44G2a3y7tIOIDG2G6T7O/b@f9941","47KmA44ctAaIJnPYuc+i3g@f9941","476dKrH61CAJnO6WuO0nJA@f9941","4agV9vDDZJ06MbM4qUV36b","4asT9XdW9HRr6eog6ftjnI@6c48a","4fTf8K9D5AK6Batvn0nUGe@f9941","4fWoo8FXtJZq8PSa+IuHO4@f9941","4fg003QuBLUb6EgVjgoDJG@f9941","51a19BeOJNaIDyxPOhfBtI@6c48a","51a19BeOJNaIDyxPOhfBtI@f9941","54KLiwur9Amap2gJMEkLWO@f9941","54TknWPwVPqJqeCR+Y/Czo@f9941","54sgwCzVRLFYTLJtn0mySJ@f9941","56UMzwg6xEVKfLou1mGlRa@f9941","57Wjv7qd9H8r+X0PONEzdr@6c48a","57Wjv7qd9H8r+X0PONEzdr@f9941","59VglDuBdKT6hNXlZ3aspl","5aZZH2KGpE37CzAcBTh0iM@f9941","5bC3ENgvdIX7V1+CC+cq0I@f9941","5bSbJwUbRH3YWteoWs8Hwk@f9941","5e/30PhxFOpKYALxcdb56F@6c48a","61KTUJdppBU4DIbXn2dxqC@f9941","62n8UBKLFNf4jG1gDr6WW/@f9941","64+C00exdCHpQ/pUaaCnEC@f9941","651DPqo65CHLr2b/yETSWl","66G+P0t4ZNUrHaxuGqOJD5@f9941","6avyFaTJRLnYoqLlO+nCaV@f9941","6cPgSCsNVHFbdXyNBf+Y2p@f9941","6fyGJg0clLuKmqkbp04h/G@f9941","724OXKhzBCX5lBd/d3gP2s@f9941","7353CbBfFJVot/J0Jhb7R+@f9941","74QNuO01BGb57HYxgiDqgg@f9941","75mBQQ9cpJLpFKwhemnJK7@f9941","76s5u9acJOo73EtAsJftjf","78n66wzD1Pc7KFSxyYxPgn@f9941","79tze+QttP8Jwizs0mvxf7@f9941","7anaVqazhJsastaPUDQIvJ@f9941","7dj5uJT9FMn6OrOOx83tfK@f9941","7fXK1kjNpCi60PlTd+wjOI@6c48a","7fXK1kjNpCi60PlTd+wjOI@f9941","7f63bv+/NBrI2gKrpy5EV8@f9941","87U7uLsJtMrItEuIzWbCRD@f9941","87v/xw9otDQ741Mnp45nNs@6c48a","87v/xw9otDQ741Mnp45nNs@f9941","8berpXqJlOqJiXFoROuMCl@f9941","8f7K3l8LxOrKjEi4x80xdu@f9941","92TV9zMHNBUYnWqxQ8WrUV@6c48a","92TV9zMHNBUYnWqxQ8WrUV@f9941","93HGBDykxGyK30L02r5pEZ@6c48a","93HGBDykxGyK30L02r5pEZ@f9941","95EkngnxZFbYuFpsqVTaFr@f9941","97L71xauJNspUlyHZYu80d@f9941","97i3dNrCxLO6lE0+vmJaNJ@6c48a","97i3dNrCxLO6lE0+vmJaNJ@f9941","98MHxJQGJGioJVNJ/iiGxL@f9941","98nH6dfjdI/rzl7zeckIve@f9941","9aTD7Zu+pI8Lrkuz89ge1a@f9941","9cXF+a9xBOQYQxKETm9h75@f9941","9d/GMgG31Cjp0Arz2vSS/x@6c48a","9d/GMgG31Cjp0Arz2vSS/x@f9941","9f2QDdIhtPiY8s+6NCQ8g1@f9941","a1fhFbeMpLL48MH9ShcT8m@f9941","a39gwZOchBk7dfHk+8dB2p@f9941","a5Fai9v3JFva459+yDH4zd@6c48a","a5Fai9v3JFva459+yDH4zd@f9941","a9U6QmhDRBsJwlHLdYyav+","aatQ6pxOVIOpFuE54Mji7a@f9941","afxHkx8GZGsJC+n+YfITQo@6c48a","afxHkx8GZGsJC+n+YfITQo@f9941","b1cxaL9z5ClbWb/5fKMfNY@f9941","b3kGqVY+RNvoll1WiLF+vv@f9941","b3meWfhjJANp9JR+RpzWx0@f9941","b5NZhXUPtJuKL7eNzv/WyE@f9941","b7MFJ8MjNBwqr3fNq1j5dJ@6c48a","b7MFJ8MjNBwqr3fNq1j5dJ@f9941","b8J8UMPB9OwZLbbm6CuQRx","b8aezD+RBJmqeu06ol2Zbe@f9941","b9g91CLKRLwK5i0LjeST1Y@f9941","b90O8FJIpEEpeDnaUsR5BX@f9941","beJIRv5LZKJJJ413Ih/JK9@f9941","beyLxpxAVHFYxyuaYML1fZ@f9941","c3GzbNPndGVZNq89eOvrqE@f9941","c3UXY3fDlKM7lhVWCabUYS@f9941","c3j6NjTj9Et5TowllWf0VQ@f9941","c3pXMv4wNJdYMCZAdQTaUj@f9941","c6vJaGFDhIGYC1IkQ1x1pm@f9941","cdxn4qXHFOBbR1u1CluGOH@f9941","d1r9I1NudNCL4DrZlE3DYQ@f9941","d27zCyIGdIiZV+Jcm4xs8x@f9941","d7PYZvGhhJIplsjz/EDGNb@f9941","daJnF282dGmbKLPddLS/4m@f9941","db2hVwiDFBcp5Jh+OPOcfh@6c48a","db2hVwiDFBcp5Jh+OPOcfh@f9941","ddcLjeb7lAbK79IOSMIcny@f9941","deT/wF3cRECL6hB1mg6PtX@f9941","dfYqb8DFlE2b7SKm64T36g@f9941","e4uT78j39M2aEkr5/5HHvT@f9941","e528r5LRlI15LMHAPcuf0Q@f9941","e6HzYdUYJLB7Z5hJKqAJH6@f9941","eafYRmHFRBKoPsheqTavh1@f9941","ecs5TeeapKvp9F9u3GBa2V@f9941","efOBZey41Is45nI7rsJ99R","f53XgGsHtBi6YzjqLiznV4","f7BkaycN1N6KusU1/pbLX7@6c48a","f7BkaycN1N6KusU1/pbLX7@f9941","ffuIqPr2JI9I8dPLYGRDpD@6c48a","ffuIqPr2JI9I8dPLYGRDpD@f9941"],"paths":{"0":["signIn/resource/car/animation_thu",8],"1":["signIn/resource/car/animation_ultimate",8],"2":["shop/car/animation_title",8],"3":["signIn/resource/car/animation_sat",8],"4":["shop/resource/auto_shop",6],"5":["signIn/resource/car/animation_wed",8],"6":["signIn/resource/car/animation_tue",8],"7":["signIn/resource/car/animation_fri",8],"8":["login/resource/auto_login",6],"9":["signIn/resource/car/animation_sun",8],"10":["signIn/resource/car/animation_mon",8],"11":["withdrawal/resource/withdrawal",6],"12":["sound/winning_announcement",7],"13":["icon/olympus/small/rk_leishen_xiao3",0],"14":["icon/bandar/small/rk_bandar",3],"15":["icon/dragon/large/rk_long_da",0],"16":["spines/bangding",3],"17":["vip/resource/font/level_font_0",0],"18":["resource/panel_ad_bg3",0],"19":["icon/smallIcon/game_14",0],"20":["login/resource/MencobaLagi.png",3],"21":["shop/car/libao4",0],"22":["icon/csrukou/small/rukou_caishen_xiao",0],"23":["resource/img_hall_desk",0],"24":["personalCenter/resource/auto_person",6],"25":["shop/car/deng_1",0],"26":["shop/img_shop_bg",0],"27":["icon/leishen",0],"28":["icon/olympus/large/leishen",0],"29":["shop/font/font_gift_word_0",0],"30":["updata/resource/auto_updata",6],"31":["mail/resource/img_mail_bg",0],"32":["signIn/resource/car/qiandao_dailingqu",3],"33":["icon/fruits777/large/rk_shuiguo_da",0],"34":["icon/phoenix/small/fenghuangrk",3],"35":["icon/bandar/large/rk_bandar_da",3],"36":["vip/resource/img/bg_dt_vip",0],"37":["icon/smallIcon/auto_icon",6],"38":["resource/img_hall_bg2",0],"39":["shop/font/front_gift_1_0",0],"40":["icon/bandarQiuQiu/small/rukou_bdqiuqiu_big",3],"41":["award/main/loading",0],"42":["icon/jackpot_biaozhi",0],"43":["shop/car/libao",3],"44":["award/resource/auto_award",6],"45":["spines/shopicon",0],"46":["bank/resource/auto_bank",6],"47":["login/spine/logo",0],"48":["shop/font/font_gift_3_0",0],"49":["icon/dragonTiger/large/rk_longhu_da",3],"50":["spines/shopicon",3],"51":["icon/domino/small/domino",0],"52":["icon/olympus/large/rk_leishen3",0],"53":["icon/yxx",0],"54":["shop/font/font_gift_5_0",0],"55":["icon/phoenix/large/rk_fenghuang_da",0],"56":["shop/car/shop",9],"57":["sound/hall_game_click",7],"58":["icon/FaCai",0],"59":["img_hall_v2_bg1",0],"60":["icon/Gemini",0],"61":["icon/olympus/large/rk_leishen4",0],"62":["icon/yxx/small/yxxrk",3],"63":["icon/bandar/large/rk_bandar_da",0],"64":["login/spine/logo",3],"65":["spines/libaoicon",0],"66":["icon/egypt/large/rk_aiji_da",0],"67":["spines/eff_spine_Higgsdominoo_js",3],"68":["icon/fruits777/large/rk_shuiguo_da",3],"69":["icon/gxfc/small/gongxifacai02",0],"70":["icon/qiuqiu/large/qiuqiuda",3],"71":["icon/olympus/large/rk_leishen",3],"72":["icon/bandar",0],"73":["shop/car/libao5",0],"74":["shop/car/deng_2",0],"75":["icon/bandar/small/rk_bandar",0],"76":["icon/zhongjiangbox",3],"77":["service/resource/bg_dt_kefu_box",0],"78":["resource/panel_hall_down",0],"79":["icon/crash/large/Crash_da",3],"80":["welcome/resource/car/huanying_lihua",0],"81":["updata/bg_dt_loading",0],"82":["icon/phoenix/large/rk_fenghuang_da",3],"83":["spines/tixianicon",3],"84":["icon/qiuqiu/small/qiuqiu",3],"85":["personalCenter/resource/btn_share_copy",0],"86":["signIn/resource/auto_sigIn",6],"87":["shop/car/libao",0],"88":["icon/dragon/large/rk_long_da",3],"89":["icon/gxfc/small/gongxifacai02",3],"90":["icon/phoenix/small/fenghuangrk",0],"91":["award/resource/panel_award_bg1",0],"92":["icon/dragonTiger/small/longhurk",0],"93":["icon/domino/small/domino",3],"94":["spines/Pertama",0],"95":["icon/longhu",0],"96":["shop/car/huang",0],"97":["icon/csrukou/large/csrukou",3],"98":["spines/eff_spine_Higgsdominoo_js",0],"99":["resource/panel_ad_bg2",0],"100":["sound/hall_pop_up",7],"101":["sound/hall_error",7],"102":["icon/yxx/large/rk_yxx_da",0],"103":["service/resource/auto_service",6],"104":["activity/prefabs/resource/auto_activity",6],"105":["icon/fenghuang",0],"106":["icon/hot_jiaobiao",3],"107":["spines/bangdingicon",0],"108":["icon/bandarQiuQiu/small/rukou_bdqiuqiu_big",0],"109":["icon/dragon/small/longrk",3],"110":["icon/crash/small/Crash",0],"111":["vip/resource/font/vip_num_0",0],"112":["icon/yxx/small/yxxrk",0],"113":["vip/resource/car/vipshengji",0],"114":["icon/jackpot_biaozhi",3],"115":["icon/QiuQiu1",0],"116":["sound/hall_main_bgm",7],"117":["icon/csrukou/large/csrukou",0],"118":["icon/binaryStar/small/szj_rk",0],"119":["icon/bandarqiuqiu",0],"120":["icon/qiuqiu/small/qiuqiu",0],"121":["signIn/resource/car/qiandao_dailingqu",0],"122":["spines/bax",0],"123":["icon/olympus/small/rk_leishen_xiao2",0],"124":["icon/bandarQiuQiu/large/rukou_bdqiuqiu_big",3],"125":["welcome/resource/bg_dt_shop_box_4",0],"126":["resource/panel_ad_bg1",0],"127":["spines/liwu",3],"128":["icon/Fruit777",0],"129":["sprites/test/roller/icon",0],"130":["icon/dragon/small/longrk",0],"131":["icon/gxfc/large/rk_gxfc_da",3],"132":["img_hall_bg2",0],"133":["img_hall_bg1",0],"134":["vip/resource/car/vipshengji",3],"135":["service/resource/bg_kefu_ding",0],"136":["icon/olympus/small/rk_leishen_xiao",0],"137":["icon/yxx/large/rk_yxx_da",3],"138":["icon/long",0],"139":["icon/egypt/small/skeleton",0],"140":["icon/olympus/large/rk_leishen2",0],"141":["icon/csrukou/small/rukou_caishen_xiao",3],"142":["vip/resource/img/auto_vip",6],"143":["icon/Wealth1",0],"145":["spines/liwu",0],"146":["sound/hall_winning",7],"147":["spines/libaoicon",3],"148":["welcome/resource/car/huanying_lihua",3],"149":["sound/hall_game_loading",7],"150":["resource/auto_hall",6],"151":["spines/bangding",0],"152":["shop/car/fanye_1",3],"153":["spines/eff_spine_Higgsdominoo_dt",3],"154":["icon/egypt/small/skeleton",3],"155":["shop/car/libao3",0],"156":["icon/domino/large/rk_dmn_da",0],"157":["icon/dragonTiger/large/rk_longhu_da",0],"158":["shop/font/front_gift_4_0",0],"159":["welcome/resource/BonusBantuan",0],"160":["icon/hot_jiaobiao",0],"161":["icon/crash/small/Crash",3],"162":["icon/olympus/small/rk_leishen_xiao",3],"163":["sprites/test/roller/bg",0],"164":["login/resource/MencobaLagi.png",3],"165":["icon/fruits777/small/shuiguo",0],"166":["shop/car/libao2",0],"167":["icon/bandarQiuQiu/large/rukou_bdqiuqiu_big",0],"168":["resource/img_hall_bg1",0],"169":["icon/qiuqiu/large/qiuqiuda",0],"170":["shop/car/fanye_1",0],"171":["spines/bax",3],"173":["spines/bangdingicon",3],"174":["icon/olympus/small/rk_leishen_xiao4",0],"175":["mail/resource/auto_mail",6],"176":["icon/egypt/large/rk_aiji_da",3],"177":["icon/Egypt",0],"178":["icon/Domino1",0],"179":["img_hall_v2_bg2",0],"180":["spines/tixianicon",0],"181":["icon/crash/large/Crash_da",0],"182":["icon/Crash1",0],"183":["icon/binaryStar/small/szj_rk",3],"184":["icon/dragonTiger/small/longhurk",3],"185":["icon/fruits777/small/shuiguo",3],"186":["spines/eff_spine_Higgsdominoo_dt",0],"187":["icon/olympus/large/rk_leishen",0],"188":["icon/zhongjiangbox",0],"189":["icon/gxfc/large/rk_gxfc_da",0],"190":["icon/domino/large/rk_dmn_da",3],"191":["sound/hall_btn_click",7],"192":["icon/olympus/small/rk_leishen_xiao3/texture",1,1],"193":["shop/resource/word_shop_coin/spriteFrame",2,1],"195":["icon/dragon/large/rk_long_da/texture",1,1],"196":["personalCenter/resource/btn_share_help/spriteFrame",2,1],"197":["vip/resource/font/level_font_0/texture",1,1],"198":["vip/resource/font/level_font_0/spriteFrame",2,1],"199":["personalCenter/resource/icon_dt_xinxi_yonghu_down/spriteFrame",2,1],"200":["shop/prefabs/node_chooseBank",5],"201":["resource/btn_hall_vip/spriteFrame",2,1],"202":["personalCenter/resource/wore_share_saham/spriteFrame",2,1],"203":["shop/resource/img_shop_line/spriteFrame",2,1],"204":["personalCenter/prefabs/node_changeName_bg",5],"205":["resource/panel_ad_bg3/texture",1,1],"206":["personalCenter/resource/zi_xiugaimima/spriteFrame",2,1],"207":["icon/smallIcon/game_14/texture",1,1],"208":["login/resource/word_login_password1/spriteFrame",2,1],"209":["withdrawal/resource/word_withdrawal_metode/spriteFrame",2,1],"210":["shop/car/libao4/texture",1,1],"211":["spines/bax",4],"212":["withdrawal/resource/word_withdrawal_nomor1/spriteFrame",2,1],"213":["login/resource/btn_login_down/spriteFrame",2,1],"214":["withdrawal/resource/icon_withdrawal_va/spriteFrame",2,1],"215":["personalCenter/resource/input_person_bg1/spriteFrame",2,1],"216":["icon/smallIcon/game_10/spriteFrame",2,1],"217":["vip/resource/img/icon_dt_xinxi_vip2/spriteFrame",2,1],"218":["personalCenter/resource/word_person_ransel1/spriteFrame",2,1],"219":["withdrawal/resource/icon_withdrawal_help/spriteFrame",2,1],"220":["login/resource/btn_dt_dl_gonggao/spriteFrame",2,1],"221":["icon/csrukou/small/rukou_caishen_xiao/texture",1,1],"222":["withdrawal/resource/panel_withdrawal_bg3/spriteFrame",2,1],"223":["resource/img_hall_desk/texture",1,1],"224":["resource/img_hall_desk/spriteFrame",2,1],"225":["vip/resource/img/icon_dt_vip_dengji_5/spriteFrame",2,1],"226":["withdrawal/resource/btn_withdrawal_subtract1/spriteFrame",2,1],"227":["signIn/resource/btn_signIn_menerima/spriteFrame",2,1],"228":["personalCenter/resource/img_water_sisa/spriteFrame",2,1],"229":["shop/car/deng_1/texture",1,1],"230":["shop/car/deng_1/spriteFrame",2,1],"231":["icon/csrukou/large/csrukou",4],"232":["resource/word_hall_akun/spriteFrame",2,1],"234":["icon/smallIcon/game_5/spriteFrame",2,1],"235":["shop/img_shop_bg/texture",1,1],"236":["shop/img_shop_bg/spriteFrame",2,1],"239":["resource/sokt_close/spriteFrame",2,1],"242":["shop/resource/icon_dt_huanying/spriteFrame",2,1],"244":["icon/leishen/texture",1,1],"245":["icon/leishen/spriteFrame",2,1],"246":["personalCenter/resource/bangzhu_box/spriteFrame",2,1],"247":["icon/olympus/large/leishen/texture",1,1],"249":["shop/font/font_gift_word_0/texture",1,1],"250":["shop/font/font_gift_word_0/spriteFrame",2,1],"252":["personalCenter/resource/SandiLama/spriteFrame",2,1],"253":["login/resource/btn_login_ok1/spriteFrame",2,1],"254":["shop/resource/img_tas_icon/spriteFrame",2,1],"255":["mail/resource/img_mail_bg/texture",1,1],"256":["mail/resource/img_mail_bg/spriteFrame",2,1],"257":["shop/resource/word_shop_ovo1/spriteFrame",2,1],"258":["updata/resource/png_update_tipsBg",0],"259":["updata/resource/png_update_tipsBg/texture",1,1],"260":["updata/resource/png_update_tipsBg/spriteFrame",2,1],"261":["personalCenter/resource/icon_share/spriteFrame",2,1],"262":["shop/resource/word_shop_shopee1/spriteFrame",2,1],"263":["login/resource/btn_login_loginAkun/spriteFrame",2,1],"264":["personalCenter/resource/word_share_akting/spriteFrame",2,1],"265":["icon/fruits777/large/rk_shuiguo_da/texture",1,1],"266":["login/resource/btn_login_melayani/spriteFrame",2,1],"267":["spines/bangding",4],"268":["login/resource/word_login_setpassword/spriteFrame",2,1],"271":["personalCenter/resource/word_person_captcha/spriteFrame",2,1],"272":["vip/resource/img/icon_dt_xinxi_vip1/spriteFrame",2,1],"273":["login/bg_dt_dengluye",0],"274":["login/bg_dt_dengluye/texture",1,1],"275":["login/bg_dt_dengluye/spriteFrame",2,1],"277":["vip/resource/img/icon_dt_vip_dengji_4/spriteFrame",2,1],"278":["signIn/resource/word_signIn_diurungkan1/spriteFrame",2,1],"279":["service/resource/bg_kefu_zuo/spriteFrame",2,1],"282":["icon/bandarQiuQiu/large/rukou_bdqiuqiu_big",4],"283":["withdrawal/resource/panel_withdrawal_bg1/spriteFrame",2,1],"285":["personalCenter/resource/bg_dt_xinxi_touxianyulan/spriteFrame",2,1],"286":["spines/libaoicon",4],"287":["signIn/resource/bg_signIn_bg/spriteFrame",2,1],"289":["vip/resource/img/icon_dt_vip_dengji_8/spriteFrame",2,1],"291":["login/resource/btn_denglu_LogIn/spriteFrame",2,1],"293":["icon/olympus/large/rk_leishen",4],"295":["vip/resource/img/bg_dt_vip/texture",1,1],"296":["vip/resource/img/bg_dt_vip/spriteFrame",2,1],"297":["shop/resource/icon_shop_title3/spriteFrame",2,1],"299":["personalCenter/resource/fanshui_1/spriteFrame",2,1],"303":["icon/smallIcon/game_2/spriteFrame",2,1],"304":["shop/resource/word_shop_va1/spriteFrame",2,1],"305":["personalCenter/resource/SandiBaru/spriteFrame",2,1],"306":["icon/smallIcon/game_8/spriteFrame",2,1],"307":["personalCenter/resource/word_share_jumlah/spriteFrame",2,1],"308":["resource/img_hall_bg2/texture",1,1],"309":["login/resource/btn_login_login1/spriteFrame",2,1],"310":["icon/smallIcon/game_3/spriteFrame",2,1],"312":["login/resource/input_login/spriteFrame",2,1],"313":["resource/word_hall_pertama/spriteFrame",2,1],"314":["vip/resource/img/icon_dt_xinxi_vip4/spriteFrame",2,1],"315":["login/resource/word_login_phone/spriteFrame",2,1],"316":["shop/font/front_gift_1_0/texture",1,1],"317":["shop/font/front_gift_1_0/spriteFrame",2,1],"318":["shop/resource/word_shop_coin1/spriteFrame",2,1],"319":["personalCenter/prefabs/node_water_help",5],"320":["personalCenter/resource/titile_person_beranda/spriteFrame",2,1],"321":["award/main/loading/texture",1,1],"322":["icon/jackpot_biaozhi/texture",1,1],"323":["vip/prefabs/vipUp",5],"324":["vip/prefabs/vipMain",5],"325":["resource/btn_type_other1/spriteFrame",2,1],"326":["icon/jackpot_biaozhi",4],"327":["spines/shopicon/texture",1,1],"328":["icon/binaryStar/small/szj_rk",4],"329":["login/spine/logo/texture",1,1],"330":["service/resource/Situs Resmi/spriteFrame",2,1],"331":["updata/resource/btn_dt_huang",0],"332":["updata/resource/btn_dt_huang/texture",1,1],"333":["updata/resource/btn_dt_huang/spriteFrame",2,1],"334":["shop/font/font_gift_3_0/texture",1,1],"335":["shop/font/font_gift_3_0/spriteFrame",2,1],"336":["personalCenter/resource/word_aktingBtn_mengikat/spriteFrame",2,1],"337":["shop/resource/panel_shop_bg/spriteFrame",2,1],"338":["withdrawal/resource/icon_withdrawal_dana/spriteFrame",2,1],"339":["personalCenter/prefabs/node_share_help",5],"340":["personalCenter/resource/word_person_setting1/spriteFrame",2,1],"341":["vip/resource/img/btn_dt_vip_suoding/spriteFrame",2,1],"342":["shop/resource/input_shop_bg/spriteFrame",2,1],"343":["shop/resource/img_shop_title3/spriteFrame",2,1],"344":["shop/resource/img_shop_bg1/spriteFrame",2,1],"345":["icon/gxfc/small/gongxifacai02",4],"346":["service/resource/btn_dt_kefu_liulanqi/spriteFrame",2,1],"347":["icon/domino/small/domino/texture",1,1],"349":["icon/gxfc/large/rk_gxfc_da",4],"350":["icon/olympus/large/rk_leishen3/texture",1,1],"351":["icon/yxx/texture",1,1],"352":["icon/yxx/spriteFrame",2,1],"353":["bank/prefabs/node_bank_goin",5],"354":["resource/img_hall_kuang/spriteFrame",2,1],"355":["vip/resource/img/btn_Top-Up/spriteFrame",2,1],"356":["resource/btn_type_domino1/spriteFrame",2,1],"357":["signIn/resource/btn_signIn_menerima1/spriteFrame",2,1],"358":["personalCenter/resource/Sandi /spriteFrame",2,1],"360":["personalCenter/resource/icon_fanshui_0/spriteFrame",2,1],"361":["vip/resource/img/icon_dt_vip_dengji_2/spriteFrame",2,1],"362":["shop/font/font_gift_5_0/texture",1,1],"363":["shop/font/font_gift_5_0/spriteFrame",2,1],"364":["icon/phoenix/large/rk_fenghuang_da/texture",1,1],"365":["shop/resource/btn_shop_service/spriteFrame",2,1],"366":["shop/resource/word_shop_shopee/spriteFrame",2,1],"367":["personalCenter/resource/word_person_ubah/spriteFrame",2,1],"368":["withdrawal/resource/panel_withdrawal_line/spriteFrame",2,1],"369":["shop/resource/icon_shop_red/spriteFrame",2,1],"370":["icon/qiuqiu/large/qiuqiuda",4],"371":["login/resource/btn_dt_dl_kefu/spriteFrame",2,1],"372":["personalCenter/resource/word_person_bahasa1/spriteFrame",2,1],"373":["icon/FaCai/texture",1,1],"374":["icon/FaCai/spriteFrame",2,1],"375":["shop/resource/choose_shop_in/spriteFrame",2,1],"376":["personalCenter/resource/TingkatkanAkun/spriteFrame",2,1],"377":["img_hall_v2_bg1/texture",1,1],"378":["img_hall_v2_bg1/spriteFrame",2,1],"379":["mail/resource/img_tips_bg/spriteFrame",2,1],"380":["icon/Gemini/texture",1,1],"381":["icon/Gemini/spriteFrame",2,1],"382":["personalCenter/resource/bg_dt_xinxi_touxiangbg/spriteFrame",2,1],"383":["personalCenter/resource/icon_dt_xinxi_bag_up/spriteFrame",2,1],"384":["shop/resource/btn_shop_tolong/spriteFrame",2,1],"385":["personalCenter/resource/icon_share1/spriteFrame",2,1],"386":["resource/btn_dt_daili_fuzhi/spriteFrame",2,1],"387":["icon/olympus/large/rk_leishen4/texture",1,1],"389":["mail/resource/btn_mail_delete/spriteFrame",2,1],"390":["icon/bandar/large/rk_bandar_da/texture",1,1],"391":["personalCenter/resource/btn_dt_xinxi_touxiangxiugai/spriteFrame",2,1],"392":["personalCenter/resource/btn_dt_xinxi_fuzhi/spriteFrame",2,1],"393":["updata/resource/word_tips_title",0],"394":["updata/resource/word_tips_title/texture",1,1],"395":["updata/resource/word_tips_title/spriteFrame",2,1],"396":["personalCenter/resource/word_person_level/spriteFrame",2,1],"397":["personalCenter/resource/word_water_cucikode1/spriteFrame",2,1],"398":["login/resource/zi_denglu_yanzhengma/spriteFrame",2,1],"399":["personalCenter/resource/word_person_ransel/spriteFrame",2,1],"400":["login/resource/panel_login_k/spriteFrame",2,1],"401":["login/resource/btn_login_phone/spriteFrame",2,1],"402":["spines/libaoicon/texture",1,1],"403":["bank/resource/word_bank_title/spriteFrame",2,1],"404":["icon/smallIcon/game_9/spriteFrame",2,1],"405":["resource/zi_Pembaruan/spriteFrame",2,1],"406":["icon/egypt/large/rk_aiji_da/texture",1,1],"407":["shop/resource/xuanzhong/spriteFrame",2,1],"408":["personalCenter/resource/word_share_mengikat/spriteFrame",2,1],"409":["award/resource/panel_award_bg/spriteFrame",2,1],"410":["login/prefabs/V2/loginPage",5],"411":["personalCenter/resource/word_person_ubahNama/spriteFrame",2,1],"412":["mail/resource/btn_mail_close/spriteFrame",2,1],"413":["personalCenter/resource/bg_dt_xinxi_touxiangkuang/spriteFrame",2,1],"414":["withdrawal/resource/word_withdrawal_jumlah/spriteFrame",2,1],"415":["personalCenter/resource/word_person_phone/spriteFrame",2,1],"416":["vip/resource/img/icon_dt_vip_dengji_1/spriteFrame",2,1],"417":["personalCenter/resource/UbahKataSandi/spriteFrame",2,1],"419":["shop/resource/word_shop_tas/spriteFrame",2,1],"420":["personalCenter/resource/word_person_tentu/spriteFrame",2,1],"422":["vip/resource/img/btn_dt_vip_1/spriteFrame",2,1],"423":["spines/eff_spine_Higgsdominoo_dt",4],"424":["prefabs/baseBoard",5],"425":["vip/resource/img/title_vip/spriteFrame",2,1],"426":["mail/resource/word_mail_sender/spriteFrame",2,1],"427":["shop/resource/icon_shop_title6/spriteFrame",2,1],"428":["personalCenter/resource/icon_fanshui_1/spriteFrame",2,1],"429":["personalCenter/resource/icon_dt_xinxi_vip2/spriteFrame",2,1],"430":["shop/resource/img_shop_title1/spriteFrame",2,1],"431":["award/resource/word_award_menerimaVip/spriteFrame",2,1],"432":["personalCenter/resource/VIP/spriteFrame",2,1],"433":["personalCenter/resource/word_person_bahasa/spriteFrame",2,1],"434":["withdrawal/resource/word_withdrawal_penarikan/spriteFrame",2,1],"435":["shop/resource/img_shop_titleBg/spriteFrame",2,1],"436":["shop/resource/img_shop_title2/spriteFrame",2,1],"437":["login/resource/zi_denglu_Akun/spriteFrame",2,1],"438":["shop/resource/word_shop_tolong/spriteFrame",2,1],"439":["shop/resource/word_shop_tas1/spriteFrame",2,1],"441":["shop/resource/word_shop_va/spriteFrame",2,1],"442":["personalCenter/resource/word_person_bgm/spriteFrame",2,1],"443":["personalCenter/resource/img_water_jumlah/spriteFrame",2,1],"444":["withdrawal/resource/icon_withdrawal_qris/spriteFrame",2,1],"445":["icon/gxfc/small/gongxifacai02/texture",1,1],"446":["award/resource/word_awardVip_title/spriteFrame",2,1],"447":["resource/btn_hall_head/spriteFrame",2,1],"448":["shop/font/front_gift_1",10],"450":["withdrawal/resource/word_withdrawal_rekening1/spriteFrame",2,1],"451":["icon/bandar/texture",1,1],"452":["icon/bandar/spriteFrame",2,1],"453":["shop/car/libao5/texture",1,1],"454":["personalCenter/resource/icon_dt_xinxi_vip4/spriteFrame",2,1],"455":["shop/car/deng_2/texture",1,1],"456":["shop/car/deng_2/spriteFrame",2,1],"457":["shop/resource/num_shop_num_0/spriteFrame",2,1],"458":["bank/resource/word_bank_sandi/spriteFrame",2,1],"459":["withdrawal/resource/word_withdrawal_kirim/spriteFrame",2,1],"460":["resource/Download/spriteFrame",2,1],"461":["activity/resource/spr_aktivitas_title/spriteFrame",2,1],"462":["login/resource/panel_login_bg/spriteFrame",2,1],"463":["shop/font/font_gift_5",10],"464":["login/resource/word_login_login/spriteFrame",2,1],"465":["vip/resource/img/icon_dt_vip_dengji_7/spriteFrame",2,1],"466":["icon/bandar/small/rk_bandar/texture",1,1],"468":["spines/tixianicon",4],"469":["updata/resource/icon_dt_loading_0",0],"470":["updata/resource/icon_dt_loading_0/texture",1,1],"471":["updata/resource/icon_dt_loading_0/spriteFrame",2,1],"472":["personalCenter/prefabs/node_account_changePassword",5],"473":["shop/font/font_gift_3",10],"474":["vip/resource/font/level_font",10],"475":["shop/resource/icon_shop_title5/spriteFrame",2,1],"476":["withdrawal/resource/btn_withdrawal_add1/spriteFrame",2,1],"477":["service/resource/bg_dt_kefu_box/texture",1,1],"478":["service/resource/bg_dt_kefu_box/spriteFrame",2,1],"479":["resource/panel_hall_down/texture",1,1],"480":["resource/panel_hall_down/spriteFrame",2,1],"482":["resource/bg_rukou_vipbg/spriteFrame",2,1],"483":["shop/font/font_gift_word",10],"484":["shop/resource/img_tas_cutdown/spriteFrame",2,1],"485":["personalCenter/prefabs/node_prefabs_bindPhone",5],"486":["shop/resource/img_shop_title5/spriteFrame",2,1],"487":["personalCenter/resource/img_share_bg/spriteFrame",2,1],"488":["personalCenter/resource/input_person_bg/spriteFrame",2,1],"489":["service/prefabs/prefabs_service",5],"490":["login/resource/title_login_password/spriteFrame",2,1],"491":["award/resource/panel_award_bg2/spriteFrame",2,1],"492":["vip/resource/car/vipshengji",4],"493":["mail/resource/btn_mail_receive/spriteFrame",2,1],"494":["icon/bandar/large/rk_bandar_da",4],"495":["shop/resource/word_shop_qris/spriteFrame",2,1],"496":["login/prefabs/loginSetPassword",5],"497":["login/prefabs/node_login_setPassword",5],"498":["login/resource/btn_login_tamu/spriteFrame",2,1],"499":["login/resource/MencobaLagi/spriteFrame",2,1],"500":["personalCenter/resource/word_share_hadiah/spriteFrame",2,1],"501":["shop/resource/btn_gift/spriteFrame",2,1],"502":["shop/resource/img_shop_title4/spriteFrame",2,1],"503":["withdrawal/prefabs/node_withdrawal",5],"504":["welcome/resource/car/huanying_lihua/texture",1,1],"505":["shop/prefabs/node_tas",5],"507":["shop/resource/word_shop_dana/spriteFrame",2,1],"508":["icon/domino/small/domino",4],"509":["shop/resource/icon_shop_title4/spriteFrame",2,1],"510":["updata/bg_dt_loading/texture",1,1],"511":["resource/panel_hall_head/spriteFrame",2,1],"512":["personalCenter/resource/icon_dt_beibao_wu/spriteFrame",2,1],"513":["shop/resource/zi_Rp/spriteFrame",2,1],"514":["personalCenter/resource/btn_share_copy/texture",1,1],"515":["shop/car/libao/texture",1,1],"516":["award/resource/word_award_title/spriteFrame",2,1],"517":["withdrawal/resource/btn_withdrawal_catatan/spriteFrame",2,1],"518":["shop/prefabs/node_shop",5],"519":["icon/dragon/large/rk_long_da",4],"520":["personalCenter/resource/word_person_bindphone1/spriteFrame",2,1],"521":["withdrawal/prefabs/node_withdrawal_catatan",5],"522":["withdrawal/prefabs/node_withdrawal_tips",5],"523":["withdrawal/resource/btn_withdrawal_subtract/spriteFrame",2,1],"524":["icon/phoenix/small/fenghuangrk/texture",1,1],"525":["award/resource/panel_award_bg1/texture",1,1],"526":["award/resource/panel_award_bg1/spriteFrame",2,1],"527":["icon/dragonTiger/small/longhurk/texture",1,1],"528":["welcome/resource/car/huanying_lihua",4],"529":["icon/yxx/large/rk_yxx_da",4],"530":["spines/Pertama/texture",1,1],"531":["spines/Pertama/spriteFrame",2,1],"532":["icon/qiuqiu/small/qiuqiu",4],"533":["shop/car/fanye_1",4],"534":["personalCenter/resource/word_person_informasl/spriteFrame",2,1],"535":["icon/longhu/texture",1,1],"536":["icon/longhu/spriteFrame",2,1],"537":["login/resource/yanzhengmabox/spriteFrame",2,1],"538":["shop/car/huang/texture",1,1],"539":["shop/car/huang/spriteFrame",2,1],"540":["spines/eff_spine_Higgsdominoo_js/texture",1,1],"541":["resource/panel_ad_bg2/texture",1,1],"542":["resource/word_hall_promosi/spriteFrame",2,1],"543":["award/resource/bg_award_box4/spriteFrame",2,1],"544":["updata/resource/btn_dt_off/spriteFrame",2,1],"545":["shop/resource/pro_shop_bg/spriteFrame",2,1],"546":["withdrawal/resource/icon_withdrawal_shopee/spriteFrame",2,1],"547":["icon/yxx/large/rk_yxx_da/texture",1,1],"548":["service/resource/icon_kefu_liulanqi/spriteFrame",2,1],"549":["shop/resource/icon_shop_title1/spriteFrame",2,1],"550":["activity/resource/btn_aktivitas_2/spriteFrame",2,1],"551":["updata/resource/btn_dt_lv",0],"552":["updata/resource/btn_dt_lv/texture",1,1],"553":["updata/resource/btn_dt_lv/spriteFrame",2,1],"554":["shop/resource/icon_shop_title2/spriteFrame",2,1],"555":["bank/resource/word_bank_sandiBank/spriteFrame",2,1],"556":["personalCenter/resource/icon_dt_xinxi_dengji/spriteFrame",2,1],"557":["vip/resource/img/icon_dt_vip_dengji_6/spriteFrame",2,1],"558":["icon/fenghuang/texture",1,1],"559":["icon/fenghuang/spriteFrame",2,1],"560":["spines/bangdingicon/texture",1,1],"561":["icon/bandarQiuQiu/small/rukou_bdqiuqiu_big/texture",1,1],"562":["personalCenter/resource/word_person_switch/spriteFrame",2,1],"563":["personalCenter/resource/icon_dt_xinxi_vip5/spriteFrame",2,1],"564":["icon/crash/small/Crash/texture",1,1],"565":["vip/resource/font/vip_num_0/texture",1,1],"566":["vip/resource/font/vip_num_0/spriteFrame",2,1],"567":["shop/resource/icon_shop_green/spriteFrame",2,1],"568":["mail/resource/img_bg/spriteFrame",2,1],"569":["prefabs/mainPanel",5],"570":["icon/bandarQiuQiu/small/rukou_bdqiuqiu_big",4],"571":["signIn/prefabs/hallSignIn",5],"572":["icon/yxx/small/yxxrk/texture",1,1],"573":["login/resource/btn_wangjimima /spriteFrame",2,1],"574":["bank/resource/word_bank_saldo/spriteFrame",2,1],"575":["vip/resource/img/btn_dt_off/spriteFrame",2,1],"576":["withdrawal/resource/word_withdrawal_rekening/spriteFrame",2,1],"577":["vip/resource/car/vipshengji/texture",1,1],"578":["shop/resource/btn_shop_leftIn/spriteFrame",2,1],"580":["prefabs/subGameGate",5],"581":["service/resource/btn_dt_kehu_fanhui/spriteFrame",2,1],"582":["personalCenter/resource/btn_dt_xinxi_xiugai/spriteFrame",2,1],"583":["icon/QiuQiu1/texture",1,1],"584":["icon/QiuQiu1/spriteFrame",2,1],"585":["bank/resource/word_bank_setor/spriteFrame",2,1],"586":["vip/resource/img/btn_dt_vip_0/spriteFrame",2,1],"587":["personalCenter/resource/img_water_wan/spriteFrame",2,1],"588":["icon/crash/small/Crash",4],"589":["bank/resource/word_bank_meng/spriteFrame",2,1],"590":["personalCenter/resource/KonfirmasiSandi/spriteFrame",2,1],"591":["login/resource/title_denlgu_AkunMasuk/spriteFrame",2,1],"592":["icon/csrukou/large/csrukou/texture",1,1],"593":["icon/binaryStar/small/szj_rk/texture",1,1],"594":["login/prefabs/loginPage",5],"595":["icon/csrukou/small/rukou_caishen_xiao",4],"596":["updata/resource/icon_dt_loading_2",0],"597":["updata/resource/icon_dt_loading_2/texture",1,1],"598":["updata/resource/icon_dt_loading_2/spriteFrame",2,1],"599":["personalCenter/resource/word_person_music/spriteFrame",2,1],"601":["icon/dragonTiger/large/rk_longhu_da",4],"602":["icon/bandarqiuqiu/texture",1,1],"603":["vip/resource/img/icon_dt_vip_dengji_box/spriteFrame",2,1],"604":["icon/qiuqiu/small/qiuqiu/texture",1,1],"605":["welcome/prefabs/benefit",5],"606":["signIn/resource/car/qiandao_dailingqu/texture",1,1],"607":["spines/bax/texture",1,1],"608":["icon/olympus/small/rk_leishen_xiao2/texture",1,1],"609":["resource/btn_type_all2/spriteFrame",2,1],"610":["welcome/resource/bg_dt_shop_box_4/texture",1,1],"611":["welcome/resource/bg_dt_shop_box_4/spriteFrame",2,1],"612":["vip/prefabs/node_vip_main",5],"613":["withdrawal/resource/btn_withdrawal_ikat1/spriteFrame",2,1],"614":["login/spine/logo",4],"615":["withdrawal/resource/word_withdrawal_biaya/spriteFrame",2,1],"616":["bank/resource/word_bank_login/spriteFrame",2,1],"617":["service/resource/btn_bet_deer/spriteFrame",2,1],"618":["icon/smallIcon/game_11/spriteFrame",2,1],"619":["personalCenter/prefabs/node_account_upgrade",5],"620":["login/resource/btn_login_up/spriteFrame",2,1],"621":["resource/sokt_retry/spriteFrame",2,1],"622":["personalCenter/resource/word_share_kode/spriteFrame",2,1],"623":["resource/panel_ad_bg1/texture",1,1],"624":["shop/font/front_gift_4",10],"625":["personalCenter/resource/btn_share_mengi/spriteFrame",2,1],"627":["activity/prefabs/resource/spr_aktivitas_title/spriteFrame",2,1],"628":["icon/phoenix/large/rk_fenghuang_da",4],"630":["icon/fruits777/large/rk_shuiguo_da",4],"631":["icon/Fruit777/texture",1,1],"632":["icon/Fruit777/spriteFrame",2,1],"633":["withdrawal/resource/icon_withdrawal_linkaji/spriteFrame",2,1],"634":["withdrawal/resource/panel_withdrawal_bg4/spriteFrame",2,1],"635":["sprites/test/roller/icon/texture",1,1],"636":["sprites/test/roller/icon/spriteFrame",2,1],"637":["personalCenter/resource/word_person_profil/spriteFrame",2,1],"638":["personalCenter/resource/word_person_logout/spriteFrame",2,1],"639":["login/resource/btn_login_service/spriteFrame",2,1],"640":["icon/dragon/small/longrk/texture",1,1],"641":["login/resource/btn_login_setpassword/spriteFrame",2,1],"642":["login/resource/zi_denglu_querenmima/spriteFrame",2,1],"643":["shop/resource/icon_shop_bule/spriteFrame",2,1],"645":["shop/resource/img_shop_bg2/spriteFrame",2,1],"646":["login/resource/zi_denglu_Sandi/spriteFrame",2,1],"648":["shop/resource/btn_shop_null/spriteFrame",2,1],"649":["img_hall_bg2/texture",1,1],"650":["img_hall_bg2/spriteFrame",2,1],"651":["login/prefabs/loginDialog",5],"652":["shop/resource/icon_jinbi/spriteFrame",2,1],"653":["img_hall_bg1/texture",1,1],"654":["img_hall_bg1/spriteFrame",2,1],"655":["withdrawal/resource/word_withdrawal_namaS/spriteFrame",2,1],"656":["resource/btn_hall_toko/spriteFrame",2,1],"657":["bank/resource/btn_bank_off/spriteFrame",2,1],"658":["vip/resource/img/icon_dt_vip_dengji_9/spriteFrame",2,1],"659":["award/resource/bg_award_box1/spriteFrame",2,1],"660":["service/resource/bg_kefu_ding/texture",1,1],"661":["service/resource/bg_kefu_ding/spriteFrame",2,1],"662":["withdrawal/prefabs/node_withdrawal_metode",5],"663":["award/prefabs/node_award_level",5],"664":["personalCenter/resource/word_person_profil1/spriteFrame",2,1],"665":["signIn/resource/word_signIn_diurungkan/spriteFrame",2,1],"666":["spines/eff_spine_Higgsdominoo_js",4],"667":["icon/phoenix/small/fenghuangrk",4],"668":["icon/olympus/small/rk_leishen_xiao/texture",1,1],"670":["mail/resource/icon_mail_item/spriteFrame",2,1],"671":["withdrawal/resource/btn_withdrawal_max1/spriteFrame",2,1],"672":["icon/smallIcon/game_12/spriteFrame",2,1],"673":["login/resource/word_login_mind/spriteFrame",2,1],"674":["personalCenter/resource/word_person_setting/spriteFrame",2,1],"675":["welcome/prefabs/welcome",5],"676":["personalCenter/resource/icon_dt_xinxi_yinyue/spriteFrame",2,1],"677":["login/resource/title_login_phone/spriteFrame",2,1],"678":["shop/resource/icon_free/spriteFrame",2,1],"679":["icon/long/texture",1,1],"680":["icon/long/spriteFrame",2,1],"681":["login/resource/btn_dt_dl_xuanzhong/spriteFrame",2,1],"682":["spines/shopicon",4],"683":["icon/egypt/small/skeleton/texture",1,1],"684":["icon/olympus/large/rk_leishen2/texture",1,1],"685":["mail/resource/icon_mail_new/spriteFrame",2,1],"687":["withdrawal/resource/btn_withdrawal_hui/spriteFrame",2,1],"688":["login/resource/bg_dt_yanzhengmabox/spriteFrame",2,1],"689":["withdrawal/resource/word_withdrawal_nomor/spriteFrame",2,1],"690":["icon/Wealth1/texture",1,1],"691":["icon/Wealth1/spriteFrame",2,1],"692":["personalCenter/resource/bg_dt_fanshuibeijing/spriteFrame",2,1],"693":["resource/download_jindu/spriteFrame",2,1],"694":["shop/resource/pro_shop_in/spriteFrame",2,1],"695":["withdrawal/prefabs/node_withdrawal_nformasi",5],"696":["icon/zhongjiangbox",4],"697":["personalCenter/resource/btn_dt_xinxi_shang/spriteFrame",2,1],"698":["resource/panel_type_bg/spriteFrame",2,1],"699":["shop/car/libao",4],"700":["resource/btn_hall_harian/spriteFrame",2,1],"701":["vip/resource/img/bg_dt_vip_jindu_di/spriteFrame",2,1],"702":["spines/liwu/texture",1,1],"703":["login/prefabs/V2/loginAkunLogin",5],"704":["resource/icon_undownLoad/spriteFrame",2,1],"705":["login/resource/login_icon/spriteFrame",2,1],"706":["withdrawal/resource/btn_withdrawal_ikat/spriteFrame",2,1],"707":["icon/bandar/small/rk_bandar",4],"709":["personalCenter/resource/btn_dt_xinxi_xia/spriteFrame",2,1],"710":["activity/prefabs/resource/btn_aktivitas_1/spriteFrame",2,1],"711":["bank/prefabs/node_bank",5],"712":["login/resource/lgoin_close/spriteFrame",2,1],"714":["vip/resource/img/Gaji seumur hidup_ Menjadi VIP dan menerima uang seumur hidip/spriteFrame",2,1],"715":["shop/resource/word_shop_dana1/spriteFrame",2,1],"716":["mail/resource/img_bg1/spriteFrame",2,1],"717":["activity/resource/btn_aktivitas_1/spriteFrame",2,1],"719":["resource/img_hall_ad/spriteFrame",2,1],"720":["bank/resource/panel_input_bg1/spriteFrame",2,1],"721":["vip/resource/img/bg_dt_vip_iconbox/spriteFrame",2,1],"722":["spines/bangding/texture",1,1],"723":["resource/btn_type_slots2/spriteFrame",2,1],"724":["shop/resource/word_shop_linkaja1/spriteFrame",2,1],"725":["personalCenter/resource/word_share_rekor/spriteFrame",2,1],"726":["icon/smallIcon/btn_lijiqianwang/spriteFrame",2,1],"727":["vip/resource/img/icon_dt_xinxi_vip3/spriteFrame",2,1],"728":["icon/yxx/small/yxxrk",4],"729":["service/resource/icon_kefu_guanwnag/spriteFrame",2,1],"730":["spines/bangdingicon",4],"731":["personalCenter/resource/zi_KODEHADIAH/spriteFrame",2,1],"732":["personalCenter/resource/word_person_vibration/spriteFrame",2,1],"733":["prefabs/winningCar",5],"734":["updata/resource/icon_dt_loading_1",0],"735":["updata/resource/icon_dt_loading_1/texture",1,1],"736":["updata/resource/icon_dt_loading_1/spriteFrame",2,1],"737":["personalCenter/resource/icon_dt_xinxi_vip3/spriteFrame",2,1],"738":["login/resource/bin_dt_dl_weixuan/spriteFrame",2,1],"739":["withdrawal/resource/word_withdrawal_rekeningP/spriteFrame",2,1],"740":["shop/resource/img_shop_title6/spriteFrame",2,1],"741":["login/resource/word_login_password/spriteFrame",2,1],"742":["mail/resource/word_mail_delete/spriteFrame",2,1],"743":["shop/car/libao3/texture",1,1],"744":["icon/egypt/small/skeleton",4],"745":["icon/domino/large/rk_dmn_da/texture",1,1],"746":["icon/smallIcon/game_6/spriteFrame",2,1],"747":["login/resource/title_denlgu_zhuce/spriteFrame",2,1],"748":["personalCenter/resource/icon_dt_xinxi_vip1/spriteFrame",2,1],"749":["icon/dragonTiger/large/rk_longhu_da/texture",1,1],"750":["withdrawal/resource/word_withdrawal_tentukan1/spriteFrame",2,1],"751":["shop/font/front_gift_4_0/texture",1,1],"752":["shop/font/front_gift_4_0/spriteFrame",2,1],"753":["welcome/resource/BonusBantuan/texture",1,1],"754":["welcome/resource/BonusBantuan/spriteFrame",2,1],"755":["icon/hot_jiaobiao/texture",1,1],"756":["icon/hot_jiaobiao",4],"757":["login/resource/btn_login_ok/spriteFrame",2,1],"758":["personalCenter/resource/btn_dt_hui/spriteFrame",2,1],"759":["resource/btn_type_domino2/spriteFrame",2,1],"760":["personalCenter/resource/word_person_bindphone/spriteFrame",2,1],"761":["icon/crash/large/Crash_da",4],"762":["shop/resource/btn_title_of/spriteFrame",2,1],"763":["withdrawal/resource/btn_withdrawal_max/spriteFrame",2,1],"764":["resource/btn_hall_inbox/spriteFrame",2,1],"765":["personalCenter/prefabs/node_share_sure",5],"766":["personalCenter/resource/word_share_ekstrak/spriteFrame",2,1],"767":["resource/img_hall_ad2/spriteFrame",2,1],"768":["updata/resource/word_tips_cancel",0],"769":["updata/resource/word_tips_cancel/texture",1,1],"770":["updata/resource/word_tips_cancel/spriteFrame",2,1],"771":["personalCenter/resource/word_person_sound/spriteFrame",2,1],"772":["bank/resource/btn_bank_in/spriteFrame",2,1],"773":["service/resource/bg_kefu_you/spriteFrame",2,1],"775":["icon/olympus/small/rk_leishen_xiao",4],"776":["shop/resource/weixuan/spriteFrame",2,1],"777":["withdrawal/resource/word_withdrawal_catatan/spriteFrame",2,1],"778":["personalCenter/resource/fanshui_0/spriteFrame",2,1],"779":["sprites/test/roller/bg/texture",1,1],"780":["sprites/test/roller/bg/spriteFrame",2,1],"781":["shop/prefabs/node_coin",5],"782":["shop/resource/word_shop_pergi/spriteFrame",2,1],"783":["login/resource/btn_login_send/spriteFrame",2,1],"784":["login/resource/btn_login_situs/spriteFrame",2,1],"785":["icon/smallIcon/game_7/spriteFrame",2,1],"786":["shop/resource/shanchuxian/spriteFrame",2,1],"787":["personalCenter/resource/Akun /spriteFrame",2,1],"788":["resource/icon_gold/spriteFrame",2,1],"789":["resource/btn_hall_renwu/spriteFrame",2,1],"790":["icon/fruits777/small/shuiguo/texture",1,1],"791":["icon/fruits777/small/shuiguo/spriteFrame",2,1],"792":["login/resource/btn_denglu_OK/spriteFrame",2,1],"793":["mail/resource/word_mail_delete1/spriteFrame",2,1],"794":["shop/car/libao2/texture",1,1],"795":["resource/btn_type_other2/spriteFrame",2,1],"796":["login/resource/panel_login_remind/spriteFrame",2,1],"797":["resource/download_icon/spriteFrame",2,1],"798":["icon/bandarQiuQiu/large/rukou_bdqiuqiu_big/texture",1,1],"799":["withdrawal/resource/btn_withdrawal_add/spriteFrame",2,1],"800":["service/resource/bg_dt_kefu_di/spriteFrame",2,1],"801":["withdrawal/resource/word_withdrawal_nama/spriteFrame",2,1],"802":["icon/domino/large/rk_dmn_da",4],"803":["activity/prefabs/node_aktivitas",5],"804":["bank/resource/icon_bank_gold/spriteFrame",2,1],"805":["resource/img_hall_bg1/texture",1,1],"806":["resource/img_hall_bg1/spriteFrame",2,1],"807":["withdrawal/resource/panel_withdrawal_bg2/spriteFrame",2,1],"808":["personalCenter/resource/word_share_instruksi/spriteFrame",2,1],"809":["login/resource/btn_denglu_DaftarAkun/spriteFrame",2,1],"810":["service/resource/bg_kefu_zuobox/spriteFrame",2,1],"811":["vip/resource/img/bg_dt_vip_zhezhao/spriteFrame",2,1],"812":["vip/resource/img/icon_dt_vip_dengji_10/spriteFrame",2,1],"813":["bank/prefabs/node_bank_set",5],"814":["mail/resource/word_mail_mail/spriteFrame",2,1],"815":["personalCenter/resource/word_person_informasi/spriteFrame",2,1],"816":["icon/qiuqiu/large/qiuqiuda/texture",1,1],"817":["login/resource/btn_login_login/spriteFrame",2,1],"818":["shop/car/fanye_1/texture",1,1],"819":["personalCenter/resource/icon_dt_xinxi_libao/spriteFrame",2,1],"820":["vip/resource/img/icon_dt_vip_dengji_0/spriteFrame",2,1],"821":["personalCenter/resource/icon_dt_xinxi_xinxiao/spriteFrame",2,1],"823":["personalCenter/resource/word_person_batal/spriteFrame",2,1],"824":["personalCenter/resource/btn_fenxiang/spriteFrame",2,1],"825":["personalCenter/resource/word_water_rasioBonus/spriteFrame",2,1],"826":["withdrawal/resource/word_withdrawal_tentukan/spriteFrame",2,1],"827":["resource/btn_type_all1/spriteFrame",2,1],"828":["personalCenter/resource/word_share_akting1/spriteFrame",2,1],"829":["icon/fruits777/small/shuiguo",4],"830":["spines/liwu",4],"831":["vip/resource/img/icon_dt_xinxi_vip5/spriteFrame",2,1],"832":["login/resource/btn_login_common/spriteFrame",2,1],"833":["vip/resource/img/icon_dt_vip_weizhi/spriteFrame",2,1],"834":["login/prefabs/V2/loginRegister",5],"835":["icon/olympus/small/rk_leishen_xiao4/texture",1,1],"836":["withdrawal/resource/icon_withdrawal_warning/spriteFrame",2,1],"837":["vip/resource/img/bg_dt_vip_jindu_tiao/spriteFrame",2,1],"838":["withdrawal/resource/icon_withdrawal_ovo/spriteFrame",2,1],"839":["personalCenter/resource/icon_dt_xinxi_yonghu_up/spriteFrame",2,1],"840":["icon/dragon/small/longrk",4],"841":["icon/Egypt/texture",1,1],"842":["icon/Egypt/spriteFrame",2,1],"843":["personalCenter/prefabs/pcMainPanel",5],"844":["icon/Domino1/texture",1,1],"845":["icon/Domino1/spriteFrame",2,1],"846":["bank/resource/word_bank_mengoper/spriteFrame",2,1],"847":["mail/prefabs/node_mail",5],"848":["resource/btn_type_slots1/spriteFrame",2,1],"849":["shop/resource/word_shop_qris1/spriteFrame",2,1],"850":["icon/smallIcon/game_13/spriteFrame",2,1],"851":["vip/resource/img/icon_dt_vip_dengji_3/spriteFrame",2,1],"852":["signIn/resource/car/qiandao_dailingqu",4],"853":["bank/resource/word_bank_tettap/spriteFrame",2,1],"855":["resource/btn_hall_bank/spriteFrame",2,1],"856":["award/resource/word_award_dian/spriteFrame",2,1],"857":["activity/prefabs/resource/btn_aktivitas_2/spriteFrame",2,1],"858":["service/resource/bg_kefu_fengexian /spriteFrame",2,1],"859":["personalCenter/resource/word_water_cuci/spriteFrame",2,1],"860":["personalCenter/resource/word_share_pemberi/spriteFrame",2,1],"861":["img_hall_v2_bg2/texture",1,1],"862":["img_hall_v2_bg2/spriteFrame",2,1],"863":["login/resource/word_login_phone1/spriteFrame",2,1],"864":["award/resource/word_award_menerima/spriteFrame",2,1],"865":["spines/tixianicon/texture",1,1],"866":["bank/resource/word_bank_sandiMasuk/spriteFrame",2,1],"867":["signIn/resource/VIPjiangli/spriteFrame",2,1],"868":["resource/btn_hall_service/spriteFrame",2,1],"869":["vip/resource/img/zi_dt_vip_Levelku/spriteFrame",2,1],"870":["icon/crash/large/Crash_da/texture",1,1],"871":["personalCenter/resource/icon_dt_xinxi_bag_down/spriteFrame",2,1],"872":["shop/resource/word_shop_linkaja/spriteFrame",2,1],"873":["award/resource/bg_award_box2/spriteFrame",2,1],"874":["icon/Crash1/texture",1,1],"875":["icon/Crash1/spriteFrame",2,1],"876":["personalCenter/resource/word_water_koin/spriteFrame",2,1],"877":["icon/dragonTiger/small/longhurk",4],"878":["shop/resource/title_dt_chongzhixuanze/spriteFrame",2,1],"880":["shop/resource/btn_title_in/spriteFrame",2,1],"881":["shop/resource/word_shop_ovo/spriteFrame",2,1],"882":["resource/btn_hall_bag/spriteFrame",2,1],"883":["prefabs/loaderPanel",5],"884":["updata/hotUpdate",5],"886":["award/resource/bg_award_box5/spriteFrame",2,1],"887":["mail/resource/img_mail_null/spriteFrame",2,1],"888":["personalCenter/resource/icon_peson_phone/spriteFrame",2,1],"889":["spines/eff_spine_Higgsdominoo_dt/texture",1,1],"890":["bank/resource/panel_input_bg/spriteFrame",2,1],"891":["icon/olympus/large/rk_leishen/texture",1,1],"892":["withdrawal/prefabs/node_withdrawal_rekening",5],"893":["icon/zhongjiangbox/texture",1,1],"894":["personalCenter/resource/img_water_skalaSaat/spriteFrame",2,1],"895":["award/resource/bg_award_box3/spriteFrame",2,1],"896":["personalCenter/resource/word_akting_pemberi/spriteFrame",2,1],"897":["icon/smallIcon/game_4/spriteFrame",2,1],"898":["withdrawal/resource/btn_withdrawal_ikatRed/spriteFrame",2,1],"899":["icon/gxfc/large/rk_gxfc_da/texture",1,1],"900":["icon/egypt/large/rk_aiji_da",4],"901":["vip/resource/font/vip_num",10],"902":["updata/resource/word_tips_ok",0],"903":["updata/resource/word_tips_ok/texture",1,1],"904":["updata/resource/word_tips_ok/spriteFrame",2,1],"905":["service/resource/Peramban Terbuka/spriteFrame",2,1],"906":["login/resource/word_login_captcha/spriteFrame",2,1],"907":["service/resource/bg_kefu_youbeijing/spriteFrame",2,1],"908":["login/resource/bg_denglu_box/spriteFrame",2,1],"910":["bank/resource/word_bank_akun/spriteFrame",2,1]},"scenes":{},"packs":{"0104183ce":["980","999","1011","1018","1025","1035","1042","1045","1058","1059","1063","1085","1095","1102","1116","854","1123"],"0191548ae":["236","1039","518","1076"],"019c16e40":["221","223","192","986","985","988","989","990","992","993","295","994","997","995","998","347","350","351","390","402","406","1027","445","451","453","455","504","1043","530","535","538","540","541","572","577","1061","606","608","607","610","660","210","668","1081","976","247","249","979","255","265","981","984","308","316","327","364","377","380","1014","1021","477","205","514","515","524","527","558","565","583","593","1065","604","623","635","229","972","973","974","977","244","982","1002","334","1006","466","1031","1037","207","564","602","1069","1071","631","1075","649","975","322","479","510","547","653","235","362","560","561","592","978","916","387","525","640","195","197","321","329","373","1019","683","684","1086","690","679","702","1090","722","1096","743","751","755","745","749","753","779","798","816","790","805","794","818","1114","835","841","844","861","865","870","889","893","874","891","1126","899","1128"],"01d4e0e16":["208","253","291","309","315","437","462","464","591","646","741","747","757","8","792","796","863","906","908"],"021bcbb51":["1022","528","675","1124"],"026f1abdf":["24","472"],"02770e6e9":["256","175","847"],"028fb0094":["200","4"],"02a76dd47":["937","958","996","1001","1004","1009","1012","1013","1023","1028","1029","1049","1057","1078","1079","1080","144","1104","1108","1109","1111","1113","1117","1118","1119"],"02ce19bb0":["250","483"],"02d70d83b":["201","232","239","313","325","354","356","386","405","447","460","482","511","542","609","621","656","693","698","700","704","150","719","723","759","764","767","788","789","795","797","827","848","855","868","882"],"02d864330":["227","278","287","357","86","665","867"],"034fa391c":["104","627","710","857"],"039f9ad70":["279","330","346","548","103","581","617","729","773","800","810","858","905","907"],"03c53991e":["44","526","663"],"03ec0d5e2":["198","296","474","566","612","901"],"044fa438d":["505","533","699"],"046990040":["983","1017","644","1099","1103","1105","1120"],"047d3f75b":["44","409","431","446","491","516","543","659","856","864","873","886","895"],"053994f8c":["605","611","754"],"058977ab0":["230","456"],"0694b53c4":["1070","144","879","883"],"06c727311":["216","234","303","37","306","310","404","618","672","726","746","785","850","897"],"06f96bcc9":["86","571","644","852"],"076504056":["363","463"],"07ca136cd":["56","539"],"07ecbafb1":["365","366","407","419","4","439","486","495","652","694","724","776","872","881"],"08c86989c":["1015","1030","1033","1041","1050","1064","1068","1089","713","1106","1112"],"0919a32d7":["379","389","412","426","493","568","670","685","716","742","793","814","175","887"],"09886d4a2":["46","353","711","8","813"],"0a2bc7e09":["624","752"],"0a67d521b":["22","23","13","281","280","284","288","290","292","294","36","298","301","300","302","51","52","53","63","65","66","440","69","72","73","74","80","506","94","95","96","98","99","112","113","579","121","123","122","125","135","21","136","669","241","28","29","251","31","33","269","276","38","39","45","55","59","60","388","421","77","18","85","87","90","92","105","111","115","118","600","120","126","129","25","233","237","238","243","27","270","311","48","359","75","467","481","19","110","119","626","629","128","647","132","240","42","78","81","102","133","26","54","107","108","117","248","194","61","91","130","15","17","41","47","58","418","139","140","686","143","138","145","708","151","718","155","158","160","156","157","159","163","167","169","165","168","166","170","822","174","177","178","179","180","181","186","188","182","187","885","189","909"],"0abd5a430":["104","803","1127"],"0adf9cdb7":["348","1020","619"],"0af4a38c4":["323","492"],"0b54a1800":["335","473"],"0b63173ff":["11","503"],"0b74b3a2b":["46","403","458","555","574","585","589","616","657","720","772","804","846","853","866","890","910"],"0be5f4593":["461","550","717"],"0c99144fe":["193","203","242","254","257","262","297","304","318","337","342","343","344","369","375","384","4","427","430","435","436","438","441","457","475","484","501","502","507","509","513","545","549","554","567","578","643","645","648","678","715","740","762","782","786","849","878","880"],"0ca966c0f":["37","696","733"],"0cc30987a":["196","199","202","206","215","218","24","228","246","252","261","264","271","285","299","305","307","320","336","340","358","360","367","372","376","382","383","385","391","392","396","397","399","408","411","413","415","417","420","428","429","432","433","442","443","454","487","488","500","512","520","534","556","562","563","582","587","590","599","622","625","637","638","664","674","676","692","697","709","725","731","732","737","748","758","760","766","771","778","787","808","815","819","821","823","824","825","828","839","859","860","871","876","888","894","896"],"0d1ba0759":["217","225","272","277","289","314","341","355","361","416","422","425","465","557","575","586","603","658","142","701","714","721","727","811","812","820","831","833","837","851","869"],"0d7917e0f":["224","267","286","378","468","480","1047","569","666","682","1087","1091","713","150","1097","830","862","1129"],"0d986f741":["917","1003","1007","424","1026","1032","1038","1062","1066","1072","1082","1088","1098","1115","854","1125"],"0dde0a048":["489","103","661"],"0de78b130":["213","220","263","266","268","312","371","398","400","401","490","498","499","537","573","620","639","641","642","673","677","681","688","705","712","738","8","783","784","809","817","832"],"0df67ec5b":["231","580","142","691","756","774"],"0e18aeea4":["594","614"],"0ebfaf62c":["11","209","212","214","219","222","226","283","338","368","414","434","444","450","459","476","517","523","546","576","613","615","633","634","655","671","687","689","706","739","750","763","777","799","801","807","826","836","838","898"],"0edec2713":["30","544"],"0f11d08d6":["317","448"],"0f6f54abf":["943","966","991","1005","1008","1010","1016","1024","1040","1044","1048","1052","1053","1054","1055","1067","1074","1077","1084","1092","1093","1094","1100","1101","774","1110","1121","1122"],"0fdb6552c":["945","1036","1046","1051","144","1107"]},"versions":{"import":[12,"9111d",0,"ad52a",911,"7ab43",14,"aeb7d",912,"7778b",913,"f4d2a",914,"14f58",915,"3a229",918,"804b5",919,"a7bcb",920,"00dea",921,"128e4",922,"ec32f",923,"4058d",924,"61f26",925,"9c634",926,"54a22",927,"fca6b",928,"d09bc",16,"3b2b6",929,"01431",930,"b1ce9",931,"b3d38",932,"a4150",933,"d5dd6",204,"3d95f",934,"5df7f",935,"d6fca",936,"956dd",938,"50ae2",939,"9e1c9",940,"6e52b",941,"c2afb",942,"97221",20,"f0bc7",944,"d9d80",211,"ac350",946,"7b649",947,"834fc",948,"848b7",949,"189dc",950,"66ffa",951,"f60e2",952,"db2bb",953,"cd868",954,"4b20c",955,"7c8eb",956,"6ebbe",957,"af643",1,"f93d1",959,"67040",960,"9561b",961,"c56ff",962,"43db4",963,"cf066",964,"2f6fe",965,"8b7de",2,"9867c",967,"cfad1",968,"2a853",969,"2047f",970,"df848",971,"569f9",245,"b0ec8",32,"1bd83",34,"5899b",35,"2d01c",282,"c0f72",293,"c826d",319,"fb432",40,"08b41",324,"87a9e",43,"62581",326,"27e47",328,"43a2b",49,"f48d0",339,"f608c",50,"960b6",345,"23803",349,"545b6",352,"be015",3,"d66ba",57,"ba419",370,"49806",374,"36313",381,"81079",62,"102f9",64,"a03ee",67,"02623",68,"fb155",410,"ef295",423,"4546c",449,"654b8",70,"2b680",71,"cd173",452,"fc052",76,"c7da4",478,"2451c",485,"311dc",79,"8dcf8",494,"349f1",496,"3c88a",497,"3a340",508,"b283a",82,"f43df",83,"47f23",84,"87b29",5,"437a3",519,"9dd18",521,"ec392",522,"4041b",88,"b86e9",89,"a1a3c",529,"1dc63",93,"f8480",531,"5bc79",532,"82091",536,"c9930",97,"531fc",100,"016af",101,"603bc",559,"e8975",106,"32daf",109,"ca226",570,"a395e",114,"e8f0c",584,"a6c7c",116,"53b25",588,"b0ce9",595,"25399",601,"96a82",6,"d8553",124,"08b41",628,"18dbd",127,"62272",630,"6eb82",632,"27bbe",636,"2161d",131,"76347",650,"edf3b",651,"89385",654,"fc2b0",134,"5874d",662,"9dbaa",667,"278f3",137,"78676",680,"095a8",141,"04160",695,"f9516",146,"36f2f",703,"55157",707,"71576",147,"ad7fa",148,"237d7",149,"3b189",152,"b0057",728,"b6361",730,"dd4f7",153,"916d7",154,"621e2",7,"69cf0",744,"b5ad1",761,"22f57",765,"62070",161,"64fd9",775,"9b0e7",162,"13b60",780,"d7ddb",781,"c0ec3",164,"faec8",791,"07843",802,"54cfb",806,"f37a3",171,"bb528",172,"22692",173,"1502b",829,"6fe78",834,"55e4d",840,"49179",176,"cfaf1",842,"1b910",843,"aed80",845,"94e49",9,"194ec",875,"e84d8",183,"098e5",184,"405bb",877,"783e9",185,"c2fa6",892,"a3532",190,"692ac",900,"4630d",191,"661e1",10,"50b21"],"native":[12,"9857a",13,"9b588",14,"a898b",194,"f3301",15,"a4dc5",16,"3a0e5",17,"c221f",18,"18198",19,"a9b97",20,"554c4",21,"8f7d6",22,"e8325",23,"6f7a2",25,"99ec6",233,"33a02",26,"8b86e",237,"c3235",238,"6aba6",240,"120f6",241,"8a0f9",243,"14fad",27,"2419b",28,"6e6d6",248,"48cdc",29,"9e188",251,"18129",31,"5b392",32,"60f56",33,"83284",34,"a316c",35,"98adf",269,"08fe9",270,"0ac7a",276,"9f300",280,"d4962",281,"7b0d6",284,"b7330",288,"c8a2d",290,"e35a2",292,"87dea",294,"33c89",36,"77d9e",298,"a6cf4",300,"1b62d",301,"7fdfc",302,"81f60",38,"62de2",311,"729be",39,"080c8",40,"2d2b2",41,"c66b5",42,"29948",43,"17044",45,"cdadc",47,"54cb6",48,"09797",49,"ce739",50,"9439c",51,"02452",348,"1830f",52,"e674d",53,"87cef",359,"42f69",54,"cf7f7",55,"af244",56,"b7c25",57,"1bd03",58,"7bac8",59,"7b5bc",60,"3028a",61,"4b8fa",388,"3b2ed",62,"e2f2b",63,"0ddaf",64,"d6ffa",65,"adf0b",66,"1faf3",67,"ae2b1",68,"125d1",418,"2a3a2",421,"2eb18",440,"5d999",69,"af6f6",70,"f231b",71,"5d4c4",72,"6a2bd",73,"50a99",74,"86398",75,"b75df",467,"ea108",76,"c12a9",77,"31e3e",78,"aa51e",481,"64f70",79,"f72d8",80,"1a7a5",506,"65f25",81,"78d7b",82,"ead6a",83,"60ff7",84,"7ff10",85,"e965e",87,"60f65",88,"315a4",89,"dd156",90,"c3bfc",91,"c84f7",92,"a35c7",93,"b72a8",94,"96254",95,"ef5a4",96,"d43a6",97,"27223",98,"7a6bc",99,"b6e2d",100,"54189",101,"b5552",102,"b4064",105,"e11d4",106,"a434c",107,"3e0c7",108,"a38f3",109,"d7909",110,"33b45",111,"fba74",112,"9d4bd",113,"b0573",579,"31380",114,"a0bd3",115,"5e907",116,"de3a2",117,"a2640",118,"99b63",600,"d6a10",119,"d58df",120,"487e4",121,"4dbc9",122,"8e8cb",123,"dc406",124,"74fba",125,"af7eb",126,"1870b",626,"a9ded",127,"29d3a",629,"af8bd",128,"0266e",129,"a3d3c",130,"6d671",131,"6f14b",647,"58816",132,"62de2",133,"730ad",134,"372a7",135,"2fdaf",136,"19f7a",669,"7a17d",137,"0726d",138,"1651f",139,"63925",140,"dc406",141,"5bf60",686,"4854e",143,"0c60a",145,"a502c",146,"e169b",147,"661d2",708,"d55c2",148,"45124",149,"15b36",718,"cdbc9",151,"3f313",152,"e2cb6",153,"7fef4",154,"e7d0c",155,"e52a6",156,"5540e",157,"355f1",158,"681e4",159,"b09d4",160,"b7a99",161,"9a801",162,"9abca",163,"d5f28",164,"554c4",165,"9731c",166,"00d84",167,"4defa",168,"730ad",169,"aba15",170,"44004",171,"e3894",822,"70d9f",173,"fd57a",174,"69eb0",176,"d4cd0",177,"2923e",178,"aa638",179,"5e7ab",180,"20088",181,"a810b",182,"78d5b",183,"18497",184,"0b7bf",879,"1e986",185,"99a84",885,"a288b",186,"362f2",187,"49dc4",188,"89aaa",189,"5c40a",190,"d2e65",191,"363e1",909,"6d707"]},"redirect":[30,"0",258,"0",259,"0",260,"0",273,"0",274,"0",275,"0",987,"0",1000,"0",331,"0",332,"0",333,"0",393,"0",394,"0",395,"0",469,"0",470,"0",471,"0",1034,"0",551,"0",552,"0",553,"0",1056,"0",1060,"0",596,"0",597,"0",598,"0",1073,"0",1083,"0",734,"0",735,"0",736,"0",768,"0",769,"0",770,"0",884,"0",902,"0",903,"0",904,"0"],"debug":false,"extensionMap":{".ccon":["0","0","1","1","10","10","172","172","2","2","3","3","449","5","5","6","6","7","7","9","9"]},"hasPreloadScript":true,"types":["cc.ImageAsset","cc.Texture2D","cc.SpriteFrame","cc.Asset","sp.SkeletonData","cc.Prefab","cc.SpriteAtlas","cc.AudioClip","cc.AnimationClip","cc.ParticleAsset","cc.BitmapFont"]}