[1,["58eAgOeJ9DSJ4A8QcO564p@6c48a"],0,[["sp.SkeletonData",["_name","_atlasText","textureNames","_skeletonJson","textures"],-1,3]],[[0,0,1,2,3,4,5]],[[0,"pjgb","\r\npjgb.png\r\nsize: 2048,256\r\nformat: RGBA8888\r\nfilter: Linear,Linear\r\nrepeat: none\r\n1_0000_1\r\n  rotate: true\r\n  xy: 1604, 2\r\n  size: 252, 176\r\n  orig: 252, 176\r\n  offset: 0, 0\r\n  index: -1\r\n1_0001_2\r\n  rotate: true\r\n  xy: 2, 2\r\n  size: 252, 176\r\n  orig: 252, 176\r\n  offset: 0, 0\r\n  index: -1\r\n1_0002_3\r\n  rotate: true\r\n  xy: 180, 2\r\n  size: 252, 176\r\n  orig: 252, 176\r\n  offset: 0, 0\r\n  index: -1\r\n1_0003_4\r\n  rotate: true\r\n  xy: 358, 2\r\n  size: 252, 176\r\n  orig: 252, 176\r\n  offset: 0, 0\r\n  index: -1\r\n1_0004_5\r\n  rotate: true\r\n  xy: 536, 2\r\n  size: 252, 176\r\n  orig: 252, 176\r\n  offset: 0, 0\r\n  index: -1\r\n1_0005_6\r\n  rotate: true\r\n  xy: 714, 2\r\n  size: 252, 176\r\n  orig: 252, 176\r\n  offset: 0, 0\r\n  index: -1\r\n1_0006_7\r\n  rotate: true\r\n  xy: 892, 2\r\n  size: 252, 176\r\n  orig: 252, 176\r\n  offset: 0, 0\r\n  index: -1\r\n1_0007_8\r\n  rotate: true\r\n  xy: 1070, 2\r\n  size: 252, 176\r\n  orig: 252, 176\r\n  offset: 0, 0\r\n  index: -1\r\n1_0008_9\r\n  rotate: true\r\n  xy: 1248, 2\r\n  size: 252, 176\r\n  orig: 252, 176\r\n  offset: 0, 0\r\n  index: -1\r\n1_0009_10\r\n  rotate: true\r\n  xy: 1426, 2\r\n  size: 252, 176\r\n  orig: 252, 176\r\n  offset: 0, 0\r\n  index: -1\r\n1_0010_11\r\n  rotate: true\r\n  xy: 1782, 2\r\n  size: 252, 176\r\n  orig: 252, 176\r\n  offset: 0, 0\r\n  index: -1\r\n",["pjgb.png"],{"skeleton":{"hash":"RLzKxT2QI58o6FPyBuGmmj/kgxY","spine":"3.8.99","x":-126,"y":-88,"width":252,"height":176,"images":"D:/nie/nie/表情/啤酒","audio":""},"bones":[{"name":"root"}],"slots":[{"name":"1","bone":"root","attachment":"1_0010_11"}],"skins":[{"name":"default","attachments":{"1":{"1_0001_2":{"width":252,"height":176},"1_0002_3":{"width":252,"height":176},"1_0003_4":{"width":252,"height":176},"1_0004_5":{"width":252,"height":176},"1_0005_6":{"width":252,"height":176},"1_0006_7":{"width":252,"height":176},"1_0007_8":{"width":252,"height":176},"1_0008_9":{"width":252,"height":176},"1_0009_10":{"width":252,"height":176},"1_0010_11":{"width":252,"height":176},"1_0000_1":{"width":252,"height":176}}}}],"animations":{"animation":{"slots":{"1":{"attachment":[{"time":0.0667,"name":"1_0001_2"},{"time":0.1333,"name":"1_0002_3"},{"time":0.2,"name":"1_0003_4"},{"time":0.2667,"name":"1_0004_5"},{"time":0.3333,"name":"1_0005_6"},{"time":0.4,"name":"1_0006_7"},{"time":0.4667,"name":"1_0007_8"},{"time":0.5333,"name":"1_0008_9"},{"time":0.6,"name":"1_0009_10"},{"time":0.6667,"name":"1_0010_11"}]}}}}},[0]]],0,0,[0],[-1],[0]]
