[1,["f8rrhsZ8BOHY/EgMxIp5TM@6c48a","20IVrWQN1AF7ikc9p56B5q@f9941","1f+w2sNupGha2aa+b2gxbJ","deT/wF3cRECL6hB1mg6PtX@f9941","abU+dMzmdMB4tXJuuOxaY4","a97DuEmCBH5Ytr4UBGyN7A"],["node","_spriteFrame","_atlas","root","data","_skeletonData"],[["cc.Label",["_string","_actualFontSize","_fontSize","_lineHeight","_isBold","_overflow","_enableWrapText","node","__prefab","_color"],-4,1,4,5],["cc.Node",["_name","_components","_prefab","_children","_parent","_lpos"],2,9,4,2,1,5],["cc.UITransform",["node","__prefab","_contentSize"],3,1,4,5],["cc.Widget",["_alignFlags","_right","_top","_left","_bottom","_originalWidth","_originalHeight","node","__prefab"],-4,1,4],"cc.SpriteAtlas",["sp.SkeletonData",["_name","_atlasText","textureNames","_skeletonJson","textures"],-1,3],["cc.Prefab",["_name"],2],["cc.CompPrefabInfo",["fileId"],2],["cc.PrefabInfo",["fileId","instance","targetOverrides","nestedPrefabInstanceRoots","root","asset"],-1,1,1],["sp.Skeleton",["_preCacheMode","defaultSkin","defaultAnimation","node","__prefab","_skeletonData"],0,1,4,6],["cc.BlockInputEvents",["node","__prefab"],3,1,4],["cc.LabelOutline",["_width","node","__prefab","_color"],2,1,4,5],["cc.Sprite",["node","__prefab","_spriteFrame","_atlas"],3,1,4,6,6]],[[7,0,2],[8,0,1,2,3,4,5,5],[2,0,1,2,1],[1,0,4,1,2,5,2],[12,0,1,2,3,1],[5,0,1,2,3,4,5],[6,0,2],[1,0,3,1,2,2],[1,0,4,3,1,2,5,2],[2,0,1,1],[3,0,3,1,2,4,5,6,7,8,8],[3,0,1,2,7,8,4],[9,0,1,2,3,4,5,4],[10,0,1,1],[0,0,1,2,3,7,8,9,5],[0,0,1,2,4,7,8,5],[0,0,1,2,3,5,6,7,8,7],[0,0,1,2,3,7,8,5],[11,0,1,2,3,2]],[[[{"name":"auto_icon","spriteFrames":[]}],[4],0,[],[],[]],[[[5,"zhongjiangbox","\r\nzhongjiangbox.png\r\nsize: 2048,128\r\nformat: RGBA8888\r\nfilter: Linear,Linear\r\nrepeat: none\r\n11\r\n  rotate: false\r\n  xy: 645, 8\r\n  size: 311, 109\r\n  orig: 311, 109\r\n  offset: 0, 0\r\n  index: -1\r\n22\r\n  rotate: false\r\n  xy: 329, 2\r\n  size: 314, 115\r\n  orig: 314, 115\r\n  offset: 0, 0\r\n  index: -1\r\n33\r\n  rotate: false\r\n  xy: 958, 2\r\n  size: 298, 115\r\n  orig: 298, 115\r\n  offset: 0, 0\r\n  index: -1\r\nbg_dt_jianglibox\r\n  rotate: false\r\n  xy: 2, 4\r\n  size: 325, 113\r\n  orig: 325, 113\r\n  offset: 0, 0\r\n  index: -1\r\n",["zhongjiangbox.png"],{"skeleton":{"hash":"KtTJmg9gLwhq3GuLYMxhuNfEapI","spine":"3.8.99","x":-162,"y":-56,"width":325,"height":113,"images":"E:/新版UI/平台/大厅new/动画/源文件/中奖框","audio":""},"bones":[{"name":"root"}],"slots":[{"name":"bg_dt_jianglibox","bone":"root","attachment":"bg_dt_jianglibox"},{"name":"1111","bone":"root","attachment":"11"},{"name":"ww","bone":"root","blend":"screen"}],"skins":[{"name":"default","attachments":{"1111":{"11":{"x":-4.76,"y":0.5,"width":311,"height":109}},"bg_dt_jianglibox":{"bg_dt_jianglibox":{"x":0.5,"y":0.5,"width":325,"height":113}},"ww":{"22":{"x":-4.3,"y":0.5,"width":314,"height":115},"33":{"x":-13.86,"y":0.5,"width":298,"height":115}}}}],"animations":{"animation":{"slots":{"ww":{"attachment":[{"name":"22"},{"time":0.3333,"name":"33"},{"time":0.6667,"name":"22"},{"time":1,"name":"33"},{"time":1.3333,"name":"22"},{"time":1.6667,"name":"33"},{"time":2,"name":"22"},{"time":2.3333,"name":"33"},{"time":2.6667,"name":"22"},{"time":3,"name":"33"}]}}}}},[0]]],0,0,[0],[-1],[0]],[[[6,"winningCar"],[7,"winningCar",[-4],[[9,-2,[0,"d7rW1AbgRG05D+HwjB8JwO"]],[10,45,750,750,350,350,100,100,-3,[0,"f3URc1Bp1AI7phAqlmipDP"]]],[1,"c46/YsCPVOJYA4mWEpNYRx",null,null,null,-1,0]],[8,"props_zhongjiangbox_template",1,[-9,-10,-11,-12,-13,-14],[[2,-5,[0,"c9b8fR7p9OJqQQ2Xm29AiI"],[5,325,113]],[12,0,"default","animation",-6,[0,"6clqp58rhAjKeeWXdna+Zj"],4],[13,-7,[0,"3f3uM2/w1P/IJeqwL1o1Jj"]],[11,1,-1075,-269.5,-8,[0,"c9GjGtu8tJeIpvIhUOyE7X"]]],[1,"6fqGQWTfBFWo8aO+uDDTIN",null,null,null,1,0],[1,962.5,263,0]],[3,"label_goldNum",2,[[2,-15,[0,"64k1/jzbBC8KEVpT2gGEcK"],[5,79.86,33.5]],[14,"1212121",20,20,25,-16,[0,"c627oY1JlL8owoWOeeMLzR"],[4,4280403448]],[18,1,-17,[0,"6bp1YPSFlI35mA6qzB8+g1"],[4,4283060814]]],[1,"3d89HPpDRJrZJTh2HYYFmK",null,null,null,1,0],[1,50,-34,0]],[3,"game_spr_icon",2,[[2,-18,[0,"10Tdp8ap1K2LJhI2eYndnU"],[5,80,80]],[4,-19,[0,"7fMv30eT9MILoOtnn6ECw0"],0,1]],[1,"a9R8MBoexOX5a/qh79Pg9D",null,null,null,1,0],[1,-90,0,0]],[3,"Label_title",2,[[2,-20,[0,"297/KzQMNMbKIlkGkGcz03"],[5,142.76,50.4]],[15,"SELAMAT",30,30,true,-21,[0,"6cIDZewyRCroaIh8Q2kxRx"]]],[1,"44M6jDAZBP55YGZYXPIoif",null,null,null,1,0],[1,52.511,32.51,0]],[3,"label_playerName",2,[[2,-22,[0,"beSIm9NchGQaAdISfa/4VD"],[5,199.84300000000002,26.189999999999998]],[16,"nickName",20,20,24,2,false,-23,[0,"5ewsz6IutLi5f4h3+QfGCg"]]],[1,"14qiwvkdJDBL9VEBUBb3PL",null,null,null,1,0],[1,55.663500000000006,6.396,0]],[3,"label_win",2,[[2,-24,[0,"4epOmkfR5OMLK3NoFZyrlM"],[5,72.28,30.24]],[17,"Menang",20,20,24,-25,[0,"83lVH5UGFPtYJ1+O7xGWRM"]]],[1,"3787cW+0hB17QfsF+ygtvH",null,null,null,1,0],[1,50,-14,0]],[3,"spr_gold",2,[[2,-26,[0,"1bX55ksJpECK+iMGy4JVqa"],[5,39,42]],[4,-27,[0,"fd2nUQHARO57DC/lvt9/DI"],2,3]],[1,"a8a0Zfk6BDJIDQqinGVXPk",null,null,null,1,0],[1,-20,-27.699,0]]],0,[0,3,1,0,0,1,0,0,1,0,-1,2,0,0,2,0,0,2,0,0,2,0,0,2,0,-1,4,0,-2,5,0,-3,6,0,-4,7,0,-5,8,0,-6,3,0,0,3,0,0,3,0,0,3,0,0,4,0,0,4,0,0,5,0,0,5,0,0,6,0,0,6,0,0,7,0,0,7,0,0,8,0,0,8,0,4,1,27],[0,0,0,0,0],[1,2,1,2,5],[1,2,3,4,5]]]]
