[1,["1e9c8c517@6c48a"],["_textureSource"],["cc.SpriteFrame","cc.SpriteAtlas"],0,[[[{"name":"btn_share_help","rect":{"x":430,"y":774,"width":26,"height":26},"offset":{"x":0,"y":0},"originalSize":{"width":26,"height":26},"rotated":false,"capInsets":[0,0,0,0],"packable":true,"pixelsToUnit":100,"pivot":{"x":0.5,"y":0.5},"meshType":0}],[0],0,[0],[0],[0]],[[{"name":"icon_dt_xinxi_yonghu_down","rect":{"x":167,"y":618,"width":32,"height":38},"offset":{"x":0,"y":0.5},"originalSize":{"width":32,"height":39},"rotated":false,"capInsets":[0,0,0,0],"packable":true,"pixelsToUnit":100,"pivot":{"x":0.5,"y":0.5},"meshType":0}],[0],0,[0],[0],[0]],[[{"name":"wore_share_saham","rect":{"x":205,"y":749,"width":67,"height":16},"offset":{"x":0,"y":0},"originalSize":{"width":67,"height":16},"rotated":true,"capInsets":[0,0,0,0],"packable":true,"pixelsToUnit":100,"pivot":{"x":0.5,"y":0.5},"meshType":0}],[0],0,[0],[0],[0]],[[{"name":"zi_xiugaimima","rect":{"x":322,"y":76,"width":136,"height":41},"offset":{"x":0,"y":0},"originalSize":{"width":136,"height":41},"rotated":true,"capInsets":[0,0,0,0],"packable":true,"pixelsToUnit":100,"pivot":{"x":0.5,"y":0.5},"meshType":0}],[0],0,[0],[0],[0]],[[{"name":"input_person_bg1","rect":{"x":43,"y":851,"width":94,"height":72},"offset":{"x":0,"y":0},"originalSize":{"width":94,"height":72},"rotated":false,"capInsets":[13,18,18,13],"packable":true,"pixelsToUnit":100,"pivot":{"x":0.5,"y":0.5},"meshType":0}],[0],0,[0],[0],[0]],[[{"name":"word_person_ransel1","rect":{"x":426,"y":377,"width":58,"height":27},"offset":{"x":0,"y":0},"originalSize":{"width":58,"height":27},"rotated":true,"capInsets":[0,0,0,0],"packable":true,"pixelsToUnit":100,"pivot":{"x":0.5,"y":0.5},"meshType":0}],[0],0,[0],[0],[0]],[[{"name":"auto_person","spriteFrames":[]}],[1],0,[],[],[]],[[{"name":"img_water_sisa","rect":{"x":165,"y":662,"width":154,"height":34},"offset":{"x":0,"y":0},"originalSize":{"width":154,"height":34},"rotated":true,"capInsets":[0,0,0,0],"packable":true,"pixelsToUnit":100,"pivot":{"x":0.5,"y":0.5},"meshType":0}],[0],0,[0],[0],[0]],[[{"name":"bangzhu_box","rect":{"x":236,"y":821,"width":57,"height":65},"offset":{"x":0,"y":0},"originalSize":{"width":57,"height":65},"rotated":false,"capInsets":[20,0,11,0],"packable":true,"pixelsToUnit":100,"pivot":{"x":0.5,"y":0.5},"meshType":0}],[0],0,[0],[0],[0]],[[{"name":"SandiLama","rect":{"x":288,"y":246,"width":208,"height":28},"offset":{"x":0,"y":0},"originalSize":{"width":208,"height":28},"rotated":true,"capInsets":[0,0,0,0],"packable":true,"pixelsToUnit":100,"pivot":{"x":0.5,"y":0.5},"meshType":0}],[0],0,[0],[0],[0]],[[{"name":"icon_share","rect":{"x":427,"y":266,"width":35,"height":38},"offset":{"x":0,"y":0},"originalSize":{"width":35,"height":38},"rotated":true,"capInsets":[0,0,0,0],"packable":true,"pixelsToUnit":100,"pivot":{"x":0.5,"y":0.5},"meshType":0}],[0],0,[0],[0],[0]],[[{"name":"word_share_akting","rect":{"x":373,"y":814,"width":128,"height":29},"offset":{"x":0,"y":0},"originalSize":{"width":128,"height":29},"rotated":false,"capInsets":[0,0,0,0],"packable":true,"pixelsToUnit":100,"pivot":{"x":0.5,"y":0.5},"meshType":0}],[0],0,[0],[0],[0]],[[{"name":"word_person_captcha","rect":{"x":366,"y":307,"width":147,"height":34},"offset":{"x":0,"y":0},"originalSize":{"width":147,"height":34},"rotated":false,"capInsets":[0,0,0,0],"packable":true,"pixelsToUnit":100,"pivot":{"x":0.5,"y":0.5},"meshType":0}],[0],0,[0],[0],[0]],[[{"name":"bg_dt_xinxi_touxianyulan","rect":{"x":299,"y":816,"width":68,"height":68},"offset":{"x":0,"y":0},"originalSize":{"width":68,"height":68},"rotated":false,"capInsets":[0,0,0,0],"packable":true,"pixelsToUnit":100,"pivot":{"x":0.5,"y":0.5},"meshType":0}],[0],0,[0],[0],[0]],[[{"name":"fanshui_1","rect":{"x":329,"y":736,"width":94,"height":29},"offset":{"x":0,"y":0},"originalSize":{"width":94,"height":29},"rotated":false,"capInsets":[0,0,0,0],"packable":true,"pixelsToUnit":100,"pivot":{"x":0.5,"y":0.5},"meshType":0}],[0],0,[0],[0],[0]],[[{"name":"SandiBaru","rect":{"x":288,"y":460,"width":195,"height":28},"offset":{"x":0,"y":0},"originalSize":{"width":195,"height":28},"rotated":true,"capInsets":[0,0,0,0],"packable":true,"pixelsToUnit":100,"pivot":{"x":0.5,"y":0.5},"meshType":0}],[0],0,[0],[0],[0]],[[{"name":"word_share_jumlah","rect":{"x":362,"y":692,"width":79,"height":34},"offset":{"x":0,"y":0},"originalSize":{"width":79,"height":34},"rotated":false,"capInsets":[0,0,0,0],"packable":true,"pixelsToUnit":100,"pivot":{"x":0.5,"y":0.5},"meshType":0}],[0],0,[0],[0],[0]],[[{"name":"titile_person_beranda","rect":{"x":322,"y":559,"width":166,"height":60},"offset":{"x":0.5,"y":0},"originalSize":{"width":167,"height":62},"rotated":false,"capInsets":[0,0,0,0],"packable":true,"pixelsToUnit":100,"pivot":{"x":0.5,"y":0.5},"meshType":0}],[0],0,[0],[0],[0]],[[{"name":"word_aktingBtn_mengikat","rect":{"x":297,"y":739,"width":71,"height":26},"offset":{"x":0,"y":0},"originalSize":{"width":71,"height":26},"rotated":true,"capInsets":[0,0,0,0],"packable":true,"pixelsToUnit":100,"pivot":{"x":0.5,"y":0.5},"meshType":0}],[0],0,[0],[0],[0]],[[{"name":"word_person_setting1","rect":{"x":233,"y":894,"width":98,"height":28},"offset":{"x":0,"y":0},"originalSize":{"width":98,"height":28},"rotated":true,"capInsets":[0,0,0,0],"packable":true,"pixelsToUnit":100,"pivot":{"x":0.5,"y":0.5},"meshType":0}],[0],0,[0],[0],[0]],[[{"name":"Sandi ","rect":{"x":199,"y":894,"width":101,"height":28},"offset":{"x":0,"y":0},"originalSize":{"width":101,"height":28},"rotated":true,"capInsets":[0,0,0,0],"packable":true,"pixelsToUnit":100,"pivot":{"x":0.5,"y":0.5},"meshType":0}],[0],0,[0],[0],[0]],[[{"name":"icon_fanshui_0","rect":{"x":282,"y":695,"width":38,"height":34},"offset":{"x":0,"y":0},"originalSize":{"width":38,"height":34},"rotated":true,"capInsets":[0,0,0,0],"packable":true,"pixelsToUnit":100,"pivot":{"x":0.5,"y":0.5},"meshType":0}],[0],0,[0],[0],[0]],[[{"name":"word_person_ubah","rect":{"x":261,"y":330,"width":162,"height":21},"offset":{"x":0,"y":0},"originalSize":{"width":162,"height":21},"rotated":true,"capInsets":[0,0,0,0],"packable":true,"pixelsToUnit":100,"pivot":{"x":0.5,"y":0.5},"meshType":0}],[0],0,[0],[0],[0]],[[{"name":"word_person_bahasa1","rect":{"x":494,"y":559,"width":98,"height":21},"offset":{"x":0,"y":0},"originalSize":{"width":98,"height":21},"rotated":true,"capInsets":[0,0,0,0],"packable":true,"pixelsToUnit":100,"pivot":{"x":0.5,"y":0.5},"meshType":0}],[0],0,[0],[0],[0]],[[{"name":"TingkatkanAkun","rect":{"x":3,"y":179,"width":279,"height":36},"offset":{"x":0,"y":0},"originalSize":{"width":279,"height":36},"rotated":false,"capInsets":[0,0,0,0],"packable":true,"pixelsToUnit":100,"pivot":{"x":0.5,"y":0.5},"meshType":0}],[0],0,[0],[0],[0]],[[{"name":"bg_dt_xinxi_touxiangbg","rect":{"x":315,"y":890,"width":130,"height":130},"offset":{"x":0,"y":0},"originalSize":{"width":130,"height":130},"rotated":false,"capInsets":[0,0,0,0],"packable":true,"pixelsToUnit":100,"pivot":{"x":0.5,"y":0.5},"meshType":0}],[0],0,[0],[0],[0]],[[{"name":"icon_dt_xinxi_bag_up","rect":{"x":451,"y":692,"width":35,"height":35},"offset":{"x":0,"y":0},"originalSize":{"width":35,"height":35},"rotated":false,"capInsets":[0,0,0,0],"packable":true,"pixelsToUnit":100,"pivot":{"x":0.5,"y":0.5},"meshType":0}],[0],0,[0],[0],[0]],[[{"name":"icon_share1","rect":{"x":471,"y":266,"width":35,"height":38},"offset":{"x":0,"y":0},"originalSize":{"width":35,"height":38},"rotated":true,"capInsets":[0,0,0,0],"packable":true,"pixelsToUnit":100,"pivot":{"x":0.5,"y":0.5},"meshType":0}],[0],0,[0],[0],[0]],[[{"name":"btn_dt_xinxi_touxiangxiugai","rect":{"x":322,"y":218,"width":41,"height":41},"offset":{"x":0,"y":0},"originalSize":{"width":41,"height":41},"rotated":false,"capInsets":[0,0,0,0],"packable":true,"pixelsToUnit":100,"pivot":{"x":0.5,"y":0.5},"meshType":0}],[0],0,[0],[0],[0]],[[{"name":"btn_dt_xinxi_fuzhi","rect":{"x":492,"y":377,"width":24,"height":23},"offset":{"x":0,"y":0},"originalSize":{"width":24,"height":23},"rotated":true,"capInsets":[0,0,0,0],"packable":true,"pixelsToUnit":100,"pivot":{"x":0.5,"y":0.5},"meshType":0}],[0],0,[0],[0],[0]],[[{"name":"word_person_level","rect":{"x":430,"y":96,"width":84,"height":20},"offset":{"x":0,"y":0},"originalSize":{"width":84,"height":20},"rotated":false,"capInsets":[0,0,0,0],"packable":true,"pixelsToUnit":100,"pivot":{"x":0.5,"y":0.5},"meshType":0}],[0],0,[0],[0],[0]],[[{"name":"word_water_cucikode1","rect":{"x":400,"y":347,"width":114,"height":24},"offset":{"x":0,"y":0},"originalSize":{"width":114,"height":24},"rotated":false,"capInsets":[0,0,0,0],"packable":true,"pixelsToUnit":100,"pivot":{"x":0.5,"y":0.5},"meshType":0}],[0],0,[0],[0],[0]],[[{"name":"word_person_ransel","rect":{"x":459,"y":377,"width":58,"height":27},"offset":{"x":0,"y":0},"originalSize":{"width":58,"height":27},"rotated":true,"capInsets":[0,0,0,0],"packable":true,"pixelsToUnit":100,"pivot":{"x":0.5,"y":0.5},"meshType":0}],[0],0,[0],[0],[0]],[[{"name":"word_share_mengikat","rect":{"x":3,"y":221,"width":279,"height":36},"offset":{"x":0,"y":0},"originalSize":{"width":279,"height":36},"rotated":false,"capInsets":[0,0,0,0],"packable":true,"pixelsToUnit":100,"pivot":{"x":0.5,"y":0.5},"meshType":0}],[0],0,[0],[0],[0]],[[{"name":"word_person_ubahNama","rect":{"x":3,"y":34,"width":361,"height":36},"offset":{"x":0,"y":0},"originalSize":{"width":361,"height":36},"rotated":false,"capInsets":[0,0,0,0],"packable":true,"pixelsToUnit":100,"pivot":{"x":0.5,"y":0.5},"meshType":0}],[0],0,[0],[0],[0]],[[{"name":"bg_dt_xinxi_touxiangkuang","rect":{"x":3,"y":653,"width":152,"height":156},"offset":{"x":0,"y":0},"originalSize":{"width":152,"height":156},"rotated":true,"capInsets":[0,0,0,0],"packable":true,"pixelsToUnit":100,"pivot":{"x":0.5,"y":0.5},"meshType":0}],[0],0,[0],[0],[0]],[[{"name":"word_person_phone","rect":{"x":205,"y":661,"width":111,"height":28},"offset":{"x":0,"y":0},"originalSize":{"width":111,"height":28},"rotated":false,"capInsets":[0,0,0,0],"packable":true,"pixelsToUnit":100,"pivot":{"x":0.5,"y":0.5},"meshType":0}],[0],0,[0],[0],[0]],[[{"name":"UbahKataSandi","rect":{"x":3,"y":263,"width":277,"height":30},"offset":{"x":0,"y":0},"originalSize":{"width":277,"height":30},"rotated":false,"capInsets":[0,0,0,0],"packable":true,"pixelsToUnit":100,"pivot":{"x":0.5,"y":0.5},"meshType":0}],[0],0,[0],[0],[0]],[[{"name":"word_person_tentu","rect":{"x":493,"y":663,"width":80,"height":22},"offset":{"x":0,"y":0},"originalSize":{"width":80,"height":22},"rotated":true,"capInsets":[0,0,0,0],"packable":true,"pixelsToUnit":100,"pivot":{"x":0.5,"y":0.5},"meshType":0}],[0],0,[0],[0],[0]],[[{"name":"icon_fanshui_1","rect":{"x":322,"y":692,"width":38,"height":34},"offset":{"x":0,"y":0},"originalSize":{"width":38,"height":34},"rotated":true,"capInsets":[0,0,0,0],"packable":true,"pixelsToUnit":100,"pivot":{"x":0.5,"y":0.5},"meshType":0}],[0],0,[0],[0],[0]],[[{"name":"icon_dt_xinxi_vip2","rect":{"x":370,"y":55,"width":54,"height":60},"offset":{"x":0,"y":0},"originalSize":{"width":54,"height":60},"rotated":false,"capInsets":[0,0,0,0],"packable":true,"pixelsToUnit":100,"pivot":{"x":0.5,"y":0.5},"meshType":0}],[0],0,[0],[0],[0]],[[{"name":"VIP","rect":{"x":3,"y":873,"width":33,"height":15},"offset":{"x":0,"y":0},"originalSize":{"width":33,"height":15},"rotated":false,"capInsets":[0,0,0,0],"packable":true,"pixelsToUnit":100,"pivot":{"x":0.5,"y":0.5},"meshType":0}],[0],0,[0],[0],[0]],[[{"name":"word_person_bahasa","rect":{"x":173,"y":894,"width":110,"height":20},"offset":{"x":0,"y":0},"originalSize":{"width":110,"height":20},"rotated":true,"capInsets":[0,0,0,0],"packable":true,"pixelsToUnit":100,"pivot":{"x":0.5,"y":0.5},"meshType":0}],[0],0,[0],[0],[0]],[[{"name":"word_person_bgm","rect":{"x":400,"y":377,"width":62,"height":20},"offset":{"x":0,"y":0},"originalSize":{"width":62,"height":20},"rotated":true,"capInsets":[0,0,0,0],"packable":true,"pixelsToUnit":100,"pivot":{"x":0.5,"y":0.5},"meshType":0}],[0],0,[0],[0],[0]],[[{"name":"img_water_jumlah","rect":{"x":3,"y":894,"width":125,"height":34},"offset":{"x":0,"y":0},"originalSize":{"width":125,"height":34},"rotated":true,"capInsets":[0,0,0,0],"packable":true,"pixelsToUnit":100,"pivot":{"x":0.5,"y":0.5},"meshType":0}],[0],0,[0],[0],[0]],[[{"name":"icon_dt_xinxi_vip4","rect":{"x":369,"y":249,"width":52,"height":52},"offset":{"x":0,"y":0},"originalSize":{"width":52,"height":52},"rotated":false,"capInsets":[0,0,0,0],"packable":true,"pixelsToUnit":100,"pivot":{"x":0.5,"y":0.5},"meshType":0}],[0],0,[0],[0],[0]],[[{"name":"img_share_bg","rect":{"x":165,"y":822,"width":65,"height":66},"offset":{"x":0,"y":0},"originalSize":{"width":65,"height":66},"rotated":false,"capInsets":[9,14,9,14],"packable":true,"pixelsToUnit":100,"pivot":{"x":0.5,"y":0.5},"meshType":0}],[0],0,[0],[0],[0]],[[{"name":"input_person_bg","rect":{"x":431,"y":3,"width":84,"height":60},"offset":{"x":0,"y":0},"originalSize":{"width":84,"height":60},"rotated":false,"capInsets":[8,7,8,10],"packable":true,"pixelsToUnit":100,"pivot":{"x":0.5,"y":0.5},"meshType":0}],[0],0,[0],[0],[0]],[[{"name":"word_share_hadiah","rect":{"x":329,"y":774,"width":95,"height":34},"offset":{"x":0,"y":0},"originalSize":{"width":95,"height":34},"rotated":false,"capInsets":[0,0,0,0],"packable":true,"pixelsToUnit":100,"pivot":{"x":0.5,"y":0.5},"meshType":0}],[0],0,[0],[0],[0]],[[{"name":"icon_dt_beibao_wu","rect":{"x":3,"y":330,"width":218,"height":252},"offset":{"x":0,"y":0},"originalSize":{"width":218,"height":252},"rotated":true,"capInsets":[0,0,0,0],"packable":true,"pixelsToUnit":100,"pivot":{"x":0.5,"y":0.5},"meshType":0}],[0],0,[0],[0],[0]],[[{"name":"word_person_bindphone1","rect":{"x":428,"y":219,"width":80,"height":41},"offset":{"x":0,"y":0},"originalSize":{"width":80,"height":41},"rotated":false,"capInsets":[0,0,0,0],"packable":true,"pixelsToUnit":100,"pivot":{"x":0.5,"y":0.5},"meshType":0}],[0],0,[0],[0],[0]],[[{"name":"word_person_informasl","rect":{"x":290,"y":112,"width":128,"height":26},"offset":{"x":0,"y":0},"originalSize":{"width":128,"height":26},"rotated":true,"capInsets":[0,0,0,0],"packable":true,"pixelsToUnit":100,"pivot":{"x":0.5,"y":0.5},"meshType":0}],[0],0,[0],[0],[0]],[[{"name":"icon_dt_xinxi_dengji","rect":{"x":227,"y":749,"width":64,"height":66},"offset":{"x":-0.5,"y":0},"originalSize":{"width":65,"height":66},"rotated":false,"capInsets":[0,0,0,0],"packable":true,"pixelsToUnit":100,"pivot":{"x":0.5,"y":0.5},"meshType":0}],[0],0,[0],[0],[0]],[[{"name":"word_person_switch","rect":{"x":428,"y":192,"width":87,"height":21},"offset":{"x":0,"y":0},"originalSize":{"width":87,"height":21},"rotated":false,"capInsets":[0,0,0,0],"packable":true,"pixelsToUnit":100,"pivot":{"x":0.5,"y":0.5},"meshType":0}],[0],0,[0],[0],[0]],[[{"name":"icon_dt_xinxi_vip5","rect":{"x":369,"y":179,"width":53,"height":64},"offset":{"x":0,"y":0},"originalSize":{"width":53,"height":64},"rotated":false,"capInsets":[0,0,0,0],"packable":true,"pixelsToUnit":100,"pivot":{"x":0.5,"y":0.5},"meshType":0}],[0],0,[0],[0],[0]],[[{"name":"btn_dt_xinxi_xiugai","rect":{"x":492,"y":407,"width":22,"height":24},"offset":{"x":0,"y":0},"originalSize":{"width":22,"height":24},"rotated":false,"capInsets":[0,0,0,0],"packable":true,"pixelsToUnit":100,"pivot":{"x":0.5,"y":0.5},"meshType":0}],[0],0,[0],[0],[0]],[[{"name":"img_water_wan","rect":{"x":3,"y":851,"width":33,"height":16},"offset":{"x":0,"y":0},"originalSize":{"width":33,"height":16},"rotated":false,"capInsets":[0,0,0,0],"packable":true,"pixelsToUnit":100,"pivot":{"x":0.5,"y":0.5},"meshType":0}],[0],0,[0],[0],[0]],[[{"name":"KonfirmasiSandi","rect":{"x":3,"y":554,"width":196,"height":58},"offset":{"x":0,"y":0},"originalSize":{"width":196,"height":58},"rotated":false,"capInsets":[0,0,0,0],"packable":true,"pixelsToUnit":100,"pivot":{"x":0.5,"y":0.5},"meshType":0}],[0],0,[0],[0],[0]],[[{"name":"word_person_music","rect":{"x":83,"y":929,"width":80,"height":20},"offset":{"x":0,"y":0},"originalSize":{"width":80,"height":20},"rotated":true,"capInsets":[0,0,0,0],"packable":true,"pixelsToUnit":100,"pivot":{"x":0.5,"y":0.5},"meshType":0}],[0],0,[0],[0],[0]],[[{"name":"word_share_kode","rect":{"x":322,"y":303,"width":136,"height":38},"offset":{"x":0,"y":0},"originalSize":{"width":136,"height":38},"rotated":true,"capInsets":[0,0,0,0],"packable":true,"pixelsToUnit":100,"pivot":{"x":0.5,"y":0.5},"meshType":0}],[0],0,[0],[0],[0]],[[{"name":"btn_share_mengi","rect":{"x":43,"y":929,"width":90,"height":34},"offset":{"x":0,"y":0},"originalSize":{"width":90,"height":34},"rotated":true,"capInsets":[0,0,0,0],"packable":true,"pixelsToUnit":100,"pivot":{"x":0.5,"y":0.5},"meshType":0}],[0],0,[0],[0],[0]],[[{"name":"word_person_profil","rect":{"x":429,"y":122,"width":86,"height":29},"offset":{"x":0,"y":0},"originalSize":{"width":86,"height":29},"rotated":false,"capInsets":[0,0,0,0],"packable":true,"pixelsToUnit":100,"pivot":{"x":0.5,"y":0.5},"meshType":0}],[0],0,[0],[0],[0]],[[{"name":"word_person_logout","rect":{"x":3,"y":618,"width":158,"height":29},"offset":{"x":0,"y":0},"originalSize":{"width":158,"height":29},"rotated":false,"capInsets":[0,0,0,0],"packable":true,"pixelsToUnit":100,"pivot":{"x":0.5,"y":0.5},"meshType":0}],[0],0,[0],[0],[0]],[[{"name":"word_person_profil1","rect":{"x":429,"y":157,"width":86,"height":29},"offset":{"x":0,"y":0},"originalSize":{"width":86,"height":29},"rotated":false,"capInsets":[0,0,0,0],"packable":true,"pixelsToUnit":100,"pivot":{"x":0.5,"y":0.5},"meshType":0}],[0],0,[0],[0],[0]],[[{"name":"word_person_setting","rect":{"x":267,"y":892,"width":98,"height":28},"offset":{"x":0,"y":0},"originalSize":{"width":98,"height":28},"rotated":true,"capInsets":[0,0,0,0],"packable":true,"pixelsToUnit":100,"pivot":{"x":0.5,"y":0.5},"meshType":0}],[0],0,[0],[0],[0]],[[{"name":"icon_dt_xinxi_yinyue","rect":{"x":109,"y":992,"width":29,"height":26},"offset":{"x":0.5,"y":0},"originalSize":{"width":30,"height":26},"rotated":true,"capInsets":[0,0,0,0],"packable":true,"pixelsToUnit":100,"pivot":{"x":0.5,"y":0.5},"meshType":0}],[0],0,[0],[0],[0]],[[{"name":"bg_dt_fanshuibeijing","rect":{"x":205,"y":695,"width":48,"height":48},"offset":{"x":0,"y":0},"originalSize":{"width":48,"height":48},"rotated":false,"capInsets":[6,7,6,6],"packable":true,"pixelsToUnit":100,"pivot":{"x":0.5,"y":0.5},"meshType":0}],[0],0,[0],[0],[0]],[[{"name":"btn_dt_xinxi_shang","rect":{"x":199,"y":1001,"width":26,"height":18},"offset":{"x":0,"y":0},"originalSize":{"width":28,"height":20},"rotated":false,"capInsets":[0,0,0,0],"packable":true,"pixelsToUnit":100,"pivot":{"x":0.5,"y":0.5},"meshType":0}],[0],0,[0],[0],[0]],[[{"name":"btn_dt_xinxi_xia","rect":{"x":109,"y":929,"width":27,"height":20},"offset":{"x":-0.5,"y":0},"originalSize":{"width":28,"height":20},"rotated":false,"capInsets":[0,0,0,0],"packable":true,"pixelsToUnit":100,"pivot":{"x":0.5,"y":0.5},"meshType":0}],[0],0,[0],[0],[0]],[[{"name":"word_share_rekor","rect":{"x":259,"y":695,"width":45,"height":17},"offset":{"x":0,"y":0},"originalSize":{"width":45,"height":17},"rotated":true,"capInsets":[0,0,0,0],"packable":true,"pixelsToUnit":100,"pivot":{"x":0.5,"y":0.5},"meshType":0}],[0],0,[0],[0],[0]],[[{"name":"zi_KODEHADIAH","rect":{"x":322,"y":445,"width":190,"height":21},"offset":{"x":0,"y":0},"originalSize":{"width":190,"height":21},"rotated":false,"capInsets":[0,0,0,0],"packable":true,"pixelsToUnit":100,"pivot":{"x":0.5,"y":0.5},"meshType":0}],[0],0,[0],[0],[0]],[[{"name":"word_person_vibration","rect":{"x":261,"y":498,"width":121,"height":21},"offset":{"x":0,"y":0},"originalSize":{"width":121,"height":21},"rotated":true,"capInsets":[0,0,0,0],"packable":true,"pixelsToUnit":100,"pivot":{"x":0.5,"y":0.5},"meshType":0}],[0],0,[0],[0],[0]],[[{"name":"icon_dt_xinxi_vip3","rect":{"x":205,"y":598,"width":49,"height":38},"offset":{"x":0,"y":0},"originalSize":{"width":49,"height":38},"rotated":false,"capInsets":[0,0,0,0],"packable":true,"pixelsToUnit":100,"pivot":{"x":0.5,"y":0.5},"meshType":0}],[0],0,[0],[0],[0]],[[{"name":"icon_dt_xinxi_vip1","rect":{"x":205,"y":554,"width":50,"height":38},"offset":{"x":0,"y":0},"originalSize":{"width":50,"height":38},"rotated":false,"capInsets":[0,0,0,0],"packable":true,"pixelsToUnit":100,"pivot":{"x":0.5,"y":0.5},"meshType":0}],[0],0,[0],[0],[0]],[[{"name":"btn_dt_hui","rect":{"x":322,"y":625,"width":165,"height":61},"offset":{"x":0,"y":0},"originalSize":{"width":165,"height":61},"rotated":false,"capInsets":[0,0,0,0],"packable":true,"pixelsToUnit":100,"pivot":{"x":0.5,"y":0.5},"meshType":0}],[0],0,[0],[0],[0]],[[{"name":"word_person_bindphone","rect":{"x":322,"y":472,"width":188,"height":30},"offset":{"x":0,"y":0},"originalSize":{"width":188,"height":30},"rotated":false,"capInsets":[0,0,0,0],"packable":true,"pixelsToUnit":100,"pivot":{"x":0.5,"y":0.5},"meshType":0}],[0],0,[0],[0],[0]],[[{"name":"word_share_ekstrak","rect":{"x":143,"y":811,"width":77,"height":16},"offset":{"x":0,"y":0},"originalSize":{"width":77,"height":16},"rotated":true,"capInsets":[0,0,0,0],"packable":true,"pixelsToUnit":100,"pivot":{"x":0.5,"y":0.5},"meshType":0}],[0],0,[0],[0],[0]],[[{"name":"word_person_sound","rect":{"x":430,"y":69,"width":84,"height":21},"offset":{"x":0,"y":0},"originalSize":{"width":84,"height":21},"rotated":false,"capInsets":[0,0,0,0],"packable":true,"pixelsToUnit":100,"pivot":{"x":0.5,"y":0.5},"meshType":0}],[0],0,[0],[0],[0]],[[{"name":"fanshui_0","rect":{"x":483,"y":884,"width":94,"height":29},"offset":{"x":0,"y":0},"originalSize":{"width":94,"height":29},"rotated":true,"capInsets":[0,0,0,0],"packable":true,"pixelsToUnit":100,"pivot":{"x":0.5,"y":0.5},"meshType":0}],[0],0,[0],[0],[0]],[[{"name":"Akun ","rect":{"x":366,"y":347,"width":92,"height":28},"offset":{"x":0,"y":0},"originalSize":{"width":92,"height":28},"rotated":true,"capInsets":[0,0,0,0],"packable":true,"pixelsToUnit":100,"pivot":{"x":0.5,"y":0.5},"meshType":0}],[0],0,[0],[0],[0]],[[{"name":"word_share_instruksi","rect":{"x":3,"y":76,"width":313,"height":30},"offset":{"x":0,"y":0},"originalSize":{"width":313,"height":30},"rotated":false,"capInsets":[0,0,0,0],"packable":true,"pixelsToUnit":100,"pivot":{"x":0.5,"y":0.5},"meshType":0}],[0],0,[0],[0],[0]],[[{"name":"word_person_informasi","rect":{"x":451,"y":884,"width":128,"height":26},"offset":{"x":0,"y":0},"originalSize":{"width":128,"height":26},"rotated":true,"capInsets":[0,0,0,0],"packable":true,"pixelsToUnit":100,"pivot":{"x":0.5,"y":0.5},"meshType":0}],[0],0,[0],[0],[0]],[[{"name":"icon_dt_xinxi_libao","rect":{"x":369,"y":121,"width":54,"height":52},"offset":{"x":0,"y":0},"originalSize":{"width":54,"height":52},"rotated":false,"capInsets":[0,0,0,0],"packable":true,"pixelsToUnit":100,"pivot":{"x":0.5,"y":0.5},"meshType":0}],[0],0,[0],[0],[0]],[[{"name":"icon_dt_xinxi_xinxiao","rect":{"x":260,"y":625,"width":28,"height":21},"offset":{"x":0,"y":0},"originalSize":{"width":28,"height":21},"rotated":true,"capInsets":[0,0,0,0],"packable":true,"pixelsToUnit":100,"pivot":{"x":0.5,"y":0.5},"meshType":0}],[0],0,[0],[0],[0]],[[{"name":"word_person_batal","rect":{"x":233,"y":998,"width":76,"height":23},"offset":{"x":0,"y":0},"originalSize":{"width":76,"height":23},"rotated":false,"capInsets":[0,0,0,0],"packable":true,"pixelsToUnit":100,"pivot":{"x":0.5,"y":0.5},"meshType":0}],[0],0,[0],[0],[0]],[[{"name":"btn_fenxiang","rect":{"x":3,"y":112,"width":281,"height":61},"offset":{"x":0,"y":0.5},"originalSize":{"width":283,"height":62},"rotated":false,"capInsets":[0,0,0,0],"packable":true,"pixelsToUnit":100,"pivot":{"x":0.5,"y":0.5},"meshType":0}],[0],0,[0],[0],[0]],[[{"name":"word_water_rasioBonus","rect":{"x":3,"y":299,"width":270,"height":25},"offset":{"x":0,"y":0},"originalSize":{"width":270,"height":25},"rotated":false,"capInsets":[0,0,0,0],"packable":true,"pixelsToUnit":100,"pivot":{"x":0.5,"y":0.5},"meshType":0}],[0],0,[0],[0],[0]],[[{"name":"word_share_akting1","rect":{"x":373,"y":849,"width":128,"height":29},"offset":{"x":0,"y":0},"originalSize":{"width":128,"height":29},"rotated":false,"capInsets":[0,0,0,0],"packable":true,"pixelsToUnit":100,"pivot":{"x":0.5,"y":0.5},"meshType":0}],[0],0,[0],[0],[0]],[[{"name":"icon_dt_xinxi_yonghu_up","rect":{"x":322,"y":265,"width":32,"height":39},"offset":{"x":0,"y":0},"originalSize":{"width":32,"height":39},"rotated":true,"capInsets":[0,0,0,0],"packable":true,"pixelsToUnit":100,"pivot":{"x":0.5,"y":0.5},"meshType":0}],[0],0,[0],[0],[0]],[[{"name":"word_water_cuci","rect":{"x":143,"y":894,"width":114,"height":24},"offset":{"x":0,"y":0},"originalSize":{"width":114,"height":24},"rotated":true,"capInsets":[0,0,0,0],"packable":true,"pixelsToUnit":100,"pivot":{"x":0.5,"y":0.5},"meshType":0}],[0],0,[0],[0],[0]],[[{"name":"word_share_pemberi","rect":{"x":322,"y":508,"width":178,"height":45},"offset":{"x":0,"y":0},"originalSize":{"width":178,"height":45},"rotated":false,"capInsets":[0,0,0,0],"packable":true,"pixelsToUnit":100,"pivot":{"x":0.5,"y":0.5},"meshType":0}],[0],0,[0],[0],[0]],[[{"name":"icon_dt_xinxi_bag_down","rect":{"x":451,"y":733,"width":35,"height":35},"offset":{"x":0,"y":0},"originalSize":{"width":35,"height":35},"rotated":false,"capInsets":[0,0,0,0],"packable":true,"pixelsToUnit":100,"pivot":{"x":0.5,"y":0.5},"meshType":0}],[0],0,[0],[0],[0]],[[{"name":"word_water_koin","rect":{"x":3,"y":3,"width":422,"height":25},"offset":{"x":0,"y":0},"originalSize":{"width":422,"height":25},"rotated":false,"capInsets":[0,0,0,0],"packable":true,"pixelsToUnit":100,"pivot":{"x":0.5,"y":0.5},"meshType":0}],[0],0,[0],[0],[0]],[[{"name":"icon_peson_phone","rect":{"x":109,"y":955,"width":31,"height":26},"offset":{"x":0,"y":0},"originalSize":{"width":31,"height":26},"rotated":true,"capInsets":[0,0,0,0],"packable":true,"pixelsToUnit":100,"pivot":{"x":0.5,"y":0.5},"meshType":0}],[0],0,[0],[0],[0]],[[{"name":"img_water_skalaSaat","rect":{"x":370,"y":34,"width":55,"height":15},"offset":{"x":0,"y":0},"originalSize":{"width":55,"height":15},"rotated":false,"capInsets":[0,0,0,0],"packable":true,"pixelsToUnit":100,"pivot":{"x":0.5,"y":0.5},"meshType":0}],[0],0,[0],[0],[0]],[[{"name":"word_akting_pemberi","rect":{"x":3,"y":811,"width":134,"height":34},"offset":{"x":0,"y":0},"originalSize":{"width":134,"height":34},"rotated":false,"capInsets":[0,0,0,0],"packable":true,"pixelsToUnit":100,"pivot":{"x":0.5,"y":0.5},"meshType":0}],[0],0,[0],[0],[0]]]]
