{"importBase":"import","nativeBase":"native","name":"resources","deps":[],"uuids":["05sT8A779P/a9EDTGA8wya@f9941","07637c3e1","07ae0e1af","074MHXU9FIN7XnBBZTRPmu@f9941","08939171a","50lTeQYnFCe4tt9DBXCySR@f9941","52WLyYn6ZL9ZlYzRKWry0L@f9941","5bSX2EXplN57xvuUWrqS8H@f9941","8e/FCdklZDZ6WbzdbgXiOj@f9941","bc8sE88PBE0L16I3/heTuc@f9941","e81J3noStHZIfqzf8R4A69@f9941","faaLIcWgVBt57QstgKHP8B","faaLIcWgVBt57QstgKHP8B@6c48a","18939171a","18939171a@6c48a","19761aa0d","19761aa0d@6c48a","883XTBSMlHDqUPv/ns+wHP@f9941","faaLIcWgVBt57QstgKHP8B@f9941"],"paths":{"0":["btn_off/spriteFrame",0,1],"3":["icon_sg_lingdang_big@2x/spriteFrame",0,1],"5":["zhizhen/spriteFrame",0,1],"6":["ren/spriteFrame",0,1],"7":["tanchaung/spriteFrame",0,1],"8":["icon_fruits777_777/spriteFrame",0,1],"9":["bg_bandar_jinbibox_qita/spriteFrame",0,1],"10":["anniu/spriteFrame",0,1],"11":["bg1",1],"12":["bg1/texture",2,1],"17":["5/spriteFrame",0,1],"18":["bg1/spriteFrame",0,1]},"scenes":{},"packs":{"07637c3e1":["16","14","12"],"07ae0e1af":["15","13","11"],"08939171a":["0","3","5","6","7","8","9","10"]},"versions":{"import":[],"native":[]},"redirect":[],"debug":false,"extensionMap":{},"hasPreloadScript":true,"types":["cc.SpriteFrame","cc.ImageAsset","cc.Texture2D"]}