{"type":"cc.ImageAsset","data":[[1,0,0,["cc.ImageAsset"],0,[{"fmt":"0","w":0,"h":0},-1],[0],0,[],[],[]],[1,0,0,["cc.ImageAsset"],0,[{"fmt":"0","w":796,"h":791},-1],[0],0,[],[],[]],[1,0,0,["cc.ImageAsset"],0,[{"fmt":"0","w":0,"h":0},-1],[0],0,[],[],[]],[1,0,0,["cc.ImageAsset"],0,[{"fmt":"0","w":438,"h":1022},-1],[0],0,[],[],[]],[1,0,0,["cc.ImageAsset"],0,[{"fmt":"0","w":0,"h":0},-1],[0],0,[],[],[]],[1,0,0,["cc.ImageAsset"],0,[{"fmt":"0","w":0,"h":0},-1],[0],0,[],[],[]],[1,0,0,["cc.ImageAsset"],0,[{"fmt":"0","w":0,"h":0},-1],[0],0,[],[],[]],[1,0,0,["cc.ImageAsset"],0,[{"fmt":"0","w":0,"h":0},-1],[0],0,[],[],[]],[1,0,0,["cc.ImageAsset"],0,[{"fmt":"0","w":0,"h":0},-1],[0],0,[],[],[]],[1,0,0,["cc.ImageAsset"],0,[{"fmt":"0","w":0,"h":0},-1],[0],0,[],[],[]],[1,0,0,["cc.ImageAsset"],0,[{"fmt":"0","w":0,"h":0},-1],[0],0,[],[],[]],[1,0,0,["cc.ImageAsset"],0,[{"fmt":"0","w":0,"h":0},-1],[0],0,[],[],[]],[1,0,0,["cc.ImageAsset"],0,[{"fmt":"0","w":0,"h":0},-1],[0],0,[],[],[]],[1,0,0,["cc.ImageAsset"],0,[{"fmt":"0","w":0,"h":0},-1],[0],0,[],[],[]],[1,0,0,["cc.ImageAsset"],0,[{"fmt":"0","w":0,"h":0},-1],[0],0,[],[],[]],[1,0,0,["cc.ImageAsset"],0,[{"fmt":"0","w":0,"h":0},-1],[0],0,[],[],[]],[1,0,0,["cc.ImageAsset"],0,[{"fmt":"0","w":0,"h":0},-1],[0],0,[],[],[]],[1,0,0,["cc.ImageAsset"],0,[{"fmt":"0","w":0,"h":0},-1],[0],0,[],[],[]],[1,0,0,["cc.ImageAsset"],0,[{"fmt":"0","w":0,"h":0},-1],[0],0,[],[],[]],[1,0,0,["cc.ImageAsset"],0,[{"fmt":"0","w":0,"h":0},-1],[0],0,[],[],[]],[1,0,0,["cc.ImageAsset"],0,[{"fmt":"0","w":0,"h":0},-1],[0],0,[],[],[]],[1,0,0,["cc.ImageAsset"],0,[{"fmt":"0","w":64,"h":744},-1],[0],0,[],[],[]],[1,0,0,["cc.ImageAsset"],0,[{"fmt":"0","w":1008,"h":811},-1],[0],0,[],[],[]],[1,0,0,["cc.ImageAsset"],0,[{"fmt":"0","w":0,"h":0},-1],[0],0,[],[],[]],[1,0,0,["cc.ImageAsset"],0,[{"fmt":"0","w":0,"h":0},-1],[0],0,[],[],[]],[1,0,0,["cc.ImageAsset"],0,[{"fmt":"0","w":0,"h":0},-1],[0],0,[],[],[]],[1,0,0,["cc.ImageAsset"],0,[{"fmt":"0","w":0,"h":0},-1],[0],0,[],[],[]],[1,0,0,["cc.ImageAsset"],0,[{"fmt":"0","w":0,"h":0},-1],[0],0,[],[],[]],[1,0,0,["cc.ImageAsset"],0,[{"fmt":"0","w":0,"h":0},-1],[0],0,[],[],[]],[1,0,0,["cc.ImageAsset"],0,[{"fmt":"0","w":0,"h":0},-1],[0],0,[],[],[]],[1,0,0,["cc.ImageAsset"],0,[{"fmt":"0","w":0,"h":0},-1],[0],0,[],[],[]],[1,0,0,["cc.ImageAsset"],0,[{"fmt":"0","w":0,"h":0},-1],[0],0,[],[],[]],[1,0,0,["cc.ImageAsset"],0,[{"fmt":"0","w":0,"h":0},-1],[0],0,[],[],[]],[1,0,0,["cc.ImageAsset"],0,[{"fmt":"0","w":0,"h":0},-1],[0],0,[],[],[]],[1,0,0,["cc.ImageAsset"],0,[{"fmt":"0","w":0,"h":0},-1],[0],0,[],[],[]],[1,0,0,["cc.ImageAsset"],0,[{"fmt":"0","w":90,"h":798},-1],[0],0,[],[],[]],[1,0,0,["cc.ImageAsset"],0,[{"fmt":"0","w":1023,"h":1023},-1],[0],0,[],[],[]],[1,0,0,["cc.ImageAsset"],0,[{"fmt":"0","w":731,"h":731},-1],[0],0,[],[],[]],[1,0,0,["cc.ImageAsset"],0,[{"fmt":"0","w":0,"h":0},-1],[0],0,[],[],[]],[1,0,0,["cc.ImageAsset"],0,[{"fmt":"0","w":0,"h":0},-1],[0],0,[],[],[]],[1,0,0,["cc.ImageAsset"],0,[{"fmt":"0","w":0,"h":0},-1],[0],0,[],[],[]],[1,0,0,["cc.ImageAsset"],0,[{"fmt":"0","w":0,"h":0},-1],[0],0,[],[],[]],[1,0,0,["cc.ImageAsset"],0,[{"fmt":"0","w":0,"h":0},-1],[0],0,[],[],[]],[1,0,0,["cc.ImageAsset"],0,[{"fmt":"0","w":0,"h":0},-1],[0],0,[],[],[]],[1,0,0,["cc.ImageAsset"],0,[{"fmt":"0","w":0,"h":0},-1],[0],0,[],[],[]],[1,0,0,["cc.ImageAsset"],0,[{"fmt":"0","w":0,"h":0},-1],[0],0,[],[],[]],[1,0,0,["cc.ImageAsset"],0,[{"fmt":"0","w":0,"h":0},-1],[0],0,[],[],[]],[1,0,0,["cc.ImageAsset"],0,[{"fmt":"0","w":0,"h":0},-1],[0],0,[],[],[]],[1,0,0,["cc.ImageAsset"],0,[{"fmt":"0","w":0,"h":0},-1],[0],0,[],[],[]],[1,0,0,["cc.ImageAsset"],0,[{"fmt":"0","w":0,"h":0},-1],[0],0,[],[],[]],[1,0,0,["cc.ImageAsset"],0,[{"fmt":"0","w":0,"h":0},-1],[0],0,[],[],[]],[1,0,0,["cc.ImageAsset"],0,[{"fmt":"0","w":0,"h":0},-1],[0],0,[],[],[]],[1,0,0,["cc.ImageAsset"],0,[{"fmt":"0","w":0,"h":0},-1],[0],0,[],[],[]],[1,0,0,["cc.ImageAsset"],0,[{"fmt":"0","w":0,"h":0},-1],[0],0,[],[],[]],[1,0,0,["cc.ImageAsset"],0,[{"fmt":"0","w":0,"h":0},-1],[0],0,[],[],[]],[1,0,0,["cc.ImageAsset"],0,[{"fmt":"0","w":0,"h":0},-1],[0],0,[],[],[]],[1,0,0,["cc.ImageAsset"],0,[{"fmt":"0","w":0,"h":0},-1],[0],0,[],[],[]],[1,0,0,["cc.ImageAsset"],0,[{"fmt":"0","w":0,"h":0},-1],[0],0,[],[],[]],[1,0,0,["cc.ImageAsset"],0,[{"fmt":"0","w":0,"h":0},-1],[0],0,[],[],[]],[1,0,0,["cc.ImageAsset"],0,[{"fmt":"0","w":0,"h":0},-1],[0],0,[],[],[]],[1,0,0,["cc.ImageAsset"],0,[{"fmt":"0","w":0,"h":0},-1],[0],0,[],[],[]],[1,0,0,["cc.ImageAsset"],0,[{"fmt":"0","w":0,"h":0},-1],[0],0,[],[],[]],[1,0,0,["cc.ImageAsset"],0,[{"fmt":"0","w":0,"h":0},-1],[0],0,[],[],[]],[1,0,0,["cc.ImageAsset"],0,[{"fmt":"0","w":0,"h":0},-1],[0],0,[],[],[]],[1,0,0,["cc.ImageAsset"],0,[{"fmt":"0","w":0,"h":0},-1],[0],0,[],[],[]],[1,0,0,["cc.ImageAsset"],0,[{"fmt":"0","w":0,"h":0},-1],[0],0,[],[],[]],[1,0,0,["cc.ImageAsset"],0,[{"fmt":"0","w":0,"h":0},-1],[0],0,[],[],[]],[1,0,0,["cc.ImageAsset"],0,[{"fmt":"0","w":0,"h":0},-1],[0],0,[],[],[]],[1,0,0,["cc.ImageAsset"],0,[{"fmt":"0","w":0,"h":0},-1],[0],0,[],[],[]],[1,0,0,["cc.ImageAsset"],0,[{"fmt":"0","w":0,"h":0},-1],[0],0,[],[],[]],[1,0,0,["cc.ImageAsset"],0,[{"fmt":"0","w":0,"h":0},-1],[0],0,[],[],[]],[1,0,0,["cc.ImageAsset"],0,[{"fmt":"0","w":0,"h":0},-1],[0],0,[],[],[]],[1,0,0,["cc.ImageAsset"],0,[{"fmt":"0","w":0,"h":0},-1],[0],0,[],[],[]],[1,0,0,["cc.ImageAsset"],0,[{"fmt":"0","w":0,"h":0},-1],[0],0,[],[],[]],[1,0,0,["cc.ImageAsset"],0,[{"fmt":"0","w":0,"h":0},-1],[0],0,[],[],[]],[1,0,0,["cc.ImageAsset"],0,[{"fmt":"0","w":0,"h":0},-1],[0],0,[],[],[]],[1,0,0,["cc.ImageAsset"],0,[{"fmt":"0","w":0,"h":0},-1],[0],0,[],[],[]],[1,0,0,["cc.ImageAsset"],0,[{"fmt":"0","w":0,"h":0},-1],[0],0,[],[],[]],[1,0,0,["cc.ImageAsset"],0,[{"fmt":"0","w":0,"h":0},-1],[0],0,[],[],[]],[1,0,0,["cc.ImageAsset"],0,[{"fmt":"0","w":0,"h":0},-1],[0],0,[],[],[]],[1,0,0,["cc.ImageAsset"],0,[{"fmt":"0","w":0,"h":0},-1],[0],0,[],[],[]],[1,0,0,["cc.ImageAsset"],0,[{"fmt":"0","w":0,"h":0},-1],[0],0,[],[],[]],[1,0,0,["cc.ImageAsset"],0,[{"fmt":"0","w":0,"h":0},-1],[0],0,[],[],[]],[1,0,0,["cc.ImageAsset"],0,[{"fmt":"0","w":0,"h":0},-1],[0],0,[],[],[]],[1,0,0,["cc.ImageAsset"],0,[{"fmt":"0","w":0,"h":0},-1],[0],0,[],[],[]],[1,0,0,["cc.ImageAsset"],0,[{"fmt":"0","w":0,"h":0},-1],[0],0,[],[],[]],[1,0,0,["cc.ImageAsset"],0,[{"fmt":"0","w":0,"h":0},-1],[0],0,[],[],[]],[1,0,0,["cc.ImageAsset"],0,[{"fmt":"0","w":0,"h":0},-1],[0],0,[],[],[]],[1,0,0,["cc.ImageAsset"],0,[{"fmt":"0","w":0,"h":0},-1],[0],0,[],[],[]],[1,0,0,["cc.ImageAsset"],0,[{"fmt":"0","w":0,"h":0},-1],[0],0,[],[],[]],[1,0,0,["cc.ImageAsset"],0,[{"fmt":"0","w":0,"h":0},-1],[0],0,[],[],[]],[1,0,0,["cc.ImageAsset"],0,[{"fmt":"0","w":0,"h":0},-1],[0],0,[],[],[]],[1,0,0,["cc.ImageAsset"],0,[{"fmt":"0","w":0,"h":0},-1],[0],0,[],[],[]],[1,0,0,["cc.ImageAsset"],0,[{"fmt":"0","w":0,"h":0},-1],[0],0,[],[],[]],[1,0,0,["cc.ImageAsset"],0,[{"fmt":"0","w":0,"h":0},-1],[0],0,[],[],[]],[1,0,0,["cc.ImageAsset"],0,[{"fmt":"0","w":0,"h":0},-1],[0],0,[],[],[]],[1,0,0,["cc.ImageAsset"],0,[{"fmt":"0","w":0,"h":0},-1],[0],0,[],[],[]],[1,0,0,["cc.ImageAsset"],0,[{"fmt":"0","w":0,"h":0},-1],[0],0,[],[],[]],[1,0,0,["cc.ImageAsset"],0,[{"fmt":"1","w":0,"h":0},-1],[0],0,[],[],[]],[1,0,0,["cc.ImageAsset"],0,[{"fmt":"0","w":0,"h":0},-1],[0],0,[],[],[]]]}
