{"importBase":"import","nativeBase":"native","name":"resources","deps":[],"uuids":["faaLIcWgVBt57QstgKHP8B","05sT8A779P/a9EDTGA8wya@f9941","074MHXU9FIN7XnBBZTRPmu@f9941","18939171a","19761aa0d","50lTeQYnFCe4tt9DBXCySR@f9941","52WLyYn6ZL9ZlYzRKWry0L@f9941","5bSX2EXplN57xvuUWrqS8H@f9941","883XTBSMlHDqUPv/ns+wHP@f9941","8e/FCdklZDZ6WbzdbgXiOj@f9941","bc8sE88PBE0L16I3/heTuc@f9941","e81J3noStHZIfqzf8R4A69@f9941","faaLIcWgVBt57QstgKHP8B@6c48a","faaLIcWgVBt57QstgKHP8B@f9941","07637c3e1","07ae0e1af","08939171a","18939171a@6c48a","19761aa0d@6c48a"],"paths":{"0":["bg1",1],"1":["btn_off/spriteFrame",0,1],"2":["icon_sg_lingdang_big@2x/spriteFrame",0,1],"5":["zhizhen/spriteFrame",0,1],"6":["ren/spriteFrame",0,1],"7":["tanchaung/spriteFrame",0,1],"8":["5/spriteFrame",0,1],"9":["icon_fruits777_777/spriteFrame",0,1],"10":["bg_bandar_jinbibox_qita/spriteFrame",0,1],"11":["anniu/spriteFrame",0,1],"12":["bg1/texture",2,1],"13":["bg1/spriteFrame",0,1]},"scenes":{},"packs":{"07637c3e1":["18","17","12"],"07ae0e1af":["4","3","0"],"08939171a":["1","2","5","6","7","9","10","11"]},"versions":{"import":[14,"b9438",15,"2c082",16,"1b8d6",8,"f49f1",13,"0e467"],"native":[3,"3f1a7",4,"95d7e",0,"d81fb"]},"redirect":[],"debug":false,"extensionMap":{},"hasPreloadScript":true,"types":["cc.SpriteFrame","cc.ImageAsset","cc.Texture2D"]}