[1,["51DIUk5AxD9YUQlwS9qqwh@6c48a"],["_textureSource"],["cc.SpriteFrame"],0,[{"name":"small","rect":{"x":0,"y":0,"width":194,"height":70},"offset":{"x":0,"y":0.5},"originalSize":{"width":194,"height":71},"rotated":false,"capInsets":[0,0,0,0],"vertices":{"rawPosition":[-97,-35,0,97,-35,0,-97,35,0,97,35,0],"indexes":[0,1,2,2,1,3],"uv":[0,71,194,71,0,1,194,1],"nuv":[0,0.014084507042253521,1,0.014084507042253521,0,1,1,1],"minPos":{"x":-97,"y":-35,"z":0},"maxPos":{"x":97,"y":35,"z":0}},"packable":true,"pixelsToUnit":100,"pivot":{"x":0.5,"y":0.5},"meshType":0}],[0],0,[0],[0],[0]]
