[1,["111444c3f@6c48a"],["_textureSource"],["cc.SpriteFrame","cc.SpriteAtlas"],0,[[[{"name":"title_NewPlayerDiscount","rect":{"x":645,"y":915,"width":345,"height":36},"offset":{"x":0,"y":0},"originalSize":{"width":345,"height":36},"rotated":false,"capInsets":[0,0,0,0],"packable":true,"pixelsToUnit":100,"pivot":{"x":0.5,"y":0.5},"meshType":0}],[0],0,[0],[0],[0]],[[{"name":"word_shop_shopee1","rect":{"x":804,"y":982,"width":108,"height":34},"offset":{"x":0,"y":0},"originalSize":{"width":108,"height":34},"rotated":false,"capInsets":[0,0,0,0],"packable":true,"pixelsToUnit":100,"pivot":{"x":0.5,"y":0.5},"meshType":0}],[0],0,[0],[0],[0]],[[{"name":"word_shop_va1","rect":{"x":398,"y":990,"width":45,"height":28},"offset":{"x":0.5,"y":0},"originalSize":{"width":46,"height":28},"rotated":false,"capInsets":[0,0,0,0],"packable":true,"pixelsToUnit":100,"pivot":{"x":0.5,"y":0.5},"meshType":0}],[0],0,[0],[0],[0]],[[{"name":"word_shop_coin1","rect":{"x":633,"y":982,"width":165,"height":38},"offset":{"x":0.5,"y":0},"originalSize":{"width":166,"height":40},"rotated":false,"capInsets":[0,0,0,0],"packable":true,"pixelsToUnit":100,"pivot":{"x":0.5,"y":0.5},"meshType":0}],[0],0,[0],[0],[0]],[[{"name":"person_women","rect":{"x":3,"y":569,"width":405,"height":636},"offset":{"x":0,"y":0},"originalSize":{"width":405,"height":636},"rotated":true,"capInsets":[0,0,0,0],"packable":true,"pixelsToUnit":100,"pivot":{"x":0.5,"y":0.5},"meshType":0}],[0],0,[0],[0],[0]],[[{"name":"choose_shop_in","rect":{"x":935,"y":569,"width":151,"height":84},"offset":{"x":0,"y":0.5},"originalSize":{"width":151,"height":85},"rotated":true,"capInsets":[15,15,15,15],"packable":true,"pixelsToUnit":100,"pivot":{"x":0.5,"y":0.5},"meshType":0}],[0],0,[0],[0],[0]],[[{"name":"xuanzhong","rect":{"x":765,"y":569,"width":164,"height":164},"offset":{"x":0,"y":0},"originalSize":{"width":164,"height":164},"rotated":false,"capInsets":[0,0,0,0],"packable":true,"pixelsToUnit":100,"pivot":{"x":0.5,"y":0.5},"meshType":0}],[0],0,[0],[0],[0]],[[{"name":"auto_shop","spriteFrames":[]}],[1],0,[],[],[]],[[{"name":"icon_shop_title6","rect":{"x":449,"y":990,"width":35,"height":24},"offset":{"x":0,"y":0},"originalSize":{"width":35,"height":24},"rotated":false,"capInsets":[0,0,0,0],"packable":true,"pixelsToUnit":100,"pivot":{"x":0.5,"y":0.5},"meshType":0}],[0],0,[0],[0],[0]],[[{"name":"word_shop_va","rect":{"x":996,"y":905,"width":43,"height":24},"offset":{"x":0,"y":0},"originalSize":{"width":43,"height":24},"rotated":true,"capInsets":[0,0,0,0],"packable":true,"pixelsToUnit":100,"pivot":{"x":0.5,"y":0.5},"meshType":0}],[0],0,[0],[0],[0]],[[{"name":"img_tas_cutdown","rect":{"x":509,"y":980,"width":118,"height":41},"offset":{"x":0,"y":0},"originalSize":{"width":118,"height":41},"rotated":false,"capInsets":[0,0,0,0],"packable":true,"pixelsToUnit":100,"pivot":{"x":0.5,"y":0.5},"meshType":0}],[0],0,[0],[0],[0]],[[{"name":"btn_gift","rect":{"x":645,"y":822,"width":304,"height":87},"offset":{"x":0,"y":0},"originalSize":{"width":304,"height":87},"rotated":false,"capInsets":[0,0,0,0],"packable":true,"pixelsToUnit":100,"pivot":{"x":0.5,"y":0.5},"meshType":0}],[0],0,[0],[0],[0]],[[{"name":"payment         method","rect":{"x":645,"y":569,"width":247,"height":114},"offset":{"x":0,"y":-1},"originalSize":{"width":253,"height":118},"rotated":true,"capInsets":[0,0,0,0],"packable":true,"pixelsToUnit":100,"pivot":{"x":0.5,"y":0.5},"meshType":0}],[0],0,[0],[0],[0]],[[{"name":"img_daily_jiaobiao","rect":{"x":937,"y":957,"width":56,"height":56},"offset":{"x":0,"y":0},"originalSize":{"width":56,"height":56},"rotated":false,"capInsets":[0,0,0,0],"packable":true,"pixelsToUnit":100,"pivot":{"x":0.5,"y":0.5},"meshType":0}],[0],0,[0],[0],[0]],[[{"name":"title_history","rect":{"x":765,"y":739,"width":221,"height":69},"offset":{"x":-0.5,"y":1},"originalSize":{"width":222,"height":71},"rotated":false,"capInsets":[0,0,0,0],"packable":true,"pixelsToUnit":100,"pivot":{"x":0.5,"y":0.5},"meshType":0}],[0],0,[0],[0],[0]],[[{"name":"bg_shop_rolr","rect":{"x":829,"y":3,"width":186,"height":517},"offset":{"x":0,"y":0},"originalSize":{"width":186,"height":517},"rotated":false,"capInsets":[0,0,0,0],"packable":true,"pixelsToUnit":100,"pivot":{"x":0.5,"y":0.5},"meshType":0}],[0],0,[0],[0],[0]],[[{"name":"word_shop_TopUpNow","rect":{"x":829,"y":526,"width":191,"height":37},"offset":{"x":0,"y":0},"originalSize":{"width":191,"height":37},"rotated":false,"capInsets":[0,0,0,0],"packable":true,"pixelsToUnit":100,"pivot":{"x":0.5,"y":0.5},"meshType":0}],[0],0,[0],[0],[0]],[[{"name":"pro_shop_in","rect":{"x":3,"y":990,"width":389,"height":25},"offset":{"x":0,"y":0},"originalSize":{"width":389,"height":25},"rotated":false,"capInsets":[22,0,18,0],"packable":true,"pixelsToUnit":100,"pivot":{"x":0.5,"y":0.5},"meshType":0}],[0],0,[0],[0],[0]],[[{"name":"word_shop_dana1","rect":{"x":955,"y":814,"width":85,"height":28},"offset":{"x":0,"y":0},"originalSize":{"width":85,"height":28},"rotated":true,"capInsets":[0,0,0,0],"packable":true,"pixelsToUnit":100,"pivot":{"x":0.5,"y":0.5},"meshType":0}],[0],0,[0],[0],[0]],[[{"name":"img_line","rect":{"x":3,"y":980,"width":500,"height":4},"offset":{"x":0,"y":0},"originalSize":{"width":500,"height":4},"rotated":false,"capInsets":[0,0,0,0],"packable":true,"pixelsToUnit":100,"pivot":{"x":0.5,"y":0.5},"meshType":0}],[0],0,[0],[0],[0]],[[{"name":"word_shop_pergi","rect":{"x":989,"y":814,"width":85,"height":27},"offset":{"x":0,"y":0},"originalSize":{"width":85,"height":27},"rotated":true,"capInsets":[0,0,0,0],"packable":true,"pixelsToUnit":100,"pivot":{"x":0.5,"y":0.5},"meshType":0}],[0],0,[0],[0],[0]],[[{"name":"shanchuxian","rect":{"x":645,"y":957,"width":286,"height":19},"offset":{"x":0,"y":0},"originalSize":{"width":288,"height":19},"rotated":false,"capInsets":[0,0,0,0],"packable":true,"pixelsToUnit":100,"pivot":{"x":0.5,"y":0.5},"meshType":0}],[0],0,[0],[0],[0]],[[{"name":"kuang","rect":{"x":3,"y":3,"width":820,"height":560},"offset":{"x":0,"y":0},"originalSize":{"width":820,"height":560},"rotated":false,"capInsets":[0,0,0,0],"packable":true,"pixelsToUnit":100,"pivot":{"x":0.5,"y":0.5},"meshType":0}],[0],0,[0],[0],[0]],[[{"name":"word_shop_ovo","rect":{"x":992,"y":726,"width":64,"height":25},"offset":{"x":0,"y":0},"originalSize":{"width":64,"height":25},"rotated":true,"capInsets":[0,0,0,0],"packable":true,"pixelsToUnit":100,"pivot":{"x":0.5,"y":0.5},"meshType":0}],[0],0,[0],[0],[0]]]]
