[1,["10Xj8qom9Fq6Zqag9lxjlO@6c48a","4fWG8BhXNEGrGwc8aSpVsL@6c48a"],["_textureSource"],["cc.SpriteFrame"],0,[[[{"name":"deng_1","rect":{"x":0,"y":6,"width":904,"height":52},"offset":{"x":0,"y":-2.5},"originalSize":{"width":904,"height":59},"rotated":false,"capInsets":[0,0,0,0],"vertices":{"rawPosition":[-452,-26,0,452,-26,0,-452,26,0,452,26,0],"indexes":[0,1,2,2,1,3],"uv":[0,53,904,53,0,1,904,1],"nuv":[0,0.01694915254237288,1,0.01694915254237288,0,0.8983050847457628,1,0.8983050847457628],"minPos":{"x":-452,"y":-26,"z":0},"maxPos":{"x":452,"y":26,"z":0}},"packable":true,"pixelsToUnit":100,"pivot":{"x":0.5,"y":0.5},"meshType":0}],[0],0,[0],[0],[0]],[[{"name":"deng_2","rect":{"x":0,"y":2,"width":904,"height":56},"offset":{"x":0,"y":-0.5},"originalSize":{"width":904,"height":59},"rotated":false,"capInsets":[0,0,0,0],"vertices":{"rawPosition":[-452,-28,0,452,-28,0,-452,28,0,452,28,0],"indexes":[0,1,2,2,1,3],"uv":[0,57,904,57,0,1,904,1],"nuv":[0,0.01694915254237288,1,0.01694915254237288,0,0.9661016949152542,1,0.9661016949152542],"minPos":{"x":-452,"y":-28,"z":0},"maxPos":{"x":452,"y":28,"z":0}},"packable":true,"pixelsToUnit":100,"pivot":{"x":0.5,"y":0.5},"meshType":0}],[0],0,[0],[0],[1]]]]
