[1,["1c1ce178f@6c48a"],["_textureSource"],["cc.SpriteFrame","cc.SpriteAtlas"],0,[[[{"name":"zhongjiangmingdan_anniu_Hadiahku","rect":{"x":333,"y":559,"width":64,"height":25},"offset":{"x":0,"y":0},"originalSize":{"width":64,"height":25},"rotated":true,"capInsets":[0,0,0,0],"packable":true,"pixelsToUnit":100,"pivot":{"x":0.5,"y":0.5},"meshType":0}],[0],0,[0],[0],[0]],[[{"name":"huodongzhuti","rect":{"x":287,"y":633,"width":372,"height":132},"offset":{"x":0,"y":0},"originalSize":{"width":372,"height":132},"rotated":true,"capInsets":[0,0,0,0],"packable":true,"pixelsToUnit":100,"pivot":{"x":0.5,"y":0.5},"meshType":0}],[0],0,[0],[0],[0]],[[{"name":"jiangpin_3","rect":{"x":951,"y":969,"width":49,"height":44},"offset":{"x":0,"y":0},"originalSize":{"width":49,"height":44},"rotated":true,"capInsets":[0,0,0,0],"packable":true,"pixelsToUnit":100,"pivot":{"x":0.5,"y":0.5},"meshType":0}],[0],0,[0],[0],[0]],[[{"name":"xiangqqing_anniu","rect":{"x":841,"y":858,"width":49,"height":84},"offset":{"x":0.5,"y":0},"originalSize":{"width":50,"height":84},"rotated":false,"capInsets":[0,0,0,0],"packable":true,"pixelsToUnit":100,"pivot":{"x":0.5,"y":0.5},"meshType":0}],[0],0,[0],[0],[0]],[[{"name":"jiangpin_7","rect":{"x":267,"y":559,"width":64,"height":60},"offset":{"x":0,"y":0},"originalSize":{"width":64,"height":60},"rotated":true,"capInsets":[0,0,0,0],"packable":true,"pixelsToUnit":100,"pivot":{"x":0.5,"y":0.5},"meshType":0}],[0],0,[0],[0],[0]],[[{"name":"zhanpan_xaingqing_fanhuianniu","rect":{"x":951,"y":913,"width":50,"height":51},"offset":{"x":0,"y":0},"originalSize":{"width":50,"height":51},"rotated":true,"capInsets":[0,0,0,0],"packable":true,"pixelsToUnit":100,"pivot":{"x":0.5,"y":0.5},"meshType":0}],[0],0,[0],[0],[0]],[[{"name":"zhuanpan-deng","rect":{"x":849,"y":3,"width":624,"height":166},"offset":{"x":0,"y":0},"originalSize":{"width":624,"height":166},"rotated":true,"capInsets":[0,0,0,0],"packable":true,"pixelsToUnit":100,"pivot":{"x":0.5,"y":0.5},"meshType":0}],[0],0,[0],[0],[0]],[[{"name":"baoxiang","rect":{"x":3,"y":633,"width":386,"height":278},"offset":{"x":0,"y":0},"originalSize":{"width":386,"height":278},"rotated":true,"capInsets":[0,0,0,0],"packable":true,"pixelsToUnit":100,"pivot":{"x":0.5,"y":0.5},"meshType":0}],[0],0,[0],[0],[0]],[[{"name":"xiaoxitongzhi_dikuang","rect":{"x":476,"y":990,"width":407,"height":29},"offset":{"x":0,"y":0},"originalSize":{"width":407,"height":29},"rotated":false,"capInsets":[0,0,0,0],"packable":true,"pixelsToUnit":100,"pivot":{"x":0.5,"y":0.5},"meshType":0}],[0],0,[0],[0],[0]],[[{"name":"jiangpin_6","rect":{"x":951,"y":858,"width":49,"height":52},"offset":{"x":0,"y":0},"originalSize":{"width":49,"height":52},"rotated":true,"capInsets":[0,0,0,0],"packable":true,"pixelsToUnit":100,"pivot":{"x":0.5,"y":0.5},"meshType":0}],[0],0,[0],[0],[0]],[[{"name":"zhuanpan-xiangqing-biaoti","rect":{"x":395,"y":559,"width":438,"height":24},"offset":{"x":0,"y":0},"originalSize":{"width":438,"height":24},"rotated":false,"capInsets":[0,0,0,0],"packable":true,"pixelsToUnit":100,"pivot":{"x":0.5,"y":0.5},"meshType":0}],[0],0,[0],[0],[0]],[[{"name":"zhongjiangmingdan_anniu_Catatan lotere（2）","rect":{"x":889,"y":633,"width":127,"height":23},"offset":{"x":0,"y":0},"originalSize":{"width":127,"height":23},"rotated":false,"capInsets":[0,0,0,0],"packable":true,"pixelsToUnit":100,"pivot":{"x":0.5,"y":0.5},"meshType":0}],[0],0,[0],[0],[0]],[[{"name":"zhuanpan_bj","rect":{"x":3,"y":3,"width":840,"height":550},"offset":{"x":0,"y":0},"originalSize":{"width":840,"height":550},"rotated":false,"capInsets":[0,0,0,0],"packable":true,"pixelsToUnit":100,"pivot":{"x":0.5,"y":0.5},"meshType":0}],[0],0,[0],[0],[0]],[[{"name":"auto_activity","spriteFrames":[]}],[1],0,[],[],[]],[[{"name":"btn","rect":{"x":3,"y":559,"width":258,"height":65},"offset":{"x":0,"y":0},"originalSize":{"width":258,"height":65},"rotated":false,"capInsets":[0,0,0,0],"packable":true,"pixelsToUnit":100,"pivot":{"x":0.5,"y":0.5},"meshType":0}],[0],0,[0],[0],[0]],[[{"name":"jiangpin_5","rect":{"x":896,"y":858,"width":47,"height":49},"offset":{"x":0,"y":0},"originalSize":{"width":47,"height":49},"rotated":true,"capInsets":[0,0,0,0],"packable":true,"pixelsToUnit":100,"pivot":{"x":0.5,"y":0.5},"meshType":0}],[0],0,[0],[0],[0]],[[{"name":"zhongjiangmingdan_anniu_Hadiahku（2）","rect":{"x":364,"y":559,"width":64,"height":25},"offset":{"x":0,"y":0},"originalSize":{"width":64,"height":25},"rotated":true,"capInsets":[0,0,0,0],"packable":true,"pixelsToUnit":100,"pivot":{"x":0.5,"y":0.5},"meshType":0}],[0],0,[0],[0],[0]],[[{"name":"jiangpin_4","rect":{"x":841,"y":633,"width":42,"height":47},"offset":{"x":0,"y":0},"originalSize":{"width":42,"height":47},"rotated":false,"capInsets":[0,0,0,0],"packable":true,"pixelsToUnit":100,"pivot":{"x":0.5,"y":0.5},"meshType":0}],[0],0,[0],[0],[0]],[[{"name":"zhuanpan_huangquan_BIG","rect":{"x":439,"y":589,"width":395,"height":396},"offset":{"x":0,"y":0},"originalSize":{"width":395,"height":396},"rotated":true,"capInsets":[0,0,0,0],"packable":true,"pixelsToUnit":100,"pivot":{"x":0.5,"y":0.5},"meshType":0}],[0],0,[0],[0],[0]],[[{"name":"zhongjiangmingdan_anniu","rect":{"x":882,"y":691,"width":139,"height":33},"offset":{"x":0,"y":0},"originalSize":{"width":139,"height":33},"rotated":false,"capInsets":[22,0,22,0],"packable":true,"pixelsToUnit":100,"pivot":{"x":0.5,"y":0.5},"meshType":0}],[0],0,[0],[0],[0]],[[{"name":"unread","rect":{"x":425,"y":990,"width":45,"height":30},"offset":{"x":0,"y":0},"originalSize":{"width":45,"height":30},"rotated":false,"capInsets":[0,0,0,0],"packable":true,"pixelsToUnit":100,"pivot":{"x":0.5,"y":0.5},"meshType":0}],[0],0,[0],[0],[0]],[[{"name":"xiaoxitongzhi_icon","rect":{"x":841,"y":737,"width":18,"height":18},"offset":{"x":0,"y":0},"originalSize":{"width":18,"height":18},"rotated":false,"capInsets":[0,0,0,0],"packable":true,"pixelsToUnit":100,"pivot":{"x":0.5,"y":0.5},"meshType":0}],[0],0,[0],[0],[0]],[[{"name":"guanbi","rect":{"x":889,"y":948,"width":57,"height":56},"offset":{"x":0,"y":0},"originalSize":{"width":57,"height":56},"rotated":true,"capInsets":[0,0,0,0],"packable":true,"pixelsToUnit":100,"pivot":{"x":0.5,"y":0.5},"meshType":0}],[0],0,[0],[0],[0]],[[{"name":"jiangpin_2","rect":{"x":841,"y":686,"width":45,"height":35},"offset":{"x":0,"y":0},"originalSize":{"width":45,"height":35},"rotated":true,"capInsets":[0,0,0,0],"packable":true,"pixelsToUnit":100,"pivot":{"x":0.5,"y":0.5},"meshType":0}],[0],0,[0],[0],[0]],[[{"name":"jiangpin_1","rect":{"x":395,"y":589,"width":38,"height":38},"offset":{"x":0,"y":0},"originalSize":{"width":38,"height":38},"rotated":false,"capInsets":[0,0,0,0],"packable":true,"pixelsToUnit":100,"pivot":{"x":0.5,"y":0.5},"meshType":0}],[0],0,[0],[0],[0]],[[{"name":"zhuanpan_anniu","rect":{"x":882,"y":730,"width":122,"height":135},"offset":{"x":0,"y":0},"originalSize":{"width":122,"height":135},"rotated":true,"capInsets":[0,0,0,0],"packable":true,"pixelsToUnit":100,"pivot":{"x":0.5,"y":0.5},"meshType":0}],[0],0,[0],[0],[0]],[[{"name":"zhongjiangmingdan_anniu_Catatan lotere","rect":{"x":889,"y":662,"width":127,"height":23},"offset":{"x":0,"y":0},"originalSize":{"width":127,"height":23},"rotated":false,"capInsets":[0,0,0,0],"packable":true,"pixelsToUnit":100,"pivot":{"x":0.5,"y":0.5},"meshType":0}],[0],0,[0],[0],[0]]]]
