[1,["3fFCuxoo9C2btukoM9auPJ@6c48a"],0,[["sp.SkeletonData",["_name","_atlasText","textureNames","_skeletonJson","textures"],-1,3]],[[0,0,1,2,3,4,5]],[[0,"libaoicon","\r\nlibaoicon.png\r\nsize: 2048,128\r\nformat: RGBA8888\r\nfilter: Linear,Linear\r\nrepeat: none\r\n1\r\n  rotate: false\r\n  xy: 2, 2\r\n  size: 108, 104\r\n  orig: 108, 104\r\n  offset: 0, 0\r\n  index: -1\r\n10\r\n  rotate: false\r\n  xy: 992, 2\r\n  size: 108, 104\r\n  orig: 108, 104\r\n  offset: 0, 0\r\n  index: -1\r\n11\r\n  rotate: false\r\n  xy: 1102, 2\r\n  size: 108, 104\r\n  orig: 108, 104\r\n  offset: 0, 0\r\n  index: -1\r\n12\r\n  rotate: false\r\n  xy: 1212, 2\r\n  size: 108, 104\r\n  orig: 108, 104\r\n  offset: 0, 0\r\n  index: -1\r\n13\r\n  rotate: false\r\n  xy: 1322, 2\r\n  size: 108, 104\r\n  orig: 108, 104\r\n  offset: 0, 0\r\n  index: -1\r\n14\r\n  rotate: false\r\n  xy: 1432, 2\r\n  size: 108, 104\r\n  orig: 108, 104\r\n  offset: 0, 0\r\n  index: -1\r\n15\r\n  rotate: false\r\n  xy: 1542, 2\r\n  size: 108, 104\r\n  orig: 108, 104\r\n  offset: 0, 0\r\n  index: -1\r\n2\r\n  rotate: false\r\n  xy: 112, 2\r\n  size: 108, 104\r\n  orig: 108, 104\r\n  offset: 0, 0\r\n  index: -1\r\n3\r\n  rotate: false\r\n  xy: 222, 2\r\n  size: 108, 104\r\n  orig: 108, 104\r\n  offset: 0, 0\r\n  index: -1\r\n4\r\n  rotate: false\r\n  xy: 332, 2\r\n  size: 108, 104\r\n  orig: 108, 104\r\n  offset: 0, 0\r\n  index: -1\r\n5\r\n  rotate: false\r\n  xy: 442, 2\r\n  size: 108, 104\r\n  orig: 108, 104\r\n  offset: 0, 0\r\n  index: -1\r\n6\r\n  rotate: false\r\n  xy: 552, 2\r\n  size: 108, 104\r\n  orig: 108, 104\r\n  offset: 0, 0\r\n  index: -1\r\n7\r\n  rotate: false\r\n  xy: 662, 2\r\n  size: 108, 104\r\n  orig: 108, 104\r\n  offset: 0, 0\r\n  index: -1\r\n8\r\n  rotate: false\r\n  xy: 772, 2\r\n  size: 108, 104\r\n  orig: 108, 104\r\n  offset: 0, 0\r\n  index: -1\r\n9\r\n  rotate: false\r\n  xy: 882, 2\r\n  size: 108, 104\r\n  orig: 108, 104\r\n  offset: 0, 0\r\n  index: -1\r\n",["libaoicon.png"],{"skeleton":{"hash":"TzRMsIiHJ/7h0Lq+V4EgFjU3O1Q","spine":"3.8.99","x":-64,"y":-52,"width":129,"height":104,"images":"./1/","audio":""},"bones":[{"name":"root"}],"slots":[{"name":"1","bone":"root","attachment":"9"}],"skins":[{"name":"default","attachments":{"1":{"1":{"width":108,"height":104},"2":{"width":108,"height":104},"3":{"width":108,"height":104},"4":{"width":108,"height":104},"5":{"width":108,"height":104},"6":{"width":108,"height":104},"7":{"width":108,"height":104},"8":{"width":108,"height":104},"9":{"width":108,"height":104},"10":{"width":108,"height":104},"11":{"width":108,"height":104},"12":{"width":108,"height":104},"13":{"width":108,"height":104},"14":{"width":108,"height":104},"15":{"width":108,"height":104}}}}],"animations":{"animation":{"slots":{"1":{"attachment":[{"name":"1"},{"time":0.0667,"name":"2"},{"time":0.1333,"name":"14"},{"time":0.2,"name":"3"},{"time":0.2667,"name":"4"},{"time":0.3333,"name":"5"},{"time":0.4,"name":"6"},{"time":0.4667,"name":"15"},{"time":0.5333,"name":"7"},{"time":0.6,"name":"8"},{"time":0.6667,"name":"9"},{"time":0.7333,"name":"10"},{"time":0.8,"name":"11"},{"time":0.8667,"name":"12"},{"time":0.9333,"name":"13"}]}}}}},[0]]],0,0,[0],[-1],[0]]
