[1,["49DlJJcb5PgJnPjg/ua00U@6c48a"],0,[["sp.SkeletonData",["_name","_atlasText","textureNames","_skeletonJson","textures"],-1,3]],[[0,0,1,2,3,4,5]],[[0,"eff_spine_Higgsdominoo_js_shengdan","\r\neff_spine_Higgsdominoo_js_shengdan.png\r\nsize: 1024,256\r\nformat: RGBA8888\r\nfilter: Linear,Linear\r\nrepeat: none\r\narmL\r\n  rotate: false\r\n  xy: 519, 27\r\n  size: 36, 83\r\n  orig: 36, 83\r\n  offset: 0, 0\r\n  index: -1\r\narmR\r\n  rotate: false\r\n  xy: 557, 33\r\n  size: 37, 77\r\n  orig: 37, 77\r\n  offset: 0, 0\r\n  index: -1\r\nbiyanL\r\n  rotate: true\r\n  xy: 596, 2\r\n  size: 56, 33\r\n  orig: 56, 33\r\n  offset: 0, 0\r\n  index: -1\r\nbiyanR\r\n  rotate: false\r\n  xy: 631, 23\r\n  size: 33, 35\r\n  orig: 33, 35\r\n  offset: 0, 0\r\n  index: -1\r\nbody\r\n  rotate: true\r\n  xy: 458, 112\r\n  size: 142, 122\r\n  orig: 142, 122\r\n  offset: 0, 0\r\n  index: -1\r\nerhuanL\r\n  rotate: true\r\n  xy: 115, 8\r\n  size: 14, 25\r\n  orig: 14, 25\r\n  offset: 0, 0\r\n  index: -1\r\nerhuanR\r\n  rotate: false\r\n  xy: 142, 9\r\n  size: 11, 13\r\n  orig: 11, 13\r\n  offset: 0, 0\r\n  index: -1\r\nhair\r\n  rotate: true\r\n  xy: 314, 104\r\n  size: 150, 142\r\n  orig: 150, 142\r\n  offset: 0, 0\r\n  index: -1\r\nhairR1\r\n  rotate: true\r\n  xy: 557, 3\r\n  size: 28, 31\r\n  orig: 28, 31\r\n  offset: 0, 0\r\n  index: -1\r\nhairR2\r\n  rotate: false\r\n  xy: 482, 21\r\n  size: 35, 89\r\n  orig: 35, 89\r\n  offset: 0, 0\r\n  index: -1\r\nhair_d\r\n  rotate: true\r\n  xy: 71, 5\r\n  size: 17, 9\r\n  orig: 17, 9\r\n  offset: 0, 0\r\n  index: -1\r\nhand\r\n  rotate: true\r\n  xy: 582, 118\r\n  size: 136, 38\r\n  orig: 136, 38\r\n  offset: 0, 0\r\n  index: -1\r\nhead\r\n  rotate: false\r\n  xy: 2, 24\r\n  size: 310, 230\r\n  orig: 310, 230\r\n  offset: 0, 0\r\n  index: -1\r\nmeimaoL\r\n  rotate: false\r\n  xy: 180, 11\r\n  size: 36, 11\r\n  orig: 36, 11\r\n  offset: 0, 0\r\n  index: -1\r\nmeimaoR\r\n  rotate: false\r\n  xy: 155, 10\r\n  size: 23, 12\r\n  orig: 23, 12\r\n  offset: 0, 0\r\n  index: -1\r\npifeng\r\n  rotate: false\r\n  xy: 376, 13\r\n  size: 104, 89\r\n  orig: 104, 89\r\n  offset: 0, 0\r\n  index: -1\r\npifeng1\r\n  rotate: true\r\n  xy: 596, 60\r\n  size: 56, 42\r\n  orig: 56, 42\r\n  offset: 0, 0\r\n  index: -1\r\nxianglian\r\n  rotate: false\r\n  xy: 314, 4\r\n  size: 60, 98\r\n  orig: 60, 98\r\n  offset: 0, 0\r\n  index: -1\r\nyanbaiL\r\n  rotate: false\r\n  xy: 2, 2\r\n  size: 30, 20\r\n  orig: 30, 20\r\n  offset: 0, 0\r\n  index: -1\r\nyanbaiR\r\n  rotate: true\r\n  xy: 519, 3\r\n  size: 22, 25\r\n  orig: 22, 25\r\n  offset: 0, 0\r\n  index: -1\r\nyanqiuL\r\n  rotate: true\r\n  xy: 34, 2\r\n  size: 20, 17\r\n  orig: 20, 17\r\n  offset: 0, 0\r\n  index: -1\r\nyanqiuR\r\n  rotate: false\r\n  xy: 53, 4\r\n  size: 16, 18\r\n  orig: 16, 18\r\n  offset: 0, 0\r\n  index: -1\r\nzuiba\r\n  rotate: false\r\n  xy: 82, 6\r\n  size: 31, 16\r\n  orig: 31, 16\r\n  offset: 0, 0\r\n  index: -1\r\n",["eff_spine_Higgsdominoo_js_shengdan.png"],{"skeleton":{"hash":"XCni//dHx1m4kO5UX0uUeGBsGiw","spine":"3.8.99","x":-182.33,"y":-10.04,"width":310.01,"height":337.23,"images":"","audio":"E:/新版UI/平台/大厅new/动画/源文件/人物"},"bones":[{"name":"root"},{"name":"js","parent":"root","x":-2.78,"y":5.97},{"name":"body","parent":"js","length":48.43,"rotation":90},{"name":"body2","parent":"body","length":48.43,"x":48.43},{"name":"head","parent":"body2","length":85.83,"x":48.3,"y":0.17},{"name":"armL","parent":"body2","length":79.31,"rotation":-170.66,"x":29.78,"y":47.35},{"name":"hand","parent":"js","x":71.41,"y":4.22},{"name":"hand2","parent":"hand","length":79.38,"rotation":-179.55,"x":-26.67,"y":-3.78},{"name":"hand3","parent":"hand","length":9.75,"rotation":123.01,"x":-4.23,"y":16.1},{"name":"armR","parent":"body2","length":70.65,"rotation":-162.19,"x":26.71,"y":-28.61},{"name":"erhuanL","parent":"head","length":21.56,"rotation":176.37,"x":21.74,"y":42.16},{"name":"erhuanR","parent":"head","length":15.43,"rotation":178.23,"x":25.19,"y":-36.13},{"name":"meimaoL","parent":"head","x":60.09,"y":-3.39,"color":"ff0000ff"},{"name":"meimaoR","parent":"head","x":61.29,"y":-20.05,"color":"ff0000ff"},{"name":"yanbaiL","parent":"head","x":43.5,"y":12.44,"color":"ff0000ff"},{"name":"yanbaiR","parent":"head","x":48.59,"y":-29.12,"color":"ff0000ff"},{"name":"bizi","parent":"head","x":32.69,"y":-19.14,"color":"ff0000ff"},{"name":"zuiba","parent":"head","x":16.38,"y":-18.34,"color":"ff0000ff"},{"name":"saiL","parent":"head","x":23.11,"y":15.08,"color":"ff0000ff"},{"name":"saiR","parent":"head","x":31.1,"y":-38.42,"color":"ff0000ff"},{"name":"yanqiuL","parent":"yanbaiL","x":0.81,"y":0.74,"color":"9c9c9cff"},{"name":"yanqiuR","parent":"yanbaiR","x":0.45,"y":2.21},{"name":"meimaoL2","parent":"meimaoL","length":21.29,"rotation":86.03,"x":0.12,"y":1.98},{"name":"meimaoL3","parent":"meimaoL2","length":9.9,"rotation":31.3,"x":21.29},{"name":"meimaoR2","parent":"meimaoR","length":15.43,"rotation":-64.41,"x":0.38,"y":-0.78},{"name":"meimaoR3","parent":"meimaoR2","length":5.65,"rotation":-55.97,"x":15.43},{"name":"hairR1","parent":"head","x":88.42,"y":-21.01},{"name":"hairR2","parent":"head","x":87.58,"y":-22.5},{"name":"head2","parent":"head","length":15.81,"rotation":141.63,"x":55.13,"y":56.88},{"name":"head3","parent":"head2","length":15.81,"x":15.81},{"name":"head4","parent":"head3","length":15.81,"x":15.81},{"name":"hair","parent":"head","x":39.61,"y":62.57},{"name":"hair2","parent":"hair","length":32.56,"rotation":-145.49},{"name":"hair3","parent":"hair2","length":32.56,"x":32.56},{"name":"hair4","parent":"hair3","length":32.56,"x":32.56},{"name":"hair5","parent":"hair4","length":32.56,"x":32.56},{"name":"hair6","parent":"hair5","length":32.56,"x":32.56},{"name":"xianglian","parent":"body2","x":39.77,"y":-1.84,"color":"9c9c9cff"},{"name":"biyanL","parent":"yanbaiL","x":10.82,"y":-2.89,"color":"9c9c9cff"},{"name":"biyanR","parent":"yanbaiR","x":9.87,"y":1.34,"color":"9c9c9cff"},{"name":"zuiba2","parent":"zuiba","x":1.36,"y":18.67,"color":"9c9c9cff"},{"name":"zuiba3","parent":"zuiba","x":4.59,"y":-10.23,"color":"9c9c9cff"},{"name":"骨骼","parent":"body","x":74.69,"y":23.53}],"slots":[{"name":"hair_d","bone":"head4","attachment":"hair_d"},{"name":"hair","bone":"hair","attachment":"hair"},{"name":"armR","bone":"armR","attachment":"armR"},{"name":"body","bone":"body","attachment":"body"},{"name":"xianglian","bone":"xianglian","attachment":"xianglian"},{"name":"armL","bone":"armL","attachment":"armL"},{"name":"hand","bone":"hand","attachment":"hand"},{"name":"hairR1","bone":"hairR1","attachment":"hairR1"},{"name":"hairR2","bone":"hairR2","attachment":"hairR2"},{"name":"erhuanR","bone":"erhuanR","attachment":"erhuanR"},{"name":"yanbaiR","bone":"yanbaiR","attachment":"yanbaiR"},{"name":"yanbaiL","bone":"yanbaiL","attachment":"yanbaiL"},{"name":"yanqiuR","bone":"yanqiuR","attachment":"yanqiuR"},{"name":"yanqiuL","bone":"yanqiuL","attachment":"yanqiuL"},{"name":"head","bone":"head","attachment":"head"},{"name":"zuiba","bone":"zuiba","attachment":"zuiba"},{"name":"meimaoR","bone":"meimaoR","attachment":"meimaoR"},{"name":"meimaoL","bone":"meimaoL","attachment":"meimaoL"},{"name":"biyanR","bone":"biyanR"},{"name":"biyanL","bone":"biyanL"},{"name":"erhuanL","bone":"erhuanL","attachment":"erhuanL"},{"name":"pifeng","bone":"骨骼","attachment":"pifeng"},{"name":"q1","bone":"骨骼","attachment":"pifeng1"}],"skins":[{"name":"default","attachments":{"armL":{"armL":{"x":40.39,"y":4.98,"rotation":80.65,"width":36,"height":83}},"armR":{"armR":{"x":35.37,"y":2.31,"rotation":72.19,"width":37,"height":77}},"biyanL":{"biyanL":{"type":"mesh","hull":14,"width":56,"height":33,"uvs":[0.90064,0.25388,0.98609,0.59462,0.87029,0.78066,0.80726,0.86051,0.70918,0.93281,0.60572,0.9622,0.5034,0.95636,0.38404,0.89678,0.28986,0.8092,0.20656,0.72826,0,0.7039,0.13956,0.20647,0.41074,0.00683,0.68058,0.00001,0.32218,0.61866,0.33736,0.50896,0.39896,0.72214,0.42736,0.41215,0.51146,0.82002,0.53985,0.33988,0.61199,0.82881,0.62583,0.32624,0.71119,0.80244,0.72306,0.36578,0.80628,0.75513,0.81439,0.50543],"triangles":[13,19,12,21,13,0,12,17,11,13,21,19,23,21,0,19,17,12,25,23,0,15,11,17,25,0,1,15,10,11,15,9,10,16,15,17,14,15,16,14,9,15,8,9,14,20,19,21,24,25,1,2,24,1,23,25,22,24,22,25,16,8,14,19,18,17,20,18,19,18,16,17,23,20,21,23,22,20,3,24,2,22,24,3,7,8,16,7,16,18,4,20,22,4,22,3,6,7,18,6,18,20,5,6,20,4,5,20],"vertices":[2.24,-15.29,-9.01,-20.07,-15.14,-13.59,-17.78,-10.06,-20.17,-4.57,-21.14,1.23,-20.94,6.96,-18.98,13.64,-16.09,18.92,-13.42,23.58,-12.61,35.15,3.8,27.33,10.39,12.15,10.62,-2.96,-9.8,17.11,-6.18,16.26,-13.21,12.81,-2.98,11.22,-16.44,6.51,-0.6,4.92,-16.73,0.88,-0.15,0.1,-15.86,-4.68,-1.45,-5.34,-14.3,-10,-6.06,-10.46],"edges":[20,18,18,16,16,14,14,12,4,2,24,26,24,22,20,22,8,10,10,12,4,6,6,8,2,0,0,26,16,28,28,30,14,32,32,34,12,36,36,38,10,40,40,42,8,44,44,46,6,48,48,50]}},"biyanR":{"biyanR":{"type":"mesh","hull":14,"width":33,"height":35,"uvs":[0.8912,0.46158,0.81646,0.51408,0.85944,0.56479,0.80996,0.66041,0.73121,0.74712,0.60368,0.80678,0.46213,0.82616,0.32638,0.8192,0.20721,0.79787,0.09381,0.75881,0.00153,0.38398,0.18775,0.12465,0.49296,0,0.82499,0,0.17452,0.70562,0.12907,0.57134,0.28058,0.70705,0.16846,0.44277,0.40785,0.69991,0.24119,0.33848,0.51997,0.66991,0.30634,0.27991,0.62754,0.60705,0.39724,0.23277,0.70027,0.52562,0.49573,0.22277,0.74875,0.4342,0.60936,0.23134,0.72573,0.30978],"triangles":[27,25,12,23,11,12,13,27,12,25,23,12,21,11,23,28,27,13,19,11,21,10,11,19,0,26,28,13,0,28,27,28,26,17,10,19,1,26,0,24,27,26,24,26,1,25,27,24,15,10,17,22,25,24,23,25,22,3,24,1,3,1,2,22,24,3,20,23,22,21,23,20,19,21,20,18,17,19,17,16,15,19,20,18,16,14,15,17,18,16,4,22,3,9,10,15,9,15,14,8,14,16,9,14,8,5,20,22,5,22,4,7,16,18,8,16,7,6,18,20,6,20,5,7,18,6],"vertices":[-7.68,-15.92,-9.52,-13.45,-11.29,-14.87,-14.64,-13.24,-17.68,-10.64,-19.76,-6.43,-20.44,-1.76,-20.2,2.72,-19.45,6.65,-18.08,10.4,-4.97,13.44,4.11,7.3,8.47,-2.78,8.47,-13.73,-16.22,7.73,-11.52,9.23,-16.27,4.23,-7.02,7.93,-16.02,0.03,-3.37,5.53,-14.97,-3.67,-1.32,3.38,-12.77,-7.22,0.33,0.38,-9.92,-9.62,0.68,-2.87,-6.72,-11.22,0.38,-6.62,-2.37,-10.46],"edges":[18,20,24,26,26,0,10,12,12,14,6,8,8,10,4,6,14,16,16,18,20,22,22,24,28,30,32,34,36,38,40,42,44,46,48,50,52,54,4,2,2,52,2,0,0,52,48,6,44,8,40,10,36,12,32,14,28,16]}},"body":{"body":{"x":44.99,"y":23.37,"rotation":-90,"width":142,"height":122}},"erhuanL":{"erhuanL":{"x":10.44,"y":-1.89,"rotation":93.63,"width":14,"height":25}},"erhuanR":{"erhuanR":{"x":10.82,"y":-2,"rotation":91.77,"width":11,"height":13}},"hair":{"hair":{"type":"mesh","hull":19,"width":150,"height":142,"uvs":[0.76904,0.21428,0.76336,0.28954,0.83939,0.31992,0.88979,0.40278,0.89934,0.55675,0.96411,0.63559,0.99924,0.70644,1,0.79108,0.97871,0.89935,0.4895,1,0.40483,0.89944,0.26659,0.73459,0.18143,0.61289,0.15775,0.48412,0.08646,0.43652,0.05038,0.35294,0.05305,0.24198,0.00001,0.1499,0.15308,0.00518],"triangles":[4,5,7,7,5,6,7,9,4,8,9,7,3,1,2,4,10,11,4,11,3,9,10,4,11,12,13,1,11,13,3,11,1,13,14,15,15,16,13,1,13,16,16,17,18,16,18,0,1,16,0],"vertices":[1,32,75.41,60.07,1,5,32,83.73,53.31,0.00027,33,51.17,53.31,0.26872,34,18.61,53.31,0.42356,35,-13.95,53.31,0.28082,36,-46.51,53.31,0.02663,4,33,61.19,60.26,0.1601,34,28.63,60.26,0.3717,35,-3.94,60.26,0.39781,36,-36.5,60.26,0.07039,4,33,75.17,59.82,0.10153,34,42.6,59.82,0.30483,35,10.04,59.82,0.46373,36,-22.52,59.82,0.12991,4,33,93.99,48.61,0.02596,34,61.43,48.61,0.12202,35,28.87,48.61,0.45032,36,-3.69,48.61,0.4017,4,33,108.72,50.28,0.0042,34,76.16,50.28,0.0341,35,43.6,50.28,0.28345,36,11.04,50.28,0.67825,4,33,120,48.92,0.00059,34,87.44,48.92,0.0117,35,54.88,48.92,0.18402,36,22.31,48.92,0.80369,3,34,97.4,42.2,0.00228,35,64.84,42.2,0.10162,36,32.28,42.2,0.8961,2,35,75.7,30.86,0.03665,36,43.14,30.86,0.96335,3,34,78.46,-37.7,0.03878,35,45.9,-37.7,0.37144,36,13.34,-37.7,0.58978,3,34,59.5,-40.08,0.15381,35,26.94,-40.08,0.53839,36,-5.62,-40.08,0.3078,4,33,61.02,-43.9,0.06062,34,28.46,-43.9,0.59805,35,-4.1,-43.9,0.32311,36,-36.66,-43.9,0.01822,4,33,39.55,-44.63,0.27955,34,6.99,-44.63,0.62003,35,-25.58,-44.63,0.10039,36,-58.14,-44.63,0.00003,4,32,55.03,-37.2,0.00737,33,22.47,-37.2,0.67092,34,-10.1,-37.2,0.30589,35,-42.66,-37.2,0.01582,4,32,43.4,-42.18,0.06109,33,10.84,-42.18,0.82341,34,-21.72,-42.18,0.11448,35,-54.28,-42.18,0.00102,3,32,30.55,-39.92,0.17852,33,-2.01,-39.92,0.77992,34,-34.57,-39.92,0.04156,3,32,17.8,-30.66,0.5208,33,-14.76,-30.66,0.4764,34,-47.33,-30.66,0.0028,1,32,2.52,-29.81,1,1,32,-1.41,0.76,1],"edges":[34,36,36,0,18,16,18,20,20,8,24,22,22,20,8,6,22,6,24,26,0,2,26,2,0,32,28,26,32,34,14,16,8,10,10,12,12,14,2,4,4,6,28,30,30,32]}},"hairR1":{"hairR1":{"type":"mesh","hull":11,"width":28,"height":31,"uvs":[0.77458,0.22494,0.88194,0.43504,0.979,0.72671,0.95276,0.99999,0.85065,0.99999,0.74447,0.80345,0.5513,0.61416,0.35801,0.60662,0.27783,0.65504,0.00286,0.5151,0.38533,0.00001],"triangles":[7,9,10,6,7,10,0,6,10,1,6,0,8,9,7,5,6,1,2,5,1,4,5,2,3,4,2],"vertices":[8.55,-19.97,2.03,-22.97,-7.01,-25.69,-15.48,-24.96,-15.48,-22.1,-9.39,-19.12,-3.52,-13.72,-3.28,-8.3,-4.79,-6.06,-0.45,1.64,15.52,-9.07],"edges":[18,16,16,14,14,12,12,10,10,8,6,8,6,4,4,2,2,0,0,20,20,18]}},"hairR2":{"hairR2":{"type":"mesh","hull":19,"width":35,"height":89,"uvs":[0.64245,0.10307,0.85188,0.30094,0.98571,0.40453,1,0.55817,0.86642,0.63537,0.67742,0.69998,0.65888,0.77399,0.50373,0.91523,0.15716,0.99382,0.08428,0.97556,0.28431,0.87579,0.44145,0.75635,0.4703,0.58804,0.43373,0.4141,0.4643,0.32556,0.31583,0.17907,0,0.05117,0.18729,0.00001,0.39416,0.00169],"triangles":[15,17,18,16,17,15,0,15,18,14,0,1,14,15,0,1,13,14,12,13,1,4,1,2,4,2,3,5,12,1,4,5,1,11,12,5,6,11,5,7,11,6,10,11,7,8,9,10,8,10,7],"vertices":[-4.82,-21.28,-22.43,-28.61,-31.65,-33.3,-45.32,-33.8,-52.19,-29.12,-57.94,-22.51,-64.53,-21.86,-77.1,-16.43,-84.09,-4.3,-82.47,-1.75,-73.59,-8.75,-62.96,-14.25,-47.98,-15.26,-32.5,-13.98,-24.62,-15.05,-11.58,-9.85,-0.2,1.2,4.35,-5.35,4.21,-12.59],"edges":[32,34,34,36,36,0,0,2,2,4,4,6,6,8,8,10,10,12,12,14,14,16,16,18,18,20,20,22,22,24,24,26,26,28,28,30,30,32]}},"hair_d":{"hair_d":{"x":18.98,"y":16.7,"rotation":128.37,"width":17,"height":9}},"hand":{"hand":{"x":-42.26,"y":7.45,"width":136,"height":38}},"head":{"head":{"x":109.48,"y":24.37,"rotation":-90,"width":310,"height":230}},"meimaoL":{"meimaoL":{"type":"mesh","hull":6,"width":36,"height":11,"uvs":[1,0.04768,0.97974,0.79713,0.33585,0.5804,0.03696,0.99998,0.00001,0.78313,0.31685,0],"triangles":[3,4,2,2,4,5,1,2,0,2,5,0],"vertices":[1,22,-2.58,-4.4,1,1,22,-2.42,3.87,1,2,22,20.87,3.1,0.50137,23,1.25,2.87,0.49863,1,23,12.93,2.03,1,1,23,13.01,-0.7,1,2,22,21.99,-3.22,0.61731,23,-1.08,-3.12,0.38269],"edges":[4,2,2,0,0,10,10,8,6,4,8,6]}},"meimaoR":{"meimaoR":{"type":"mesh","hull":8,"width":23,"height":12,"uvs":[0.99999,0.42382,0.96696,0.69549,0.735,0.47369,0.2289,1,0.02087,0.92833,0.00087,0.45457,0.61243,0.00001,0.7762,0.00001],"triangles":[2,3,5,3,4,5,5,6,2,2,6,7,1,2,0,2,7,0],"vertices":[1,25,6.91,1.17,1,1,25,7.9,-2.03,1,2,25,1.95,-2.43,0.63471,24,14.51,-2.98,0.36529,1,24,1.28,-3.65,1,1,24,-2.66,-0.8,1,1,24,-0.62,4.52,1,2,25,-3.35,1.05,0.04398,24,14.42,3.37,0.95602,2,25,-0.1,2.95,0.78214,24,17.82,1.74,0.21786],"edges":[6,8,6,4,4,2,2,0,0,14,12,14,8,10,12,10]}},"pifeng":{"pifeng":{"x":-26.29,"y":38.38,"rotation":-82.83,"width":104,"height":89}},"q1":{"pifeng1":{"x":0.66,"y":-65.71,"scaleX":0.7858,"scaleY":0.7858,"rotation":-111.28,"width":56,"height":42}},"xianglian":{"xianglian":{"type":"mesh","hull":11,"width":60,"height":98,"uvs":[0.83963,0.17748,0.97507,0.41895,0.99772,0.94129,0.87846,0.95215,0.783,0.96085,0.40941,0.52388,0.07567,0.26109,0,0.08354,0.10655,0,0.34485,0,0.5886,0,0.68278,0.44932,0.51154,0.20467],"triangles":[12,9,10,12,10,0,6,7,8,11,12,0,11,0,1,9,6,8,5,12,11,9,12,6,5,6,12,3,11,1,2,3,1,4,11,3,5,11,4],"vertices":[-10.92,-24.66,-34.59,-32.79,-85.78,-34.15,-86.84,-26.99,-87.69,-21.27,-44.87,1.15,-19.12,21.17,-1.72,25.71,6.47,19.32,6.47,5.02,6.47,-9.6,-37.56,-15.25,-13.59,-4.98],"edges":[16,14,12,14,4,2,2,0,0,20,4,6,6,8,6,22,22,24,16,18,18,20,24,18,8,10,10,12]}},"yanbaiL":{"yanbaiL":{"x":-0.07,"y":-0.74,"rotation":-90,"width":30,"height":20}},"yanbaiR":{"yanbaiR":{"x":-2.15,"y":0.83,"rotation":-90,"width":22,"height":25}},"yanqiuL":{"yanqiuL":{"x":-0.87,"y":-0.48,"rotation":-90,"width":20,"height":17}},"yanqiuR":{"yanqiuR":{"x":-0.12,"y":0.24,"rotation":-90,"width":16,"height":18}},"zuiba":{"zuiba":{"type":"mesh","hull":15,"width":31,"height":16,"uvs":[0.98452,0.28348,0.89813,0.61972,0.81209,0.81126,0.642,0.99999,0.4033,0.96597,0.19265,0.6966,0.00387,0.4566,0.00899,0.39057,0.01387,0.32178,0.22983,0.29304,0.42854,0.0475,0.60501,0.04625,0.6534,0.14109,0.72888,0.0025,0.85974,0.01625,0.65558,0.47691,0.77332,0.42879,0.85977,0.37941,0.42655,0.49254,0.21849,0.46941],"triangles":[9,7,8,6,7,19,19,7,9,5,6,19,19,9,18,18,5,19,14,12,13,16,12,17,15,12,16,18,9,10,10,11,12,18,10,12,18,12,15,1,15,16,2,15,1,4,5,18,18,15,2,4,18,2,3,4,2,16,17,1,0,12,14,17,12,0,1,17,0],"vertices":[1,41,-1.56,-0.24,1,2,41,-6.94,2.43,0.7,17,-2.35,-7.79,0.3,2,41,-10.01,5.1,0.3,17,-5.42,-5.13,0.7,1,17,-8.44,0.15,1,2,17,-7.89,7.55,0.6,40,-9.26,-11.13,0.4,2,17,-3.58,14.07,0.3,40,-4.95,-4.6,0.7,1,40,-1.11,1.25,1,1,40,-0.05,1.1,1,1,40,1.05,0.94,1,2,17,2.87,12.92,0.3,40,1.51,-5.75,0.7,2,17,6.8,6.76,0.6,40,5.44,-11.91,0.4,1,17,6.82,1.29,1,1,17,5.3,-0.21,1,2,41,2.93,7.68,0.3,17,7.52,-2.55,0.7,2,41,2.71,3.62,0.7,17,7.3,-6.6,0.3,1,17,-0.07,-0.28,1,2,41,-3.89,6.3,0.3,17,0.7,-3.93,0.7,2,41,-3.1,3.62,0.7,17,1.49,-6.61,0.3,2,17,-0.32,6.82,0.6,40,-1.68,-11.85,0.4,2,17,0.05,13.27,0.3,40,-1.31,-5.4,0.7],"edges":[16,18,20,22,22,24,24,26,26,28,28,0,8,10,10,12,2,4,4,6,12,14,14,16,30,32,32,34,34,0,30,36,36,38,38,14,0,2,6,8,18,20]}}}}],"animations":{"animation":{"slots":{"biyanL":{"color":[{"time":1.3333,"color":"ffffff00"},{"time":1.4,"color":"ffffffff","curve":"stepped"},{"time":1.6667,"color":"ffffffff"},{"time":1.7333,"color":"ffffff00"}],"attachment":[{"time":1.3333,"name":"biyanL"}]},"biyanR":{"color":[{"time":1.3333,"color":"ffffff00"},{"time":1.4,"color":"ffffffff","curve":"stepped"},{"time":1.6667,"color":"ffffffff"},{"time":1.7333,"color":"ffffff00"}],"attachment":[{"time":1.3333,"name":"biyanR"}]}},"bones":{"armL":{"translate":[{},{"time":1.6667,"x":0.97,"y":0.16},{"time":3.3333}]},"head":{"rotate":[{"angle":0.49},{"time":0.6667},{"time":2.3333,"angle":1.23},{"time":3.3333,"angle":0.49}],"translate":[{},{"time":1.6667,"x":0.61,"y":0.01},{"time":3.3333}]},"erhuanR":{"rotate":[{"angle":0.16},{"time":1,"angle":10.87},{"time":2.6667,"angle":-6.98},{"time":3.3333,"angle":0.16}]},"saiR":{"translate":[{},{"time":1.6667,"x":1.2,"y":-0.42},{"time":3.3333}]},"erhuanL":{"rotate":[{"angle":5.55},{"time":1,"angle":-6.56},{"time":2.6667,"angle":13.63},{"time":3.3333,"angle":5.55}]},"body":{"rotate":[{},{"time":1.6667,"angle":0.47},{"time":3.3333}]},"zuiba3":{"translate":[{},{"time":1.6667,"x":1.4,"y":-1.14},{"time":3.3333}]},"saiL":{"translate":[{},{"time":1.6667,"x":1.63,"y":1.65},{"time":3.3333}]},"zuiba2":{"translate":[{},{"time":1.6667,"x":1.4,"y":1.63},{"time":3.3333}]},"body2":{"rotate":[{"angle":0.15},{"time":0.3333},{"time":2,"angle":0.75},{"time":3.3333,"angle":0.15}],"translate":[{},{"time":1.6667,"x":1.17,"y":0.01},{"time":3.3333}]},"hair2":{"rotate":[{"angle":0.35},{"time":1,"angle":-0.26},{"time":2.6667,"angle":0.75},{"time":3.3333,"angle":0.35}]},"hair4":{"rotate":[{"angle":1.92},{"time":1.6667,"angle":-1.45},{"time":3.3333,"angle":1.92}],"translate":[{"x":1.12,"y":1.02},{"time":1.6667,"x":0.19,"y":-1.17},{"time":3.3333,"x":1.12,"y":1.02}]},"hair6":{"rotate":[{"angle":1.33},{"time":0.6667,"angle":4.02},{"time":2.3333,"angle":-2.72},{"time":3.3333,"angle":1.33}],"translate":[{"x":0.26,"y":-0.16},{"time":0.6667,"x":0.48,"y":0.97},{"time":2.3333,"x":-0.06,"y":-1.86},{"time":3.3333,"x":0.26,"y":-0.16}]},"hair3":{"rotate":[{"angle":0.64},{"time":1.3333,"angle":-0.97},{"time":3,"angle":1.04},{"time":3.3333,"angle":0.64}],"translate":[{"x":0.83,"y":0.53},{"time":1.3333,"x":0.19,"y":-0.8},{"time":3,"x":0.99,"y":0.86},{"time":3.3333,"x":0.83,"y":0.53}]},"head4":{"rotate":[{"angle":0.26},{"time":0.6667,"angle":-0.73},{"time":2.3333,"angle":1.75},{"time":3.3333,"angle":0.26}]},"head2":{"rotate":[{"angle":-0.73},{"time":1.6667,"angle":1.75},{"time":3.3333,"angle":-0.73}]},"head3":{"rotate":[{"angle":-0.24},{"time":0.3333,"angle":-0.73},{"time":2,"angle":1.75},{"time":3.3333,"angle":-0.24}]},"hair5":{"rotate":[{"angle":1.67},{"time":0.3333,"angle":2.64},{"time":2,"angle":-2.22},{"time":3.3333,"angle":1.67}],"translate":[{"x":0.91,"y":0.58},{"time":0.3333,"x":1.1,"y":1.05},{"time":2,"x":0.15,"y":-1.27},{"time":3.3333,"x":0.91,"y":0.58}]},"yanqiuR":{"translate":[{"time":1.3333},{"time":1.5333,"x":-1.35},{"time":1.7333}]},"yanqiuL":{"translate":[{"time":1.3333},{"time":1.5333,"x":-1.35},{"time":1.7333}]}},"deform":{"default":{"biyanL":{"biyanL":[{"time":1.3333,"offset":8,"vertices":[13.18816,-0.38899,16.10493,-0.78568,15.95357,-1.62728,11.10426,-1.96826,3.14334,-1.70272,-0.72302,-0.30736,0,0,0,0,0,0,0,0,1.1978,-0.50457,0,0,9.31966,-1.52931,0,0,14.98988,-1.57856,0,0,15.4425,-0.6644,0,0,12.09186,-0.44207,0,0,2.14207,-0.11766]},{"time":1.5,"curve":"stepped"},{"time":1.5667},{"time":1.7333,"offset":8,"vertices":[13.18816,-0.38899,16.10493,-0.78568,15.95357,-1.62728,11.10426,-1.96826,3.14334,-1.70272,-0.72302,-0.30736,0,0,0,0,0,0,0,0,1.1978,-0.50457,0,0,9.31966,-1.52931,0,0,14.98988,-1.57856,0,0,15.4425,-0.6644,0,0,12.09186,-0.44207,0,0,2.14207,-0.11766]}]},"biyanR":{"biyanR":[{"time":1.3333,"vertices":[3.35141,-0.01447,2.92476,1.84117,3.11989,1.99459,9.65204,6.18898,14.17958,8.67582,14.26654,7.71726,12.77486,5.4969,9.84081,3.96618,4.66209,1.74175,0,0,0,0,0,0,0,0,0,0,3.74557,1.2728,0,0,8.57245,3.4492,0,0,11.96574,5.24439,0,0,12.88899,6.64372,0,0,12.31731,7.17857,0,0,9.53079,5.86292,0,0,2.90251,1.19157]},{"time":1.5,"curve":"stepped"},{"time":1.5667},{"time":1.7333,"vertices":[3.35141,-0.01447,2.92476,1.84117,3.11989,1.99459,9.65204,6.18898,14.17958,8.67582,14.26654,7.71726,12.77486,5.4969,9.84081,3.96618,4.66209,1.74175,0,0,0,0,0,0,0,0,0,0,3.74557,1.2728,0,0,8.57245,3.4492,0,0,11.96574,5.24439,0,0,12.88899,6.64372,0,0,12.31731,7.17857,0,0,9.53079,5.86292,0,0,2.90251,1.19157]}]},"hair":{"hair":[{},{"time":1.6667,"vertices":[-0.8573,1.09531,-0.71286,1.38834,-0.68768,1.40088,-0.63974,1.42297,-0.57385,1.4514,-0.47095,1.48747,-0.99561,1.75914,-0.93567,1.79143,-0.85242,1.83313,-0.72205,1.88774,-1.02927,2.29312,-0.95126,2.32614,-0.84332,2.36807,-0.67545,2.42076,-0.68719,3.02695,-0.58478,3.04823,-0.44397,3.07243,-0.22766,3.09538,-0.85242,3.55602,-0.73215,3.5824,-0.56659,3.61281,-0.3121,3.64302,-0.87836,3.98798,-0.74365,4.01503,-0.55811,4.04553,-0.27332,4.07405,-0.5401,4.4288,-0.33566,4.44943,-0.02313,4.46143,0.06595,4.91026,0.40985,4.89288,-0.14148,-7.23184,-0.47534,-7.21693,-0.98029,-7.16669,-0.3331,-6.27379,-0.62259,-6.25104,-1.05954,-6.19283,-0.42004,-4.68005,-0.57611,-4.66333,-0.79102,-4.6313,-1.11392,-4.5652,-0.49005,-3.5865,-0.60953,-3.5683,-0.7738,-3.53575,-1.02005,-3.47354,-0.09836,-2.71225,-0.14807,-2.71024,-0.23831,-2.70406,-0.36316,-2.68951,-0.34451,-2.12575,-0.38336,-2.11931,-0.45358,-2.10541,-0.55069,-2.08171,-0.23831,-1.49301,-0.26569,-1.48862,-0.31479,-1.47899,0.20096,-0.85669,0.18512,-0.86046,0.15692,-0.86641,0.2464,-0.09093]},{"time":3.3333}]},"xianglian":{"xianglian":[{},{"time":1.6667,"vertices":[0.80642,0,0.80641,0.00001,0.3804,-1.06157,0,-1.06157,-0.12819,-1.06157,-0.1282,-1.06158,-0.22924,-0.75262,0,-0.22885,0.00001,-0.00001,0,-1.06158,0,0.00001,0,-1.06159,0,-1.06158]},{"time":3.3333}]},"zuiba":{"zuiba":[{},{"time":1.6667,"offset":2,"vertices":[0.26797,0.00006,0.26793,0.00034,0.43594,0.00046,0.43587,0.00104,0.43587,0.00104,0.43587,0.00104,0.43594,0.00104,0.26793,0.00034,0.26797,0.00034,0,0,0,0,0,0,-0.37262,0.00009,-0.37262,0.00009,-0.37262,0.00009,-0.37262,0.00009,-0.37262,0.00009,-0.37262,0.00009,-0.37262,0,-0.37262,0.00009,-0.37262,0,-0.37262]},{"time":3.3333}]}}}}}},[0]]],0,0,[0],[-1],[0]]
