[1,["77jOsDyf9LDrTLmHhJtve+@6c48a"],0,[["sp.SkeletonData",["_name","_atlasText","textureNames","_skeletonJson","textures"],-1,3]],[[0,0,1,2,3,4,5]],[[0,"Crash","\r\nCrash.png\r\nsize: 1024,512\r\nformat: RGBA8888\r\nfilter: Linear,Linear\r\nrepeat: none\r\nCs_xiao\r\n  rotate: false\r\n  xy: 282, 206\r\n  size: 246, 171\r\n  orig: 246, 171\r\n  offset: 0, 0\r\n  index: -1\r\ncrash-bg1\r\n  rotate: false\r\n  xy: 216, 11\r\n  size: 417, 192\r\n  orig: 417, 192\r\n  offset: 0, 0\r\n  index: -1\r\ncrash-xing\r\n  rotate: false\r\n  xy: 530, 205\r\n  size: 389, 172\r\n  orig: 389, 172\r\n  offset: 0, 0\r\n  index: -1\r\ncrash_bg\r\n  rotate: false\r\n  xy: 2, 34\r\n  size: 212, 201\r\n  orig: 212, 201\r\n  offset: 0, 0\r\n  index: -1\r\ncrash_bghui\r\n  rotate: false\r\n  xy: 635, 2\r\n  size: 212, 201\r\n  orig: 212, 201\r\n  offset: 0, 0\r\n  index: -1\r\ncrash_guang\r\n  rotate: false\r\n  xy: 2, 255\r\n  size: 129, 122\r\n  orig: 129, 122\r\n  offset: 0, 0\r\n  index: -1\r\nhuojian_hj\r\n  rotate: false\r\n  xy: 133, 237\r\n  size: 147, 140\r\n  orig: 147, 140\r\n  offset: 0, 0\r\n  index: -1\r\n",["Crash.png"],{"skeleton":{"hash":"8KV0ax+0OlMoWPVyHFuHFh0g9nE","spine":"3.8.99","x":-123,"y":-3.32,"width":246,"height":214.93,"images":"","audio":""},"bones":[{"name":"root"},{"name":"hj","parent":"root","length":107.14,"rotation":41.67,"x":-23.13,"y":77.02,"scaleX":1.2,"scaleY":1.2},{"name":"guang","parent":"hj","length":40.97,"rotation":-176.45,"x":-19.86,"y":8.63},{"name":"骨骼","parent":"root","y":-7.82},{"name":"bg2","parent":"骨骼","length":166.48,"rotation":-137.95,"x":54.67,"y":158.68},{"name":"骨骼2","parent":"骨骼","length":83.89,"rotation":-139.37,"x":18.73,"y":107.66},{"name":"hui","parent":"root"}],"slots":[{"name":"bg","bone":"root","attachment":"crash_bg"},{"name":"root","bone":"骨骼","attachment":"root"},{"name":"crash-bg1","bone":"bg2","attachment":"crash-bg1"},{"name":"crash-xing","bone":"骨骼2","attachment":"crash-xing"},{"name":"crash_guang","bone":"guang","attachment":"crash_guang"},{"name":"huojian_hj","bone":"hj","attachment":"huojian_hj"},{"name":"bghui","bone":"hui","attachment":"crash_bghui"},{"name":"cs","bone":"hui","attachment":"Cs_xiao"}],"skins":[{"name":"default","attachments":{"bg":{"crash_bg":{"y":97.18,"width":212,"height":201}},"bghui":{"crash_bghui":{"y":97.57,"width":212,"height":201}},"crash-bg1":{"crash-bg1":{"x":0.5,"scaleX":1.2371,"scaleY":1.2371,"width":417,"height":192}},"crash-xing":{"crash-xing":{"x":4.2,"y":-8.36,"width":389,"height":172}},"crash_guang":{"crash_guang":{"x":-4.74,"y":1.9,"rotation":136.28,"width":129,"height":122}},"cs":{"Cs_xiao":{"y":126.11,"width":246,"height":171}},"huojian_hj":{"huojian_hj":{"x":45.38,"y":6.47,"rotation":-41.21,"width":147,"height":140}},"root":{"root":{"type":"clipping","end":"crash_guang","vertexCount":46,"color":"ce3a3aff","vertices":[-96.78,154.09,-96.75,119.95,-96.68,104.12,-96.98,89.88,-96.7,76.55,-96.98,65.45,-96.9,52.31,-97.31,34.77,-95.1,25.35,-89.83,20.02,-82.39,16.15,-75.29,14.72,-21.81,14.03,10.39,14.72,34.93,14.84,54.47,14.77,66.86,17.56,74.81,20.64,83.23,27.52,89.38,34.34,93.41,42.52,96.62,52.14,97.54,75.54,97.06,84.64,97.27,100.02,97.27,118.17,97.11,163.26,96.75,179.39,94.54,185.69,91.74,189.91,87.76,193.99,82.49,196.23,76.01,197.69,45.6,197.53,20.62,197.82,4.74,197.61,-9.36,197.42,-21.64,197.28,-41.18,197.59,-54.8,197.27,-63.07,196.04,-71.6,192.62,-81.1,186.72,-87.6,179.48,-92.69,170.71,-96.04,161.98]}}}}],"animations":{"animation":{"slots":{"bghui":{"attachment":[{"name":null}]},"cs":{"attachment":[{"name":null}]}},"bones":{"hj":{"translate":[{"x":-12.58,"y":-14.15,"curve":0.25,"c3":0.75},{"time":0.5,"x":2.36,"y":3.14,"curve":0.25,"c3":0.75},{"time":2,"x":-12.58,"y":-14.15},{"time":2.5,"x":2.36,"y":3.14,"curve":0.25,"c3":0.75},{"time":4,"x":-12.58,"y":-14.15},{"time":4.5,"x":2.36,"y":3.14,"curve":0.25,"c3":0.75},{"time":6,"x":-12.58,"y":-14.15}]},"guang":{"scale":[{"curve":0.25,"c3":0.75},{"time":0.5,"x":1.139,"curve":0.25,"c3":0.75},{"time":2,"x":0.486,"y":0.427},{"time":2.5,"x":1.139,"curve":0.25,"c3":0.75},{"time":4,"x":0.486,"y":0.427},{"time":4.5,"x":1.139,"curve":0.25,"c3":0.75},{"time":6,"x":0.486,"y":0.427}]},"bg2":{"translate":[{"x":30.27,"y":23.39,"curve":0.25,"c3":0.75},{"time":6,"x":-137.6,"y":-127.97}]},"骨骼2":{"translate":[{"x":174.75,"y":229.1,"curve":0.25,"c3":0.75},{"time":6,"x":-205.71,"y":-199.52}]}}},"animation1":{"slots":{"bg":{"attachment":[{"name":null}]},"crash-bg1":{"attachment":[{"name":null}]},"crash-xing":{"attachment":[{"name":null}]},"crash_guang":{"attachment":[{"name":null}]},"huojian_hj":{"attachment":[{"name":null}]}}}}},[0]]],0,0,[0],[-1],[0]]
