[1,["82tctxu9BKU7eFdUPbRXU1@6c48a"],["_textureSource"],["cc.SpriteFrame"],0,[{"name":"QiuQiu1","rect":{"x":0,"y":0,"width":175,"height":54},"offset":{"x":0,"y":0},"originalSize":{"width":175,"height":54},"rotated":false,"capInsets":[0,0,0,0],"vertices":{"rawPosition":[-87.5,-27,0,87.5,-27,0,-87.5,27,0,87.5,27,0],"indexes":[0,1,2,2,1,3],"uv":[0,54,175,54,0,0,175,0],"nuv":[0,0,1,0,0,1,1,1],"minPos":{"x":-87.5,"y":-27,"z":0},"maxPos":{"x":87.5,"y":27,"z":0}},"packable":true,"pixelsToUnit":100,"pivot":{"x":0.5,"y":0.5},"meshType":0}],[0],0,[0],[0],[0]]
