[1,["6cvR3FU2hIqrfx9YwWKcf6@6c48a"],0,[["sp.SkeletonData",["_name","_atlasText","textureNames","_skeletonJson","textures"],-1,3]],[[0,0,1,2,3,4,5]],[[0,"rummy_logo","\r\nrummy_logo.png\r\nsize: 348,536\r\nformat: RGBA8888\r\nfilter: Linear,Linear\r\nrepeat: none\r\nhalo\r\n  rotate: true\r\n  xy: 2, 19\r\n  size: 168, 129\r\n  orig: 170, 129\r\n  offset: 1, 0\r\n  index: -1\r\njinbi\r\n  rotate: true\r\n  xy: 133, 2\r\n  size: 260, 94\r\n  orig: 260, 94\r\n  offset: 0, 0\r\n  index: -1\r\njinbixiao\r\n  rotate: false\r\n  xy: 229, 133\r\n  size: 106, 75\r\n  orig: 106, 75\r\n  offset: 0, 0\r\n  index: -1\r\npai\r\n  rotate: true\r\n  xy: 115, 264\r\n  size: 270, 145\r\n  orig: 270, 145\r\n  offset: 0, 0\r\n  index: -1\r\nrummy1\r\n  rotate: true\r\n  xy: 262, 210\r\n  size: 324, 84\r\n  orig: 324, 84\r\n  offset: 0, 0\r\n  index: -1\r\nrummy2\r\n  rotate: true\r\n  xy: 2, 189\r\n  size: 345, 111\r\n  orig: 347, 113\r\n  offset: 1, 2\r\n  index: -1\r\n",["rummy_logo.png"],{"skeleton":{"hash":"UQawKX48zFJu4vrTGK5Q/6oLAZs","spine":"3.8.99","x":-173,"y":-83.03,"width":347,"height":248.52,"images":"C:/Users/666/Desktop/1111","audio":""},"bones":[{"name":"root"},{"name":"jinbi","parent":"root"},{"name":"jinbi2","parent":"root","x":-100.42,"y":-2.15},{"name":"zi","parent":"root"},{"name":"halo","parent":"zi","y":12.05},{"name":"pai","parent":"root","x":-53.77,"y":-8.27}],"slots":[{"name":"pai","bone":"pai","attachment":"pai"},{"name":"jinbixiao","bone":"jinbi2","attachment":"jinbixiao"},{"name":"jinbi","bone":"jinbi","attachment":"jinbi"},{"name":"di","bone":"root","attachment":"rummy2"},{"name":"rummy1","bone":"zi","attachment":"rummy1"},{"name":"zi","bone":"zi","attachment":"zi"},{"name":"halo","bone":"halo","attachment":"halo","blend":"additive"}],"skins":[{"name":"default","attachments":{"di":{"rummy2":{"x":0.5,"y":-26.53,"width":347,"height":113}},"halo":{"halo":{"x":-217.88,"y":-34.96,"width":170,"height":129}},"jinbi":{"jinbi":{"y":27,"width":260,"height":94}},"jinbixiao":{"jinbixiao":{"x":-15.04,"y":34.87,"width":106,"height":75}},"pai":{"pai":{"x":69.28,"y":101.26,"width":270,"height":145}},"rummy1":{"rummy1":{"x":1.22,"y":-17.22,"width":324,"height":84}},"zi":{"zi":{"type":"clipping","end":"zi","vertexCount":78,"color":"ce3a3aff","vertices":[-158.27,3.02,-161.39,-61.22,-141.58,-57.55,-140.16,-41.98,-135.64,-40.28,-129.13,-55,-106.2,-53.02,-115.83,-34.06,-109.6,-27.55,-105.35,-15.94,-103.14,-15.1,-103.95,-29.06,-99.02,-41.03,-91.58,-46.35,-78.81,-47.28,-68.04,-45.15,-53.67,-35.18,-49.28,-26.53,-45.96,2.86,-45.69,6.32,-43.43,7.25,-46.41,-55.14,-27.51,-51.99,-26.73,-24.02,-18.54,-45.61,-3.79,-43.56,5,-20.84,5.84,-20.49,4.86,-47.78,24.11,-45.33,26.16,6.09,29.5,7.91,27.02,-55.36,45.39,-52.72,46.52,-24.09,54.58,-45.36,69.39,-43.76,79.18,-19.96,78.41,-48.47,96.03,-45.35,99.07,5.83,101.01,6.09,119.93,-32.81,120.55,-53.49,141.84,-50.49,141.67,-29.73,164.19,17.88,141.93,14.8,131.19,-8.87,121.69,11.55,99.16,7.5,99.95,19.55,78.39,16.3,62.82,-15.73,51.38,12.6,26.37,7.85,26.72,20.79,4.11,16.83,-9.8,-15.38,-22.14,13.13,-45.55,8.03,-45.11,24.48,-66.87,21.4,-68.1,-16.79,-71.09,-23.04,-73.03,-25.59,-77.7,-26.67,-82.28,-23.06,-80.78,17.77,-102.65,15.09,-103.62,-13.6,-105.36,-14.55,-105.29,-2.96,-108.64,3.54,-116.61,8.36,-123.45,9.37,-128.41,8.96,-157.68,4.54]}}}}],"animations":{"animation":{"bones":{"pai":{"rotate":[{"angle":2},{"time":0.6667,"angle":-2},{"time":1.3333,"angle":2}]},"jinbi2":{"rotate":[{"angle":2},{"time":0.6333,"angle":4},{"time":1.3333,"angle":2}]},"jinbi":{"translate":[{},{"time":0.6667,"y":5.45},{"time":1.3333}]},"halo":{"translate":[{},{"time":1,"x":420.59}]}}}}},[0]]],0,0,[0],[-1],[0]]
