[1,["1cb0583df@6c48a"],["_textureSource"],["cc.SpriteFrame","cc.SpriteAtlas"],0,[[[{"name":"word_shop_coin","rect":{"x":950,"y":390,"width":71,"height":25},"offset":{"x":0,"y":0},"originalSize":{"width":71,"height":25},"rotated":false,"capInsets":[0,0,0,0],"packable":true,"pixelsToUnit":100,"pivot":{"x":0.5,"y":0.5},"meshType":0}],[0],0,[0],[0],[0]],[[{"name":"img_shop_line","rect":{"x":950,"y":116,"width":210,"height":2},"offset":{"x":0,"y":0},"originalSize":{"width":210,"height":2},"rotated":true,"capInsets":[0,0,0,0],"packable":true,"pixelsToUnit":100,"pivot":{"x":0.5,"y":0.5},"meshType":0}],[0],0,[0],[0],[0]],[[{"name":"icon_dt_huanying","rect":{"x":3,"y":93,"width":405,"height":631},"offset":{"x":0,"y":0},"originalSize":{"width":405,"height":631},"rotated":true,"capInsets":[0,0,0,0],"packable":true,"pixelsToUnit":100,"pivot":{"x":0.5,"y":0.5},"meshType":0}],[0],0,[0],[0],[0]],[[{"name":"img_tas_icon","rect":{"x":830,"y":928,"width":106,"height":86},"offset":{"x":0,"y":0},"originalSize":{"width":106,"height":86},"rotated":false,"capInsets":[0,0,0,0],"packable":true,"pixelsToUnit":100,"pivot":{"x":0.5,"y":0.5},"meshType":0}],[0],0,[0],[0],[0]],[[{"name":"word_shop_ovo1","rect":{"x":949,"y":568,"width":68,"height":28},"offset":{"x":0,"y":0.5},"originalSize":{"width":68,"height":29},"rotated":false,"capInsets":[0,0,0,0],"packable":true,"pixelsToUnit":100,"pivot":{"x":0.5,"y":0.5},"meshType":0}],[0],0,[0],[0],[0]],[[{"name":"icon_shop_title3","rect":{"x":979,"y":633,"width":34,"height":35},"offset":{"x":0,"y":0},"originalSize":{"width":34,"height":35},"rotated":true,"capInsets":[0,0,0,0],"packable":true,"pixelsToUnit":100,"pivot":{"x":0.5,"y":0.5},"meshType":0}],[0],0,[0],[0],[0]],[[{"name":"word_shop_va1","rect":{"x":973,"y":764,"width":45,"height":28},"offset":{"x":0.5,"y":0},"originalSize":{"width":46,"height":28},"rotated":false,"capInsets":[0,0,0,0],"packable":true,"pixelsToUnit":100,"pivot":{"x":0.5,"y":0.5},"meshType":0}],[0],0,[0],[0],[0]],[[{"name":"word_shop_coin1","rect":{"x":907,"y":442,"width":83,"height":37},"offset":{"x":0,"y":0},"originalSize":{"width":85,"height":39},"rotated":true,"capInsets":[0,0,0,0],"packable":true,"pixelsToUnit":100,"pivot":{"x":0.5,"y":0.5},"meshType":0}],[0],0,[0],[0],[0]],[[{"name":"panel_shop_bg","rect":{"x":195,"y":504,"width":229,"height":470},"offset":{"x":0,"y":0},"originalSize":{"width":229,"height":470},"rotated":false,"capInsets":[0,0,0,0],"packable":true,"pixelsToUnit":100,"pivot":{"x":0.5,"y":0.5},"meshType":0}],[0],0,[0],[0],[0]],[[{"name":"input_shop_bg","rect":{"x":195,"y":980,"width":245,"height":41},"offset":{"x":0,"y":0},"originalSize":{"width":245,"height":41},"rotated":false,"capInsets":[30,13,20,12],"packable":true,"pixelsToUnit":100,"pivot":{"x":0.5,"y":0.5},"meshType":0}],[0],0,[0],[0],[0]],[[{"name":"img_shop_bg1","rect":{"x":958,"y":303,"width":46,"height":46},"offset":{"x":0,"y":0},"originalSize":{"width":46,"height":46},"rotated":false,"capInsets":[0,0,0,0],"packable":true,"pixelsToUnit":100,"pivot":{"x":0.5,"y":0.5},"meshType":0}],[0],0,[0],[0],[0]],[[{"name":"btn_shop_service","rect":{"x":950,"y":495,"width":67,"height":69},"offset":{"x":0,"y":0},"originalSize":{"width":67,"height":69},"rotated":true,"capInsets":[0,0,0,0],"packable":true,"pixelsToUnit":100,"pivot":{"x":0.5,"y":0.5},"meshType":0}],[0],0,[0],[0],[0]],[[{"name":"word_shop_shopee","rect":{"x":640,"y":406,"width":104,"height":30},"offset":{"x":0,"y":0},"originalSize":{"width":104,"height":30},"rotated":false,"capInsets":[0,0,0,0],"packable":true,"pixelsToUnit":100,"pivot":{"x":0.5,"y":0.5},"meshType":0}],[0],0,[0],[0],[0]],[[{"name":"icon_shop_red","rect":{"x":546,"y":846,"width":110,"height":19},"offset":{"x":0,"y":0},"originalSize":{"width":110,"height":19},"rotated":true,"capInsets":[0,0,0,0],"packable":true,"pixelsToUnit":100,"pivot":{"x":0.5,"y":0.5},"meshType":0}],[0],0,[0],[0],[0]],[[{"name":"btn_shop_topup","rect":{"x":640,"y":116,"width":304,"height":87},"offset":{"x":0,"y":0},"originalSize":{"width":304,"height":87},"rotated":false,"capInsets":[0,0,0,0],"packable":true,"pixelsToUnit":100,"pivot":{"x":0.5,"y":0.5},"meshType":0}],[0],0,[0],[0],[0]],[[{"name":"choose_shop_in","rect":{"x":750,"y":406,"width":151,"height":84},"offset":{"x":0,"y":0.5},"originalSize":{"width":151,"height":85},"rotated":false,"capInsets":[15,15,15,15],"packable":true,"pixelsToUnit":100,"pivot":{"x":0.5,"y":0.5},"meshType":0}],[0],0,[0],[0],[0]],[[{"name":"btn_shop_tolong","rect":{"x":446,"y":965,"width":111,"height":42},"offset":{"x":0,"y":0},"originalSize":{"width":111,"height":42},"rotated":false,"capInsets":[24,16,25,18],"packable":true,"pixelsToUnit":100,"pivot":{"x":0.5,"y":0.5},"meshType":0}],[0],0,[0],[0],[0]],[[{"name":"xuanzhong","rect":{"x":446,"y":676,"width":164,"height":164},"offset":{"x":0,"y":0},"originalSize":{"width":164,"height":164},"rotated":false,"capInsets":[0,0,0,0],"packable":true,"pixelsToUnit":100,"pivot":{"x":0.5,"y":0.5},"meshType":0}],[0],0,[0],[0],[0]],[[{"name":"word_shop_tas","rect":{"x":446,"y":644,"width":181,"height":26},"offset":{"x":0,"y":0},"originalSize":{"width":181,"height":26},"rotated":false,"capInsets":[0,0,0,0],"packable":true,"pixelsToUnit":100,"pivot":{"x":0.5,"y":0.5},"meshType":0}],[0],0,[0],[0],[0]],[[{"name":"auto_shop","spriteFrames":[]}],[1],0,[],[],[]],[[{"name":"icon_shop_title6","rect":{"x":979,"y":673,"width":35,"height":24},"offset":{"x":0,"y":0},"originalSize":{"width":35,"height":24},"rotated":false,"capInsets":[0,0,0,0],"packable":true,"pixelsToUnit":100,"pivot":{"x":0.5,"y":0.5},"meshType":0}],[0],0,[0],[0],[0]],[[{"name":"img_shop_title1","rect":{"x":640,"y":442,"width":567,"height":95},"offset":{"x":0,"y":0},"originalSize":{"width":567,"height":95},"rotated":true,"capInsets":[0,0,0,0],"packable":true,"pixelsToUnit":100,"pivot":{"x":0.5,"y":0.5},"meshType":0}],[0],0,[0],[0],[0]],[[{"name":"img_shop_titleBg","rect":{"x":3,"y":3,"width":636,"height":84},"offset":{"x":0,"y":0},"originalSize":{"width":636,"height":84},"rotated":false,"capInsets":[0,0,0,0],"packable":true,"pixelsToUnit":100,"pivot":{"x":0.5,"y":0.5},"meshType":0}],[0],0,[0],[0],[0]],[[{"name":"word_shop_tolong","rect":{"x":942,"y":928,"width":78,"height":29},"offset":{"x":0,"y":0},"originalSize":{"width":78,"height":29},"rotated":false,"capInsets":[0,0,0,0],"packable":true,"pixelsToUnit":100,"pivot":{"x":0.5,"y":0.5},"meshType":0}],[0],0,[0],[0],[0]],[[{"name":"word_shop_tas1","rect":{"x":905,"y":531,"width":193,"height":38},"offset":{"x":0,"y":0},"originalSize":{"width":195,"height":40},"rotated":true,"capInsets":[0,0,0,0],"packable":true,"pixelsToUnit":100,"pivot":{"x":0.5,"y":0.5},"meshType":0}],[0],0,[0],[0],[0]],[[{"name":"word_shop_va","rect":{"x":942,"y":963,"width":43,"height":24},"offset":{"x":0,"y":0},"originalSize":{"width":43,"height":24},"rotated":true,"capInsets":[0,0,0,0],"packable":true,"pixelsToUnit":100,"pivot":{"x":0.5,"y":0.5},"meshType":0}],[0],0,[0],[0],[0]],[[{"name":"num_shop_num_0","rect":{"x":616,"y":676,"width":146,"height":16},"offset":{"x":-182,"y":119},"originalSize":{"width":512,"height":256},"rotated":true,"capInsets":[0,0,0,0],"packable":true,"pixelsToUnit":100,"pivot":{"x":0.5,"y":0.5},"meshType":0}],[0],0,[0],[0],[0]],[[{"name":"icon_shop_title5","rect":{"x":972,"y":963,"width":33,"height":23},"offset":{"x":0,"y":0},"originalSize":{"width":33,"height":23},"rotated":false,"capInsets":[0,0,0,0],"packable":true,"pixelsToUnit":100,"pivot":{"x":0.5,"y":0.5},"meshType":0}],[0],0,[0],[0],[0]],[[{"name":"img_tas_cutdown","rect":{"x":783,"y":895,"width":118,"height":41},"offset":{"x":0,"y":0},"originalSize":{"width":118,"height":41},"rotated":true,"capInsets":[0,0,0,0],"packable":true,"pixelsToUnit":100,"pivot":{"x":0.5,"y":0.5},"meshType":0}],[0],0,[0],[0],[0]],[[{"name":"word_shop_qris","rect":{"x":950,"y":355,"width":71,"height":29},"offset":{"x":0,"y":0},"originalSize":{"width":71,"height":29},"rotated":false,"capInsets":[0,0,0,0],"packable":true,"pixelsToUnit":100,"pivot":{"x":0.5,"y":0.5},"meshType":0}],[0],0,[0],[0],[0]],[[{"name":"btn_gift","rect":{"x":640,"y":209,"width":304,"height":87},"offset":{"x":0,"y":0},"originalSize":{"width":304,"height":87},"rotated":false,"capInsets":[0,0,0,0],"packable":true,"pixelsToUnit":100,"pivot":{"x":0.5,"y":0.5},"meshType":0}],[0],0,[0],[0],[0]],[[{"name":"word_shop_dana","rect":{"x":949,"y":633,"width":81,"height":24},"offset":{"x":0,"y":0},"originalSize":{"width":81,"height":24},"rotated":true,"capInsets":[0,0,0,0],"packable":true,"pixelsToUnit":100,"pivot":{"x":0.5,"y":0.5},"meshType":0}],[0],0,[0],[0],[0]],[[{"name":"icon_shop_title4","rect":{"x":912,"y":366,"width":32,"height":32},"offset":{"x":0,"y":0},"originalSize":{"width":32,"height":32},"rotated":false,"capInsets":[0,0,0,0],"packable":true,"pixelsToUnit":100,"pivot":{"x":0.5,"y":0.5},"meshType":0}],[0],0,[0],[0],[0]],[[{"name":"zi_Rp","rect":{"x":958,"y":255,"width":50,"height":42},"offset":{"x":0,"y":0},"originalSize":{"width":50,"height":42},"rotated":false,"capInsets":[0,0,0,0],"packable":true,"pixelsToUnit":100,"pivot":{"x":0.5,"y":0.5},"meshType":0}],[0],0,[0],[0],[0]],[[{"name":"icon_shop_title1","rect":{"x":912,"y":404,"width":32,"height":32},"offset":{"x":0,"y":0},"originalSize":{"width":32,"height":32},"rotated":false,"capInsets":[0,0,0,0],"packable":true,"pixelsToUnit":100,"pivot":{"x":0.5,"y":0.5},"meshType":0}],[0],0,[0],[0],[0]],[[{"name":"icon_shop_title2","rect":{"x":912,"y":327,"width":33,"height":32},"offset":{"x":0,"y":0},"originalSize":{"width":33,"height":32},"rotated":true,"capInsets":[0,0,0,0],"packable":true,"pixelsToUnit":100,"pivot":{"x":0.5,"y":0.5},"meshType":0}],[0],0,[0],[0],[0]],[[{"name":"icon_shop_green","rect":{"x":612,"y":846,"width":110,"height":19},"offset":{"x":0,"y":0},"originalSize":{"width":110,"height":19},"rotated":true,"capInsets":[0,0,0,0],"packable":true,"pixelsToUnit":100,"pivot":{"x":0.5,"y":0.5},"meshType":0}],[0],0,[0],[0],[0]],[[{"name":"btn_shop_leftIn","rect":{"x":783,"y":812,"width":231,"height":77},"offset":{"x":0,"y":0},"originalSize":{"width":231,"height":77},"rotated":false,"capInsets":[0,0,0,0],"packable":true,"pixelsToUnit":100,"pivot":{"x":0.5,"y":0.5},"meshType":0}],[0],0,[0],[0],[0]],[[{"name":"bg_bank_uncheck","rect":{"x":741,"y":660,"width":146,"height":146},"offset":{"x":0,"y":0},"originalSize":{"width":148,"height":148},"rotated":false,"capInsets":[0,0,0,0],"packable":true,"pixelsToUnit":100,"pivot":{"x":0.5,"y":0.5},"meshType":0}],[0],0,[0],[0],[0]],[[{"name":"img_shop_bg2","rect":{"x":430,"y":846,"width":110,"height":113},"offset":{"x":0,"y":0.5},"originalSize":{"width":112,"height":114},"rotated":false,"capInsets":[15,15,15,19],"packable":true,"pixelsToUnit":100,"pivot":{"x":0.5,"y":0.5},"meshType":0}],[0],0,[0],[0],[0]],[[{"name":"bg_shop_rolr","rect":{"x":3,"y":504,"width":186,"height":517},"offset":{"x":0,"y":0},"originalSize":{"width":186,"height":517},"rotated":false,"capInsets":[0,0,0,0],"packable":true,"pixelsToUnit":100,"pivot":{"x":0.5,"y":0.5},"meshType":0}],[0],0,[0],[0],[0]],[[{"name":"btn_shop_null","rect":{"x":932,"y":764,"width":35,"height":38},"offset":{"x":0,"y":0},"originalSize":{"width":35,"height":38},"rotated":false,"capInsets":[0,0,0,0],"packable":true,"pixelsToUnit":100,"pivot":{"x":0.5,"y":0.5},"meshType":0}],[0],0,[0],[0],[0]],[[{"name":"icon_jinbi","rect":{"x":950,"y":421,"width":68,"height":70},"offset":{"x":-0.5,"y":-0.5},"originalSize":{"width":69,"height":71},"rotated":true,"capInsets":[0,0,0,0],"packable":true,"pixelsToUnit":100,"pivot":{"x":0.5,"y":0.5},"meshType":0}],[0],0,[0],[0],[0]],[[{"name":"icon_free","rect":{"x":446,"y":504,"width":188,"height":134},"offset":{"x":0,"y":0},"originalSize":{"width":188,"height":134},"rotated":false,"capInsets":[0,0,0,0],"packable":true,"pixelsToUnit":100,"pivot":{"x":0.5,"y":0.5},"meshType":0}],[0],0,[0],[0],[0]],[[{"name":"word_shop_topup","rect":{"x":571,"y":846,"width":97,"height":35},"offset":{"x":0,"y":0},"originalSize":{"width":97,"height":35},"rotated":true,"capInsets":[0,0,0,0],"packable":true,"pixelsToUnit":100,"pivot":{"x":0.5,"y":0.5},"meshType":0}],[0],0,[0],[0],[0]],[[{"name":"word_shop_dana1","rect":{"x":932,"y":730,"width":85,"height":28},"offset":{"x":0,"y":0},"originalSize":{"width":85,"height":28},"rotated":false,"capInsets":[0,0,0,0],"packable":true,"pixelsToUnit":100,"pivot":{"x":0.5,"y":0.5},"meshType":0}],[0],0,[0],[0],[0]],[[{"name":"btn_title_of","rect":{"x":960,"y":3,"width":246,"height":56},"offset":{"x":0,"y":0},"originalSize":{"width":246,"height":56},"rotated":true,"capInsets":[0,0,0,0],"packable":true,"pixelsToUnit":100,"pivot":{"x":0.5,"y":0.5},"meshType":0}],[0],0,[0],[0],[0]],[[{"name":"bg_bank_check","rect":{"x":741,"y":496,"width":158,"height":158},"offset":{"x":0,"y":0},"originalSize":{"width":160,"height":160},"rotated":false,"capInsets":[0,0,0,0],"packable":true,"pixelsToUnit":100,"pivot":{"x":0.5,"y":0.5},"meshType":0}],[0],0,[0],[0],[0]],[[{"name":"word_shop_pergi","rect":{"x":830,"y":895,"width":190,"height":27},"offset":{"x":0,"y":0},"originalSize":{"width":190,"height":27},"rotated":false,"capInsets":[0,0,0,0],"packable":true,"pixelsToUnit":100,"pivot":{"x":0.5,"y":0.5},"meshType":0}],[0],0,[0],[0],[0]],[[{"name":"shanchuxian","rect":{"x":640,"y":302,"width":286,"height":19},"offset":{"x":0,"y":0},"originalSize":{"width":288,"height":19},"rotated":false,"capInsets":[0,0,0,0],"packable":true,"pixelsToUnit":100,"pivot":{"x":0.5,"y":0.5},"meshType":0}],[0],0,[0],[0],[0]],[[{"name":"word_shop_dan","rect":{"x":741,"y":812,"width":209,"height":36},"offset":{"x":0,"y":0},"originalSize":{"width":209,"height":36},"rotated":true,"capInsets":[0,0,0,0],"packable":true,"pixelsToUnit":100,"pivot":{"x":0.5,"y":0.5},"meshType":0}],[0],0,[0],[0],[0]],[[{"name":"word_shop_qris1","rect":{"x":893,"y":730,"width":75,"height":33},"offset":{"x":0,"y":0},"originalSize":{"width":75,"height":33},"rotated":true,"capInsets":[0,0,0,0],"packable":true,"pixelsToUnit":100,"pivot":{"x":0.5,"y":0.5},"meshType":0}],[0],0,[0],[0],[0]],[[{"name":"title_dt_chongzhixuanze","rect":{"x":645,"y":3,"width":309,"height":107},"offset":{"x":1,"y":1},"originalSize":{"width":313,"height":111},"rotated":false,"capInsets":[0,0,0,0],"packable":true,"pixelsToUnit":100,"pivot":{"x":0.5,"y":0.5},"meshType":0}],[0],0,[0],[0],[0]],[[{"name":"btn_title_in","rect":{"x":640,"y":327,"width":266,"height":73},"offset":{"x":0,"y":0},"originalSize":{"width":266,"height":73},"rotated":false,"capInsets":[0,0,0,0],"packable":true,"pixelsToUnit":100,"pivot":{"x":0.5,"y":0.5},"meshType":0}],[0],0,[0],[0],[0]],[[{"name":"word_shop_ovo","rect":{"x":949,"y":602,"width":64,"height":25},"offset":{"x":0,"y":0},"originalSize":{"width":64,"height":25},"rotated":false,"capInsets":[0,0,0,0],"packable":true,"pixelsToUnit":100,"pivot":{"x":0.5,"y":0.5},"meshType":0}],[0],0,[0],[0],[0]]]]
