[1,["1ac3c910e@6c48a"],["_textureSource"],["cc.SpriteFrame","cc.SpriteAtlas"],0,[[[{"name":"xiaoxitongzhi_dikuang","rect":{"x":586,"y":961,"width":407,"height":29},"offset":{"x":0,"y":0},"originalSize":{"width":407,"height":29},"rotated":false,"capInsets":[0,0,0,0],"packable":true,"pixelsToUnit":100,"pivot":{"x":0.5,"y":0.5},"meshType":0}],[0],0,[0],[0],[0]],[[{"name":"zhuanpan_dizuo_BIG","rect":{"x":3,"y":559,"width":421,"height":577},"offset":{"x":0,"y":0},"originalSize":{"width":421,"height":577},"rotated":true,"capInsets":[0,0,0,0],"packable":true,"pixelsToUnit":100,"pivot":{"x":0.5,"y":0.5},"meshType":0}],[0],0,[0],[0],[0]],[[{"name":"zhuanpan_bj","rect":{"x":3,"y":3,"width":840,"height":550},"offset":{"x":0,"y":0},"originalSize":{"width":840,"height":550},"rotated":false,"capInsets":[0,0,0,0],"packable":true,"pixelsToUnit":100,"pivot":{"x":0.5,"y":0.5},"meshType":0}],[0],0,[0],[0],[0]],[[{"name":"auto_activity","spriteFrames":[]}],[1],0,[],[],[]],[[{"name":"zhongjiangnanniu_dikuang","rect":{"x":3,"y":986,"width":266,"height":34},"offset":{"x":0,"y":0},"originalSize":{"width":266,"height":34},"rotated":false,"capInsets":[24,0,24,0],"packable":true,"pixelsToUnit":100,"pivot":{"x":0.5,"y":0.5},"meshType":0}],[0],0,[0],[0],[0]],[[{"name":"zhuanpan_huangquan_BIG","rect":{"x":586,"y":559,"width":395,"height":396},"offset":{"x":0,"y":0},"originalSize":{"width":395,"height":396},"rotated":false,"capInsets":[0,0,0,0],"packable":true,"pixelsToUnit":100,"pivot":{"x":0.5,"y":0.5},"meshType":0}],[0],0,[0],[0],[0]],[[{"name":"zhuanpan_qian_zhuangshiwu","rect":{"x":875,"y":3,"width":329,"height":121},"offset":{"x":0,"y":0},"originalSize":{"width":329,"height":121},"rotated":true,"capInsets":[0,0,0,0],"packable":true,"pixelsToUnit":100,"pivot":{"x":0.5,"y":0.5},"meshType":0}],[0],0,[0],[0],[0]],[[{"name":"huodongshijian","rect":{"x":849,"y":3,"width":352,"height":20},"offset":{"x":0,"y":0},"originalSize":{"width":352,"height":20},"rotated":true,"capInsets":[0,0,0,0],"packable":true,"pixelsToUnit":100,"pivot":{"x":0.5,"y":0.5},"meshType":0}],[0],0,[0],[0],[0]]]]
