[1,["51oTsLjmZOlqk9/b+Owy5R@6c48a"],0,[["sp.SkeletonData",["_name","_atlasText","textureNames","_skeletonJson","textures"],-1,3]],[[0,0,1,2,3,4,5]],[[0,"bangdingshouji_icon","\r\nbangdingshouji_icon.png\r\nsize: 2048,512\r\nformat: RGBA8888\r\nfilter: Linear,Linear\r\nrepeat: none\r\n1wq\r\n  rotate: true\r\n  xy: 1082, 253\r\n  size: 225, 185\r\n  orig: 225, 185\r\n  offset: 0, 0\r\n  index: -1\r\nhalo/1\r\n  rotate: true\r\n  xy: 2, 2\r\n  size: 237, 214\r\n  orig: 237, 214\r\n  offset: 0, 0\r\n  index: -1\r\nhalo/10\r\n  rotate: true\r\n  xy: 866, 2\r\n  size: 237, 214\r\n  orig: 237, 214\r\n  offset: 0, 0\r\n  index: -1\r\nhalo/2\r\n  rotate: true\r\n  xy: 218, 241\r\n  size: 237, 214\r\n  orig: 237, 214\r\n  offset: 0, 0\r\n  index: -1\r\nhalo/3\r\n  rotate: true\r\n  xy: 218, 2\r\n  size: 237, 214\r\n  orig: 237, 214\r\n  offset: 0, 0\r\n  index: -1\r\nhalo/4\r\n  rotate: true\r\n  xy: 434, 241\r\n  size: 237, 214\r\n  orig: 237, 214\r\n  offset: 0, 0\r\n  index: -1\r\nhalo/5\r\n  rotate: true\r\n  xy: 434, 2\r\n  size: 237, 214\r\n  orig: 237, 214\r\n  offset: 0, 0\r\n  index: -1\r\nhalo/6\r\n  rotate: true\r\n  xy: 650, 241\r\n  size: 237, 214\r\n  orig: 237, 214\r\n  offset: 0, 0\r\n  index: -1\r\nhalo/7\r\n  rotate: true\r\n  xy: 650, 2\r\n  size: 237, 214\r\n  orig: 237, 214\r\n  offset: 0, 0\r\n  index: -1\r\nhalo/8\r\n  rotate: true\r\n  xy: 866, 241\r\n  size: 237, 214\r\n  orig: 237, 214\r\n  offset: 0, 0\r\n  index: -1\r\nhalo/9\r\n  rotate: true\r\n  xy: 2, 241\r\n  size: 237, 214\r\n  orig: 237, 214\r\n  offset: 0, 0\r\n  index: -1\r\n",["bangdingshouji_icon.png"],{"skeleton":{"hash":"Wr0BA46qvUpQhiXCpXTBrnA20YI","spine":"3.8.99","x":-354,"y":-321,"width":711,"height":642,"images":"E:/新版UI/平台/大厅new/动画/源文件/手机绑定优化/1","audio":""},"bones":[{"name":"root"},{"name":"111","parent":"root"},{"name":"halo","parent":"111","scaleX":3,"scaleY":3}],"slots":[{"name":"qq","bone":"halo","attachment":"halo/4","blend":"screen"},{"name":"1wq","bone":"111","attachment":"1wq"}],"skins":[{"name":"default","attachments":{"1wq":{"1wq":{"x":0.5,"y":0.5,"width":225,"height":185}},"qq":{"halo/1":{"x":0.5,"width":237,"height":214},"halo/2":{"x":0.5,"width":237,"height":214},"halo/3":{"x":0.5,"width":237,"height":214},"halo/4":{"x":0.5,"width":237,"height":214},"halo/5":{"x":0.5,"width":237,"height":214},"halo/6":{"x":0.5,"width":237,"height":214},"halo/7":{"x":0.5,"width":237,"height":214},"halo/8":{"x":0.5,"width":237,"height":214},"halo/9":{"x":0.5,"width":237,"height":214},"halo/10":{"x":0.5,"width":237,"height":214}}}}],"animations":{"animation":{"slots":{"qq":{"attachment":[{"name":"halo/1"},{"time":0.1,"name":"halo/2"},{"time":0.2,"name":"halo/3"},{"time":0.3,"name":"halo/4"},{"time":0.4,"name":"halo/5"},{"time":0.5,"name":"halo/6"},{"time":0.6,"name":"halo/7"},{"time":0.7,"name":"halo/8"},{"time":0.8,"name":"halo/9"},{"time":0.9,"name":"halo/10"}]}}}}},[0]]],0,0,[0],[-1],[0]]
