[1,["23YOsal65JZZj+A7OKrokO@6c48a"],["_textureSource"],["cc.SpriteFrame"],0,[{"name":"small","rect":{"x":0,"y":0,"width":180,"height":63},"offset":{"x":0,"y":0},"originalSize":{"width":180,"height":63},"rotated":false,"capInsets":[0,0,0,0],"vertices":{"rawPosition":[-90,-31.5,0,90,-31.5,0,-90,31.5,0,90,31.5,0],"indexes":[0,1,2,2,1,3],"uv":[0,63,180,63,0,0,180,0],"nuv":[0,0,1,0,0,1,1,1],"minPos":{"x":-90,"y":-31.5,"z":0},"maxPos":{"x":90,"y":31.5,"z":0}},"packable":true,"pixelsToUnit":100,"pivot":{"x":0.5,"y":0.5},"meshType":0}],[0],0,[0],[0],[0]]
