[1,["89ueKriY9GK6IZSLcUygI+@6c48a"],0,[["sp.SkeletonData",["_name","_atlasText","textureNames","_skeletonJson","textures"],-1,3]],[[0,0,1,2,3,4,5]],[[0,"qiuqiu","\r\nqiuqiu.png\r\nsize: 1024,256\r\nformat: RGBA8888\r\nfilter: Linear,Linear\r\nrepeat: none\r\nchouma\r\n  rotate: true\r\n  xy: 423, 2\r\n  size: 111, 108\r\n  orig: 111, 108\r\n  offset: 0, 0\r\n  index: -1\r\nchoumaguang\r\n  rotate: false\r\n  xy: 423, 115\r\n  size: 132, 132\r\n  orig: 132, 132\r\n  offset: 0, 0\r\n  index: -1\r\ngp1\r\n  rotate: true\r\n  xy: 533, 25\r\n  size: 88, 120\r\n  orig: 88, 120\r\n  offset: 0, 0\r\n  index: -1\r\ngp2\r\n  rotate: false\r\n  xy: 557, 127\r\n  size: 88, 120\r\n  orig: 88, 120\r\n  offset: 0, 0\r\n  index: -1\r\nqiuqiubg\r\n  rotate: false\r\n  xy: 2, 31\r\n  size: 216, 216\r\n  orig: 216, 216\r\n  offset: 0, 0\r\n  index: -1\r\nshafa\r\n  rotate: false\r\n  xy: 220, 45\r\n  size: 201, 202\r\n  orig: 201, 202\r\n  offset: 0, 0\r\n  index: -1\r\n",["qiuqiu.png"],{"skeleton":{"hash":"uxbtMFz2mbFt8eFBjSTv3SShcho","spine":"3.8.99","x":-108,"y":-1.58,"width":216,"height":227.32,"images":"E:/新版UI/平台/入口新源文件/球球/qiuqiurukou","audio":""},"bones":[{"name":"root"},{"name":"bone","parent":"root","length":81.04,"rotation":111.8,"x":-45.17,"y":95.74},{"name":"bone2","parent":"root","length":83.16,"rotation":70.56,"x":42.74,"y":89.41},{"name":"bone3","parent":"root","length":60.19,"rotation":90.75,"x":2.75,"y":95.74},{"name":"choumaguang","parent":"bone3","x":60.19}],"slots":[{"name":"bg","bone":"root","attachment":"qiuqiubg"},{"name":"sf","bone":"root","attachment":"shafa"},{"name":"gp1","bone":"bone2","attachment":"gp1"},{"name":"gp2","bone":"bone","attachment":"gp2"},{"name":"bone3","bone":"bone3","attachment":"bone3"},{"name":"chouma","bone":"bone3","attachment":"chouma"},{"name":"choumaguang","bone":"choumaguang","attachment":"choumaguang","blend":"screen"}],"skins":[{"name":"default","attachments":{"bg":{"qiuqiubg":{"y":106.42,"width":216,"height":216}},"bone3":{"bone3":{"type":"clipping","end":"bone3","vertexCount":28,"color":"ce3a3aff","vertices":[53.26,46.51,42.32,49.77,35.11,50.52,23.47,50.68,11.3,48.38,2.21,43.25,-6.58,36.14,-14.24,26.73,-19.67,12.86,-21.63,1.08,-21.45,-10.08,-18.63,-20.12,-12.69,-30.04,-6.88,-37.33,1.72,-43.84,11.18,-48.39,21.48,-50.49,35.24,-51.66,47.91,-49.2,59.46,-43.94,68.24,-36.84,77.11,-23.67,81.35,-13.07,82.96,-2.59,82.32,11.2,77.08,23.89,69.35,35.48,61.24,42.31]}},"chouma":{"chouma":{"x":31.5,"y":-3.76,"rotation":-91.18,"width":111,"height":108}},"choumaguang":{"choumaguang":{"x":-29.6,"y":-0.31,"rotation":-99.2,"width":132,"height":132}},"gp1":{"gp1":{"x":48.38,"y":3.98,"rotation":-75.02,"width":88,"height":120}},"gp2":{"gp2":{"x":39.05,"y":-12.21,"rotation":-111.8,"width":88,"height":120}},"sf":{"shafa":{"x":0.5,"y":124.74,"width":201,"height":202}}}}],"animations":{"animation":{"bones":{"choumaguang":{"translate":[{"x":54.54,"y":54.15},{"time":1.5,"x":-64.73,"y":-38.67}]},"bone3":{"translate":[{},{"time":1,"x":-0.15,"y":11.43},{"time":2}]},"bone2":{"rotate":[{},{"time":1,"angle":-5.08},{"time":2}]},"bone":{"rotate":[{},{"time":1,"angle":4.58},{"time":2}]}}}}},[0]]],0,0,[0],[-1],[0]]
