[1,["6a1Fc2wZ1Mc5ShPlboTrJD@6c48a"],["_textureSource"],["cc.SpriteFrame"],0,[{"name":"longhu","rect":{"x":0,"y":0,"width":186,"height":89},"offset":{"x":0,"y":0},"originalSize":{"width":186,"height":89},"rotated":false,"capInsets":[0,0,0,0],"vertices":{"rawPosition":[-93,-44.5,0,93,-44.5,0,-93,44.5,0,93,44.5,0],"indexes":[0,1,2,2,1,3],"uv":[0,89,186,89,0,0,186,0],"nuv":[0,0,1,0,0,1,1,1],"minPos":{"x":-93,"y":-44.5,"z":0},"maxPos":{"x":93,"y":44.5,"z":0}},"packable":true,"pixelsToUnit":100,"pivot":{"x":0.5,"y":0.5},"meshType":0}],[0],0,[0],[0],[0]]
