[1,["67erJuATdD+q7IjEIVCdpj@6c48a","67erJuATdD+q7IjEIVCdpj@f9941"],["_textureSource","spriteFrame"],["cc.SpriteFrame",["cc.BitmapFont",["_name","fontSize","fntConfig"],0]],[[1,0,1,2,4]],[[[{"name":"cutdownTime_0","rect":{"x":1,"y":3,"width":117,"height":50},"offset":{"x":-4.5,"y":36},"originalSize":{"width":128,"height":128},"rotated":false,"capInsets":[0,0,0,0],"vertices":{"rawPosition":[-58.5,-25,0,58.5,-25,0,-58.5,25,0,58.5,25,0],"indexes":[0,1,2,2,1,3],"uv":[1,125,118,125,1,75,118,75],"nuv":[0.0078125,0.5859375,0.921875,0.5859375,0.0078125,0.9765625,0.921875,0.9765625],"minPos":{"x":-58.5,"y":-25,"z":0},"maxPos":{"x":58.5,"y":25,"z":0}},"packable":true,"pixelsToUnit":100,"pivot":{"x":0.5,"y":0.5},"meshType":0}],[0],0,[0],[0],[0]],[[[0,"cutdownTime",32,{"commonHeight":32,"fontSize":32,"atlasName":"cutdownTime_0.png","fontDefDictionary":{"48":{"xOffset":-1,"yOffset":-1,"xAdvance":17,"rect":{"x":21,"y":0,"width":19,"height":28}},"49":{"xOffset":-1,"yOffset":-1,"xAdvance":14,"rect":{"x":58,"y":29,"width":16,"height":28}},"50":{"xOffset":-1,"yOffset":-1,"xAdvance":18,"rect":{"x":0,"y":0,"width":20,"height":28}},"51":{"xOffset":-1,"yOffset":-1,"xAdvance":16,"rect":{"x":20,"y":29,"width":18,"height":28}},"52":{"xOffset":-1,"yOffset":-1,"xAdvance":17,"rect":{"x":41,"y":0,"width":19,"height":28}},"53":{"xOffset":-1,"yOffset":-1,"xAdvance":16,"rect":{"x":39,"y":29,"width":18,"height":28}},"54":{"xOffset":-1,"yOffset":-1,"xAdvance":17,"rect":{"x":61,"y":0,"width":19,"height":28}},"55":{"xOffset":-1,"yOffset":-1,"xAdvance":17,"rect":{"x":81,"y":0,"width":19,"height":28}},"56":{"xOffset":-1,"yOffset":-1,"xAdvance":17,"rect":{"x":101,"y":0,"width":19,"height":28}},"57":{"xOffset":-1,"yOffset":-1,"xAdvance":17,"rect":{"x":0,"y":29,"width":19,"height":28}},"58":{"xOffset":-1,"yOffset":-1,"xAdvance":12,"rect":{"x":75,"y":29,"width":14,"height":28}}},"kerningDict":{}}]],0,0,[0],[1],[1]]]]
