[1,["150be7457@6c48a"],["_textureSource"],["cc.SpriteFrame","cc.SpriteAtlas"],0,[[[{"name":"withdrawal","spriteFrames":[]}],[1],0,[],[],[]],[[{"name":"word_withdrawal_metode","rect":{"x":3,"y":39,"width":320,"height":30},"offset":{"x":0,"y":0},"originalSize":{"width":320,"height":30},"rotated":false,"capInsets":[0,0,0,0],"packable":true,"pixelsToUnit":100,"pivot":{"x":0.5,"y":0.5},"meshType":0}],[0],0,[0],[0],[0]],[[{"name":"word_withdrawal_nomor1","rect":{"x":248,"y":116,"width":135,"height":62},"offset":{"x":0,"y":0},"originalSize":{"width":135,"height":62},"rotated":true,"capInsets":[0,0,0,0],"packable":true,"pixelsToUnit":100,"pivot":{"x":0.5,"y":0.5},"meshType":0}],[0],0,[0],[0],[0]],[[{"name":"icon_withdrawal_va","rect":{"x":193,"y":382,"width":106,"height":44},"offset":{"x":0,"y":0},"originalSize":{"width":106,"height":44},"rotated":true,"capInsets":[0,0,0,0],"packable":true,"pixelsToUnit":100,"pivot":{"x":0.5,"y":0.5},"meshType":0}],[0],0,[0],[0],[0]],[[{"name":"icon_withdrawal_help","rect":{"x":142,"y":726,"width":19,"height":21},"offset":{"x":0,"y":0},"originalSize":{"width":19,"height":21},"rotated":false,"capInsets":[0,0,0,0],"packable":true,"pixelsToUnit":100,"pivot":{"x":0.5,"y":0.5},"meshType":0}],[0],0,[0],[0],[0]],[[{"name":"panel_withdrawal_bg3","rect":{"x":167,"y":699,"width":138,"height":90},"offset":{"x":0,"y":0},"originalSize":{"width":138,"height":90},"rotated":false,"capInsets":[13,14,15,14],"packable":true,"pixelsToUnit":100,"pivot":{"x":0.5,"y":0.5},"meshType":0}],[0],0,[0],[0],[0]],[[{"name":"btn_withdrawal_subtract1","rect":{"x":329,"y":285,"width":35,"height":38},"offset":{"x":0,"y":0},"originalSize":{"width":35,"height":38},"rotated":true,"capInsets":[0,0,0,0],"packable":true,"pixelsToUnit":100,"pivot":{"x":0.5,"y":0.5},"meshType":0}],[0],0,[0],[0],[0]],[[{"name":"panel_withdrawal_bg1","rect":{"x":3,"y":595,"width":125,"height":158},"offset":{"x":0,"y":0},"originalSize":{"width":125,"height":158},"rotated":true,"capInsets":[0,0,0,0],"packable":true,"pixelsToUnit":100,"pivot":{"x":0.5,"y":0.5},"meshType":0}],[0],0,[0],[0],[0]],[[{"name":"icon_withdrawal_dana","rect":{"x":325,"y":508,"width":106,"height":44},"offset":{"x":0,"y":0},"originalSize":{"width":106,"height":44},"rotated":true,"capInsets":[0,0,0,0],"packable":true,"pixelsToUnit":100,"pivot":{"x":0.5,"y":0.5},"meshType":0}],[0],0,[0],[0],[0]],[[{"name":"panel_withdrawal_line","rect":{"x":329,"y":39,"width":214,"height":2},"offset":{"x":0,"y":0},"originalSize":{"width":214,"height":2},"rotated":true,"capInsets":[0,0,0,0],"packable":true,"pixelsToUnit":100,"pivot":{"x":0.5,"y":0.5},"meshType":0}],[0],0,[0],[0],[0]],[[{"name":"word_withdrawal_jumlah","rect":{"x":3,"y":116,"width":239,"height":21},"offset":{"x":0,"y":0},"originalSize":{"width":239,"height":21},"rotated":false,"capInsets":[0,0,0,0],"packable":true,"pixelsToUnit":100,"pivot":{"x":0.5,"y":0.5},"meshType":0}],[0],0,[0],[0],[0]],[[{"name":"word_withdrawal_penarikan","rect":{"x":243,"y":257,"width":225,"height":80},"offset":{"x":0,"y":0},"originalSize":{"width":225,"height":80},"rotated":true,"capInsets":[0,0,0,0],"packable":true,"pixelsToUnit":100,"pivot":{"x":0.5,"y":0.5},"meshType":0}],[0],0,[0],[0],[0]],[[{"name":"icon_withdrawal_qris","rect":{"x":325,"y":620,"width":106,"height":44},"offset":{"x":0,"y":0},"originalSize":{"width":106,"height":44},"rotated":true,"capInsets":[0,0,0,0],"packable":true,"pixelsToUnit":100,"pivot":{"x":0.5,"y":0.5},"meshType":0}],[0],0,[0],[0],[0]],[[{"name":"anniu_tishi","rect":{"x":243,"y":488,"width":160,"height":76},"offset":{"x":0,"y":0},"originalSize":{"width":160,"height":76},"rotated":true,"capInsets":[57,28,19,19],"packable":true,"pixelsToUnit":100,"pivot":{"x":0.5,"y":0.5},"meshType":0}],[0],0,[0],[0],[0]],[[{"name":"word_withdrawal_kirim","rect":{"x":3,"y":461,"width":165,"height":61},"offset":{"x":0,"y":0},"originalSize":{"width":165,"height":61},"rotated":false,"capInsets":[0,0,0,0],"packable":true,"pixelsToUnit":100,"pivot":{"x":0.5,"y":0.5},"meshType":0}],[0],0,[0],[0],[0]],[[{"name":"btn_withdrawal_add1","rect":{"x":329,"y":326,"width":35,"height":38},"offset":{"x":0,"y":0},"originalSize":{"width":35,"height":38},"rotated":true,"capInsets":[0,0,0,0],"packable":true,"pixelsToUnit":100,"pivot":{"x":0.5,"y":0.5},"meshType":0}],[0],0,[0],[0],[0]],[[{"name":"word_withdrawal_nformasi","rect":{"x":3,"y":3,"width":341,"height":30},"offset":{"x":0,"y":0},"originalSize":{"width":341,"height":30},"rotated":false,"capInsets":[0,0,0,0],"packable":true,"pixelsToUnit":100,"pivot":{"x":0.5,"y":0.5},"meshType":0}],[0],0,[0],[0],[0]],[[{"name":"word_withdrawal_ifsccode","rect":{"x":3,"y":363,"width":184,"height":28},"offset":{"x":0,"y":0},"originalSize":{"width":184,"height":28},"rotated":false,"capInsets":[0,0,0,0],"packable":true,"pixelsToUnit":100,"pivot":{"x":0.5,"y":0.5},"meshType":0}],[0],0,[0],[0],[0]],[[{"name":"btn_withdrawal_catatan","rect":{"x":3,"y":143,"width":234,"height":82},"offset":{"x":0,"y":0},"originalSize":{"width":234,"height":82},"rotated":false,"capInsets":[0,0,0,0],"packable":true,"pixelsToUnit":100,"pivot":{"x":0.5,"y":0.5},"meshType":0}],[0],0,[0],[0],[0]],[[{"name":"btn_withdrawal_subtract","rect":{"x":329,"y":367,"width":35,"height":38},"offset":{"x":0,"y":0},"originalSize":{"width":35,"height":38},"rotated":true,"capInsets":[0,0,0,0],"packable":true,"pixelsToUnit":100,"pivot":{"x":0.5,"y":0.5},"meshType":0}],[0],0,[0],[0],[0]],[[{"name":"icon_withdrawal_shopee","rect":{"x":65,"y":815,"width":106,"height":44},"offset":{"x":0,"y":0},"originalSize":{"width":106,"height":44},"rotated":false,"capInsets":[0,0,0,0],"packable":true,"pixelsToUnit":100,"pivot":{"x":0.5,"y":0.5},"meshType":0}],[0],0,[0],[0],[0]],[[{"name":"word_withdrawal_rekening","rect":{"x":3,"y":75,"width":305,"height":35},"offset":{"x":0,"y":0},"originalSize":{"width":305,"height":35},"rotated":false,"capInsets":[0,0,0,0],"packable":true,"pixelsToUnit":100,"pivot":{"x":0.5,"y":0.5},"meshType":0}],[0],0,[0],[0],[0]],[[{"name":"btn_withdrawal_ikatRed","rect":{"x":3,"y":755,"width":110,"height":25},"offset":{"x":0,"y":0},"originalSize":{"width":110,"height":25},"rotated":true,"capInsets":[0,0,0,0],"packable":true,"pixelsToUnit":100,"pivot":{"x":0.5,"y":0.5},"meshType":0}],[0],0,[0],[0],[0]],[[{"name":"btn_withdrawal_ikat1","rect":{"x":65,"y":755,"width":93,"height":54},"offset":{"x":-0.5,"y":0.5},"originalSize":{"width":98,"height":59},"rotated":false,"capInsets":[0,0,0,0],"packable":true,"pixelsToUnit":100,"pivot":{"x":0.5,"y":0.5},"meshType":0}],[0],0,[0],[0],[0]],[[{"name":"word_withdrawal_biaya","rect":{"x":3,"y":231,"width":234,"height":24},"offset":{"x":0.5,"y":-1},"originalSize":{"width":235,"height":26},"rotated":false,"capInsets":[0,0,0,0],"packable":true,"pixelsToUnit":100,"pivot":{"x":0.5,"y":0.5},"meshType":0}],[0],0,[0],[0],[0]],[[{"name":"word_withdrawal_number","rect":{"x":3,"y":397,"width":179,"height":58},"offset":{"x":0,"y":0},"originalSize":{"width":179,"height":58},"rotated":false,"capInsets":[0,0,0,0],"packable":true,"pixelsToUnit":100,"pivot":{"x":0.5,"y":0.5},"meshType":0}],[0],0,[0],[0],[0]],[[{"name":"icon_withdrawal_linkaji","rect":{"x":177,"y":795,"width":106,"height":44},"offset":{"x":0,"y":0},"originalSize":{"width":106,"height":44},"rotated":false,"capInsets":[0,0,0,0],"packable":true,"pixelsToUnit":100,"pivot":{"x":0.5,"y":0.5},"meshType":0}],[0],0,[0],[0],[0]],[[{"name":"panel_withdrawal_bg4","rect":{"x":311,"y":732,"width":134,"height":60},"offset":{"x":0,"y":0},"originalSize":{"width":134,"height":60},"rotated":true,"capInsets":[12,13,16,12],"packable":true,"pixelsToUnit":100,"pivot":{"x":0.5,"y":0.5},"meshType":0}],[0],0,[0],[0],[0]],[[{"name":"word_withdrawal_namaS","rect":{"x":3,"y":261,"width":222,"height":28},"offset":{"x":0,"y":0},"originalSize":{"width":222,"height":28},"rotated":false,"capInsets":[0,0,0,0],"packable":true,"pixelsToUnit":100,"pivot":{"x":0.5,"y":0.5},"meshType":0}],[0],0,[0],[0],[0]],[[{"name":"word_withdrawal_subbranch","rect":{"x":3,"y":329,"width":197,"height":28},"offset":{"x":0,"y":0},"originalSize":{"width":197,"height":28},"rotated":false,"capInsets":[0,0,0,0],"packable":true,"pixelsToUnit":100,"pivot":{"x":0.5,"y":0.5},"meshType":0}],[0],0,[0],[0],[0]],[[{"name":"btn_withdrawal_max1","rect":{"x":142,"y":959,"width":93,"height":54},"offset":{"x":0,"y":0},"originalSize":{"width":93,"height":54},"rotated":false,"capInsets":[0,0,0,0],"packable":true,"pixelsToUnit":100,"pivot":{"x":0.5,"y":0.5},"meshType":0}],[0],0,[0],[0],[0]],[[{"name":"btn_withdrawal_hui","rect":{"x":174,"y":494,"width":165,"height":61},"offset":{"x":0,"y":0},"originalSize":{"width":165,"height":61},"rotated":true,"capInsets":[0,0,0,0],"packable":true,"pixelsToUnit":100,"pivot":{"x":0.5,"y":0.5},"meshType":0}],[0],0,[0],[0],[0]],[[{"name":"word_withdrawal_nomor","rect":{"x":167,"y":665,"width":151,"height":28},"offset":{"x":0,"y":0},"originalSize":{"width":151,"height":28},"rotated":false,"capInsets":[0,0,0,0],"packable":true,"pixelsToUnit":100,"pivot":{"x":0.5,"y":0.5},"meshType":0}],[0],0,[0],[0],[0]],[[{"name":"btn_withdrawal_ikat","rect":{"x":34,"y":755,"width":110,"height":25},"offset":{"x":0,"y":0},"originalSize":{"width":110,"height":25},"rotated":true,"capInsets":[0,0,0,0],"packable":true,"pixelsToUnit":100,"pivot":{"x":0.5,"y":0.5},"meshType":0}],[0],0,[0],[0],[0]],[[{"name":"word_withdrawal_rekeningP","rect":{"x":350,"y":3,"width":276,"height":21},"offset":{"x":0,"y":0},"originalSize":{"width":276,"height":21},"rotated":true,"capInsets":[0,0,0,0],"packable":true,"pixelsToUnit":100,"pivot":{"x":0.5,"y":0.5},"meshType":0}],[0],0,[0],[0],[0]],[[{"name":"word_withdrawal_tentukan1","rect":{"x":3,"y":528,"width":165,"height":61},"offset":{"x":0,"y":0},"originalSize":{"width":165,"height":61},"rotated":false,"capInsets":[0,0,0,0],"packable":true,"pixelsToUnit":100,"pivot":{"x":0.5,"y":0.5},"meshType":0}],[0],0,[0],[0],[0]],[[{"name":"btn_withdrawal_max","rect":{"x":142,"y":895,"width":93,"height":54},"offset":{"x":0,"y":0},"originalSize":{"width":93,"height":54},"rotated":false,"capInsets":[0,0,0,0],"packable":true,"pixelsToUnit":100,"pivot":{"x":0.5,"y":0.5},"meshType":0}],[0],0,[0],[0],[0]],[[{"name":"word_withdrawal_catatan","rect":{"x":208,"y":295,"width":81,"height":29},"offset":{"x":0,"y":0},"originalSize":{"width":81,"height":29},"rotated":true,"capInsets":[0,0,0,0],"packable":true,"pixelsToUnit":100,"pivot":{"x":0.5,"y":0.5},"meshType":0}],[0],0,[0],[0],[0]],[[{"name":"word_tips_title","rect":{"x":329,"y":449,"width":53,"height":35},"offset":{"x":0,"y":0},"originalSize":{"width":53,"height":35},"rotated":true,"capInsets":[0,0,0,0],"packable":true,"pixelsToUnit":100,"pivot":{"x":0.5,"y":0.5},"meshType":0}],[0],0,[0],[0],[0]],[[{"name":"btn_withdrawal_add","rect":{"x":329,"y":408,"width":35,"height":38},"offset":{"x":0,"y":0},"originalSize":{"width":35,"height":38},"rotated":true,"capInsets":[0,0,0,0],"packable":true,"pixelsToUnit":100,"pivot":{"x":0.5,"y":0.5},"meshType":0}],[0],0,[0],[0],[0]],[[{"name":"word_withdrawal_nama","rect":{"x":3,"y":295,"width":199,"height":28},"offset":{"x":0,"y":0},"originalSize":{"width":199,"height":28},"rotated":false,"capInsets":[0,0,0,0],"packable":true,"pixelsToUnit":100,"pivot":{"x":0.5,"y":0.5},"meshType":0}],[0],0,[0],[0],[0]],[[{"name":"panel_withdrawal_bg2","rect":{"x":3,"y":872,"width":134,"height":133},"offset":{"x":0,"y":0},"originalSize":{"width":134,"height":133},"rotated":true,"capInsets":[10,16,12,21],"packable":true,"pixelsToUnit":100,"pivot":{"x":0.5,"y":0.5},"meshType":0}],[0],0,[0],[0],[0]],[[{"name":"word_withdrawal_tentukan","rect":{"x":3,"y":726,"width":131,"height":23},"offset":{"x":0,"y":0},"originalSize":{"width":131,"height":23},"rotated":false,"capInsets":[0,0,0,0],"packable":true,"pixelsToUnit":100,"pivot":{"x":0.5,"y":0.5},"meshType":0}],[0],0,[0],[0],[0]],[[{"name":"icon_withdrawal_warning","rect":{"x":142,"y":865,"width":24,"height":24},"offset":{"x":0,"y":0},"originalSize":{"width":24,"height":24},"rotated":false,"capInsets":[0,0,0,0],"packable":true,"pixelsToUnit":100,"pivot":{"x":0.5,"y":0.5},"meshType":0}],[0],0,[0],[0],[0]],[[{"name":"icon_withdrawal_ovo","rect":{"x":177,"y":845,"width":106,"height":44},"offset":{"x":0,"y":0},"originalSize":{"width":106,"height":44},"rotated":false,"capInsets":[0,0,0,0],"packable":true,"pixelsToUnit":100,"pivot":{"x":0.5,"y":0.5},"meshType":0}],[0],0,[0],[0],[0]],[[{"name":"btn_title_help","rect":{"x":289,"y":872,"width":81,"height":81},"offset":{"x":-1,"y":-0.5},"originalSize":{"width":83,"height":82},"rotated":false,"capInsets":[0,0,0,0],"packable":true,"pixelsToUnit":100,"pivot":{"x":0.5,"y":0.5},"meshType":0}],[0],0,[0],[0],[0]]]]
