[1,["e6Eq3XH5tKo4Ru0VztAKH9","ffuIqPr2JI9I8dPLYGRDpD@f9941","afxHkx8GZGsJC+n+YfITQo@f9941","78ZFLOB/tK/JA8OsM05PW3@f9941","41u8YMbT5NyqloNLXQ6jzF@f9941","20g1ukYUVPvKWKBRznAKo+@f9941","54TknWPwVPqJqeCR+Y/Czo@f9941","95EkngnxZFbYuFpsqVTaFr@f9941","19vKm8OC1I6JUHrDWtV9Ze@f9941","3646rI1XdANZ51VT2KQ58n@f9941","5b9euLV9VLv7i63O7twx32@f9941","3ax+2iLtFNJpvBYZf7gUPU@f9941","9eIoKhu21EELFzM4g7Lt85@f9941","15rgQA5A5D2pnO540FpPez@6c48a","15rgQA5A5D2pnO540FpPez@f9941","f7WyIuWNVNKbc3GckwvI7A@f9941","a4ul8EeHpANJumpqOkzMLt@f9941","9eZhFqlI5NELi4kkVCQElc@f9941","67z+1uTjVJfa+FaHOwErva@f9941","7dj5uJT9FMn6OrOOx83tfK@f9941","e3L+hUbdNL36A6vJkbyRyl@f9941","b4V4eKAGpKpYE+zm1Dqgdf@f9941","b6JOLm0FlNz64KdqnzVs7B@f9941"],["node","_spriteFrame","_atlas","_target","_parent","_normalSprite","_scrollView","_hoverSprite","_pressedSprite","_disabledSprite","_textureSource","root","_checkMark","data"],[["cc.Node",["_name","_layer","_active","_components","_prefab","_parent","_children","_lpos"],0,9,4,1,2,5],["cc.Sprite",["_sizeMode","_type","node","__prefab","_spriteFrame","_atlas","_color"],1,1,4,6,6,5],["cc.Label",["_string","_actualFontSize","_fontSize","_lineHeight","_overflow","_isBold","_enableWrapText","_horizontalAlign","_verticalAlign","node","__prefab","_color"],-6,1,4,5],["cc.Widget",["_alignFlags","_originalHeight","_originalWidth","_left","_right","_top","_bottom","_alignMode","_enabled","node","__prefab","_target"],-6,1,4,1],["cc.Layout",["_layoutType","_resizeMode","_spacingX","_spacingY","_isAlign","_constraintNum","_paddingTop","node","__prefab"],-4,1,4],["cc.Node",["_name","_layer","_active","_components","_prefab","_lpos","_parent","_children"],0,12,4,5,1,2],["cc.UITransform",["node","__prefab","_contentSize","_anchorPoint"],3,1,4,5,5],["cc.Button",["_transition","_zoomScale","node","__prefab","_target","_normalSprite","_normalColor","_hoverSprite","_pressedSprite","_disabledSprite"],1,1,4,1,6,5,6,6,6],["cc.LabelOutline",["_width","node","__prefab","_color"],2,1,4,5],["cc.ScrollBar",["_direction","node","__prefab","_handle"],2,1,4,1],["cc.ScrollView",["bounceDuration","brake","horizontal","vertical","node","__prefab","_content","_verticalScrollBar"],-1,1,4,1,1],"cc.SpriteFrame","cc.SpriteAtlas",["cc.Prefab",["_name"],2],["cc.CompPrefabInfo",["fileId"],2],["cc.PrefabInfo",["fileId","instance","targetOverrides","nestedPrefabInstanceRoots","root","asset"],-1,1,1],["cc.Toggle",["node","__prefab","_normalColor","_target","_checkMark","_normalSprite"],3,1,4,5,1,1,6],["cc.Mask",["node","__prefab"],3,1,4],["cc.Graphics",["node","__prefab","_fillColor"],3,1,4,5],["cc.BlockInputEvents",["node","__prefab"],3,1,4],["cc.ToggleContainer",["node","__prefab"],3,1,4],["cc.RichText",["_string","_fontSize","_maxWidth","node","__prefab"],0,1,4]],[[14,0,2],[15,0,1,2,3,4,5,5],[6,0,1,2,3,1],[6,0,1,2,1],[0,0,5,3,4,7,2],[1,1,0,2,3,3],[1,2,3,4,5,1],[0,0,1,5,3,4,7,3],[0,0,5,3,4,2],[5,0,2,1,6,7,3,4,5,4],[5,0,1,6,3,4,5,3],[3,0,1,7,9,10,4],[1,1,0,2,3,4,5,3],[17,0,1,1],[18,0,1,2,1],[0,0,2,5,6,3,4,3],[0,0,1,5,6,3,4,3],[5,0,6,7,3,4,5,2],[6,0,1,1],[1,1,0,2,3,4,3],[2,0,1,2,3,9,10,11,5],[10,0,1,2,4,5,6,7,4],[0,0,1,6,3,4,3],[0,0,1,6,3,4,7,3],[1,2,3,4,1],[7,0,1,2,3,6,4,5,7,8,9,3],[7,0,1,2,3,6,4,5,3],[4,1,0,7,8,3],[2,0,1,2,3,4,6,9,10,7],[8,0,1,2,2],[9,0,1,2,3,2],[9,1,2,3,1],[13,0,2],[0,0,6,3,4,2],[0,0,2,1,5,6,3,4,7,4],[0,0,2,6,3,4,7,3],[0,0,1,5,6,3,4,7,3],[0,0,5,6,3,4,7,2],[0,0,5,6,3,4,2],[0,0,2,5,3,4,7,3],[0,0,2,5,3,4,3],[5,0,7,3,4,5,2],[5,0,1,6,3,4,3],[3,0,3,4,5,6,2,1,9,10,8],[3,0,9,10,2],[3,8,0,9,10,3],[3,0,2,1,9,10,4],[3,0,3,4,5,6,2,1,9,10,11,8],[1,1,0,2,3,6,4,3],[1,0,2,3,6,4,2],[1,1,2,3,4,5,2],[1,0,2,3,4,5,2],[16,0,1,2,3,4,5,1],[7,0,1,2,3,4,5,3],[4,7,8,1],[4,1,0,2,3,5,4,7,8,7],[4,1,0,2,7,8,4],[4,1,0,6,3,4,7,8,6],[4,0,7,8,2],[19,0,1,1],[20,0,1,1],[2,0,1,2,3,5,9,10,11,6],[2,0,1,2,9,10,11,4],[2,0,1,2,3,6,5,9,10,11,7],[2,0,7,8,1,2,3,4,5,9,10,11,9],[2,0,7,8,1,2,3,4,9,10,11,8],[8,0,1,2,3,2],[21,0,1,2,3,4,4],[10,0,1,3,4,5,6,7,4]],[[[{"name":"img_mail_bg","rect":{"x":3,"y":3,"width":1127,"height":677},"offset":{"x":0,"y":-0.5},"originalSize":{"width":1133,"height":682},"rotated":false,"capInsets":[0,0,0,0],"vertices":{"rawPosition":[-563.5,-338.5,0,563.5,-338.5,0,-563.5,338.5,0,563.5,338.5,0],"indexes":[0,1,2,2,1,3],"uv":[3,679,1130,679,3,2,1130,2],"nuv":[0.00264783759929391,0.002932551319648094,0.9973521624007061,0.002932551319648094,0.00264783759929391,0.9956011730205279,0.9973521624007061,0.9956011730205279],"minPos":{"x":-563.5,"y":-338.5,"z":0},"maxPos":{"x":563.5,"y":338.5,"z":0}},"packable":true,"pixelsToUnit":100,"pivot":{"x":0.5,"y":0.5},"meshType":0}],[11],0,[0],[10],[13]],[[{"name":"auto_mail","spriteFrames":[]}],[12],0,[],[],[]],[[[32,"node_mail"],[33,"node_mail",[-4,-5,-6,-7,-8,-9,-10,-11],[[18,-2,[0,"85dxz+1FNGKrCplmhoQWZ6"]],[43,45,617,617,325,325,100,100,-3,[0,"bfX8XiUGpPB5UeyeVti3H0"]]],[1,"c46/YsCPVOJYA4mWEpNYRx",null,null,null,-1,0]],[34,"props_Toggle_mail_item",false,33554432,1,[-19,-20,-21,-22,-23],[[3,-12,[0,"159ZuuMeJPxIXRrzsdt/wz"],[5,260,89]],[12,1,0,-13,[0,"4bUMJ+cs1OhbEjHRBVDEBh"],14,15],[52,-16,[0,"71T/kmDH1Py6CB06l3LZOH"],[4,4292269782],-15,-14,16],[53,3,1.1,-18,[0,"c7gDOxdcBBipxdlXLMWpqs"],-17,17]],[1,"3cZchy0lhDw61LMDY3JdZd",null,null,null,1,0],[1,-372.4155,168.5,0]],[15,"props_Layout_mail_content",false,1,[-26,-27,-28,-29,-30,-31,-32,-33],[[18,-24,[0,"35XE+7W8VMF65eWNPUYkcm"]],[54,-25,[0,"b9uS+aTxBNJKFrn2w0q5CN"]]],[1,"2esEQ4yGpEV56y180MpZS0",null,null,null,1,0]],[15,"props_mail_bg",false,1,[-35,-36,-37,-38,-39],[[3,-34,[0,"4eKiTCqt1H25HoL3tYISWs"],[5,696,407]]],[1,"b58zFHoBVLX7xMHgDwD/4C",null,null,null,1,0]],[41,"props_received_ScrollView_gift",[-44,-45],[[[2,-40,[0,"b9J8peF15LPr0tShm4A27F"],[5,500,155],[0,0.5,1]],[5,1,0,-41,[0,"1dRqzmSi9EIYFz0UzWBB2J"]],-42,[44,16,-43,[0,"26UTN6ovZNwYaHq8+b7lxP"]]],4,4,1,4],[1,"437hup9FNEWb55yvPzvA2U",null,null,null,1,0],[1,0,50,0]],[17,"props_ScrollView_mail_left",1,[-49,-50],[[[3,-46,[0,"1eO6e2dZZPoIA94NgFa4Dz"],[5,270,416]],[5,1,0,-47,[0,"5d7yHPc1ZCnpv79hUX3hCr"]],-48],4,4,1],[1,"07BRSlub5Ck5vMEi1O4UH2",null,null,null,1,0],[1,-372,10,0]],[9,"scrollBar",false,33554432,6,[-55],[[[2,-51,[0,"afF1HIXv9JT6XwHtXFVQLk"],[5,12,416],[0,1,0.5]],[19,1,0,-52,[0,"68SVkbnORL+LS4nNmG5HoZ"],18],[11,37,250,1,-53,[0,"f3SM7J319Pt6ZM/63eZLW/"]],-54],4,4,4,1],[1,"55+z2aDjJNSa408vuW9itd",null,null,null,1,0],[1,135,0,0]],[17,"ScrollView_content",3,[-59,-60],[[[3,-56,[0,"156noikJRHpphlNrSGjk8D"],[5,660,262.818]],[5,1,0,-57,[0,"0aY0C0BvhLYZVRtA9o6Umh"]],-58],4,4,1],[1,"29Isl+8PNCIbmQaJCK+NCF",null,null,null,1,0],[1,178,-21.591000000000008,0]],[9,"scrollBar",false,33554432,8,[-65],[[[2,-61,[0,"63fnwSIdRP4oexA2eu+0O8"],[5,12,262.818],[0,1,0.5]],[48,1,0,-62,[0,"69d98GTCNMG4Rrsy+NOnH9"],[4,16777215],19],[11,37,250,1,-63,[0,"86TPjBGA1MaqsMTCJcfWgF"]],-64],4,4,4,1],[1,"87f8i/DwZAxq9FtdZzrv0t",null,null,null,1,0],[1,333.75,0,0]],[17,"props_ScrollView_gift",3,[-69,-70],[[[2,-66,[0,"5fI4hdNHhAwJ0J3gWG3Pvk"],[5,500,64],[0,0,0.5]],[5,1,0,-67,[0,"9fXg5K6YZEs6GDxETF4vKv"]],-68],4,4,1],[1,"a1mXS6gMpDHJB+FbdOsWH8",null,null,null,1,0],[1,-152,-188,0]],[9,"scrollBar",false,33554432,10,[-75],[[[2,-71,[0,"b80BXBUlNG7LLh/kSpHH7X"],[5,12,250],[0,1,0.5]],[19,1,0,-72,[0,"9cEcaP+WtFMKZ2r24l+4dY"],20],[11,37,250,1,-73,[0,"33C/gHjEBPHLkiUSnaJ197"]],-74],4,4,4,1],[1,"03x/j3FL5OA5KH36bAMAfE",null,null,null,1,0],[1,120,0,0]],[35,"props_gift_item",false,[-78,-79,-80],[[3,-76,[0,"a5dQcNOetKZZXoRNgjz9tK"],[5,64,64]],[6,-77,[0,"efSmqHxS9EgqAlSBSTkbHa"],25,26]],[1,"cbCQmJj3lKdqpZh66E+cqC",null,null,null,1,0],[1,32,0,0]],[9,"scrollBar",false,33554432,5,[-85],[[[2,-81,[0,"e2cPDN2GFJhqVocG2JUVM3"],[5,12,250],[0,1,0.5]],[19,1,0,-82,[0,"160ThzwPNASaLanD1eaikH"],42],[11,37,250,1,-83,[0,"0bvKwGTPxJD5l08oOgBsg6"]],-84],4,4,4,1],[1,"22UcjfBrdJsprKCwJHsBph",null,null,null,1,0],[1,120,0,0]],[22,"props_received_gift_content",33554432,[-89],[[2,-86,[0,"e4caaghLlEHr4z7FzXj1qj"],[5,64,0],[0,0.5,1]],[55,1,3,10,10,6,true,-87,[0,"982z1W5nJDZpmN6m7UORxX"]],[45,false,1,-88,[0,"afRkSJVYtANIM9xgvlvryh"]]],[1,"dfRo/42ntP6YWxjgTvslqC",null,null,null,1,0]],[16,"view",33554432,5,[14],[[2,-90,[0,"dbCQyHYVNBaZiKlEtVzzBo"],[5,500,155],[0,0.5,1]],[13,-91,[0,"a6GHkscSlLz7a3odvF5/rq"]],[14,-92,[0,"4bx8OGSBBFHo9LASGYj3lw"],[4,16777215]],[46,45,500,500,-93,[0,"6cCIvcVYpIMZyiZFKOuD52"]]],[1,"a9lgSheXlLo5nLzIuPaWMm",null,null,null,1,0]],[4,"props_props_btn_close",1,[[2,-94,[0,"f1AZs8LFJDMoi9O+IDWdk6"],[5,98,95],[0,0,0.5]],[12,1,0,-95,[0,"1agIJw+T9IBJeAvHZ0S44C"],2,3],[25,3,0.9,-97,[0,"66ZqnJz+1KZYEtgCUf8RI4"],[4,4292269782],-96,4,5,6,7]],[1,"a8h9tIfHZM0KDUBdGJqLac",null,null,null,1,0],[1,536,186,0]],[23,"content",33554432,[-100],[[2,-98,[0,"06ZNVo6wtBIoDu5vqb9MNC"],[5,270,0],[0,0.5,1]],[27,1,2,-99,[0,"80mmNT6tROq7nc4rmJXvxx"]]],[1,"88zgoRem1JGpwd4jJ2CZLm",null,null,null,1,0],[1,0,208,0]],[16,"view",33554432,6,[17],[[3,-101,[0,"70ci9CdjVMbqiV0NThmvNZ"],[5,270,416]],[13,-102,[0,"63g+e6EsxFuKbN2xlb7hY1"]],[14,-103,[0,"4fxGvidlxJcbjLCsJtdGH0"],[4,16777215]]],[1,"80jflmhtlLRZJ0ZroDl38V",null,null,null,1,0]],[23,"content",33554432,[-106],[[2,-104,[0,"0c672fUqJCspWqwLPpZvGf"],[5,660,50.4],[0,0.5,1]],[27,1,2,-105,[0,"766ufGnytCCoe6k6w+BlLN"]]],[1,"3arw2XGuxC1ZUTVCcdbOU8",null,null,null,1,0],[1,0.7740000000000009,125,0]],[36,"view",33554432,8,[19],[[3,-107,[0,"dcOG0yEr9Nr553oxo6kTXv"],[5,660,250]],[13,-108,[0,"18E6yMmTJEQ57w+wdgOZX1"]],[14,-109,[0,"d0S3Ubek5NPrn1KtNR03WT"],[4,16777215]]],[1,"99HzcpX4FP5K5IqMtTJdbH",null,null,null,1,0],[1,-0.6315000000000026,0,0]],[22,"props_gift_content",33554432,[12],[[2,-110,[0,"64femy86hD+bh1EtfLagJW"],[5,-10,64],[0,0,0.5]],[56,1,1,10,-111,[0,"ad/wJeUk9LlLDMXzvCQQDE"]]],[1,"31eVETjc5Ec4AyGdwc9CDZ",null,null,null,1,0]],[16,"view",33554432,10,[21],[[2,-112,[0,"d0Ffg8b4lMh6eXoPW7Juf+"],[5,500,64],[0,0,0.5]],[13,-113,[0,"94r+0I++5OjrtQYgNZKFM6"]],[14,-114,[0,"1b1rugP2dKZLCf3ckI7wRq"],[4,16777215]]],[1,"ccynTs5fJCe6W5WmCl0hVw",null,null,null,1,0]],[4,"props_btn_mail_receive",3,[[3,-115,[0,"a7QRDZ2vhOsae593jWeV4/"],[5,167,62]],[12,1,0,-116,[0,"524eMuji5PUIUk48hzam92"],27,28],[25,3,0.9,-118,[0,"4d17WP3W1Mio8OM8YDCDNb"],[4,4292269782],-117,29,30,31,32]],[1,"d5GJYKk81Hr7lky6d7QJN8",null,null,null,1,0],[1,435,-200,0]],[4,"props_btn_mail_delete",3,[[3,-119,[0,"dfndCyDGpK1a6+FuZMWoFo"],[5,161,56]],[12,1,0,-120,[0,"e2zTFE889PoIk3t62FHp4S"],33,34],[26,3,0.9,-122,[0,"fbGVYdvKFIy5FAMt/vxyXi"],[4,4292269782],-121,35]],[1,"a6IMCdIedADqaeMxk3N2li",null,null,null,1,0],[1,435,-200,0]],[8,"spr_mail_bg_black",4,[[3,-123,[0,"a4n3cTz/dLnqvzezwBgAEo"],[5,1334,750]],[49,0,-124,[0,"c7WsH9QeBBJa1mLX4jFxNw"],[4,2432696320],36],[47,45,-617.0000000000001,-617.0000000000001,-325,-325.0000000000001,1334,750,-125,[0,"e6XsvZAQBIIZUj7Kdfi+vi"],1],[59,-126,[0,"daBRXIT4hHpYei4X0rf+m8"]]],[1,"a22FXncGtHlr7gJjNZn25s",null,null,null,1,0]],[4,"props_btn_ok",4,[[3,-127,[0,"90VZiSp7FBtoefCg3zKDb+"],[5,220,56]],[50,1,-128,[0,"81sBOa29dIgKtsXVATC35l"],39,40],[26,3,0.9,-130,[0,"c0uQ/oFbdDsZQqy1djKUDV"],[4,4292269782],-129,41]],[1,"29dCBMYq1AfYvg4OLXoSo4",null,null,null,1,0],[1,0,-120,0]],[15,"props_received_gift_item",false,14,[-133,-134],[[2,-131,[0,"4eqbLYq9hIhpO8CSnp918p"],[5,64,64],[0,0.5,1]],[51,0,-132,[0,"cfoSxlO+FBPZG6OTB3u/Y7"],45,46]],[1,"8bIdj9ikVF47HR5SbPeVfB",null,null,null,1,0]],[37,"props_spr_mail_null",1,[-137],[[3,-135,[0,"4cRJbM22hLib5bOIiBIq6l"],[5,150,195]],[6,-136,[0,"ebRkhi+kxH75c7CZ8+5nAz"],8,9]],[1,"12X2Af+kBKy5H2fDbAKzlg",null,null,null,1,0],[1,149.678,21.231,0]],[7,"props_ToggleGroup_mail_left",33554432,17,[[60,-138,[0,"4b42mT1pZD/7wSJg0M9Xf6"]],[3,-139,[0,"7fWzSmb0xBlo5oBpm3uDi0"],[5,262.589,0]],[57,1,2,5,5,true,-140,[0,"e4O1XfigFB3JZM3QewoGDl"]]],[1,"bbHb/nPnREDKKipiXljh7p",null,null,null,1,0],[1,-0.41550000000000153,0,0]],[4,"label_item_num",12,[[3,-141,[0,"beGPvq5FZAS6wajV2QLWNs"],[5,57.05,39.8]],[28,"99",18,18,30,2,false,-142,[0,"car4FOpXdPaLLVoIPc1IAJ"]],[29,1,-143,[0,"44a2VkgylOrLKA3GeP6aD/"]]],[1,"26C3aKJMFL7qcrJgbkpnd4",null,null,null,1,0],[1,0,-23,0]],[4,"props_mail_sum",1,[[3,-144,[0,"cdWwC5wT9GfpbFDJSfBdwz"],[5,15.35,39.8]],[61,"0",24,24,30,true,-145,[0,"56Q45KX/5Dqqr11i0ChVhY"],[4,4278190083]],[66,1,-146,[0,"e1S+W3KUtBjrhB64wqAKGv"],[4,4289983735]]],[1,"dbedpJUcNILZ+v29HoNSiS",null,null,null,1,0],[1,-375.865,-237.575,0]],[38,"props_received_panel",4,[5],[[18,-147,[0,"b2mFJ0P8ROC4rf37MABCLx"]],[58,2,-148,[0,"9ebYMUOdJHGIsYJ7HizsQI"]]],[1,"81Rtc/H/xNDIXeksvxeNy+",null,null,null,1,0]],[4,"label_item_num",27,[[2,-149,[0,"6ctqezyIZAQK7dkrKMALZX"],[5,52.05,39.8],[0,0.5,1]],[28,"99",18,18,30,2,false,-150,[0,"24cMtNNqtI3b1mB+qR6ss9"]],[29,1,-151,[0,"e4pZXOq5RGh4Gn0TtBtKVX"]]],[1,"56c6wzQbdEBr6VF5S8SXr4",null,null,null,1,0],[1,0,-35,0]],[8,"spr_mail_bg",1,[[3,-152,[0,"58IjwYpvFHdZmzxBtUcPEm"],[5,1127,677]],[6,-153,[0,"cd8WR7nq1BaqPujUXQnQM2"],0,1]],[1,"15xgzdFH5EJptiOuhynlBQ",null,null,null,1,0]],[4,"label_mail_null",28,[[3,-154,[0,"7dEBndnv1D+anmFf6JX71R"],[5,297.91,50.4]],[62,"Sorry, no message yet",30,30,-155,[0,"eayhiIe6dIpos5/d9F2iEs"],[4,4282746544]]],[1,"7asZTfa7hCroZN2iJdBgQF",null,null,null,1,0],[1,16.322000000000003,-131.231,0]],[42,"Checkmark",33554432,2,[[[3,-156,[0,"17UTsjT8hCTqTmk53FPgWE"],[5,260,89]],-157],4,1],[1,"caw86UStZBPrIvAsf82VXQ",null,null,null,1,0]],[7,"label_mail_sender",33554432,2,[[2,-158,[0,"5cffNH8GFHy63pIw9aoEgl"],[5,92.29,37.8],[0,0,0.5]],[20,"Sender:[1]",20,20,30,-159,[0,"caj7QrGoxNm5yssyViNDsM"],[4,4280887655]]],[1,"fe59yuhRRMZqyutgi1gG4a",null,null,null,1,0],[1,-77.16500000000002,16.888000000000034,0]],[7,"label_mail_time",33554432,2,[[2,-160,[0,"88M6En73tOkJ3IOgW9KoCu"],[5,155.12,25.2],[0,0,0.5]],[20,"2012-02-02 18：52",18,18,20,-161,[0,"e0LrG9Y8tOnKskC7TjEC93"],[4,4280887655]]],[1,"dbrcPB24lOW5/P7sfzWl9a",null,null,null,1,0],[1,-77.16500000000002,-13.111999999999966,0]],[7,"spr_mail_new",33554432,2,[[3,-162,[0,"6bo/EBbkZG9Irvrw3K3I16"],[5,70,48]],[6,-163,[0,"89OWmXQvhD84v199lcrweJ"],10,11]],[1,"49adeS4NxA25IrxoPBUynK",null,null,null,1,0],[1,98,24,0]],[7,"spr_mail_accessory",33554432,2,[[3,-164,[0,"96kfm46BVIL60yaXHJcKiv"],[5,39,37]],[6,-165,[0,"60bh4a5t1AcpAU3UgTCmeD"],12,13]],[1,"f51yZ6RAZCtbc+p6NaDDo7",null,null,null,1,0],[1,-102,0,0]],[10,"bar",33554432,7,[[[2,-166,[0,"8dd1va4gpOXalcgC/VBk2P"],[5,10,156.25],[0,0,0]],-167],4,1],[1,"45mQcznlJJRo5swwlmuZF6",null,null,null,1,0],[1,-11,-31.25,0]],[4,"label_mail_sender",3,[[2,-168,[0,"b8anCy2VVFZo1Jhkbm7jmc"],[5,98.91,37.8],[0,0,0.5]],[63,"Sender:[1]",20,20,30,false,true,-169,[0,"f8H8zv/zJA9KUyWcjHQ3b+"],[4,4280887655]]],[1,"bdwl+xok1J4aBiu65WgDad",null,null,null,1,0],[1,-126,186,0]],[4,"label_mail_title",3,[[2,-170,[0,"1d5TeVmGFMZ4Y608N7sGTK"],[5,660,26.980999999999995],[0,0,1]],[64,"Mail Title:[1]",0,0,20,20,30,1,true,-171,[0,"07Syr1yrJJyJVutvKmGjoQ"],[4,4280887655]]],[1,"081IDRFjhMyoi1oOSI9ph0",null,null,null,1,0],[1,-152,155.61699999999996,0]],[7,"label_mail_time",33554432,3,[[2,-172,[0,"8byynGhspD1oM3m8a+RqjF"],[5,155.12,25.2],[0,0,0.5]],[20,"2012-02-02 18：52",18,18,20,-173,[0,"47YevNw51JJ5HfmDpGleMX"],[4,4280887655]]],[1,"6cvsea4rtCgpByDfoWOkaJ",null,null,null,1,0],[1,334,182,0]],[39,"label_mail_content",false,3,[[2,-174,[0,"a0Me7E0jJKzZUTviDTu9Xn"],[5,660,259],[0,0,1]],[65,"yhjghghjfgvkjhggfjhgvhlvyhjghghjfgvkjhggfjhgvhlvyhjghghjfgvkjhggfjhgvhlvyhjghghjfgvkjhggfjhgvhlvyhjghghjfgvkjhggfjhgvhlv",0,0,18,18,26,1,-175,[0,"68TSAjSlRHvbrqZNZsU0tF"],[4,4280887655]]],[1,"99+w9GNrZKS6dwWPoKEHGV",null,null,null,1,0],[1,-152,106,0]],[10,"bar",33554432,9,[[[2,-176,[0,"36mq/QqrBN35j7Vrw+KM4x"],[5,10,156.25],[0,0,0]],-177],4,1],[1,"a8Ep9/4I5CYbZqDPWfCA1f",null,null,null,1,0],[1,-11,-31.25,0]],[8,"item",19,[[2,-178,[0,"aa+znio/RCTrM1QURKwXHE"],[5,660,50.4],[0,0.5,1]],[67,"<color=#00ff00>Rich222222222222222221111</color><color=#0fffff>Text</color>",16,660,-179,[0,"58ykpfoKpDjJyDtFtJ+pBv"]]],[1,"2bXLvSIYxBPYkuwBfFWS3y",null,null,null,1,0]],[10,"bar",33554432,11,[[[2,-180,[0,"07QmKHW5BLHaNjY8mC0PaC"],[5,10,156.25],[0,0,0]],-181],4,1],[1,"b9AYBePARM5ZU7vLss5Il8",null,null,null,1,0],[1,-11,-31.25,0]],[4,"spr_item",12,[[3,-182,[0,"15or2DkxhO16o7RITrKaxf"],[5,69,71]],[6,-183,[0,"75WZM4n7pC+qFKucA8LZMb"],21,22]],[1,"1eLvRKRadAiba3XnhAyK1V",null,null,null,1,0],[1,0,-2,0]],[40,"spr_received",false,12,[[3,-184,[0,"ab8NEyjZdKn5L63YFqvNPM"],[5,64,64]],[6,-185,[0,"77xn+CQKJLFob2PVN145Dz"],23,24]],[1,"c6Dy/M4aVODqQ2nVJq7tcX",null,null,null,1,0]],[8,"spr_mail_bg",4,[[3,-186,[0,"06AOGc8bJHjaxV5GTwHgQ/"],[5,696,407]],[24,-187,[0,"886VGZCoNPcps9lfZ8eE9b"],37]],[1,"c8VHibM3dFHrx59ts1dr7H",null,null,null,1,0]],[4,"word_win_title",4,[[3,-188,[0,"c49oz/Q9pAR78ZgLVZSZ9L"],[5,440,36]],[24,-189,[0,"e23YCHbylFjoeRxlpmXKK0"],38]],[1,"6a3ydL56pKqKZuBssEsK/G",null,null,null,1,0],[1,0,125,0]],[10,"bar",33554432,13,[[[2,-190,[0,"2du8tWwJhMGrGpXtkmRd2l"],[5,10,156.25],[0,0,0]],-191],4,1],[1,"19wQi8fN1BXKzw553DtsSb",null,null,null,1,0],[1,-11,-31.25,0]],[4,"spr_item",27,[[2,-192,[0,"ecdGpkO3BMCqbB/cS6qh4S"],[5,69,71],[0,0.5,1]],[6,-193,[0,"f06WLNXxREYIrX7SnEhlay"],43,44]],[1,"dfc3N7pvRG6oFClwmq44BN",null,null,null,1,0],[1,0,2,0]],[5,1,0,36,[0,"5bbtALLaVBzrm+dBm2awbD"]],[5,1,0,41,[0,"45nW5VvGxBMpEwDy9qb/+v"]],[30,1,7,[0,"9dkJ/Z5lNMGY0Yzl+O5OTH"],56],[21,0.23,0.75,false,6,[0,"faoZzpz8RJUIb5ZoO7SNbR"],17,57],[5,1,0,46,[0,"40Ec9LJAtLEKMCZGdXwJZ1"]],[30,1,9,[0,"aeloIz5BRB+JhfI4dEkljg"],59],[21,0.23,0.75,false,8,[0,"5blocVsLhFFK2EawnaUOll"],19,60],[5,1,0,48,[0,"eaU6ifwyNL54J3+jtfHPjv"]],[31,11,[0,"66R73XBu1JGYv8dxrhCHiL"],62],[68,0.23,0.75,false,10,[0,"97QqgQj05AYqir2s+9iY9t"],21,63],[5,1,0,53,[0,"69K4tA13pKVIyegnUYeSEN"]],[31,13,[0,"07JNkT0xVCE4IpmMlA/xpP"],65],[21,0.23,0.75,false,5,[0,"24RcNzGLJNLo5VFWTLfBMO"],14,66]],0,[0,11,1,0,0,1,0,0,1,0,-1,34,0,-2,16,0,-3,28,0,-4,2,0,-5,6,0,-6,3,0,-7,31,0,-8,4,0,0,2,0,0,2,0,12,55,0,3,2,0,0,2,0,3,2,0,0,2,0,-1,36,0,-2,37,0,-3,38,0,-4,39,0,-5,40,0,0,3,0,0,3,0,-1,42,0,-2,43,0,-3,44,0,-4,45,0,-5,8,0,-6,10,0,-7,23,0,-8,24,0,0,4,0,-1,25,0,-2,51,0,-3,52,0,-4,26,0,-5,32,0,0,5,0,0,5,0,-3,67,0,0,5,0,-1,13,0,-2,15,0,0,6,0,0,6,0,-3,58,0,-1,7,0,-2,18,0,0,7,0,0,7,0,0,7,0,-4,57,0,-1,41,0,0,8,0,0,8,0,-3,61,0,-1,9,0,-2,20,0,0,9,0,0,9,0,0,9,0,-4,60,0,-1,46,0,0,10,0,0,10,0,-3,64,0,-1,11,0,-2,22,0,0,11,0,0,11,0,0,11,0,-4,63,0,-1,48,0,0,12,0,0,12,0,-1,49,0,-2,30,0,-3,50,0,0,13,0,0,13,0,0,13,0,-4,66,0,-1,53,0,0,14,0,0,14,0,0,14,0,-1,27,0,0,15,0,0,15,0,0,15,0,0,15,0,0,16,0,0,16,0,3,16,0,0,16,0,0,17,0,0,17,0,-1,29,0,0,18,0,0,18,0,0,18,0,0,19,0,0,19,0,-1,47,0,0,20,0,0,20,0,0,20,0,0,21,0,0,21,0,0,22,0,0,22,0,0,22,0,0,23,0,0,23,0,3,23,0,0,23,0,0,24,0,0,24,0,3,24,0,0,24,0,0,25,0,0,25,0,0,25,0,0,25,0,0,26,0,0,26,0,3,26,0,0,26,0,0,27,0,0,27,0,-1,54,0,-2,33,0,0,28,0,0,28,0,-1,35,0,0,29,0,0,29,0,0,29,0,0,30,0,0,30,0,0,30,0,0,31,0,0,31,0,0,31,0,0,32,0,0,32,0,0,33,0,0,33,0,0,33,0,0,34,0,0,34,0,0,35,0,0,35,0,0,36,0,-2,55,0,0,37,0,0,37,0,0,38,0,0,38,0,0,39,0,0,39,0,0,40,0,0,40,0,0,41,0,-2,56,0,0,42,0,0,42,0,0,43,0,0,43,0,0,44,0,0,44,0,0,45,0,0,45,0,0,46,0,-2,59,0,0,47,0,0,47,0,0,48,0,-2,62,0,0,49,0,0,49,0,0,50,0,0,50,0,0,51,0,0,51,0,0,52,0,0,52,0,0,53,0,-2,65,0,0,54,0,0,54,0,13,1,5,4,32,12,4,21,14,4,15,17,4,18,19,4,20,21,4,22,57,6,58,60,6,61,63,6,64,66,6,67,193],[0,0,0,0,0,0,0,0,0,0,0,0,0,0,0,0,0,0,0,0,0,0,0,0,0,0,0,0,0,0,0,0,0,0,0,0,0,0,0,0,0,0,0,0,0,0,0,55,55,56,59,62,65],[1,2,1,2,5,7,8,9,1,2,1,2,1,2,1,2,5,5,1,1,1,1,2,1,2,1,2,1,2,5,7,8,9,1,2,5,1,1,1,1,2,5,1,1,2,1,2,1,2,1,1,1,1],[14,0,4,0,4,5,6,7,15,0,16,0,17,0,3,0,3,3,1,1,1,8,0,18,0,9,0,10,0,10,5,6,7,11,0,11,19,20,21,12,0,12,1,8,0,9,0,22,0,2,2,2,2]]]]
