[1,["15dfadd6a@6c48a"],["_textureSource"],["cc.SpriteFrame","cc.SpriteAtlas"],0,[[[{"name":"img_shop_line","rect":{"x":618,"y":1016,"width":210,"height":2},"offset":{"x":0,"y":0},"originalSize":{"width":210,"height":2},"rotated":false,"capInsets":[0,0,0,0],"packable":true,"pixelsToUnit":100,"pivot":{"x":0.5,"y":0.5},"meshType":0}],[0],0,[0],[0],[0]],[[{"name":"word_shop_ovo1","rect":{"x":990,"y":923,"width":68,"height":28},"offset":{"x":0,"y":0.5},"originalSize":{"width":68,"height":29},"rotated":true,"capInsets":[0,0,0,0],"packable":true,"pixelsToUnit":100,"pivot":{"x":0.5,"y":0.5},"meshType":0}],[0],0,[0],[0],[0]],[[{"name":"img_shop_title3","rect":{"x":44,"y":923,"width":568,"height":95},"offset":{"x":0,"y":0},"originalSize":{"width":568,"height":95},"rotated":false,"capInsets":[0,0,0,0],"packable":true,"pixelsToUnit":100,"pivot":{"x":0.5,"y":0.5},"meshType":0}],[0],0,[0],[0],[0]],[[{"name":"word_shop_shopee","rect":{"x":991,"y":3,"width":104,"height":30},"offset":{"x":0,"y":0},"originalSize":{"width":104,"height":30},"rotated":true,"capInsets":[0,0,0,0],"packable":true,"pixelsToUnit":100,"pivot":{"x":0.5,"y":0.5},"meshType":0}],[0],0,[0],[0],[0]],[[{"name":"btn_shop_topup","rect":{"x":618,"y":923,"width":304,"height":87},"offset":{"x":0,"y":0},"originalSize":{"width":304,"height":87},"rotated":false,"capInsets":[0,0,0,0],"packable":true,"pixelsToUnit":100,"pivot":{"x":0.5,"y":0.5},"meshType":0}],[0],0,[0],[0],[0]],[[{"name":"auto_shop","spriteFrames":[]}],[1],0,[],[],[]],[[{"name":"word_shop_tolong","rect":{"x":991,"y":468,"width":51,"height":29},"offset":{"x":0,"y":0},"originalSize":{"width":51,"height":29},"rotated":true,"capInsets":[0,0,0,0],"packable":true,"pixelsToUnit":100,"pivot":{"x":0.5,"y":0.5},"meshType":0}],[0],0,[0],[0],[0]],[[{"name":"word_shop_qris","rect":{"x":991,"y":391,"width":71,"height":29},"offset":{"x":0,"y":0},"originalSize":{"width":71,"height":29},"rotated":true,"capInsets":[0,0,0,0],"packable":true,"pixelsToUnit":100,"pivot":{"x":0.5,"y":0.5},"meshType":0}],[0],0,[0],[0],[0]],[[{"name":"word_shop_dana","rect":{"x":928,"y":997,"width":81,"height":24},"offset":{"x":0,"y":0},"originalSize":{"width":81,"height":24},"rotated":false,"capInsets":[0,0,0,0],"packable":true,"pixelsToUnit":100,"pivot":{"x":0.5,"y":0.5},"meshType":0}],[0],0,[0],[0],[0]],[[{"name":"pro_shop_bg","rect":{"x":991,"y":525,"width":392,"height":28},"offset":{"x":0,"y":0},"originalSize":{"width":392,"height":28},"rotated":true,"capInsets":[0,0,0,0],"packable":true,"pixelsToUnit":100,"pivot":{"x":0.5,"y":0.5},"meshType":0}],[0],0,[0],[0],[0]],[[{"name":"btn_shop_leftIn","rect":{"x":558,"y":679,"width":231,"height":77},"offset":{"x":0,"y":0},"originalSize":{"width":231,"height":77},"rotated":true,"capInsets":[0,0,0,0],"packable":true,"pixelsToUnit":100,"pivot":{"x":0.5,"y":0.5},"meshType":0}],[0],0,[0],[0],[0]],[[{"name":"panel_award_bg","rect":{"x":3,"y":3,"width":982,"height":670},"offset":{"x":0.5,"y":0},"originalSize":{"width":987,"height":674},"rotated":false,"capInsets":[0,0,0,0],"packable":true,"pixelsToUnit":100,"pivot":{"x":0.5,"y":0.5},"meshType":0}],[0],0,[0],[0],[0]],[[{"name":"btn_shop_null","rect":{"x":805,"y":876,"width":35,"height":38},"offset":{"x":0,"y":0},"originalSize":{"width":35,"height":38},"rotated":false,"capInsets":[0,0,0,0],"packable":true,"pixelsToUnit":100,"pivot":{"x":0.5,"y":0.5},"meshType":0}],[0],0,[0],[0],[0]],[[{"name":"bg_dt_shop_box_3","rect":{"x":805,"y":758,"width":112,"height":114},"offset":{"x":0,"y":0},"originalSize":{"width":112,"height":114},"rotated":true,"capInsets":[17,25,20,30],"packable":true,"pixelsToUnit":100,"pivot":{"x":0.5,"y":0.5},"meshType":0}],[0],0,[0],[0],[0]],[[{"name":"word_shop_topup","rect":{"x":3,"y":923,"width":97,"height":35},"offset":{"x":0,"y":0},"originalSize":{"width":97,"height":35},"rotated":true,"capInsets":[0,0,0,0],"packable":true,"pixelsToUnit":100,"pivot":{"x":0.5,"y":0.5},"meshType":0}],[0],0,[0],[0],[0]],[[{"name":"btn_racharge","rect":{"x":991,"y":222,"width":30,"height":30},"offset":{"x":0,"y":0},"originalSize":{"width":30,"height":30},"rotated":false,"capInsets":[0,0,0,0],"packable":true,"pixelsToUnit":100,"pivot":{"x":0.5,"y":0.5},"meshType":0}],[0],0,[0],[0],[0]],[[{"name":"btn_title_of","rect":{"x":928,"y":745,"width":246,"height":56},"offset":{"x":0,"y":0},"originalSize":{"width":246,"height":56},"rotated":true,"capInsets":[0,0,0,0],"packable":true,"pixelsToUnit":100,"pivot":{"x":0.5,"y":0.5},"meshType":0}],[0],0,[0],[0],[0]],[[{"name":"bg_bank_check","rect":{"x":641,"y":758,"width":158,"height":158},"offset":{"x":0,"y":0},"originalSize":{"width":160,"height":160},"rotated":false,"capInsets":[0,0,0,0],"packable":true,"pixelsToUnit":100,"pivot":{"x":0.5,"y":0.5},"meshType":0}],[0],0,[0],[0],[0]],[[{"name":"btn_jilu","rect":{"x":928,"y":679,"width":57,"height":60},"offset":{"x":0,"y":0},"originalSize":{"width":57,"height":60},"rotated":false,"capInsets":[0,0,0,0],"packable":true,"pixelsToUnit":100,"pivot":{"x":0.5,"y":0.5},"meshType":0}],[0],0,[0],[0],[0]],[[{"name":"word_shop_dan","rect":{"x":991,"y":258,"width":127,"height":29},"offset":{"x":0,"y":0},"originalSize":{"width":127,"height":29},"rotated":true,"capInsets":[0,0,0,0],"packable":true,"pixelsToUnit":100,"pivot":{"x":0.5,"y":0.5},"meshType":0}],[0],0,[0],[0],[0]],[[{"name":"bg_shop_rolr2","rect":{"x":3,"y":679,"width":235,"height":549},"offset":{"x":0.5,"y":2.5},"originalSize":{"width":236,"height":554},"rotated":true,"capInsets":[0,0,0,0],"packable":true,"pixelsToUnit":100,"pivot":{"x":0.5,"y":0.5},"meshType":0}],[0],0,[0],[0],[0]],[[{"name":"word_shop_qris1","rect":{"x":846,"y":876,"width":75,"height":33},"offset":{"x":0,"y":0},"originalSize":{"width":75,"height":33},"rotated":false,"capInsets":[0,0,0,0],"packable":true,"pixelsToUnit":100,"pivot":{"x":0.5,"y":0.5},"meshType":0}],[0],0,[0],[0],[0]],[[{"name":"word_shop_linkaja","rect":{"x":991,"y":113,"width":103,"height":30},"offset":{"x":0,"y":0},"originalSize":{"width":103,"height":30},"rotated":true,"capInsets":[0,0,0,0],"packable":true,"pixelsToUnit":100,"pivot":{"x":0.5,"y":0.5},"meshType":0}],[0],0,[0],[0],[0]],[[{"name":"btn_title_in","rect":{"x":641,"y":679,"width":266,"height":73},"offset":{"x":0,"y":0},"originalSize":{"width":266,"height":73},"rotated":false,"capInsets":[0,0,0,0],"packable":true,"pixelsToUnit":100,"pivot":{"x":0.5,"y":0.5},"meshType":0}],[0],0,[0],[0],[0]]]]
