[1,["1354uq9bNLaZFgn8/0iJQ5@6c48a","1354uq9bNLaZFgn8/0iJQ5@f9941"],["_textureSource","spriteFrame"],["cc.SpriteFrame",["cc.BitmapFont",["_name","fontSize","fntConfig"],0]],[[1,0,1,2,4]],[[[{"name":"font_gift_word_0","rect":{"x":1,"y":1,"width":488,"height":160},"offset":{"x":-11,"y":175},"originalSize":{"width":512,"height":512},"rotated":false,"capInsets":[0,0,0,0],"vertices":{"rawPosition":[-244,-80,0,244,-80,0,-244,80,0,244,80,0],"indexes":[0,1,2,2,1,3],"uv":[1,511,489,511,1,351,489,351],"nuv":[0.001953125,0.685546875,0.955078125,0.685546875,0.001953125,0.998046875,0.955078125,0.998046875],"minPos":{"x":-244,"y":-80,"z":0},"maxPos":{"x":244,"y":80,"z":0}},"packable":true,"pixelsToUnit":100,"pivot":{"x":0.5,"y":0.5},"meshType":0}],[0],0,[0],[0],[0]],[[[0,"font_gift_word",32,{"commonHeight":32,"fontSize":32,"atlasName":"font_gift_word_0.png","fontDefDictionary":{"32":{"xOffset":-1,"yOffset":-1,"xAdvance":26,"rect":{"x":483,"y":51,"width":28,"height":50}},"65":{"xOffset":-1,"yOffset":-1,"xAdvance":41,"rect":{"x":136,"y":51,"width":43,"height":50}},"66":{"xOffset":-1,"yOffset":-1,"xAdvance":41,"rect":{"x":180,"y":51,"width":43,"height":50}},"67":{"xOffset":-1,"yOffset":-1,"xAdvance":41,"rect":{"x":224,"y":51,"width":43,"height":50}},"68":{"xOffset":-1,"yOffset":-1,"xAdvance":41,"rect":{"x":268,"y":51,"width":43,"height":50}},"69":{"xOffset":-1,"yOffset":-1,"xAdvance":40,"rect":{"x":312,"y":51,"width":42,"height":50}},"70":{"xOffset":-1,"yOffset":-1,"xAdvance":39,"rect":{"x":441,"y":51,"width":41,"height":50}},"71":{"xOffset":-1,"yOffset":-1,"xAdvance":43,"rect":{"x":399,"y":0,"width":45,"height":50}},"72":{"xOffset":-1,"yOffset":-1,"xAdvance":45,"rect":{"x":303,"y":0,"width":47,"height":50}},"73":{"xOffset":-1,"yOffset":-1,"xAdvance":22,"rect":{"x":160,"y":102,"width":24,"height":50}},"74":{"xOffset":-1,"yOffset":-1,"xAdvance":37,"rect":{"x":84,"y":103,"width":39,"height":50}},"75":{"xOffset":-1,"yOffset":-1,"xAdvance":47,"rect":{"x":253,"y":0,"width":49,"height":50}},"76":{"xOffset":-1,"yOffset":-1,"xAdvance":33,"rect":{"x":124,"y":103,"width":35,"height":50}},"77":{"xOffset":-1,"yOffset":-1,"xAdvance":52,"rect":{"x":92,"y":0,"width":54,"height":50}},"78":{"xOffset":-1,"yOffset":-1,"xAdvance":45,"rect":{"x":351,"y":0,"width":47,"height":50}},"79":{"xOffset":-1,"yOffset":-1,"xAdvance":43,"rect":{"x":46,"y":0,"width":45,"height":51}},"80":{"xOffset":-1,"yOffset":-1,"xAdvance":40,"rect":{"x":355,"y":51,"width":42,"height":50}},"81":{"xOffset":-1,"yOffset":-1,"xAdvance":43,"rect":{"x":0,"y":0,"width":45,"height":60}},"82":{"xOffset":-1,"yOffset":-1,"xAdvance":42,"rect":{"x":46,"y":52,"width":44,"height":50}},"83":{"xOffset":-1,"yOffset":-1,"xAdvance":39,"rect":{"x":0,"y":112,"width":41,"height":50}},"84":{"xOffset":-1,"yOffset":-1,"xAdvance":39,"rect":{"x":42,"y":112,"width":41,"height":50}},"85":{"xOffset":-1,"yOffset":-1,"xAdvance":43,"rect":{"x":445,"y":0,"width":45,"height":50}},"86":{"xOffset":-1,"yOffset":-1,"xAdvance":40,"rect":{"x":398,"y":51,"width":42,"height":50}},"87":{"xOffset":-1,"yOffset":-1,"xAdvance":52,"rect":{"x":147,"y":0,"width":54,"height":50}},"88":{"xOffset":-1,"yOffset":-1,"xAdvance":48,"rect":{"x":202,"y":0,"width":50,"height":50}},"89":{"xOffset":-1,"yOffset":-1,"xAdvance":42,"rect":{"x":91,"y":52,"width":44,"height":50}},"90":{"xOffset":-1,"yOffset":-1,"xAdvance":43,"rect":{"x":0,"y":61,"width":45,"height":50}}},"kerningDict":{}}]],0,0,[0],[1],[1]]]]
