[1,["1a807c6c3@6c48a"],["_textureSource"],["cc.SpriteFrame","cc.SpriteAtlas"],0,[[[{"name":"btn_signIn_menerima","rect":{"x":218,"y":3,"width":300,"height":84},"offset":{"x":0,"y":0},"originalSize":{"width":300,"height":84},"rotated":false,"capInsets":[0,0,0,0],"packable":true,"pixelsToUnit":100,"pivot":{"x":0.5,"y":0.5},"meshType":0}],[0],0,[0],[0],[0]],[[{"name":"word_signIn_diurungkan1","rect":{"x":96,"y":3,"width":116,"height":20},"offset":{"x":0,"y":0},"originalSize":{"width":116,"height":20},"rotated":false,"capInsets":[0,0,0,0],"packable":true,"pixelsToUnit":100,"pivot":{"x":0.5,"y":0.5},"meshType":0}],[0],0,[0],[0],[0]],[[{"name":"bg_signIn_bg","rect":{"x":3,"y":183,"width":770,"height":730},"offset":{"x":0,"y":0},"originalSize":{"width":770,"height":730},"rotated":true,"capInsets":[0,0,0,0],"packable":true,"pixelsToUnit":100,"pivot":{"x":0.5,"y":0.5},"meshType":0}],[0],0,[0],[0],[0]],[[{"name":"btn_signIn_menerima1","rect":{"x":3,"y":93,"width":300,"height":84},"offset":{"x":0,"y":0},"originalSize":{"width":300,"height":84},"rotated":false,"capInsets":[0,0,0,0],"packable":true,"pixelsToUnit":100,"pivot":{"x":0.5,"y":0.5},"meshType":0}],[0],0,[0],[0],[0]],[[{"name":"auto_sigIn","spriteFrames":[]}],[1],0,[],[],[]],[[{"name":"word_signIn_diurungkan","rect":{"x":3,"y":3,"width":87,"height":15},"offset":{"x":0,"y":0},"originalSize":{"width":87,"height":15},"rotated":false,"capInsets":[0,0,0,0],"packable":true,"pixelsToUnit":100,"pivot":{"x":0.5,"y":0.5},"meshType":0}],[0],0,[0],[0],[0]],[[{"name":"VIPjiangli","rect":{"x":524,"y":3,"width":133,"height":141},"offset":{"x":0,"y":12},"originalSize":{"width":133,"height":165},"rotated":true,"capInsets":[0,0,0,0],"packable":true,"pixelsToUnit":100,"pivot":{"x":0.5,"y":0.5},"meshType":0}],[0],0,[0],[0],[0]]]]
