[1,["1d7e6e530@6c48a"],["_textureSource"],["cc.SpriteFrame","cc.SpriteAtlas"],0,[[[{"name":"img_tips_bg","rect":{"x":70,"y":3,"width":50,"height":50},"offset":{"x":0,"y":0},"originalSize":{"width":50,"height":50},"rotated":false,"capInsets":[0,0,0,0],"packable":true,"pixelsToUnit":100,"pivot":{"x":0.5,"y":0.5},"meshType":0}],[0],0,[0],[0],[0]],[[{"name":"btn_mail_delete","rect":{"x":103,"y":117,"width":158,"height":54},"offset":{"x":-1.5,"y":1},"originalSize":{"width":161,"height":56},"rotated":true,"capInsets":[0,0,0,0],"packable":true,"pixelsToUnit":100,"pivot":{"x":0.5,"y":0.5},"meshType":0}],[0],0,[0],[0],[0]],[[{"name":"btn_mail_close","rect":{"x":159,"y":3,"width":94,"height":91},"offset":{"x":0,"y":0},"originalSize":{"width":98,"height":95},"rotated":true,"capInsets":[0,0,0,0],"packable":true,"pixelsToUnit":100,"pivot":{"x":0.5,"y":0.5},"meshType":0}],[0],0,[0],[0],[0]],[[{"name":"word_mail_sender","rect":{"x":3,"y":48,"width":89,"height":18},"offset":{"x":0,"y":0},"originalSize":{"width":89,"height":18},"rotated":true,"capInsets":[0,0,0,0],"packable":true,"pixelsToUnit":100,"pivot":{"x":0.5,"y":0.5},"meshType":0}],[0],0,[0],[0],[0]],[[{"name":"btn_mail_receive","rect":{"x":163,"y":103,"width":167,"height":62},"offset":{"x":0,"y":0},"originalSize":{"width":167,"height":62},"rotated":true,"capInsets":[0,0,0,0],"packable":true,"pixelsToUnit":100,"pivot":{"x":0.5,"y":0.5},"meshType":0}],[0],0,[0],[0],[0]],[[{"name":"img_bg","rect":{"x":3,"y":281,"width":122,"height":89},"offset":{"x":0,"y":0},"originalSize":{"width":122,"height":89},"rotated":false,"capInsets":[13,13,13,13],"packable":true,"pixelsToUnit":100,"pivot":{"x":0.5,"y":0.5},"meshType":0}],[0],0,[0],[0],[0]],[[{"name":"icon_mail_item","rect":{"x":3,"y":3,"width":39,"height":37},"offset":{"x":0,"y":0.5},"originalSize":{"width":39,"height":38},"rotated":true,"capInsets":[0,0,0,0],"packable":true,"pixelsToUnit":100,"pivot":{"x":0.5,"y":0.5},"meshType":0}],[0],0,[0],[0],[0]],[[{"name":"icon_mail_new","rect":{"x":3,"y":173,"width":70,"height":48},"offset":{"x":0,"y":0},"originalSize":{"width":70,"height":48},"rotated":false,"capInsets":[0,0,0,0],"packable":true,"pixelsToUnit":100,"pivot":{"x":0.5,"y":0.5},"meshType":0}],[0],0,[0],[0],[0]],[[{"name":"img_bg1","rect":{"x":256,"y":3,"width":123,"height":89},"offset":{"x":0,"y":0},"originalSize":{"width":123,"height":89},"rotated":true,"capInsets":[13,13,13,13],"packable":true,"pixelsToUnit":100,"pivot":{"x":0.5,"y":0.5},"meshType":0}],[0],0,[0],[0],[0]],[[{"name":"word_mail_delete","rect":{"x":70,"y":59,"width":108,"height":27},"offset":{"x":0,"y":0},"originalSize":{"width":108,"height":27},"rotated":true,"capInsets":[0,0,0,0],"packable":true,"pixelsToUnit":100,"pivot":{"x":0.5,"y":0.5},"meshType":0}],[0],0,[0],[0],[0]],[[{"name":"word_mail_delete1","rect":{"x":126,"y":3,"width":108,"height":27},"offset":{"x":0,"y":0},"originalSize":{"width":108,"height":27},"rotated":true,"capInsets":[0,0,0,0],"packable":true,"pixelsToUnit":100,"pivot":{"x":0.5,"y":0.5},"meshType":0}],[0],0,[0],[0],[0]],[[{"name":"word_mail_mail","rect":{"x":46,"y":3,"width":113,"height":18},"offset":{"x":0,"y":0},"originalSize":{"width":113,"height":18},"rotated":true,"capInsets":[0,0,0,0],"packable":true,"pixelsToUnit":100,"pivot":{"x":0.5,"y":0.5},"meshType":0}],[0],0,[0],[0],[0]],[[{"name":"auto_mail","spriteFrames":[]}],[1],0,[],[],[]],[[{"name":"img_mail_null","rect":{"x":231,"y":132,"width":150,"height":195},"offset":{"x":0,"y":0},"originalSize":{"width":150,"height":195},"rotated":false,"capInsets":[0,0,0,0],"packable":true,"pixelsToUnit":100,"pivot":{"x":0.5,"y":0.5},"meshType":0}],[0],0,[0],[0],[0]]]]
