[1,["1612ab0a0@6c48a"],["_textureSource"],["cc.SpriteFrame","cc.SpriteAtlas"],0,[[[{"name":"money_day_bg11","rect":{"x":3,"y":645,"width":183,"height":354},"offset":{"x":-0.5,"y":0.5},"originalSize":{"width":188,"height":359},"rotated":false,"capInsets":[0,0,0,0],"packable":true,"pixelsToUnit":100,"pivot":{"x":0.5,"y":0.5},"meshType":0}],[0],0,[0],[0],[0]],[[{"name":"checked_in_btnRules","rect":{"x":192,"y":832,"width":54,"height":54},"offset":{"x":0,"y":0.5},"originalSize":{"width":58,"height":59},"rotated":false,"capInsets":[0,0,0,0],"packable":true,"pixelsToUnit":100,"pivot":{"x":0.5,"y":0.5},"meshType":0}],[0],0,[0],[0],[0]],[[{"name":"person_women","rect":{"x":3,"y":3,"width":405,"height":636},"offset":{"x":0,"y":0},"originalSize":{"width":405,"height":636},"rotated":false,"capInsets":[0,0,0,0],"packable":true,"pixelsToUnit":100,"pivot":{"x":0.5,"y":0.5},"meshType":0}],[0],0,[0],[0],[0]],[[{"name":"auto_sigIn","spriteFrames":[]}],[1],0,[],[],[]],[[{"name":"money_day_bg","rect":{"x":192,"y":645,"width":183,"height":181},"offset":{"x":-0.5,"y":0.5},"originalSize":{"width":188,"height":186},"rotated":false,"capInsets":[0,0,0,0],"packable":true,"pixelsToUnit":100,"pivot":{"x":0.5,"y":0.5},"meshType":0}],[0],0,[0],[0],[0]]]]
