[1,["19d3c9f38@6c48a"],["_textureSource"],["cc.SpriteFrame","cc.SpriteAtlas"],0,[[[{"name":"btn_zi_1_0","rect":{"x":198,"y":667,"width":131,"height":24},"offset":{"x":0,"y":0},"originalSize":{"width":131,"height":24},"rotated":false,"capInsets":[0,0,0,0],"packable":true,"pixelsToUnit":100,"pivot":{"x":0.5,"y":0.5},"meshType":0}],[0],0,[0],[0],[0]],[[{"name":"shurubox_lan","rect":{"x":196,"y":878,"width":234,"height":40},"offset":{"x":0,"y":0},"originalSize":{"width":234,"height":40},"rotated":false,"capInsets":[0,0,0,0],"packable":true,"pixelsToUnit":100,"pivot":{"x":0.5,"y":0.5},"meshType":0}],[0],0,[0],[0],[0]],[[{"name":"btn_icon_2","rect":{"x":962,"y":705,"width":58,"height":50},"offset":{"x":0,"y":0},"originalSize":{"width":58,"height":50},"rotated":true,"capInsets":[0,0,0,0],"packable":true,"pixelsToUnit":100,"pivot":{"x":0.5,"y":0.5},"meshType":0}],[0],0,[0],[0],[0]],[[{"name":"Claimable Recharge  Rebates","rect":{"x":925,"y":245,"width":214,"height":47},"offset":{"x":0,"y":0},"originalSize":{"width":214,"height":47},"rotated":true,"capInsets":[0,0,0,0],"packable":true,"pixelsToUnit":100,"pivot":{"x":0.5,"y":0.5},"meshType":0}],[0],0,[0],[0],[0]],[[{"name":"Invitation reward details","rect":{"x":117,"y":997,"width":254,"height":23},"offset":{"x":0,"y":0},"originalSize":{"width":254,"height":23},"rotated":false,"capInsets":[0,0,0,0],"packable":true,"pixelsToUnit":100,"pivot":{"x":0.5,"y":0.5},"meshType":0}],[0],0,[0],[0],[0]],[[{"name":"icon_fenxiang_fanhui","rect":{"x":290,"y":488,"width":48,"height":30},"offset":{"x":0,"y":0},"originalSize":{"width":48,"height":30},"rotated":true,"capInsets":[0,0,0,0],"packable":true,"pixelsToUnit":100,"pivot":{"x":0.5,"y":0.5},"meshType":0}],[0],0,[0],[0],[0]],[[{"name":"btn_telegram","rect":{"x":962,"y":769,"width":52,"height":53},"offset":{"x":0,"y":0},"originalSize":{"width":52,"height":53},"rotated":false,"capInsets":[0,0,0,0],"packable":true,"pixelsToUnit":100,"pivot":{"x":0.5,"y":0.5},"meshType":0}],[0],0,[0],[0],[0]],[[{"name":"icon_fx_shou_1","rect":{"x":937,"y":108,"width":63,"height":51},"offset":{"x":0,"y":0},"originalSize":{"width":63,"height":51},"rotated":false,"capInsets":[0,0,0,0],"packable":true,"pixelsToUnit":100,"pivot":{"x":0.5,"y":0.5},"meshType":0}],[0],0,[0],[0],[0]],[[{"name":"btn_icon_4","rect":{"x":490,"y":566,"width":50,"height":48},"offset":{"x":0,"y":0},"originalSize":{"width":50,"height":48},"rotated":false,"capInsets":[0,0,0,0],"packable":true,"pixelsToUnit":100,"pivot":{"x":0.5,"y":0.5},"meshType":0}],[0],0,[0],[0],[0]],[[{"name":"shurubox_huang","rect":{"x":697,"y":127,"width":234,"height":40},"offset":{"x":0,"y":0},"originalSize":{"width":234,"height":40},"rotated":false,"capInsets":[0,0,0,0],"packable":true,"pixelsToUnit":100,"pivot":{"x":0.5,"y":0.5},"meshType":0}],[0],0,[0],[0],[0]],[[{"name":"Today's Recharge Rebate","rect":{"x":198,"y":844,"width":270,"height":28},"offset":{"x":0,"y":0},"originalSize":{"width":270,"height":28},"rotated":false,"capInsets":[0,0,0,0],"packable":true,"pixelsToUnit":100,"pivot":{"x":0.5,"y":0.5},"meshType":0}],[0],0,[0],[0],[0]],[[{"name":"icon_jinbi_4","rect":{"x":897,"y":3,"width":102,"height":99},"offset":{"x":0,"y":0},"originalSize":{"width":102,"height":99},"rotated":false,"capInsets":[0,0,0,0],"packable":true,"pixelsToUnit":100,"pivot":{"x":0.5,"y":0.5},"meshType":0}],[0],0,[0],[0],[0]],[[{"name":"Recharge Rebate Details","rect":{"x":663,"y":3,"width":258,"height":28},"offset":{"x":0,"y":0},"originalSize":{"width":258,"height":28},"rotated":true,"capInsets":[0,0,0,0],"packable":true,"pixelsToUnit":100,"pivot":{"x":0.5,"y":0.5},"meshType":0}],[0],0,[0],[0],[0]],[[{"name":"Betting rebates from  other members","rect":{"x":872,"y":245,"width":216,"height":47},"offset":{"x":0,"y":0},"originalSize":{"width":216,"height":47},"rotated":true,"capInsets":[0,0,0,0],"packable":true,"pixelsToUnit":100,"pivot":{"x":0.5,"y":0.5},"meshType":0}],[0],0,[0],[0],[0]],[[{"name":"Today’s invitation  reward","rect":{"x":663,"y":471,"width":203,"height":48},"offset":{"x":0,"y":0},"originalSize":{"width":203,"height":48},"rotated":false,"capInsets":[0,0,0,0],"packable":true,"pixelsToUnit":100,"pivot":{"x":0.5,"y":0.5},"meshType":0}],[0],0,[0],[0],[0]],[[{"name":"btn_facebook","rect":{"x":718,"y":653,"width":52,"height":53},"offset":{"x":0,"y":0},"originalSize":{"width":52,"height":53},"rotated":true,"capInsets":[0,0,0,0],"packable":true,"pixelsToUnit":100,"pivot":{"x":0.5,"y":0.5},"meshType":0}],[0],0,[0],[0],[0]],[[{"name":"Received rewards","rect":{"x":816,"y":245,"width":187,"height":23},"offset":{"x":0,"y":0},"originalSize":{"width":187,"height":23},"rotated":true,"capInsets":[0,0,0,0],"packable":true,"pixelsToUnit":100,"pivot":{"x":0.5,"y":0.5},"meshType":0}],[0],0,[0],[0],[0]],[[{"name":"icon_jinbi_2","rect":{"x":474,"y":844,"width":162,"height":137},"offset":{"x":0,"y":0},"originalSize":{"width":162,"height":137},"rotated":true,"capInsets":[0,0,0,0],"packable":true,"pixelsToUnit":100,"pivot":{"x":0.5,"y":0.5},"meshType":0}],[0],0,[0],[0],[0]],[[{"name":"btn_fenxiang_hui","rect":{"x":697,"y":3,"width":194,"height":56},"offset":{"x":0,"y":0},"originalSize":{"width":194,"height":56},"rotated":false,"capInsets":[0,0,0,0],"packable":true,"pixelsToUnit":100,"pivot":{"x":0.5,"y":0.5},"meshType":0}],[0],0,[0],[0],[0]],[[{"name":"icon_fx_ren_5","rect":{"x":290,"y":542,"width":38,"height":46},"offset":{"x":0,"y":0},"originalSize":{"width":38,"height":46},"rotated":false,"capInsets":[0,0,0,0],"packable":true,"pixelsToUnit":100,"pivot":{"x":0.5,"y":0.5},"meshType":0}],[0],0,[0],[0],[0]],[[{"name":"icon_jilu","rect":{"x":290,"y":594,"width":34,"height":37},"offset":{"x":0,"y":0},"originalSize":{"width":34,"height":37},"rotated":true,"capInsets":[0,0,0,0],"packable":true,"pixelsToUnit":100,"pivot":{"x":0.5,"y":0.5},"meshType":0}],[0],0,[0],[0],[0]],[[{"name":"btn_zi_3_0","rect":{"x":260,"y":488,"width":127,"height":24},"offset":{"x":0,"y":0},"originalSize":{"width":127,"height":24},"rotated":true,"capInsets":[0,0,0,0],"packable":true,"pixelsToUnit":100,"pivot":{"x":0.5,"y":0.5},"meshType":0}],[0],0,[0],[0],[0]],[[{"name":"My other members_","rect":{"x":463,"y":3,"width":241,"height":32},"offset":{"x":0,"y":0},"originalSize":{"width":241,"height":32},"rotated":true,"capInsets":[0,0,0,0],"packable":true,"pixelsToUnit":100,"pivot":{"x":0.5,"y":0.5},"meshType":0}],[0],0,[0],[0],[0]],[[{"name":"bg_lianjiekbox","rect":{"x":198,"y":704,"width":459,"height":39},"offset":{"x":0,"y":0},"originalSize":{"width":459,"height":39},"rotated":false,"capInsets":[0,0,0,0],"packable":true,"pixelsToUnit":100,"pivot":{"x":0.5,"y":0.5},"meshType":0}],[0],0,[0],[0],[0]],[[{"name":"btn_fuzhi","rect":{"x":663,"y":267,"width":198,"height":56},"offset":{"x":0,"y":0},"originalSize":{"width":198,"height":56},"rotated":true,"capInsets":[0,0,0,0],"packable":true,"pixelsToUnit":100,"pivot":{"x":0.5,"y":0.5},"meshType":0}],[0],0,[0],[0],[0]],[[{"name":"btn_1_1","rect":{"x":642,"y":749,"width":314,"height":83},"offset":{"x":0,"y":0},"originalSize":{"width":314,"height":83},"rotated":false,"capInsets":[0,0,0,0],"packable":true,"pixelsToUnit":100,"pivot":{"x":0.5,"y":0.5},"meshType":0}],[0],0,[0],[0],[0]],[[{"name":"btn_fenxiang_huang_1","rect":{"x":260,"y":170,"width":312,"height":56},"offset":{"x":0,"y":0},"originalSize":{"width":312,"height":56},"rotated":true,"capInsets":[0,0,0,0],"packable":true,"pixelsToUnit":100,"pivot":{"x":0.5,"y":0.5},"meshType":0}],[0],0,[0],[0],[0]],[[{"name":"icon_jinbi_3","rect":{"x":917,"y":838,"width":112,"height":81},"offset":{"x":0,"y":0},"originalSize":{"width":112,"height":81},"rotated":true,"capInsets":[0,0,0,0],"packable":true,"pixelsToUnit":100,"pivot":{"x":0.5,"y":0.5},"meshType":0}],[0],0,[0],[0],[0]],[[{"name":"zi_dt_fenxiang_tishiyu","rect":{"x":198,"y":170,"width":458,"height":56},"offset":{"x":0,"y":0},"originalSize":{"width":458,"height":56},"rotated":true,"capInsets":[0,0,0,0],"packable":true,"pixelsToUnit":100,"pivot":{"x":0.5,"y":0.5},"meshType":0}],[0],0,[0],[0],[0]],[[{"name":"word_AgencyRebate","rect":{"x":617,"y":916,"width":236,"height":48},"offset":{"x":0,"y":0},"originalSize":{"width":236,"height":48},"rotated":false,"capInsets":[0,0,0,0],"packable":true,"pixelsToUnit":100,"pivot":{"x":0.5,"y":0.5},"meshType":0}],[0],0,[0],[0],[0]],[[{"name":"Received betting rebate","rect":{"x":697,"y":211,"width":250,"height":28},"offset":{"x":0,"y":0},"originalSize":{"width":250,"height":28},"rotated":false,"capInsets":[0,0,0,0],"packable":true,"pixelsToUnit":100,"pivot":{"x":0.5,"y":0.5},"meshType":0}],[0],0,[0],[0],[0]],[[{"name":"Betting rebates available","rect":{"x":120,"y":963,"width":262,"height":28},"offset":{"x":0,"y":0},"originalSize":{"width":262,"height":28},"rotated":false,"capInsets":[0,0,0,0],"packable":true,"pixelsToUnit":100,"pivot":{"x":0.5,"y":0.5},"meshType":0}],[0],0,[0],[0],[0]],[[{"name":"btn_fanhui","rect":{"x":3,"y":871,"width":100,"height":111},"offset":{"x":0,"y":0},"originalSize":{"width":100,"height":111},"rotated":true,"capInsets":[0,0,0,0],"packable":true,"pixelsToUnit":100,"pivot":{"x":0.5,"y":0.5},"meshType":0}],[0],0,[0],[0],[0]],[[{"name":"icon_fx_zhong_1","rect":{"x":956,"y":165,"width":49,"height":62},"offset":{"x":0,"y":0},"originalSize":{"width":49,"height":62},"rotated":false,"capInsets":[0,0,0,0],"packable":true,"pixelsToUnit":100,"pivot":{"x":0.5,"y":0.5},"meshType":0}],[0],0,[0],[0],[0]],[[{"name":"btn_zi_2_1","rect":{"x":986,"y":464,"width":220,"height":26},"offset":{"x":0,"y":0},"originalSize":{"width":220,"height":26},"rotated":true,"capInsets":[0,0,0,0],"packable":true,"pixelsToUnit":100,"pivot":{"x":0.5,"y":0.5},"meshType":0}],[0],0,[0],[0],[0]],[[{"name":"My invitation reward","rect":{"x":697,"y":173,"width":253,"height":32},"offset":{"x":0,"y":0},"originalSize":{"width":253,"height":32},"rotated":false,"capInsets":[0,0,0,0],"packable":true,"pixelsToUnit":100,"pivot":{"x":0.5,"y":0.5},"meshType":0}],[0],0,[0],[0],[0]],[[{"name":"btn_icon_1","rect":{"x":663,"y":652,"width":55,"height":49},"offset":{"x":0,"y":0},"originalSize":{"width":55,"height":49},"rotated":true,"capInsets":[0,0,0,0],"packable":true,"pixelsToUnit":100,"pivot":{"x":0.5,"y":0.5},"meshType":0}],[0],0,[0],[0],[0]],[[{"name":"btn_fenxiang_lv","rect":{"x":697,"y":65,"width":194,"height":56},"offset":{"x":0,"y":0},"originalSize":{"width":194,"height":56},"rotated":false,"capInsets":[0,0,0,0],"packable":true,"pixelsToUnit":100,"pivot":{"x":0.5,"y":0.5},"meshType":0}],[0],0,[0],[0],[0]],[[{"name":"Betting rebates for  direct members","rect":{"x":725,"y":245,"width":196,"height":47},"offset":{"x":0,"y":0},"originalSize":{"width":196,"height":47},"rotated":true,"capInsets":[0,0,0,0],"packable":true,"pixelsToUnit":100,"pivot":{"x":0.5,"y":0.5},"meshType":0}],[0],0,[0],[0],[0]],[[{"name":"icon_fx_ren_2","rect":{"x":663,"y":578,"width":68,"height":80},"offset":{"x":0,"y":0},"originalSize":{"width":68,"height":80},"rotated":true,"capInsets":[0,0,0,0],"packable":true,"pixelsToUnit":100,"pivot":{"x":0.5,"y":0.5},"meshType":0}],[0],0,[0],[0],[0]],[[{"name":"icon_jinbi_5","rect":{"x":749,"y":578,"width":67,"height":69},"offset":{"x":0,"y":0},"originalSize":{"width":67,"height":69},"rotated":false,"capInsets":[0,0,0,0],"packable":true,"pixelsToUnit":100,"pivot":{"x":0.5,"y":0.5},"meshType":0}],[0],0,[0],[0],[0]],[[{"name":"btn_zi_3_1","rect":{"x":778,"y":245,"width":175,"height":32},"offset":{"x":0,"y":0},"originalSize":{"width":175,"height":32},"rotated":true,"capInsets":[0,0,0,0],"packable":true,"pixelsToUnit":100,"pivot":{"x":0.5,"y":0.5},"meshType":0}],[0],0,[0],[0],[0]],[[{"name":"Total invitation rewards","rect":{"x":434,"y":3,"width":248,"height":23},"offset":{"x":0,"y":0},"originalSize":{"width":248,"height":23},"rotated":true,"capInsets":[0,0,0,0],"packable":true,"pixelsToUnit":100,"pivot":{"x":0.5,"y":0.5},"meshType":0}],[0],0,[0],[0],[0]],[[{"name":"shurubox_lv","rect":{"x":940,"y":465,"width":234,"height":40},"offset":{"x":0,"y":0},"originalSize":{"width":234,"height":40},"rotated":true,"capInsets":[0,0,0,0],"packable":true,"pixelsToUnit":100,"pivot":{"x":0.5,"y":0.5},"meshType":0}],[0],0,[0],[0],[0]],[[{"name":"icon_fx_ren_1","rect":{"x":388,"y":924,"width":84,"height":77},"offset":{"x":0,"y":0},"originalSize":{"width":84,"height":77},"rotated":true,"capInsets":[0,0,0,0],"packable":true,"pixelsToUnit":100,"pivot":{"x":0.5,"y":0.5},"meshType":0}],[0],0,[0],[0],[0]],[[{"name":"btn_zi_1_1","rect":{"x":196,"y":924,"width":182,"height":32},"offset":{"x":0,"y":0},"originalSize":{"width":182,"height":32},"rotated":false,"capInsets":[0,0,0,0],"packable":true,"pixelsToUnit":100,"pivot":{"x":0.5,"y":0.5},"meshType":0}],[0],0,[0],[0],[0]],[[{"name":"Yesterday's Recharge  Rebate","rect":{"x":617,"y":970,"width":228,"height":47},"offset":{"x":0,"y":0},"originalSize":{"width":228,"height":47},"rotated":false,"capInsets":[0,0,0,0],"packable":true,"pixelsToUnit":100,"pivot":{"x":0.5,"y":0.5},"meshType":0}],[0],0,[0],[0],[0]],[[{"name":"btn_1_0","rect":{"x":642,"y":838,"width":269,"height":72},"offset":{"x":0,"y":0},"originalSize":{"width":269,"height":72},"rotated":false,"capInsets":[0,0,0,0],"packable":true,"pixelsToUnit":100,"pivot":{"x":0.5,"y":0.5},"meshType":0}],[0],0,[0],[0],[0]],[[{"name":"auto_refferal","spriteFrames":[]}],[1],0,[],[],[]],[[{"name":"Recharge Rebate for  Other Members","rect":{"x":663,"y":525,"width":217,"height":47},"offset":{"x":0,"y":0},"originalSize":{"width":217,"height":47},"rotated":false,"capInsets":[0,0,0,0],"packable":true,"pixelsToUnit":100,"pivot":{"x":0.5,"y":0.5},"meshType":0}],[0],0,[0],[0],[0]],[[{"name":"title_fenxiang_3","rect":{"x":335,"y":3,"width":695,"height":93},"offset":{"x":0,"y":0},"originalSize":{"width":695,"height":93},"rotated":true,"capInsets":[0,0,0,0],"packable":true,"pixelsToUnit":100,"pivot":{"x":0.5,"y":0.5},"meshType":0}],[0],0,[0],[0],[0]],[[{"name":"btn_icon_3","rect":{"x":434,"y":566,"width":50,"height":49},"offset":{"x":0,"y":0},"originalSize":{"width":50,"height":49},"rotated":false,"capInsets":[0,0,0,0],"packable":true,"pixelsToUnit":100,"pivot":{"x":0.5,"y":0.5},"meshType":0}],[0],0,[0],[0],[0]],[[{"name":"btn_whatsapp","rect":{"x":777,"y":653,"width":52,"height":53},"offset":{"x":0,"y":0},"originalSize":{"width":52,"height":53},"rotated":true,"capInsets":[0,0,0,0],"packable":true,"pixelsToUnit":100,"pivot":{"x":0.5,"y":0.5},"meshType":0}],[0],0,[0],[0],[0]],[[{"name":"title_fenxiang_4","rect":{"x":102,"y":170,"width":695,"height":90},"offset":{"x":0,"y":0},"originalSize":{"width":695,"height":90},"rotated":true,"capInsets":[0,0,0,0],"packable":true,"pixelsToUnit":100,"pivot":{"x":0.5,"y":0.5},"meshType":0}],[0],0,[0],[0],[0]],[[{"name":"btn_fenxiang_bangzhu","rect":{"x":836,"y":637,"width":44,"height":47},"offset":{"x":0,"y":0},"originalSize":{"width":44,"height":47},"rotated":false,"capInsets":[0,0,0,0],"packable":true,"pixelsToUnit":100,"pivot":{"x":0.5,"y":0.5},"meshType":0}],[0],0,[0],[0],[0]],[[{"name":"btn_massage","rect":{"x":434,"y":508,"width":52,"height":52},"offset":{"x":0,"y":0},"originalSize":{"width":52,"height":52},"rotated":false,"capInsets":[0,0,0,0],"packable":true,"pixelsToUnit":100,"pivot":{"x":0.5,"y":0.5},"meshType":0}],[0],0,[0],[0],[0]],[[{"name":"btn_zi_4_1","rect":{"x":886,"y":524,"width":211,"height":32},"offset":{"x":0,"y":0},"originalSize":{"width":211,"height":32},"rotated":true,"capInsets":[0,0,0,0],"packable":true,"pixelsToUnit":100,"pivot":{"x":0.5,"y":0.5},"meshType":0}],[0],0,[0],[0],[0]],[[{"name":"icon_fenxiang_jilu_1","rect":{"x":198,"y":749,"width":438,"height":89},"offset":{"x":0,"y":0},"originalSize":{"width":438,"height":89},"rotated":false,"capInsets":[0,0,0,0],"packable":true,"pixelsToUnit":100,"pivot":{"x":0.5,"y":0.5},"meshType":0}],[0],0,[0],[0],[0]],[[{"name":"My direct members_","rect":{"x":434,"y":257,"width":245,"height":32},"offset":{"x":0,"y":0},"originalSize":{"width":245,"height":32},"rotated":true,"capInsets":[0,0,0,0],"packable":true,"pixelsToUnit":100,"pivot":{"x":0.5,"y":0.5},"meshType":0}],[0],0,[0],[0],[0]],[[{"name":"icon_jinbi_1","rect":{"x":822,"y":578,"width":52,"height":53},"offset":{"x":0,"y":0},"originalSize":{"width":52,"height":53},"rotated":false,"capInsets":[0,0,0,0],"packable":true,"pixelsToUnit":100,"pivot":{"x":0.5,"y":0.5},"meshType":0}],[0],0,[0],[0],[0]],[[{"name":"zi_receive_0","rect":{"x":198,"y":634,"width":103,"height":27},"offset":{"x":0,"y":0},"originalSize":{"width":103,"height":27},"rotated":false,"capInsets":[0,0,0,0],"packable":true,"pixelsToUnit":100,"pivot":{"x":0.5,"y":0.5},"meshType":0}],[0],0,[0],[0],[0]],[[{"name":"Betting rebate details","rect":{"x":978,"y":233,"width":225,"height":28},"offset":{"x":0,"y":0},"originalSize":{"width":225,"height":28},"rotated":true,"capInsets":[0,0,0,0],"packable":true,"pixelsToUnit":100,"pivot":{"x":0.5,"y":0.5},"meshType":0}],[0],0,[0],[0],[0]],[[{"name":"My referrals_","rect":{"x":859,"y":956,"width":156,"height":32},"offset":{"x":0,"y":0},"originalSize":{"width":156,"height":32},"rotated":false,"capInsets":[0,0,0,0],"packable":true,"pixelsToUnit":100,"pivot":{"x":0.5,"y":0.5},"meshType":0}],[0],0,[0],[0],[0]],[[{"name":"title_fenxiang_2","rect":{"x":3,"y":170,"width":695,"height":93},"offset":{"x":0,"y":0},"originalSize":{"width":695,"height":93},"rotated":true,"capInsets":[0,0,0,0],"packable":true,"pixelsToUnit":100,"pivot":{"x":0.5,"y":0.5},"meshType":0}],[0],0,[0],[0],[0]],[[{"name":"icon_fx_duihao","rect":{"x":3,"y":977,"width":52,"height":43},"offset":{"x":0,"y":0},"originalSize":{"width":52,"height":43},"rotated":false,"capInsets":[0,0,0,0],"packable":true,"pixelsToUnit":100,"pivot":{"x":0.5,"y":0.5},"meshType":0}],[0],0,[0],[0],[0]],[[{"name":"icon_fx_ren_6","rect":{"x":61,"y":977,"width":50,"height":42},"offset":{"x":0,"y":0},"originalSize":{"width":50,"height":42},"rotated":false,"capInsets":[0,0,0,0],"packable":true,"pixelsToUnit":100,"pivot":{"x":0.5,"y":0.5},"meshType":0}],[0],0,[0],[0],[0]],[[{"name":"btn_souguo","rect":{"x":836,"y":690,"width":40,"height":40},"offset":{"x":0,"y":0},"originalSize":{"width":40,"height":40},"rotated":false,"capInsets":[0,0,0,0],"packable":true,"pixelsToUnit":100,"pivot":{"x":0.5,"y":0.5},"meshType":0}],[0],0,[0],[0],[0]],[[{"name":"icon_fx_ren_3","rect":{"x":120,"y":871,"width":86,"height":70},"offset":{"x":0,"y":0},"originalSize":{"width":86,"height":70},"rotated":true,"capInsets":[0,0,0,0],"packable":true,"pixelsToUnit":100,"pivot":{"x":0.5,"y":0.5},"meshType":0}],[0],0,[0],[0],[0]],[[{"name":"3","rect":{"x":872,"y":467,"width":51,"height":62},"offset":{"x":0,"y":0},"originalSize":{"width":51,"height":62},"rotated":true,"capInsets":[0,0,0,0],"packable":true,"pixelsToUnit":100,"pivot":{"x":0.5,"y":0.5},"meshType":0}],[0],0,[0],[0],[0]],[[{"name":"icon_fenxiang","rect":{"x":3,"y":3,"width":326,"height":161},"offset":{"x":0,"y":0},"originalSize":{"width":326,"height":161},"rotated":false,"capInsets":[0,0,0,0],"packable":true,"pixelsToUnit":100,"pivot":{"x":0.5,"y":0.5},"meshType":0}],[0],0,[0],[0],[0]]]]
