[1,["141b042a7@6c48a"],["_textureSource"],["cc.SpriteFrame","cc.SpriteAtlas"],0,[[[{"name":"bg_title_4","rect":{"x":3,"y":139,"width":985,"height":127},"offset":{"x":0,"y":0},"originalSize":{"width":985,"height":127},"rotated":false,"capInsets":[0,0,0,0],"packable":true,"pixelsToUnit":100,"pivot":{"x":0.5,"y":0.5},"meshType":0}],[0],0,[0],[0],[0]],[[{"name":"Copy link","rect":{"x":993,"y":827,"width":100,"height":28},"offset":{"x":0,"y":0},"originalSize":{"width":100,"height":28},"rotated":true,"capInsets":[0,0,0,0],"packable":true,"pixelsToUnit":100,"pivot":{"x":0.5,"y":0.5},"meshType":0}],[0],0,[0],[0],[0]],[[{"name":"title_bg_1","rect":{"x":3,"y":3,"width":988,"height":130},"offset":{"x":0,"y":0},"originalSize":{"width":988,"height":130},"rotated":false,"capInsets":[0,0,0,0],"packable":true,"pixelsToUnit":100,"pivot":{"x":0.5,"y":0.5},"meshType":0}],[0],0,[0],[0],[0]],[[{"name":"bg_fengixng_4_1","rect":{"x":635,"y":539,"width":314,"height":476},"offset":{"x":0,"y":0},"originalSize":{"width":314,"height":476},"rotated":false,"capInsets":[0,0,0,0],"packable":true,"pixelsToUnit":100,"pivot":{"x":0.5,"y":0.5},"meshType":0}],[0],0,[0],[0],[0]],[[{"name":"btn_zi_4_0","rect":{"x":997,"y":3,"width":153,"height":24},"offset":{"x":0,"y":0},"originalSize":{"width":153,"height":24},"rotated":true,"capInsets":[0,0,0,0],"packable":true,"pixelsToUnit":100,"pivot":{"x":0.5,"y":0.5},"meshType":0}],[0],0,[0],[0],[0]],[[{"name":"bg_fengixng_2_1","rect":{"x":3,"y":546,"width":310,"height":473},"offset":{"x":0,"y":0},"originalSize":{"width":310,"height":473},"rotated":false,"capInsets":[0,0,0,0],"packable":true,"pixelsToUnit":100,"pivot":{"x":0.5,"y":0.5},"meshType":0}],[0],0,[0],[0],[0]],[[{"name":"My invitation QR code","rect":{"x":955,"y":539,"width":270,"height":32},"offset":{"x":0,"y":0},"originalSize":{"width":270,"height":32},"rotated":true,"capInsets":[0,0,0,0],"packable":true,"pixelsToUnit":100,"pivot":{"x":0.5,"y":0.5},"meshType":0}],[0],0,[0],[0],[0]],[[{"name":"btn_zi_save","rect":{"x":993,"y":933,"width":68,"height":27},"offset":{"x":0,"y":0},"originalSize":{"width":68,"height":27},"rotated":true,"capInsets":[0,0,0,0],"packable":true,"pixelsToUnit":100,"pivot":{"x":0.5,"y":0.5},"meshType":0}],[0],0,[0],[0],[0]],[[{"name":"bg_fengixng_3_1","rect":{"x":319,"y":546,"width":310,"height":473},"offset":{"x":0,"y":0},"originalSize":{"width":310,"height":473},"rotated":false,"capInsets":[0,0,0,0],"packable":true,"pixelsToUnit":100,"pivot":{"x":0.5,"y":0.5},"meshType":0}],[0],0,[0],[0],[0]],[[{"name":"bg_title_2","rect":{"x":3,"y":272,"width":985,"height":127},"offset":{"x":0,"y":0},"originalSize":{"width":985,"height":127},"rotated":false,"capInsets":[0,0,0,0],"packable":true,"pixelsToUnit":100,"pivot":{"x":0.5,"y":0.5},"meshType":0}],[0],0,[0],[0],[0]],[[{"name":"title_fenxiang_1_dibu","rect":{"x":994,"y":162,"width":378,"height":27},"offset":{"x":0,"y":0},"originalSize":{"width":378,"height":27},"rotated":true,"capInsets":[0,0,0,0],"packable":true,"pixelsToUnit":100,"pivot":{"x":0.5,"y":0.5},"meshType":0}],[0],0,[0],[0],[0]],[[{"name":"auto_refferal","spriteFrames":[]}],[1],0,[],[],[]],[[{"name":"Claimed Recharge Rebate","rect":{"x":993,"y":546,"width":275,"height":28},"offset":{"x":0,"y":0},"originalSize":{"width":275,"height":28},"rotated":true,"capInsets":[0,0,0,0],"packable":true,"pixelsToUnit":100,"pivot":{"x":0.5,"y":0.5},"meshType":0}],[0],0,[0],[0],[0]],[[{"name":"My total reward_","rect":{"x":955,"y":815,"width":204,"height":32},"offset":{"x":0,"y":0},"originalSize":{"width":204,"height":32},"rotated":true,"capInsets":[0,0,0,0],"packable":true,"pixelsToUnit":100,"pivot":{"x":0.5,"y":0.5},"meshType":0}],[0],0,[0],[0],[0]],[[{"name":"bg_title_3","rect":{"x":3,"y":405,"width":984,"height":128},"offset":{"x":0,"y":0},"originalSize":{"width":984,"height":128},"rotated":false,"capInsets":[0,0,0,0],"packable":true,"pixelsToUnit":100,"pivot":{"x":0.5,"y":0.5},"meshType":0}],[0],0,[0],[0],[0]]]]
