[1,["2ajMej/tFDFqxqGX14cuL0@6c48a","2ajMej/tFDFqxqGX14cuL0@f9941"],["_textureSource","spriteFrame"],["cc.SpriteFrame",["cc.BitmapFont",["_name","fontSize","fntConfig"],0]],[[1,0,1,2,4]],[[[{"name":"font_rate_0","rect":{"x":1,"y":1,"width":291,"height":133},"offset":{"x":-3.5,"y":82.5},"originalSize":{"width":300,"height":300},"rotated":false,"capInsets":[0,0,0,0],"vertices":{"rawPosition":[-145.5,-66.5,0,145.5,-66.5,0,-145.5,66.5,0,145.5,66.5,0],"indexes":[0,1,2,2,1,3],"uv":[1,299,292,299,1,166,292,166],"nuv":[0.0033333333333333335,0.5533333333333333,0.9733333333333334,0.5533333333333333,0.0033333333333333335,0.9966666666666667,0.9733333333333334,0.9966666666666667],"minPos":{"x":-145.5,"y":-66.5,"z":0},"maxPos":{"x":145.5,"y":66.5,"z":0}},"packable":true,"pixelsToUnit":100,"pivot":{"x":0.5,"y":0.5},"meshType":0}],[0],0,[0],[0],[0]],[[[0,"font_rate",32,{"commonHeight":32,"fontSize":32,"atlasName":"font_rate_0.png","fontDefDictionary":{"44":{"xOffset":-1,"yOffset":34,"xAdvance":25,"rect":{"x":203,"y":68,"width":27,"height":34}},"46":{"xOffset":-1,"yOffset":34,"xAdvance":24,"rect":{"x":231,"y":68,"width":26,"height":31}},"48":{"xOffset":-1,"yOffset":-1,"xAdvance":52,"rect":{"x":0,"y":0,"width":54,"height":67}},"49":{"xOffset":-1,"yOffset":-1,"xAdvance":32,"rect":{"x":259,"y":0,"width":34,"height":66}},"50":{"xOffset":-1,"yOffset":-1,"xAdvance":46,"rect":{"x":0,"y":68,"width":48,"height":67}},"51":{"xOffset":-1,"yOffset":-1,"xAdvance":47,"rect":{"x":209,"y":0,"width":49,"height":67}},"52":{"xOffset":-1,"yOffset":-1,"xAdvance":52,"rect":{"x":98,"y":68,"width":54,"height":66}},"53":{"xOffset":-1,"yOffset":-1,"xAdvance":46,"rect":{"x":49,"y":68,"width":48,"height":67}},"54":{"xOffset":-1,"yOffset":-1,"xAdvance":48,"rect":{"x":107,"y":0,"width":50,"height":67}},"55":{"xOffset":-1,"yOffset":-1,"xAdvance":47,"rect":{"x":153,"y":68,"width":49,"height":66}},"56":{"xOffset":-1,"yOffset":-1,"xAdvance":49,"rect":{"x":55,"y":0,"width":51,"height":67}},"57":{"xOffset":-1,"yOffset":-1,"xAdvance":48,"rect":{"x":158,"y":0,"width":50,"height":67}}},"kerningDict":{}}]],0,0,[0],[1],[1]]]]
