[1,["f3Hy+eF7tB0KqVauQ/uYnb@6c48a"],0,[["sp.SkeletonData",["_name","_atlasText","textureNames","_skeletonJson","textures"],-1,3]],[[0,0,1,2,3,4,5]],[[0,"qian","\r\nqian.png\r\nsize: 512,256\r\nformat: RGBA8888\r\nfilter: Linear,Linear\r\nrepeat: none\r\nq_0000_qian\r\n  rotate: false\r\n  xy: 258, 2\r\n  size: 126, 128\r\n  orig: 126, 128\r\n  offset: 0, 0\r\n  index: -1\r\nq_0001_yan\r\n  rotate: false\r\n  xy: 2, 2\r\n  size: 126, 128\r\n  orig: 126, 128\r\n  offset: 0, 0\r\n  index: -1\r\nq_0002_guan\r\n  rotate: false\r\n  xy: 130, 2\r\n  size: 126, 128\r\n  orig: 126, 128\r\n  offset: 0, 0\r\n  index: -1\r\n",["qian.png"],{"skeleton":{"hash":"gmDrDOOq7qvOfQLbg3kk477vz1U","spine":"3.8.99","x":-150.12,"y":-64,"width":290.23,"height":235.31,"images":"","audio":""},"bones":[{"name":"root"},{"name":"1","parent":"root","x":-12.65,"y":-0.16},{"name":"2","parent":"root","x":-13.29,"y":15.39},{"name":"3","parent":"root","x":-10.31,"y":27.53},{"name":"4","parent":"root","x":-6.9,"y":40.95},{"name":"guan1","parent":"root","x":-76.93,"y":36.14},{"name":"guan2","parent":"root","x":88.96,"y":17.58},{"name":"guan3","parent":"root","x":-93.59,"y":64.23,"color":"9b9b9b00"},{"name":"yan","parent":"root","rotation":90,"x":-28.37,"y":115.87},{"name":"yan2","parent":"root","x":7.8,"y":94.93},{"name":"yan3","parent":"root","rotation":90,"x":66.11,"y":110.64},{"name":"5","parent":"root","x":-6.9,"y":40.95},{"name":"guan4","parent":"root","x":88.96,"y":17.58}],"slots":[{"name":"q_0001_yan3","bone":"yan2","attachment":"q_0001_yan","blend":"screen"},{"name":"q_0000_qian","bone":"1","attachment":"q_0000_qian"},{"name":"q_0001_yan","bone":"yan","attachment":"q_0001_yan","blend":"screen"},{"name":"q_0002_guan","bone":"guan1","attachment":"q_0002_guan"},{"name":"q_0000_qian2","bone":"2","attachment":"q_0000_qian"},{"name":"q_0002_guan2","bone":"guan3","attachment":"q_0002_guan"},{"name":"q_0000_qian3","bone":"3","attachment":"q_0000_qian"},{"name":"q_0001_yan2","bone":"yan3","attachment":"q_0001_yan","blend":"screen"},{"name":"q_0002_guan3","bone":"guan2","attachment":"q_0002_guan"},{"name":"q_0000_qian4","bone":"4","attachment":"q_0000_qian"},{"name":"q_0002_guan4","bone":"guan4","attachment":"q_0002_guan"},{"name":"q_0000_qian5","bone":"5","attachment":"q_0000_qian"}],"skins":[{"name":"default","attachments":{"q_0001_yan":{"q_0001_yan":{"x":-7.56,"y":-7.35,"width":126,"height":128}},"q_0001_yan2":{"q_0001_yan":{"x":-7.8,"y":-8.06,"width":126,"height":128}},"q_0001_yan3":{"q_0001_yan":{"x":-7.8,"y":-6.87,"rotation":90,"width":126,"height":128}},"q_0002_guan":{"q_0002_guan":{"x":76.93,"y":-36.14,"width":126,"height":128}},"q_0002_guan2":{"q_0002_guan":{"x":6.47,"y":-12.9,"width":126,"height":128}},"q_0002_guan3":{"q_0002_guan":{"x":-11.85,"y":-17.58,"width":126,"height":128}},"q_0002_guan4":{"q_0002_guan":{"x":-11.85,"y":-17.58,"width":126,"height":128}},"q_0000_qian":{"q_0000_qian":{"x":12.65,"y":0.16,"width":126,"height":128}},"q_0000_qian2":{"q_0000_qian":{"x":14.02,"y":-2.54,"width":126,"height":128}},"q_0000_qian3":{"q_0000_qian":{"x":14.59,"y":-0.6,"width":126,"height":128}},"q_0000_qian4":{"q_0000_qian":{"x":16.13,"y":-1.66,"width":126,"height":128}},"q_0000_qian5":{"q_0000_qian":{"x":16.13,"y":-1.66,"width":126,"height":128}}}}],"animations":{"animation":{"slots":{"q_0001_yan":{"color":[{"color":"ffffff00"},{"time":0.1333,"color":"ffffff00"},{"time":0.2,"color":"ffffff86"},{"time":0.3333,"color":"ffffffff"},{"time":0.4,"color":"ffffff00"},{"time":1,"color":"ffffff00"}]},"q_0001_yan2":{"color":[{"color":"ffffff00"},{"time":0.5333,"color":"ffffff00"},{"time":0.6,"color":"ffffffff"},{"time":0.6667,"color":"ffffff00"}]},"q_0001_yan3":{"color":[{"color":"ffffff00"},{"time":0.4667,"color":"ffffffff"},{"time":0.5333,"color":"ffffff00"}]},"q_0002_guan":{"color":[{"color":"ffffff00","curve":"stepped"},{"time":0.2667,"color":"ffffff00"},{"time":0.3333,"color":"ffffffff"},{"time":0.4,"color":"ffffff00"}]},"q_0002_guan2":{"color":[{"color":"ffffff00","curve":"stepped"},{"time":0.4,"color":"ffffff00"},{"time":0.4667,"color":"ffffffff"},{"time":0.5333,"color":"ffffff00"},{"time":1,"color":"ffffff00"}]},"q_0002_guan3":{"color":[{"color":"ffffff00","curve":"stepped"},{"time":0.5333,"color":"ffffff00"},{"time":0.6,"color":"ffffffff"},{"time":0.6667,"color":"ffffff00"}]},"q_0002_guan4":{"color":[{"color":"ffffff00","curve":"stepped"},{"time":0.6667,"color":"ffffff00"},{"time":0.7333,"color":"ffffffff"},{"time":0.8,"color":"ffffff00"}]},"q_0000_qian":{"color":[{"color":"ffffff00","curve":"stepped"},{"time":0.0667,"color":"ffffff00"},{"time":0.1333,"color":"ffffffff"}]},"q_0000_qian2":{"color":[{"color":"ffffff00","curve":"stepped"},{"time":0.2,"color":"ffffff00"},{"time":0.2667,"color":"ffffffff"}]},"q_0000_qian3":{"color":[{"color":"ffffff00"},{"time":0.2667,"color":"ffffff8a"},{"time":0.3333,"color":"ffffff00"},{"time":0.4,"color":"ffffffff"}]},"q_0000_qian4":{"color":[{"color":"ffffff00"},{"time":0.4,"color":"ffffff85"},{"time":0.4667,"color":"ffffff00"},{"time":0.5333,"color":"ffffffff"}]},"q_0000_qian5":{"color":[{"color":"ffffff00"},{"time":0.5333,"color":"ffffff85"},{"time":0.6,"color":"ffffff00"},{"time":0.6667,"color":"ffffffff"}]}},"bones":{"1":{"translate":[{},{"time":0.0667,"y":5.16},{"time":0.1333,"y":-4.84},{"time":0.2}]},"2":{"translate":[{},{"time":0.2,"y":4.61},{"time":0.2667},{"time":1}]},"3":{"translate":[{"y":-0.53},{"time":0.3333,"y":4.47},{"time":0.4,"y":-0.53}]},"4":{"translate":[{"y":-0.95},{"time":0.4667,"y":4.05},{"time":0.5333,"y":-0.95}]},"5":{"translate":[{"y":9.34},{"time":0.6,"y":14.05},{"time":0.6667,"y":9.34}]},"guan1":{"translate":[{"x":18.04,"y":1},{"time":0.2,"x":18.04,"y":1},{"time":0.2667,"x":68.64,"y":-16.53},{"time":0.3333,"x":31.72,"y":-9.42},{"time":1,"x":18.04,"y":1}],"scale":[{"x":0.4,"y":0.4},{"time":0.2,"x":0,"y":0},{"time":0.2667,"x":0.1,"y":0.1},{"time":0.3333,"x":0.4,"y":0.4}]},"guan2":{"translate":[{"x":-89.04,"y":29.24,"curve":"stepped"},{"time":0.5333,"x":-89.04,"y":29.24},{"time":0.6,"x":-92.32,"y":25.96},{"time":1,"x":-89.04,"y":29.24}],"scale":[{},{"time":0.5333,"x":0,"y":0},{"time":0.6,"x":0.4,"y":0.4},{"time":0.6667,"x":0.5,"y":0.5},{"time":1}]},"guan3":{"translate":[{"x":77.35,"y":-33.87},{"time":0.4,"x":77.35,"y":-33.87},{"time":0.4667,"x":79.98,"y":-34.2},{"time":0.5333,"x":77.35,"y":-33.87}],"scale":[{},{"time":0.4,"x":0,"y":0},{"time":0.4667,"x":0.4,"y":0.4},{"time":1}]},"yan":{"translate":[{"x":-24.55,"y":-101.58}],"scale":[{},{"time":0.2,"x":0.2,"y":0.2},{"time":0.3333}]},"yan2":{"translate":[{"x":-60.73,"y":-55.15},{"time":0.4,"x":-60.73,"y":-55.15,"curve":"stepped"},{"time":0.5333,"x":-60.73,"y":-55.15},{"time":1,"x":-60.73,"y":-55.15}],"scale":[{},{"time":0.4,"x":0.2,"y":0.2},{"time":0.4667}]},"yan3":{"translate":[{"x":-128.34,"y":-46.19,"curve":"stepped"},{"time":0.5333,"x":-128.34,"y":-46.19},{"time":0.6,"x":-128.34,"y":-46.19},{"time":0.6667,"x":-128.34,"y":-46.19}],"scale":[{},{"time":0.5333,"x":0.2,"y":0.2},{"time":0.6}]},"guan4":{"translate":[{"x":-89.04,"y":29.24},{"time":0.6667,"x":-91.78,"y":22.62},{"time":0.7333,"x":-88.66,"y":37.22},{"time":1,"x":-89.04,"y":29.24}],"scale":[{},{"time":0.6667,"x":0,"y":0},{"time":0.7333,"x":0.4,"y":0.4},{"time":1}]}}}}},[0]]],0,0,[0],[-1],[0]]
