[1,["3666nmoHxMabML0Y0oaAqQ@6c48a"],["_textureSource"],["cc.SpriteFrame"],0,[{"name":"large","rect":{"x":0,"y":0,"width":183,"height":85},"offset":{"x":0,"y":0},"originalSize":{"width":183,"height":85},"rotated":false,"capInsets":[0,0,0,0],"vertices":{"rawPosition":[-91.5,-42.5,0,91.5,-42.5,0,-91.5,42.5,0,91.5,42.5,0],"indexes":[0,1,2,2,1,3],"uv":[0,85,183,85,0,0,183,0],"nuv":[0,0,1,0,0,1,1,1],"minPos":{"x":-91.5,"y":-42.5,"z":0},"maxPos":{"x":91.5,"y":42.5,"z":0}},"packable":true,"pixelsToUnit":100,"pivot":{"x":0.5,"y":0.5},"meshType":0}],[0],0,[0],[0],[0]]
