[1,["189560f9b@6c48a"],["_textureSource"],["cc.SpriteFrame","cc.SpriteAtlas"],0,[[[{"name":"zhongjiangmingdan_anniu_Hadiahku","rect":{"x":881,"y":820,"width":85,"height":21},"offset":{"x":0,"y":0},"originalSize":{"width":85,"height":21},"rotated":false,"capInsets":[0,0,0,0],"packable":true,"pixelsToUnit":100,"pivot":{"x":0.5,"y":0.5},"meshType":0}],[0],0,[0],[0],[0]],[[{"name":"huodongzhuti","rect":{"x":639,"y":574,"width":430,"height":123},"offset":{"x":0,"y":0},"originalSize":{"width":430,"height":123},"rotated":true,"capInsets":[0,0,0,0],"packable":true,"pixelsToUnit":100,"pivot":{"x":0.5,"y":0.5},"meshType":0}],[0],0,[0],[0],[0]],[[{"name":"jiangpin_3","rect":{"x":972,"y":873,"width":49,"height":44},"offset":{"x":0,"y":0},"originalSize":{"width":49,"height":44},"rotated":false,"capInsets":[0,0,0,0],"packable":true,"pixelsToUnit":100,"pivot":{"x":0.5,"y":0.5},"meshType":0}],[0],0,[0],[0],[0]],[[{"name":"xiangqqing_anniu","rect":{"x":185,"y":491,"width":71,"height":94},"offset":{"x":0,"y":0},"originalSize":{"width":71,"height":94},"rotated":true,"capInsets":[0,0,0,0],"packable":true,"pixelsToUnit":100,"pivot":{"x":0.5,"y":0.5},"meshType":0}],[0],0,[0],[0],[0]],[[{"name":"jiangpin_7","rect":{"x":768,"y":820,"width":64,"height":60},"offset":{"x":0,"y":0},"originalSize":{"width":64,"height":60},"rotated":false,"capInsets":[0,0,0,0],"packable":true,"pixelsToUnit":100,"pivot":{"x":0.5,"y":0.5},"meshType":0}],[0],0,[0],[0],[0]],[[{"name":"zhanpan_xaingqing_fanhuianniu","rect":{"x":768,"y":941,"width":50,"height":51},"offset":{"x":0,"y":0},"originalSize":{"width":50,"height":51},"rotated":true,"capInsets":[0,0,0,0],"packable":true,"pixelsToUnit":100,"pivot":{"x":0.5,"y":0.5},"meshType":0}],[0],0,[0],[0],[0]],[[{"name":"zhuanpan-deng","rect":{"x":855,"y":3,"width":624,"height":166},"offset":{"x":0,"y":0},"originalSize":{"width":624,"height":166},"rotated":true,"capInsets":[0,0,0,0],"packable":true,"pixelsToUnit":100,"pivot":{"x":0.5,"y":0.5},"meshType":0}],[0],0,[0],[0],[0]],[[{"name":"baoxiang","rect":{"x":3,"y":633,"width":386,"height":278},"offset":{"x":0,"y":0},"originalSize":{"width":386,"height":278},"rotated":true,"capInsets":[0,0,0,0],"packable":true,"pixelsToUnit":100,"pivot":{"x":0.5,"y":0.5},"meshType":0}],[0],0,[0],[0],[0]],[[{"name":"jiangpin_6","rect":{"x":768,"y":886,"width":49,"height":52},"offset":{"x":0,"y":0},"originalSize":{"width":49,"height":52},"rotated":true,"capInsets":[0,0,0,0],"packable":true,"pixelsToUnit":100,"pivot":{"x":0.5,"y":0.5},"meshType":0}],[0],0,[0],[0],[0]],[[{"name":"zhuanpan-xiangqing-biaoti","rect":{"x":850,"y":781,"width":228,"height":25},"offset":{"x":0,"y":0},"originalSize":{"width":228,"height":25},"rotated":true,"capInsets":[0,0,0,0],"packable":true,"pixelsToUnit":100,"pivot":{"x":0.5,"y":0.5},"meshType":0}],[0],0,[0],[0],[0]],[[{"name":"zhongjiangmingdan_anniu_Catatan lotere（2）","rect":{"x":131,"y":491,"width":127,"height":21},"offset":{"x":0,"y":0},"originalSize":{"width":127,"height":21},"rotated":true,"capInsets":[0,0,0,0],"packable":true,"pixelsToUnit":100,"pivot":{"x":0.5,"y":0.5},"meshType":0}],[0],0,[0],[0],[0]],[[{"name":"auto_activity","spriteFrames":[]}],[1],0,[],[],[]],[[{"name":"jiangpindizuo","rect":{"x":522,"y":491,"width":516,"height":111},"offset":{"x":0,"y":0},"originalSize":{"width":516,"height":111},"rotated":true,"capInsets":[0,0,0,0],"packable":true,"pixelsToUnit":100,"pivot":{"x":0.5,"y":0.5},"meshType":0}],[0],0,[0],[0],[0]],[[{"name":"spr_aktivitas_title","rect":{"x":639,"y":491,"width":210,"height":77},"offset":{"x":-0.5,"y":-0.5},"originalSize":{"width":215,"height":80},"rotated":false,"capInsets":[0,0,0,0],"packable":true,"pixelsToUnit":100,"pivot":{"x":0.5,"y":0.5},"meshType":0}],[0],0,[0],[0],[0]],[[{"name":"jiangpin_5","rect":{"x":972,"y":820,"width":47,"height":49},"offset":{"x":0,"y":0},"originalSize":{"width":47,"height":49},"rotated":true,"capInsets":[0,0,0,0],"packable":true,"pixelsToUnit":100,"pivot":{"x":0.5,"y":0.5},"meshType":0}],[0],0,[0],[0],[0]],[[{"name":"huodongye_dibuzhuangshi","rect":{"x":3,"y":139,"width":840,"height":346},"offset":{"x":0,"y":-102},"originalSize":{"width":840,"height":550},"rotated":false,"capInsets":[0,0,0,0],"packable":true,"pixelsToUnit":100,"pivot":{"x":0.5,"y":0.5},"meshType":0}],[0],0,[0],[0],[0]],[[{"name":"zhongjiangmingdan_anniu_Hadiahku（2）","rect":{"x":881,"y":847,"width":85,"height":21},"offset":{"x":0,"y":0},"originalSize":{"width":85,"height":21},"rotated":false,"capInsets":[0,0,0,0],"packable":true,"pixelsToUnit":100,"pivot":{"x":0.5,"y":0.5},"meshType":0}],[0],0,[0],[0],[0]],[[{"name":"jiangpin_4","rect":{"x":881,"y":874,"width":42,"height":47},"offset":{"x":0,"y":0},"originalSize":{"width":42,"height":47},"rotated":true,"capInsets":[0,0,0,0],"packable":true,"pixelsToUnit":100,"pivot":{"x":0.5,"y":0.5},"meshType":0}],[0],0,[0],[0],[0]],[[{"name":"zhongjiangmingdan_lunbokuang","rect":{"x":287,"y":491,"width":525,"height":229},"offset":{"x":0,"y":0},"originalSize":{"width":525,"height":229},"rotated":true,"capInsets":[0,0,0,0],"packable":true,"pixelsToUnit":100,"pivot":{"x":0.5,"y":0.5},"meshType":0}],[0],0,[0],[0],[0]],[[{"name":"zhongjiangmingdan_anniu","rect":{"x":881,"y":781,"width":139,"height":33},"offset":{"x":0,"y":0},"originalSize":{"width":139,"height":33},"rotated":false,"capInsets":[22,0,22,0],"packable":true,"pixelsToUnit":100,"pivot":{"x":0.5,"y":0.5},"meshType":0}],[0],0,[0],[0],[0]],[[{"name":"xiaoxitongzhi_icon","rect":{"x":247,"y":568,"width":18,"height":18},"offset":{"x":0,"y":0},"originalSize":{"width":18,"height":18},"rotated":false,"capInsets":[0,0,0,0],"packable":true,"pixelsToUnit":100,"pivot":{"x":0.5,"y":0.5},"meshType":0}],[0],0,[0],[0],[0]],[[{"name":"word_win_title","rect":{"x":3,"y":3,"width":846,"height":130},"offset":{"x":0,"y":0},"originalSize":{"width":846,"height":130},"rotated":false,"capInsets":[0,0,0,0],"packable":true,"pixelsToUnit":100,"pivot":{"x":0.5,"y":0.5},"meshType":0}],[0],0,[0],[0],[0]],[[{"name":"guanbi","rect":{"x":185,"y":568,"width":57,"height":56},"offset":{"x":0,"y":0},"originalSize":{"width":57,"height":56},"rotated":true,"capInsets":[0,0,0,0],"packable":true,"pixelsToUnit":100,"pivot":{"x":0.5,"y":0.5},"meshType":0}],[0],0,[0],[0],[0]],[[{"name":"jiangpin_2","rect":{"x":881,"y":922,"width":45,"height":35},"offset":{"x":0,"y":0},"originalSize":{"width":45,"height":35},"rotated":false,"capInsets":[0,0,0,0],"packable":true,"pixelsToUnit":100,"pivot":{"x":0.5,"y":0.5},"meshType":0}],[0],0,[0],[0],[0]],[[{"name":"zhongjiang-anniu","rect":{"x":768,"y":574,"width":240,"height":76},"offset":{"x":0,"y":0},"originalSize":{"width":240,"height":76},"rotated":true,"capInsets":[0,0,0,0],"packable":true,"pixelsToUnit":100,"pivot":{"x":0.5,"y":0.5},"meshType":0}],[0],0,[0],[0],[0]],[[{"name":"zhuanpan_anniu_BIG","rect":{"x":850,"y":633,"width":142,"height":158},"offset":{"x":0,"y":0},"originalSize":{"width":142,"height":158},"rotated":true,"capInsets":[0,0,0,0],"packable":true,"pixelsToUnit":100,"pivot":{"x":0.5,"y":0.5},"meshType":0}],[0],0,[0],[0],[0]],[[{"name":"jiangpin_1","rect":{"x":881,"y":963,"width":38,"height":38},"offset":{"x":0,"y":0},"originalSize":{"width":38,"height":38},"rotated":false,"capInsets":[0,0,0,0],"packable":true,"pixelsToUnit":100,"pivot":{"x":0.5,"y":0.5},"meshType":0}],[0],0,[0],[0],[0]],[[{"name":"zhuanpan_anniu","rect":{"x":3,"y":491,"width":122,"height":135},"offset":{"x":0,"y":0},"originalSize":{"width":122,"height":135},"rotated":false,"capInsets":[0,0,0,0],"packable":true,"pixelsToUnit":100,"pivot":{"x":0.5,"y":0.5},"meshType":0}],[0],0,[0],[0],[0]],[[{"name":"zhongjiangmingdan_anniu_Catatan lotere","rect":{"x":158,"y":491,"width":127,"height":21},"offset":{"x":0,"y":0},"originalSize":{"width":127,"height":21},"rotated":true,"capInsets":[0,0,0,0],"packable":true,"pixelsToUnit":100,"pivot":{"x":0.5,"y":0.5},"meshType":0}],[0],0,[0],[0],[0]]]]
