{"importBase":"import","nativeBase":"native","name":"main","deps":[],"uuids":["14ad46CnxGH4lm4ZljKy7H","19c4+MswpJr5YuBOEhorsJ","1aa1bcd93","20g1ukYUVPvKWKBRznAKo+","24pwTaKGdEbY0aXpIMdeCd","54TknWPwVPqJqeCR+Y/Czo","55IsPniUZOG5QRQxVxsnVk","63LtX/Pk1IbJXWkotx583T","7dj5uJT9FMn6OrOOx83tfK","95EkngnxZFbYuFpsqVTaFr","9f2QDdIhtPiY8s+6NCQ8g1","baIUdvKGZPgZxNbjWTFuRI","fdjsU2o1RKF5x0TziDw3jI","067189125","0c0a1bddb","0c670ff67","0ff091975","16Kts+7hxMF4K08q6+RaZK@f9941","19c4+MswpJr5YuBOEhorsJ@6c48a","19c4+MswpJr5YuBOEhorsJ@f9941","1aa1bcd93@6c48a","20g1ukYUVPvKWKBRznAKo+@6c48a","20g1ukYUVPvKWKBRznAKo+@f9941","24pwTaKGdEbY0aXpIMdeCd@6c48a","24pwTaKGdEbY0aXpIMdeCd@f9941","27+iiTItxCLqvdI5pTJSkD@f9941","3cDYNR2VRA0a7dNtbd5eN6@f9941","53SsWWTFlAxLz/IGJC+L8L@f9941","54TknWPwVPqJqeCR+Y/Czo@6c48a","54TknWPwVPqJqeCR+Y/Czo@f9941","71Q7Lxw5pP0og4vnns9YM2@f9941","7dj5uJT9FMn6OrOOx83tfK@6c48a","7dj5uJT9FMn6OrOOx83tfK@f9941","86iR7oxj9Cy5ZTU4hR24tW@f9941","95EkngnxZFbYuFpsqVTaFr@6c48a","95EkngnxZFbYuFpsqVTaFr@f9941","9f2QDdIhtPiY8s+6NCQ8g1@6c48a","9f2QDdIhtPiY8s+6NCQ8g1@f9941","bcdm2bF8xLJa+TKyGfcOfB@f9941","c8jVnKP05M9aMb9e9GHild@f9941","f6VUC2zu9Amq9znGMEy1Ws","fcW3dRsYJEwIVr+/aVmE1c@f9941"],"paths":{"11":["db:/internal/physics/default-physics-material",1],"12":["db:/internal/default_renderpipeline/builtin-forward",0]},"scenes":{"db://assets/AssetBundle/sence/hall.scene":6},"packs":{"067189125":["20","31","36","23","28","18","21","34"],"0c0a1bddb":["0","17","25","26","27","30","33","38","39","41"],"0c670ff67":["2","8","10","4","5","1","3","9"],"0ff091975":["0","19","22","24","29","6","7","32","35","37","40"]},"versions":{"import":[13,"a0564",14,"81aa6",15,"ce04f",16,"3d883",11,"8bce7",12,"731f4"],"native":[1,"e9c27",2,"1f9a1",3,"90cf4",4,"a4b59",5,"83fcc",7,"5335d",8,"cea68",9,"c06a9",10,"d1118"]},"redirect":[],"debug":false,"extensionMap":{},"hasPreloadScript":true,"types":["cc.RenderPipeline","cc.PhysicsMaterial"]}