[1,["13f5b7250@6c48a"],["_textureSource"],["cc.SpriteFrame","cc.SpriteAtlas"],0,[[[{"name":"VIP10","rect":{"x":26,"y":440,"width":63,"height":18},"offset":{"x":0,"y":0},"originalSize":{"width":63,"height":18},"rotated":true,"capInsets":[0,0,0,0],"packable":true,"pixelsToUnit":100,"pivot":{"x":0.5,"y":0.5},"meshType":0}],[0],0,[0],[0],[0]],[[{"name":"b_VIP4","rect":{"x":2,"y":218,"width":59,"height":20},"offset":{"x":0,"y":0},"originalSize":{"width":59,"height":20},"rotated":false,"capInsets":[0,0,0,0],"packable":true,"pixelsToUnit":100,"pivot":{"x":0.5,"y":0.5},"meshType":0}],[0],0,[0],[0],[0]],[[{"name":"b_VIP3","rect":{"x":2,"y":290,"width":60,"height":21},"offset":{"x":0,"y":0},"originalSize":{"width":60,"height":21},"rotated":false,"capInsets":[0,0,0,0],"packable":true,"pixelsToUnit":100,"pivot":{"x":0.5,"y":0.5},"meshType":0}],[0],0,[0],[0],[0]],[[{"name":"b_VIP10","rect":{"x":26,"y":586,"width":76,"height":21},"offset":{"x":0,"y":0},"originalSize":{"width":76,"height":21},"rotated":true,"capInsets":[0,0,0,0],"packable":true,"pixelsToUnit":100,"pivot":{"x":0.5,"y":0.5},"meshType":0}],[0],0,[0],[0],[0]],[[{"name":"b_VIP7","rect":{"x":2,"y":440,"width":61,"height":20},"offset":{"x":0,"y":0},"originalSize":{"width":61,"height":20},"rotated":true,"capInsets":[0,0,0,0],"packable":true,"pixelsToUnit":100,"pivot":{"x":0.5,"y":0.5},"meshType":0}],[0],0,[0],[0],[0]],[[{"name":"b_VIP12","rect":{"x":2,"y":583,"width":76,"height":20},"offset":{"x":0,"y":0},"originalSize":{"width":76,"height":20},"rotated":true,"capInsets":[0,0,0,0],"packable":true,"pixelsToUnit":100,"pivot":{"x":0.5,"y":0.5},"meshType":0}],[0],0,[0],[0],[0]],[[{"name":"b_VIP0","rect":{"x":2,"y":315,"width":60,"height":21},"offset":{"x":0,"y":0},"originalSize":{"width":60,"height":21},"rotated":false,"capInsets":[0,0,0,0],"packable":true,"pixelsToUnit":100,"pivot":{"x":0.5,"y":0.5},"meshType":0}],[0],0,[0],[0],[0]],[[{"name":"VIP0","rect":{"x":2,"y":86,"width":50,"height":18},"offset":{"x":0,"y":0},"originalSize":{"width":50,"height":18},"rotated":false,"capInsets":[0,0,0,0],"packable":true,"pixelsToUnit":100,"pivot":{"x":0.5,"y":0.5},"meshType":0}],[0],0,[0],[0],[0]],[[{"name":"b_VIP5","rect":{"x":2,"y":340,"width":60,"height":21},"offset":{"x":0,"y":0},"originalSize":{"width":60,"height":21},"rotated":false,"capInsets":[0,0,0,0],"packable":true,"pixelsToUnit":100,"pivot":{"x":0.5,"y":0.5},"meshType":0}],[0],0,[0],[0],[0]],[[{"name":"b_VIP15","rect":{"x":2,"y":666,"width":76,"height":21},"offset":{"x":0,"y":0},"originalSize":{"width":76,"height":21},"rotated":true,"capInsets":[0,0,0,0],"packable":true,"pixelsToUnit":100,"pivot":{"x":0.5,"y":0.5},"meshType":0}],[0],0,[0],[0],[0]],[[{"name":"VIP7","rect":{"x":2,"y":2,"width":51,"height":17},"offset":{"x":0,"y":0},"originalSize":{"width":51,"height":17},"rotated":false,"capInsets":[0,0,0,0],"packable":true,"pixelsToUnit":100,"pivot":{"x":0.5,"y":0.5},"meshType":0}],[0],0,[0],[0],[0]],[[{"name":"b_VIP14","rect":{"x":26,"y":507,"width":75,"height":20},"offset":{"x":0,"y":0},"originalSize":{"width":75,"height":20},"rotated":true,"capInsets":[0,0,0,0],"packable":true,"pixelsToUnit":100,"pivot":{"x":0.5,"y":0.5},"meshType":0}],[0],0,[0],[0],[0]],[[{"name":"b_VIP6","rect":{"x":2,"y":365,"width":60,"height":21},"offset":{"x":0,"y":0},"originalSize":{"width":60,"height":21},"rotated":false,"capInsets":[0,0,0,0],"packable":true,"pixelsToUnit":100,"pivot":{"x":0.5,"y":0.5},"meshType":0}],[0],0,[0],[0],[0]],[[{"name":"VIP1","rect":{"x":2,"y":23,"width":48,"height":17},"offset":{"x":0,"y":0},"originalSize":{"width":48,"height":17},"rotated":false,"capInsets":[0,0,0,0],"packable":true,"pixelsToUnit":100,"pivot":{"x":0.5,"y":0.5},"meshType":0}],[0],0,[0],[0],[0]],[[{"name":"VIP3","rect":{"x":2,"y":108,"width":50,"height":18},"offset":{"x":0,"y":0},"originalSize":{"width":50,"height":18},"rotated":false,"capInsets":[0,0,0,0],"packable":true,"pixelsToUnit":100,"pivot":{"x":0.5,"y":0.5},"meshType":0}],[0],0,[0],[0],[0]],[[{"name":"b_VIP9","rect":{"x":2,"y":390,"width":60,"height":21},"offset":{"x":0,"y":0},"originalSize":{"width":60,"height":21},"rotated":false,"capInsets":[0,0,0,0],"packable":true,"pixelsToUnit":100,"pivot":{"x":0.5,"y":0.5},"meshType":0}],[0],0,[0],[0],[0]],[[{"name":"VIP4","rect":{"x":2,"y":44,"width":49,"height":17},"offset":{"x":0,"y":0},"originalSize":{"width":49,"height":17},"rotated":false,"capInsets":[0,0,0,0],"packable":true,"pixelsToUnit":100,"pivot":{"x":0.5,"y":0.5},"meshType":0}],[0],0,[0],[0],[0]],[[{"name":"VIP8","rect":{"x":2,"y":130,"width":50,"height":18},"offset":{"x":0,"y":0},"originalSize":{"width":50,"height":18},"rotated":false,"capInsets":[0,0,0,0],"packable":true,"pixelsToUnit":100,"pivot":{"x":0.5,"y":0.5},"meshType":0}],[0],0,[0],[0],[0]],[[{"name":"b_VIP1","rect":{"x":2,"y":242,"width":58,"height":20},"offset":{"x":0,"y":0},"originalSize":{"width":58,"height":20},"rotated":false,"capInsets":[0,0,0,0],"packable":true,"pixelsToUnit":100,"pivot":{"x":0.5,"y":0.5},"meshType":0}],[0],0,[0],[0],[0]],[[{"name":"VIP5","rect":{"x":2,"y":152,"width":50,"height":18},"offset":{"x":0,"y":0},"originalSize":{"width":50,"height":18},"rotated":false,"capInsets":[0,0,0,0],"packable":true,"pixelsToUnit":100,"pivot":{"x":0.5,"y":0.5},"meshType":0}],[0],0,[0],[0],[0]],[[{"name":"b_VIP8","rect":{"x":2,"y":415,"width":60,"height":21},"offset":{"x":0,"y":0},"originalSize":{"width":60,"height":21},"rotated":false,"capInsets":[0,0,0,0],"packable":true,"pixelsToUnit":100,"pivot":{"x":0.5,"y":0.5},"meshType":0}],[0],0,[0],[0],[0]],[[{"name":"VIP9","rect":{"x":2,"y":174,"width":50,"height":18},"offset":{"x":0,"y":0},"originalSize":{"width":50,"height":18},"rotated":false,"capInsets":[0,0,0,0],"packable":true,"pixelsToUnit":100,"pivot":{"x":0.5,"y":0.5},"meshType":0}],[0],0,[0],[0],[0]],[[{"name":"b_VIP2","rect":{"x":2,"y":266,"width":60,"height":20},"offset":{"x":0,"y":0},"originalSize":{"width":60,"height":20},"rotated":false,"capInsets":[0,0,0,0],"packable":true,"pixelsToUnit":100,"pivot":{"x":0.5,"y":0.5},"meshType":0}],[0],0,[0],[0],[0]],[[{"name":"b_VIP11","rect":{"x":2,"y":505,"width":74,"height":20},"offset":{"x":0,"y":0},"originalSize":{"width":74,"height":20},"rotated":true,"capInsets":[0,0,0,0],"packable":true,"pixelsToUnit":100,"pivot":{"x":0.5,"y":0.5},"meshType":0}],[0],0,[0],[0],[0]],[[{"name":"auto_vip","spriteFrames":["VIP7","66G+P0t4ZNUrHaxuGqOJD5@f9941","VIP1","74QNuO01BGb57HYxgiDqgg@f9941","VIP4","97L71xauJNspUlyHZYu80d@f9941","VIP2","d1r9I1NudNCL4DrZlE3DYQ@f9941","VIP0","47KmA44ctAaIJnPYuc+i3g@f9941","VIP3","75mBQQ9cpJLpFKwhemnJK7@f9941","VIP8","98MHxJQGJGioJVNJ/iiGxL@f9941","VIP5","b1cxaL9z5ClbWb/5fKMfNY@f9941","VIP9","b3meWfhjJANp9JR+RpzWx0@f9941","VIP6","eafYRmHFRBKoPsheqTavh1@f9941","b_VIP4","0eO0yRr/FBzqLvk7aotfiC@f9941","b_VIP1","a1fhFbeMpLL48MH9ShcT8m@f9941","b_VIP2","b9g91CLKRLwK5i0LjeST1Y@f9941","b_VIP3","1co/WZrGFFeKVWVuae/Poi@f9941","b_VIP0","3en3BvYrZEWIDgX1hBEHCB@f9941","b_VIP5","5aZZH2KGpE37CzAcBTh0iM@f9941","b_VIP6","7353CbBfFJVot/J0Jhb7R+@f9941","b_VIP9","8berpXqJlOqJiXFoROuMCl@f9941","b_VIP8","b3kGqVY+RNvoll1WiLF+vv@f9941","b_VIP7","3170vwTIJHCK218reuj0dv@f9941","VIP10","09goxYmEBGeZ9E3jEG/DgB@f9941","b_VIP11","b90O8FJIpEEpeDnaUsR5BX@f9941","b_VIP14","724OXKhzBCX5lBd/d3gP2s@f9941","b_VIP12","330NdTw15Iu7mCMVmWWjlr@f9941","b_VIP10","2eMawkd+BAuaJTOerixHlF@f9941","b_VIP15","61KTUJdppBU4DIbXn2dxqC@f9941","b_VIP13","e6HzYdUYJLB7Z5hJKqAJH6@f9941"]}],[1],0,[],[],[]],[[{"name":"VIP2","rect":{"x":2,"y":65,"width":50,"height":17},"offset":{"x":0,"y":0},"originalSize":{"width":50,"height":17},"rotated":false,"capInsets":[0,0,0,0],"packable":true,"pixelsToUnit":100,"pivot":{"x":0.5,"y":0.5},"meshType":0}],[0],0,[0],[0],[0]],[[{"name":"b_VIP13","rect":{"x":27,"y":666,"width":76,"height":21},"offset":{"x":0,"y":0},"originalSize":{"width":76,"height":21},"rotated":true,"capInsets":[0,0,0,0],"packable":true,"pixelsToUnit":100,"pivot":{"x":0.5,"y":0.5},"meshType":0}],[0],0,[0],[0],[0]],[[{"name":"VIP6","rect":{"x":2,"y":196,"width":50,"height":18},"offset":{"x":0,"y":0},"originalSize":{"width":50,"height":18},"rotated":false,"capInsets":[0,0,0,0],"packable":true,"pixelsToUnit":100,"pivot":{"x":0.5,"y":0.5},"meshType":0}],[0],0,[0],[0],[0]]]]
