[1,["a2Z3OMcUtMUo4w5ReciL3f@6c48a"],["_textureSource"],["cc.SpriteFrame"],0,[{"name":"large","rect":{"x":0,"y":0,"width":146,"height":86},"offset":{"x":0,"y":0},"originalSize":{"width":146,"height":86},"rotated":false,"capInsets":[0,0,0,0],"vertices":{"rawPosition":[-73,-43,0,73,-43,0,-73,43,0,73,43,0],"indexes":[0,1,2,2,1,3],"uv":[0,86,146,86,0,0,146,0],"nuv":[0,0,1,0,0,1,1,1],"minPos":{"x":-73,"y":-43,"z":0},"maxPos":{"x":73,"y":43,"z":0}},"packable":true,"pixelsToUnit":100,"pivot":{"x":0.5,"y":0.5},"meshType":0}],[0],0,[0],[0],[0]]
