[1,["32p3zZ7o1P2K7XKR+9yi55@6c48a"],0,[["sp.SkeletonData",["_name","_atlasText","textureNames","_skeletonJson","textures"],-1,3]],[[0,0,1,2,3,4,5]],[[0,"rk_fenghuang_da","\r\nrk_fenghuang_da.png\r\nsize: 512,1024\r\nformat: RGBA8888\r\nfilter: Linear,Linear\r\nrepeat: none\r\n1/fenghuangbgda\r\n  rotate: false\r\n  xy: 2, 72\r\n  size: 230, 460\r\n  orig: 230, 460\r\n  offset: 0, 0\r\n  index: -1\r\n1/fh\r\n  rotate: false\r\n  xy: 2, 534\r\n  size: 253, 333\r\n  orig: 253, 333\r\n  offset: 0, 0\r\n  index: -1\r\n1/you\r\n  rotate: false\r\n  xy: 2, 2\r\n  size: 120, 68\r\n  orig: 120, 68\r\n  offset: 0, 0\r\n  index: -1\r\n1/zuo\r\n  rotate: false\r\n  xy: 124, 13\r\n  size: 101, 57\r\n  orig: 101, 57\r\n  offset: 0, 0\r\n  index: -1\r\n",["rk_fenghuang_da.png"],{"skeleton":{"hash":"sjujUdRHhMGPM6c5upWZ7kQgYg0","spine":"3.8.99","x":-115,"y":-3.26,"width":230,"height":460,"images":"","audio":""},"bones":[{"name":"root"},{"name":"bone","parent":"root","length":20.1,"x":-2.63,"y":70.92,"scaleX":0.9681,"scaleY":0.9681},{"name":"bone2","parent":"root","length":61.53,"rotation":89.46,"x":0.92,"y":137.24,"scaleX":1.1393,"scaleY":1.1393},{"name":"bone3","parent":"bone2","length":15.52,"rotation":0.54,"x":24.42,"y":16.33}],"slots":[{"name":"bg","bone":"root","attachment":"1/fenghuangbgda"},{"name":"1/you","bone":"bone","attachment":"1/you"},{"name":"1/zuo","bone":"bone","attachment":"1/zuo"},{"name":"1/fh","bone":"bone2","attachment":"1/fh"},{"name":"1/fh2","bone":"bone3","attachment":"1/fh","blend":"screen"}],"skins":[{"name":"default","attachments":{"1/fh":{"1/fh":{"x":75.45,"y":-0.09,"scaleX":0.6039,"scaleY":0.6039,"rotation":-87.79,"width":253,"height":333}},"1/fh2":{"1/fh":{"x":54.1,"y":-17.7,"scaleX":0.6105,"scaleY":0.6105,"rotation":-89.23,"width":253,"height":333}},"1/you":{"1/you":{"x":48.3,"width":120,"height":68}},"1/zuo":{"1/zuo":{"x":-51.25,"y":0.5,"width":101,"height":57}},"bg":{"1/fenghuangbgda":{"y":226.74,"width":230,"height":460}}}}],"animations":{"animation":{"slots":{"1/fh2":{"color":[{"color":"ffffff00","curve":0.25,"c3":0.75},{"time":1,"color":"ffffffff","curve":0.25,"c3":0.75},{"time":2,"color":"ffffff00"}]}},"bones":{"bone":{"translate":[{"x":-10.77,"curve":0.25,"c3":0.75},{"time":1,"curve":0.25,"c3":0.75},{"time":2,"x":19.95,"curve":0.25,"c3":0.75},{"time":3,"curve":0.25,"c3":0.75},{"time":4,"x":-10.77}],"scale":[{"curve":0.25,"c3":0.75},{"time":1,"x":0.907,"y":0.907,"curve":0.25,"c3":0.75},{"time":2,"curve":0.25,"c3":0.75},{"time":3,"x":0.907,"y":0.907,"curve":0.25,"c3":0.75},{"time":4}]},"bone2":{"translate":[{"curve":0.25,"c3":0.75},{"time":1,"x":0.18,"y":19.55,"curve":0.25,"c3":0.75},{"time":2}]}}}}},[0]]],0,0,[0],[-1],[0]]
