[1,["67HR4fB5xEmLap0OuBh56a@6c48a"],0,[["sp.SkeletonData",["_name","_atlasText","textureNames","_skeletonJson","textures"],-1,3]],[[0,0,1,2,3,4,5]],[[0,"xinfeng","\r\nxinfeng.png\r\nsize: 1024,512\r\nformat: RGBA8888\r\nfilter: Linear,Linear\r\nrepeat: none\r\nbg_xinfeng\r\n  rotate: true\r\n  xy: 2, 2\r\n  size: 482, 353\r\n  orig: 482, 353\r\n  offset: 0, 0\r\n  index: -1\r\nhalo\r\n  rotate: false\r\n  xy: 357, 242\r\n  size: 231, 242\r\n  orig: 231, 242\r\n  offset: 0, 0\r\n  index: -1\r\nicon_1\r\n  rotate: false\r\n  xy: 357, 128\r\n  size: 112, 112\r\n  orig: 112, 112\r\n  offset: 0, 0\r\n  index: -1\r\n",["xinfeng.png"],{"skeleton":{"hash":"Iqg5P8z6yc+TpwvtFgq0GaQux1s","spine":"3.8.99","x":-241,"y":-176,"width":482,"height":353,"images":"E:/新版UI/平台/大厅new/信封","audio":""},"bones":[{"name":"root"},{"name":"骨骼","parent":"root"},{"name":"骨骼2","parent":"root"}],"slots":[{"name":"bg_xinfeng","bone":"root","attachment":"bg_xinfeng"},{"name":"halo","bone":"骨骼","attachment":"halo"},{"name":"icon_1","bone":"骨骼2","attachment":"icon_1"}],"skins":[{"name":"default","attachments":{"bg_xinfeng":{"bg_xinfeng":{"y":0.5,"width":482,"height":353}},"halo":{"halo":{"x":0.5,"width":231,"height":242}},"icon_1":{"icon_1":{"y":-12.72,"width":112,"height":112}}}}],"animations":{"animation":{"slots":{"bg_xinfeng":{"color":[{"time":1.1667,"color":"ffffffff"},{"time":1.5,"color":"ffffff00"}]},"halo":{"attachment":[{"name":null},{"time":0.5,"name":"halo"}]},"icon_1":{"color":[{"time":0.6,"color":"ffffffff"},{"time":1.5,"color":"ffffff00"}],"attachment":[{"name":null},{"time":0.6,"name":"icon_1"}]}},"bones":{"骨骼":{"rotate":[{"time":0.5},{"time":1,"angle":180},{"time":1.5,"angle":-1.08}],"scale":[{"time":0.5,"x":0,"y":0},{"time":0.6667}]},"骨骼2":{"scale":[{"time":0.6,"x":0,"y":0},{"time":1.5,"x":2.8,"y":2.8}]},"root":{"translate":[{"x":-1049.09,"y":680.27},{"time":0.5}],"scale":[{"time":0.5},{"time":0.6667,"x":1.055,"y":1.055},{"time":0.8333},{"time":1.5,"x":2.755,"y":2.755}]}}}}},[0]]],0,0,[0],[-1],[0]]
