[1,["27xvbkDz5ES7Q1N4ias4AH@6c48a"],["_textureSource"],["cc.SpriteFrame"],0,[{"name":"bg_slots_caozuo_denfenbox","rect":{"x":0,"y":0,"width":490,"height":97},"offset":{"x":0,"y":0},"originalSize":{"width":490,"height":97},"rotated":false,"capInsets":[0,0,0,0],"vertices":{"rawPosition":[-245,-48.5,0,245,-48.5,0,-245,48.5,0,245,48.5,0],"indexes":[0,1,2,2,1,3],"uv":[0,97,490,97,0,0,490,0],"nuv":[0,0,1,0,0,1,1,1],"minPos":{"x":-245,"y":-48.5,"z":0},"maxPos":{"x":245,"y":48.5,"z":0}},"packable":true,"pixelsToUnit":100,"pivot":{"x":0.5,"y":0.5},"meshType":0}],[0],0,[0],[0],[0]]
