[1,["39uRaM79NCgajTuNlGiIDZ@6c48a"],0,[["sp.SkeletonData",["_name","_atlasText","textureNames","_skeletonJson","textures"],-1,3]],[[0,0,1,2,3,4,5]],[[0,"fany","\r\nfany.png\r\nsize: 64,64\r\nformat: RGBA8888\r\nfilter: Linear,Linear\r\nrepeat: none\r\nID_23_4\r\n  rotate: false\r\n  xy: 2, 2\r\n  size: 35, 52\r\n  orig: 35, 52\r\n  offset: 0, 0\r\n  index: -1\r\n",["fany.png"],{"skeleton":{"hash":"Jk+WrFm9nLYFqL3/or/z+m5slgw","spine":"3.8.99","x":-17,"y":-26,"width":35,"height":52,"images":"E:/新版UI/平台/大厅new/动画/源文件/翻页","audio":""},"bones":[{"name":"root"}],"slots":[{"name":"ID_23_4","bone":"root","attachment":"ID_23_4"}],"skins":[{"name":"default","attachments":{"ID_23_4":{"ID_23_4":{"x":0.5,"width":35,"height":52}}}}],"animations":{"animation":{"bones":{"root":{"translate":[{"curve":0.25,"c3":0.75},{"time":0.3333,"x":-23,"curve":0.25,"c3":0.75},{"time":1}]}}}}},[0]]],0,0,[0],[-1],[0]]
