[1,["2bUy5QzgJFHLCfm6WdMb4Z@6c48a"],0,[["sp.SkeletonData",["_name","_atlasText","textureNames","_skeletonJson","textures"],-1,3]],[[0,0,1,2,3,4,5]],[[0,"xihongshi","\r\nxihongshi.png\r\nsize: 2048,256\r\nformat: RGBA8888\r\nfilter: Linear,Linear\r\nrepeat: none\r\n西红柿_0000_1\r\n  rotate: false\r\n  xy: 1022, 2\r\n  size: 168, 166\r\n  orig: 168, 166\r\n  offset: 0, 0\r\n  index: -1\r\n西红柿_0001_7\r\n  rotate: false\r\n  xy: 2, 2\r\n  size: 168, 166\r\n  orig: 168, 166\r\n  offset: 0, 0\r\n  index: -1\r\n西红柿_0002_2\r\n  rotate: false\r\n  xy: 172, 2\r\n  size: 168, 166\r\n  orig: 168, 166\r\n  offset: 0, 0\r\n  index: -1\r\n西红柿_0003_6\r\n  rotate: false\r\n  xy: 342, 2\r\n  size: 168, 166\r\n  orig: 168, 166\r\n  offset: 0, 0\r\n  index: -1\r\n西红柿_0004_5\r\n  rotate: false\r\n  xy: 512, 2\r\n  size: 168, 166\r\n  orig: 168, 166\r\n  offset: 0, 0\r\n  index: -1\r\n西红柿_0005_4\r\n  rotate: false\r\n  xy: 682, 2\r\n  size: 168, 166\r\n  orig: 168, 166\r\n  offset: 0, 0\r\n  index: -1\r\n西红柿_0006_3\r\n  rotate: false\r\n  xy: 852, 2\r\n  size: 168, 166\r\n  orig: 168, 166\r\n  offset: 0, 0\r\n  index: -1\r\n",["xihongshi.png"],{"skeleton":{"hash":"rg/qoPW+8UoyWL/JBKAu22hImu8","spine":"3.8.99","x":-84,"y":-83,"width":168,"height":166,"images":"","audio":""},"bones":[{"name":"root"},{"name":"1","parent":"root","x":2.24,"y":17.22},{"name":"2","parent":"root","x":-1.45,"y":30.14},{"name":"33","parent":"root","x":-3.67,"y":53.76},{"name":"7","parent":"root","x":-18.06,"y":8.37}],"slots":[{"name":"1","bone":"1","attachment":"西红柿_0000_1"},{"name":"33","bone":"33","attachment":"西红柿_0003_6"},{"name":"7","bone":"7","attachment":"西红柿_0001_7","blend":"screen"},{"name":"2","bone":"2","attachment":"西红柿_0002_2"}],"skins":[{"name":"default","attachments":{"1":{"西红柿_0000_1":{"x":-2.24,"y":-17.22,"width":168,"height":166}},"2":{"西红柿_0002_2":{"x":1.45,"y":-30.14,"width":168,"height":166}},"7":{"西红柿_0001_7":{"x":18.06,"y":-8.37,"width":168,"height":166}},"33":{"西红柿_0003_6":{"x":3.67,"y":-53.76,"width":168,"height":166},"西红柿_0004_5":{"x":3.67,"y":-53.76,"width":168,"height":166},"西红柿_0005_4":{"x":3.67,"y":-53.76,"width":168,"height":166},"西红柿_0006_3":{"x":3.67,"y":-53.76,"width":168,"height":166}}}}],"animations":{"animation":{"slots":{"1":{"color":[{"color":"ffffff00"},{"time":0.1333,"color":"ffffff00"},{"time":0.2,"color":"ffffffff"}]},"2":{"color":[{"color":"ffffff00","curve":"stepped"},{"time":0.6333,"color":"ffffff00"},{"time":0.6667,"color":"ffffffff","curve":"stepped"},{"time":1.2667,"color":"ffffffff"},{"time":1.6667,"color":"ffffff00"}]},"7":{"color":[{"color":"ffffff00","curve":"stepped"},{"time":0.6333,"color":"ffffff00"},{"time":0.6667,"color":"ffffffff"},{"time":1.6667,"color":"ffffff00"}]},"33":{"color":[{"color":"ffffff00","curve":"stepped"},{"time":0.4,"color":"ffffff00"},{"time":0.4667,"color":"ffffffff"}],"attachment":[{"time":0.4667,"name":"西红柿_0006_3"},{"time":0.5333,"name":"西红柿_0005_4"},{"time":0.6,"name":"西红柿_0004_5"},{"time":0.6667,"name":"西红柿_0003_6"}]}},"bones":{"1":{"scale":[{},{"time":0.2,"x":0.5,"y":0.5},{"time":0.3333}]},"2":{"translate":[{},{"time":1.2667,"y":-40.77},{"time":1.6667,"y":-72.39}]},"7":{"translate":[{},{"time":1.2,"y":-16},{"time":1.6667,"y":-19.43}]}}}}},[0]]],0,0,[0],[-1],[0]]
