[1,["2ewFrKxtpL5q5LYtbSsCHe@6c48a"],["_textureSource"],["cc.SpriteFrame"],0,[{"name":"large","rect":{"x":3,"y":7,"width":109,"height":49},"offset":{"x":-0.5,"y":-2.5},"originalSize":{"width":116,"height":58},"rotated":false,"capInsets":[0,0,0,0],"vertices":{"rawPosition":[-54.5,-24.5,0,54.5,-24.5,0,-54.5,24.5,0,54.5,24.5,0],"indexes":[0,1,2,2,1,3],"uv":[3,51,112,51,3,2,112,2],"nuv":[0.02586206896551724,0.034482758620689655,0.9655172413793104,0.034482758620689655,0.02586206896551724,0.8793103448275862,0.9655172413793104,0.8793103448275862],"minPos":{"x":-54.5,"y":-24.5,"z":0},"maxPos":{"x":54.5,"y":24.5,"z":0}},"packable":true,"pixelsToUnit":100,"pivot":{"x":0.5,"y":0.5},"meshType":0}],[0],0,[0],[0],[0]]
