[1,["28D0xMT8NIRZQXobb9Lkpz@6c48a","28D0xMT8NIRZQXobb9Lkpz@f9941"],["_textureSource","spriteFrame"],["cc.SpriteFrame",["cc.BitmapFont",["_name","fontSize","fntConfig"],0]],[[1,0,1,2,4]],[[[{"name":"font_gift_3_0","rect":{"x":2,"y":1,"width":244,"height":61},"offset":{"x":-4,"y":224.5},"originalSize":{"width":256,"height":512},"rotated":false,"capInsets":[0,0,0,0],"vertices":{"rawPosition":[-122,-30.5,0,122,-30.5,0,-122,30.5,0,122,30.5,0],"indexes":[0,1,2,2,1,3],"uv":[2,511,246,511,2,450,246,450],"nuv":[0.0078125,0.87890625,0.9609375,0.87890625,0.0078125,0.998046875,0.9609375,0.998046875],"minPos":{"x":-122,"y":-30.5,"z":0},"maxPos":{"x":122,"y":30.5,"z":0}},"packable":true,"pixelsToUnit":100,"pivot":{"x":0.5,"y":0.5},"meshType":0}],[0],0,[0],[0],[0]],[[[0,"font_gift_3",32,{"commonHeight":32,"fontSize":32,"atlasName":"font_gift_3_0.png","fontDefDictionary":{"44":{"xOffset":-1,"yOffset":-1,"xAdvance":12,"rect":{"x":233,"y":0,"width":14,"height":33}},"46":{"xOffset":-1,"yOffset":-1,"xAdvance":11,"rect":{"x":0,"y":34,"width":13,"height":33}},"48":{"xOffset":-1,"yOffset":-1,"xAdvance":22,"rect":{"x":0,"y":0,"width":24,"height":33}},"49":{"xOffset":-1,"yOffset":-1,"xAdvance":18,"rect":{"x":212,"y":0,"width":20,"height":33}},"50":{"xOffset":-1,"yOffset":-1,"xAdvance":20,"rect":{"x":74,"y":0,"width":22,"height":33}},"51":{"xOffset":-1,"yOffset":-1,"xAdvance":21,"rect":{"x":50,"y":0,"width":23,"height":33}},"52":{"xOffset":-1,"yOffset":-1,"xAdvance":22,"rect":{"x":25,"y":0,"width":24,"height":33}},"53":{"xOffset":-1,"yOffset":-1,"xAdvance":20,"rect":{"x":97,"y":0,"width":22,"height":33}},"54":{"xOffset":-1,"yOffset":-1,"xAdvance":20,"rect":{"x":120,"y":0,"width":22,"height":33}},"55":{"xOffset":-1,"yOffset":-1,"xAdvance":20,"rect":{"x":143,"y":0,"width":22,"height":33}},"56":{"xOffset":-1,"yOffset":-1,"xAdvance":20,"rect":{"x":166,"y":0,"width":22,"height":33}},"57":{"xOffset":-1,"yOffset":-1,"xAdvance":20,"rect":{"x":189,"y":0,"width":22,"height":33}}},"kerningDict":{}}]],0,0,[0],[1],[1]]]]
