[1,["686VaP31FBL6oH/Rt/uSuy@6c48a"],0,[["sp.SkeletonData",["_name","_atlasText","textureNames","_skeletonJson","textures"],-1,3]],[[0,0,1,2,3,4,5]],[[0,"longhurk","\r\nlonghurk.png\r\nsize: 512,256\r\nformat: RGBA8888\r\nfilter: Linear,Linear\r\nrepeat: none\r\n19\r\n  rotate: false\r\n  xy: 353, 67\r\n  size: 125, 136\r\n  orig: 125, 136\r\n  offset: 0, 0\r\n  index: -1\r\n26\r\n  rotate: false\r\n  xy: 216, 40\r\n  size: 135, 163\r\n  orig: 135, 163\r\n  offset: 0, 0\r\n  index: -1\r\nlonghubg\r\n  rotate: false\r\n  xy: 2, 2\r\n  size: 212, 201\r\n  orig: 212, 201\r\n  offset: 0, 0\r\n  index: -1\r\n",["longhurk.png"],{"skeleton":{"hash":"wDvE4XWW/ChtGDC8yXY8xbwJX4Y","spine":"3.8.99","x":-115.75,"y":-2,"width":226.37,"height":220.85,"images":"","audio":""},"bones":[{"name":"root"},{"name":"bone","parent":"root","length":108.52,"rotation":90.71,"x":-46.36,"y":40.25},{"name":"bone2","parent":"root","length":95.71,"rotation":90,"x":48,"y":33.51},{"name":"bone3","parent":"bone","length":85.62,"rotation":0.64,"x":5.28,"y":-8.83,"color":"9b9b9b00"},{"name":"bone4","parent":"bone2","length":41.92,"rotation":-4.61,"x":17.52,"y":-7.41}],"slots":[{"name":"bg","bone":"root","attachment":"longhubg"},{"name":"19","bone":"bone2","attachment":"19"},{"name":"26","bone":"bone","attachment":"26"},{"name":"27","bone":"bone3","attachment":"26","blend":"screen"},{"name":"20","bone":"bone4","attachment":"19","blend":"screen"}],"skins":[{"name":"default","attachments":{"19":{"19":{"x":62.45,"y":4.82,"rotation":-85.7,"width":125,"height":136}},"20":{"19":{"x":40.8,"y":16,"rotation":-83.72,"width":125,"height":136}},"26":{"26":{"x":77.24,"y":-8.2,"scaleX":1.1097,"scaleY":1.1097,"rotation":-90.71,"width":135,"height":163}},"27":{"26":{"x":72.59,"y":-0.03,"scaleX":1.1152,"scaleY":1.1152,"rotation":-92.12,"width":135,"height":163}},"bg":{"longhubg":{"y":97.24,"width":212,"height":201}}}}],"animations":{"animation":{"slots":{"20":{"color":[{"color":"ffffff00","curve":"stepped"},{"time":2,"color":"ffffff00"},{"time":2.1667,"color":"ffffffff"},{"time":2.6667,"color":"ffffff00"}]},"27":{"color":[{"color":"ffffff00"},{"time":0.1667,"color":"ffffffff"},{"time":0.6667,"color":"ffffff00"}]}},"bones":{"bone":{"rotate":[{},{"time":0.6667,"angle":-5.4}],"scale":[{},{"time":0.6667,"x":1.075,"y":1.075}]},"bone3":{"scale":[{},{"time":0.6667,"x":1.1,"y":1.1}]},"bone2":{"rotate":[{"time":2},{"time":2.6667,"angle":-3.96}],"scale":[{"time":2},{"time":2.6667,"x":1.058,"y":1.058}]},"bone4":{"scale":[{"time":2},{"time":2.6667,"x":1.1,"y":1.1}]}}}}},[0]]],0,0,[0],[-1],[0]]
