[1,["1b1198072@6c48a"],["_textureSource"],["cc.SpriteFrame","cc.SpriteAtlas"],0,[[[{"name":"VIP10","rect":{"x":108,"y":2,"width":63,"height":18},"offset":{"x":0,"y":0},"originalSize":{"width":63,"height":18},"rotated":true,"capInsets":[0,0,0,0],"packable":true,"pixelsToUnit":100,"pivot":{"x":0.5,"y":0.5},"meshType":0}],[0],0,[0],[0],[0]],[[{"name":"b_VIP4","rect":{"x":66,"y":639,"width":59,"height":20},"offset":{"x":0,"y":0},"originalSize":{"width":59,"height":20},"rotated":false,"capInsets":[0,0,0,0],"packable":true,"pixelsToUnit":100,"pivot":{"x":0.5,"y":0.5},"meshType":0}],[0],0,[0],[0],[0]],[[{"name":"b_VIP17","rect":{"x":2,"y":2,"width":77,"height":20},"offset":{"x":0,"y":0},"originalSize":{"width":77,"height":20},"rotated":false,"capInsets":[0,0,0,0],"packable":true,"pixelsToUnit":100,"pivot":{"x":0.5,"y":0.5},"meshType":0}],[0],0,[0],[0],[0]],[[{"name":"b_VIP25","rect":{"x":83,"y":2,"width":76,"height":21},"offset":{"x":0,"y":0},"originalSize":{"width":76,"height":21},"rotated":true,"capInsets":[0,0,0,0],"packable":true,"pixelsToUnit":100,"pivot":{"x":0.5,"y":0.5},"meshType":0}],[0],0,[0],[0],[0]],[[{"name":"b_VIP16","rect":{"x":2,"y":26,"width":76,"height":21},"offset":{"x":0,"y":0},"originalSize":{"width":76,"height":21},"rotated":false,"capInsets":[0,0,0,0],"packable":true,"pixelsToUnit":100,"pivot":{"x":0.5,"y":0.5},"meshType":0}],[0],0,[0],[0],[0]],[[{"name":"b_VIP3","rect":{"x":81,"y":242,"width":60,"height":21},"offset":{"x":0,"y":0},"originalSize":{"width":60,"height":21},"rotated":true,"capInsets":[0,0,0,0],"packable":true,"pixelsToUnit":100,"pivot":{"x":0.5,"y":0.5},"meshType":0}],[0],0,[0],[0],[0]],[[{"name":"VIP21","rect":{"x":2,"y":443,"width":62,"height":17},"offset":{"x":0,"y":0},"originalSize":{"width":62,"height":17},"rotated":false,"capInsets":[0,0,0,0],"packable":true,"pixelsToUnit":100,"pivot":{"x":0.5,"y":0.5},"meshType":0}],[0],0,[0],[0],[0]],[[{"name":"b_VIP10","rect":{"x":2,"y":51,"width":76,"height":21},"offset":{"x":0,"y":0},"originalSize":{"width":76,"height":21},"rotated":false,"capInsets":[0,0,0,0],"packable":true,"pixelsToUnit":100,"pivot":{"x":0.5,"y":0.5},"meshType":0}],[0],0,[0],[0],[0]],[[{"name":"b_VIP7","rect":{"x":23,"y":590,"width":61,"height":20},"offset":{"x":0,"y":0},"originalSize":{"width":61,"height":20},"rotated":true,"capInsets":[0,0,0,0],"packable":true,"pixelsToUnit":100,"pivot":{"x":0.5,"y":0.5},"meshType":0}],[0],0,[0],[0],[0]],[[{"name":"b_VIP12","rect":{"x":2,"y":176,"width":76,"height":20},"offset":{"x":0,"y":0},"originalSize":{"width":76,"height":20},"rotated":false,"capInsets":[0,0,0,0],"packable":true,"pixelsToUnit":100,"pivot":{"x":0.5,"y":0.5},"meshType":0}],[0],0,[0],[0],[0]],[[{"name":"b_VIP18","rect":{"x":2,"y":76,"width":76,"height":21},"offset":{"x":0,"y":0},"originalSize":{"width":76,"height":21},"rotated":false,"capInsets":[0,0,0,0],"packable":true,"pixelsToUnit":100,"pivot":{"x":0.5,"y":0.5},"meshType":0}],[0],0,[0],[0],[0]],[[{"name":"b_VIP0","rect":{"x":70,"y":306,"width":60,"height":21},"offset":{"x":0,"y":0},"originalSize":{"width":60,"height":21},"rotated":true,"capInsets":[0,0,0,0],"packable":true,"pixelsToUnit":100,"pivot":{"x":0.5,"y":0.5},"meshType":0}],[0],0,[0],[0],[0]],[[{"name":"VIP12","rect":{"x":2,"y":380,"width":63,"height":17},"offset":{"x":0,"y":0},"originalSize":{"width":63,"height":17},"rotated":false,"capInsets":[0,0,0,0],"packable":true,"pixelsToUnit":100,"pivot":{"x":0.5,"y":0.5},"meshType":0}],[0],0,[0],[0],[0]],[[{"name":"VIP0","rect":{"x":108,"y":69,"width":50,"height":18},"offset":{"x":0,"y":0},"originalSize":{"width":50,"height":18},"rotated":true,"capInsets":[0,0,0,0],"packable":true,"pixelsToUnit":100,"pivot":{"x":0.5,"y":0.5},"meshType":0}],[0],0,[0],[0],[0]],[[{"name":"b_VIP24","rect":{"x":2,"y":224,"width":75,"height":20},"offset":{"x":0,"y":0},"originalSize":{"width":75,"height":20},"rotated":false,"capInsets":[0,0,0,0],"packable":true,"pixelsToUnit":100,"pivot":{"x":0.5,"y":0.5},"meshType":0}],[0],0,[0],[0],[0]],[[{"name":"b_VIP5","rect":{"x":68,"y":522,"width":60,"height":21},"offset":{"x":0,"y":0},"originalSize":{"width":60,"height":21},"rotated":true,"capInsets":[0,0,0,0],"packable":true,"pixelsToUnit":100,"pivot":{"x":0.5,"y":0.5},"meshType":0}],[0],0,[0],[0],[0]],[[{"name":"b_VIP15","rect":{"x":82,"y":82,"width":76,"height":21},"offset":{"x":0,"y":0},"originalSize":{"width":76,"height":21},"rotated":true,"capInsets":[0,0,0,0],"packable":true,"pixelsToUnit":100,"pivot":{"x":0.5,"y":0.5},"meshType":0}],[0],0,[0],[0],[0]],[[{"name":"VIP7","rect":{"x":70,"y":370,"width":51,"height":17},"offset":{"x":0,"y":0},"originalSize":{"width":51,"height":17},"rotated":false,"capInsets":[0,0,0,0],"packable":true,"pixelsToUnit":100,"pivot":{"x":0.5,"y":0.5},"meshType":0}],[0],0,[0],[0],[0]],[[{"name":"b_VIP19","rect":{"x":2,"y":101,"width":76,"height":21},"offset":{"x":0,"y":0},"originalSize":{"width":76,"height":21},"rotated":false,"capInsets":[0,0,0,0],"packable":true,"pixelsToUnit":100,"pivot":{"x":0.5,"y":0.5},"meshType":0}],[0],0,[0],[0],[0]],[[{"name":"b_VIP14","rect":{"x":106,"y":285,"width":75,"height":20},"offset":{"x":0,"y":0},"originalSize":{"width":75,"height":20},"rotated":true,"capInsets":[0,0,0,0],"packable":true,"pixelsToUnit":100,"pivot":{"x":0.5,"y":0.5},"meshType":0}],[0],0,[0],[0],[0]],[[{"name":"b_VIP6","rect":{"x":93,"y":522,"width":60,"height":21},"offset":{"x":0,"y":0},"originalSize":{"width":60,"height":21},"rotated":true,"capInsets":[0,0,0,0],"packable":true,"pixelsToUnit":100,"pivot":{"x":0.5,"y":0.5},"meshType":0}],[0],0,[0],[0],[0]],[[{"name":"VIP1","rect":{"x":68,"y":501,"width":48,"height":17},"offset":{"x":0,"y":0},"originalSize":{"width":48,"height":17},"rotated":false,"capInsets":[0,0,0,0],"packable":true,"pixelsToUnit":100,"pivot":{"x":0.5,"y":0.5},"meshType":0}],[0],0,[0],[0],[0]],[[{"name":"VIP3","rect":{"x":107,"y":123,"width":50,"height":18},"offset":{"x":0,"y":0},"originalSize":{"width":50,"height":18},"rotated":true,"capInsets":[0,0,0,0],"packable":true,"pixelsToUnit":100,"pivot":{"x":0.5,"y":0.5},"meshType":0}],[0],0,[0],[0],[0]],[[{"name":"VIP19","rect":{"x":2,"y":464,"width":62,"height":17},"offset":{"x":0,"y":0},"originalSize":{"width":62,"height":17},"rotated":false,"capInsets":[0,0,0,0],"packable":true,"pixelsToUnit":100,"pivot":{"x":0.5,"y":0.5},"meshType":0}],[0],0,[0],[0],[0]],[[{"name":"b_VIP9","rect":{"x":2,"y":656,"width":60,"height":21},"offset":{"x":0,"y":0},"originalSize":{"width":60,"height":21},"rotated":false,"capInsets":[0,0,0,0],"packable":true,"pixelsToUnit":100,"pivot":{"x":0.5,"y":0.5},"meshType":0}],[0],0,[0],[0],[0]],[[{"name":"b_VIP23","rect":{"x":2,"y":126,"width":76,"height":21},"offset":{"x":0,"y":0},"originalSize":{"width":76,"height":21},"rotated":false,"capInsets":[0,0,0,0],"packable":true,"pixelsToUnit":100,"pivot":{"x":0.5,"y":0.5},"meshType":0}],[0],0,[0],[0],[0]],[[{"name":"VIP16","rect":{"x":2,"y":485,"width":62,"height":17},"offset":{"x":0,"y":0},"originalSize":{"width":62,"height":17},"rotated":false,"capInsets":[0,0,0,0],"packable":true,"pixelsToUnit":100,"pivot":{"x":0.5,"y":0.5},"meshType":0}],[0],0,[0],[0],[0]],[[{"name":"VIP20","rect":{"x":2,"y":506,"width":62,"height":17},"offset":{"x":0,"y":0},"originalSize":{"width":62,"height":17},"rotated":false,"capInsets":[0,0,0,0],"packable":true,"pixelsToUnit":100,"pivot":{"x":0.5,"y":0.5},"meshType":0}],[0],0,[0],[0],[0]],[[{"name":"VIP4","rect":{"x":68,"y":480,"width":49,"height":17},"offset":{"x":0,"y":0},"originalSize":{"width":49,"height":17},"rotated":false,"capInsets":[0,0,0,0],"packable":true,"pixelsToUnit":100,"pivot":{"x":0.5,"y":0.5},"meshType":0}],[0],0,[0],[0],[0]],[[{"name":"VIP8","rect":{"x":107,"y":177,"width":50,"height":18},"offset":{"x":0,"y":0},"originalSize":{"width":50,"height":18},"rotated":true,"capInsets":[0,0,0,0],"packable":true,"pixelsToUnit":100,"pivot":{"x":0.5,"y":0.5},"meshType":0}],[0],0,[0],[0],[0]],[[{"name":"VIP15","rect":{"x":2,"y":296,"width":64,"height":17},"offset":{"x":0,"y":0},"originalSize":{"width":64,"height":17},"rotated":false,"capInsets":[0,0,0,0],"packable":true,"pixelsToUnit":100,"pivot":{"x":0.5,"y":0.5},"meshType":0}],[0],0,[0],[0],[0]],[[{"name":"VIP23","rect":{"x":2,"y":527,"width":62,"height":17},"offset":{"x":0,"y":0},"originalSize":{"width":62,"height":17},"rotated":false,"capInsets":[0,0,0,0],"packable":true,"pixelsToUnit":100,"pivot":{"x":0.5,"y":0.5},"meshType":0}],[0],0,[0],[0],[0]],[[{"name":"b_VIP1","rect":{"x":68,"y":456,"width":58,"height":20},"offset":{"x":0,"y":0},"originalSize":{"width":58,"height":20},"rotated":false,"capInsets":[0,0,0,0],"packable":true,"pixelsToUnit":100,"pivot":{"x":0.5,"y":0.5},"meshType":0}],[0],0,[0],[0],[0]],[[{"name":"VIP14","rect":{"x":2,"y":401,"width":63,"height":17},"offset":{"x":0,"y":0},"originalSize":{"width":63,"height":17},"rotated":false,"capInsets":[0,0,0,0],"packable":true,"pixelsToUnit":100,"pivot":{"x":0.5,"y":0.5},"meshType":0}],[0],0,[0],[0],[0]],[[{"name":"b_VIP20","rect":{"x":2,"y":151,"width":76,"height":21},"offset":{"x":0,"y":0},"originalSize":{"width":76,"height":21},"rotated":false,"capInsets":[0,0,0,0],"packable":true,"pixelsToUnit":100,"pivot":{"x":0.5,"y":0.5},"meshType":0}],[0],0,[0],[0],[0]],[[{"name":"VIP25","rect":{"x":2,"y":548,"width":62,"height":17},"offset":{"x":0,"y":0},"originalSize":{"width":62,"height":17},"rotated":false,"capInsets":[0,0,0,0],"packable":true,"pixelsToUnit":100,"pivot":{"x":0.5,"y":0.5},"meshType":0}],[0],0,[0],[0],[0]],[[{"name":"VIP5","rect":{"x":107,"y":231,"width":50,"height":18},"offset":{"x":0,"y":0},"originalSize":{"width":50,"height":18},"rotated":true,"capInsets":[0,0,0,0],"packable":true,"pixelsToUnit":100,"pivot":{"x":0.5,"y":0.5},"meshType":0}],[0],0,[0],[0],[0]],[[{"name":"VIP17","rect":{"x":2,"y":317,"width":64,"height":17},"offset":{"x":0,"y":0},"originalSize":{"width":64,"height":17},"rotated":false,"capInsets":[0,0,0,0],"packable":true,"pixelsToUnit":100,"pivot":{"x":0.5,"y":0.5},"meshType":0}],[0],0,[0],[0],[0]],[[{"name":"b_VIP8","rect":{"x":66,"y":590,"width":60,"height":21},"offset":{"x":0,"y":0},"originalSize":{"width":60,"height":21},"rotated":false,"capInsets":[0,0,0,0],"packable":true,"pixelsToUnit":100,"pivot":{"x":0.5,"y":0.5},"meshType":0}],[0],0,[0],[0],[0]],[[{"name":"VIP9","rect":{"x":69,"y":391,"width":50,"height":18},"offset":{"x":0,"y":0},"originalSize":{"width":50,"height":18},"rotated":false,"capInsets":[0,0,0,0],"packable":true,"pixelsToUnit":100,"pivot":{"x":0.5,"y":0.5},"meshType":0}],[0],0,[0],[0],[0]],[[{"name":"VIP24","rect":{"x":2,"y":338,"width":64,"height":17},"offset":{"x":0,"y":0},"originalSize":{"width":64,"height":17},"rotated":false,"capInsets":[0,0,0,0],"packable":true,"pixelsToUnit":100,"pivot":{"x":0.5,"y":0.5},"meshType":0}],[0],0,[0],[0],[0]],[[{"name":"b_VIP2","rect":{"x":66,"y":615,"width":60,"height":20},"offset":{"x":0,"y":0},"originalSize":{"width":60,"height":20},"rotated":false,"capInsets":[0,0,0,0],"packable":true,"pixelsToUnit":100,"pivot":{"x":0.5,"y":0.5},"meshType":0}],[0],0,[0],[0],[0]],[[{"name":"b_VIP11","rect":{"x":2,"y":248,"width":74,"height":20},"offset":{"x":0,"y":0},"originalSize":{"width":74,"height":20},"rotated":false,"capInsets":[0,0,0,0],"packable":true,"pixelsToUnit":100,"pivot":{"x":0.5,"y":0.5},"meshType":0}],[0],0,[0],[0],[0]],[[{"name":"VIP13","rect":{"x":2,"y":422,"width":63,"height":17},"offset":{"x":0,"y":0},"originalSize":{"width":63,"height":17},"rotated":false,"capInsets":[0,0,0,0],"packable":true,"pixelsToUnit":100,"pivot":{"x":0.5,"y":0.5},"meshType":0}],[0],0,[0],[0],[0]],[[{"name":"auto_vip","spriteFrames":["b_VIP17","0fU3bkR1ROc5i1eks85iWB@f9941","b_VIP25","10bPHNzMVMv6Fqsv0ABuSm@f9941","VIP10","09goxYmEBGeZ9E3jEG/DgB@f9941","VIP0","47KmA44ctAaIJnPYuc+i3g@f9941","b_VIP16","16339oU6tHg5K6nH9oOeY2@f9941","b_VIP10","2eMawkd+BAuaJTOerixHlF@f9941","b_VIP18","39EiuO2UxNMYClppgBax1+@f9941","b_VIP15","61KTUJdppBU4DIbXn2dxqC@f9941","b_VIP19","67Pc+JzahPKrkSC0OUJjsk@f9941","b_VIP23","91p03+zJhIh6bbiFmksLYY@f9941","b_VIP20","a4mSmUrAhALqptumTSZNNr@f9941","VIP3","75mBQQ9cpJLpFKwhemnJK7@f9941","b_VIP13","e6HzYdUYJLB7Z5hJKqAJH6@f9941","b_VIP12","330NdTw15Iu7mCMVmWWjlr@f9941","b_VIP22","e6r9jZZWxJoJy1vkAkzU8V@f9941","b_VIP24","4czd5gwl5O77at2ODYHbQm@f9941","VIP8","98MHxJQGJGioJVNJ/iiGxL@f9941","VIP5","b1cxaL9z5ClbWb/5fKMfNY@f9941","b_VIP3","1co/WZrGFFeKVWVuae/Poi@f9941","b_VIP14","724OXKhzBCX5lBd/d3gP2s@f9941","b_VIP11","b90O8FJIpEEpeDnaUsR5BX@f9941","b_VIP21","f11VIl6aFB9JyNog+l4vVP@f9941","VIP15","98S1kXkoFAY6+iJXUo2wrV@f9941","b_VIP0","3en3BvYrZEWIDgX1hBEHCB@f9941","VIP17","b1kdUMniZGRL0xoNGEC40N@f9941","VIP24","b6mpgaElZFMYEOjXrrDGqj@f9941","VIP22","f5FDgx0mFHSbV5gM/EoGEt@f9941","VIP7","66G+P0t4ZNUrHaxuGqOJD5@f9941","VIP12","46HAcCPOhAy7Ts1hfSDeVc@f9941","VIP9","b3meWfhjJANp9JR+RpzWx0@f9941","VIP14","a4AUBzjydDcaC5xMO7wVDW@f9941","VIP6","eafYRmHFRBKoPsheqTavh1@f9941","VIP13","bddF0ZSy1MkINVhFJFMvzs@f9941","VIP2","d1r9I1NudNCL4DrZlE3DYQ@f9941","VIP21","2247qbkcpA1LkQwA0Kg2sc@f9941","b_VIP1","a1fhFbeMpLL48MH9ShcT8m@f9941","VIP19","7dOPghCJRIuJ0MAjGME6k8@f9941","VIP4","97L71xauJNspUlyHZYu80d@f9941","VIP16","92H4x24ONGOKZa1EXcXUwZ@f9941","VIP1","74QNuO01BGb57HYxgiDqgg@f9941","VIP20","94ydoZietOj7fMymIzQlcX@f9941","b_VIP5","5aZZH2KGpE37CzAcBTh0iM@f9941","VIP23","a0U1SLIoFAEKFw1kTVvNMC@f9941","VIP25","abJeCsgotNupXmK6n8U0iu@f9941","VIP11","cbpCy0XtxEH6H8aScKJ969@f9941","b_VIP6","7353CbBfFJVot/J0Jhb7R+@f9941","VIP18","fdUTzUF6xBwrgBIm0j0eMr@f9941","b_VIP9","8berpXqJlOqJiXFoROuMCl@f9941","b_VIP8","b3kGqVY+RNvoll1WiLF+vv@f9941","b_VIP2","b9g91CLKRLwK5i0LjeST1Y@f9941","b_VIP7","3170vwTIJHCK218reuj0dv@f9941","b_VIP4","0eO0yRr/FBzqLvk7aotfiC@f9941"]}],[1],0,[],[],[]],[[{"name":"VIP11","rect":{"x":2,"y":569,"width":62,"height":17},"offset":{"x":0,"y":0},"originalSize":{"width":62,"height":17},"rotated":false,"capInsets":[0,0,0,0],"packable":true,"pixelsToUnit":100,"pivot":{"x":0.5,"y":0.5},"meshType":0}],[0],0,[0],[0],[0]],[[{"name":"VIP2","rect":{"x":69,"y":435,"width":50,"height":17},"offset":{"x":0,"y":0},"originalSize":{"width":50,"height":17},"rotated":false,"capInsets":[0,0,0,0],"packable":true,"pixelsToUnit":100,"pivot":{"x":0.5,"y":0.5},"meshType":0}],[0],0,[0],[0],[0]],[[{"name":"b_VIP13","rect":{"x":82,"y":162,"width":76,"height":21},"offset":{"x":0,"y":0},"originalSize":{"width":76,"height":21},"rotated":true,"capInsets":[0,0,0,0],"packable":true,"pixelsToUnit":100,"pivot":{"x":0.5,"y":0.5},"meshType":0}],[0],0,[0],[0],[0]],[[{"name":"b_VIP22","rect":{"x":2,"y":200,"width":76,"height":20},"offset":{"x":0,"y":0},"originalSize":{"width":76,"height":20},"rotated":false,"capInsets":[0,0,0,0],"packable":true,"pixelsToUnit":100,"pivot":{"x":0.5,"y":0.5},"meshType":0}],[0],0,[0],[0],[0]],[[{"name":"VIP6","rect":{"x":69,"y":413,"width":50,"height":18},"offset":{"x":0,"y":0},"originalSize":{"width":50,"height":18},"rotated":false,"capInsets":[0,0,0,0],"packable":true,"pixelsToUnit":100,"pivot":{"x":0.5,"y":0.5},"meshType":0}],[0],0,[0],[0],[0]],[[{"name":"b_VIP21","rect":{"x":2,"y":272,"width":74,"height":20},"offset":{"x":0,"y":0},"originalSize":{"width":74,"height":20},"rotated":false,"capInsets":[0,0,0,0],"packable":true,"pixelsToUnit":100,"pivot":{"x":0.5,"y":0.5},"meshType":0}],[0],0,[0],[0],[0]],[[{"name":"VIP22","rect":{"x":2,"y":359,"width":64,"height":17},"offset":{"x":0,"y":0},"originalSize":{"width":64,"height":17},"rotated":false,"capInsets":[0,0,0,0],"packable":true,"pixelsToUnit":100,"pivot":{"x":0.5,"y":0.5},"meshType":0}],[0],0,[0],[0],[0]],[[{"name":"VIP18","rect":{"x":2,"y":590,"width":62,"height":17},"offset":{"x":0,"y":0},"originalSize":{"width":62,"height":17},"rotated":true,"capInsets":[0,0,0,0],"packable":true,"pixelsToUnit":100,"pivot":{"x":0.5,"y":0.5},"meshType":0}],[0],0,[0],[0],[0]]]]
