[1,["193ac3c6b@6c48a"],["_textureSource"],["cc.SpriteFrame","cc.SpriteAtlas"],0,[[[{"name":"auto_award","spriteFrames":[]}],[1],0,[],[],[]],[[{"name":"panel_award_bg","rect":{"x":3,"y":3,"width":982,"height":670},"offset":{"x":0.5,"y":0},"originalSize":{"width":987,"height":674},"rotated":false,"capInsets":[0,0,0,0],"packable":true,"pixelsToUnit":100,"pivot":{"x":0.5,"y":0.5},"meshType":0}],[0],0,[0],[0],[0]],[[{"name":"word_award_menerimaVip","rect":{"x":910,"y":679,"width":137,"height":26},"offset":{"x":0,"y":0},"originalSize":{"width":137,"height":26},"rotated":true,"capInsets":[0,0,0,0],"packable":true,"pixelsToUnit":100,"pivot":{"x":0.5,"y":0.5},"meshType":0}],[0],0,[0],[0],[0]],[[{"name":"word_awardVip_title","rect":{"x":349,"y":679,"width":242,"height":83},"offset":{"x":0.5,"y":-0.5},"originalSize":{"width":247,"height":86},"rotated":false,"capInsets":[0,0,0,0],"packable":true,"pixelsToUnit":100,"pivot":{"x":0.5,"y":0.5},"meshType":0}],[0],0,[0],[0],[0]],[[{"name":"panel_award_bg2","rect":{"x":3,"y":679,"width":340,"height":329},"offset":{"x":1.5,"y":0},"originalSize":{"width":343,"height":329},"rotated":false,"capInsets":[0,0,0,0],"packable":true,"pixelsToUnit":100,"pivot":{"x":0.5,"y":0.5},"meshType":0}],[0],0,[0],[0],[0]],[[{"name":"word_award_title","rect":{"x":509,"y":768,"width":157,"height":72},"offset":{"x":0.5,"y":0},"originalSize":{"width":162,"height":78},"rotated":true,"capInsets":[0,0,0,0],"packable":true,"pixelsToUnit":100,"pivot":{"x":0.5,"y":0.5},"meshType":0}],[0],0,[0],[0],[0]],[[{"name":"bg_award_box4","rect":{"x":349,"y":768,"width":123,"height":180},"offset":{"x":0,"y":0},"originalSize":{"width":123,"height":180},"rotated":false,"capInsets":[0,0,0,0],"packable":true,"pixelsToUnit":100,"pivot":{"x":0.5,"y":0.5},"meshType":0}],[0],0,[0],[0],[0]],[[{"name":"bg_award_box1","rect":{"x":597,"y":679,"width":187,"height":183},"offset":{"x":0,"y":1},"originalSize":{"width":189,"height":185},"rotated":false,"capInsets":[25,25,26,26],"packable":true,"pixelsToUnit":100,"pivot":{"x":0.5,"y":0.5},"meshType":0}],[0],0,[0],[0],[0]],[[{"name":"word_award_dian","rect":{"x":349,"y":954,"width":12,"height":12},"offset":{"x":0,"y":0},"originalSize":{"width":12,"height":12},"rotated":false,"capInsets":[0,0,0,0],"packable":true,"pixelsToUnit":100,"pivot":{"x":0.5,"y":0.5},"meshType":0}],[0],0,[0],[0],[0]],[[{"name":"word_award_menerima","rect":{"x":919,"y":822,"width":138,"height":22},"offset":{"x":0,"y":0},"originalSize":{"width":138,"height":22},"rotated":true,"capInsets":[0,0,0,0],"packable":true,"pixelsToUnit":100,"pivot":{"x":0.5,"y":0.5},"meshType":0}],[0],0,[0],[0],[0]],[[{"name":"bg_award_box2","rect":{"x":790,"y":679,"width":181,"height":114},"offset":{"x":0,"y":0},"originalSize":{"width":181,"height":114},"rotated":true,"capInsets":[21,23,20,21],"packable":true,"pixelsToUnit":100,"pivot":{"x":0.5,"y":0.5},"meshType":0}],[0],0,[0],[0],[0]],[[{"name":"bg_award_box5","rect":{"x":790,"y":866,"width":123,"height":89},"offset":{"x":0,"y":0},"originalSize":{"width":123,"height":89},"rotated":false,"capInsets":[17,15,18,19],"packable":true,"pixelsToUnit":100,"pivot":{"x":0.5,"y":0.5},"meshType":0}],[0],0,[0],[0],[0]],[[{"name":"bg_award_box3","rect":{"x":478,"y":768,"width":238,"height":25},"offset":{"x":0,"y":0},"originalSize":{"width":238,"height":25},"rotated":true,"capInsets":[0,0,0,0],"packable":true,"pixelsToUnit":100,"pivot":{"x":0.5,"y":0.5},"meshType":0}],[0],0,[0],[0],[0]]]]
