[1,["1eadbdf4a@6c48a"],["_textureSource"],["cc.SpriteFrame","cc.SpriteAtlas"],0,[[[{"name":"icon_dt_xinxi_vip2","rect":{"x":786,"y":87,"width":54,"height":60},"offset":{"x":0,"y":0},"originalSize":{"width":54,"height":60},"rotated":true,"capInsets":[0,0,0,0],"packable":true,"pixelsToUnit":100,"pivot":{"x":0.5,"y":0.5},"meshType":0}],[0],0,[0],[0],[0]],[[{"name":"icon_dt_vip_dengji_5","rect":{"x":693,"y":3,"width":28,"height":28},"offset":{"x":0,"y":0},"originalSize":{"width":28,"height":28},"rotated":false,"capInsets":[0,0,0,0],"packable":true,"pixelsToUnit":100,"pivot":{"x":0.5,"y":0.5},"meshType":0}],[0],0,[0],[0],[0]],[[{"name":"icon_dt_xinxi_vip1","rect":{"x":733,"y":37,"width":50,"height":38},"offset":{"x":0,"y":0},"originalSize":{"width":50,"height":38},"rotated":false,"capInsets":[0,0,0,0],"packable":true,"pixelsToUnit":100,"pivot":{"x":0.5,"y":0.5},"meshType":0}],[0],0,[0],[0],[0]],[[{"name":"icon_dt_vip_dengji_4","rect":{"x":727,"y":3,"width":28,"height":28},"offset":{"x":0,"y":0},"originalSize":{"width":28,"height":28},"rotated":false,"capInsets":[0,0,0,0],"packable":true,"pixelsToUnit":100,"pivot":{"x":0.5,"y":0.5},"meshType":0}],[0],0,[0],[0],[0]],[[{"name":"icon_dt_vip_dengji_8","rect":{"x":761,"y":3,"width":28,"height":28},"offset":{"x":0,"y":0},"originalSize":{"width":28,"height":28},"rotated":false,"capInsets":[0,0,0,0],"packable":true,"pixelsToUnit":100,"pivot":{"x":0.5,"y":0.5},"meshType":0}],[0],0,[0],[0],[0]],[[{"name":"icon_dt_xinxi_vip4","rect":{"x":658,"y":79,"width":52,"height":52},"offset":{"x":0,"y":0},"originalSize":{"width":52,"height":52},"rotated":false,"capInsets":[0,0,0,0],"packable":true,"pixelsToUnit":100,"pivot":{"x":0.5,"y":0.5},"meshType":0}],[0],0,[0],[0],[0]],[[{"name":"btn_dt_vip_suoding","rect":{"x":605,"y":156,"width":256,"height":88},"offset":{"x":0,"y":0},"originalSize":{"width":260,"height":90},"rotated":false,"capInsets":[0,0,0,0],"packable":true,"pixelsToUnit":100,"pivot":{"x":0.5,"y":0.5},"meshType":0}],[0],0,[0],[0],[0]],[[{"name":"btn_Top-Up","rect":{"x":3,"y":114,"width":159,"height":62},"offset":{"x":0,"y":0},"originalSize":{"width":159,"height":62},"rotated":false,"capInsets":[0,0,0,0],"packable":true,"pixelsToUnit":100,"pivot":{"x":0.5,"y":0.5},"meshType":0}],[0],0,[0],[0],[0]],[[{"name":"icon_dt_vip_dengji_2","rect":{"x":795,"y":3,"width":28,"height":28},"offset":{"x":0,"y":0},"originalSize":{"width":28,"height":28},"rotated":false,"capInsets":[0,0,0,0],"packable":true,"pixelsToUnit":100,"pivot":{"x":0.5,"y":0.5},"meshType":0}],[0],0,[0],[0],[0]],[[{"name":"icon_dt_vip_dengji_1","rect":{"x":829,"y":3,"width":28,"height":28},"offset":{"x":0,"y":0},"originalSize":{"width":28,"height":28},"rotated":false,"capInsets":[0,0,0,0],"packable":true,"pixelsToUnit":100,"pivot":{"x":0.5,"y":0.5},"meshType":0}],[0],0,[0],[0],[0]],[[{"name":"btn_dt_vip_1","rect":{"x":894,"y":37,"width":96,"height":46},"offset":{"x":0,"y":0},"originalSize":{"width":96,"height":46},"rotated":false,"capInsets":[0,0,0,0],"packable":true,"pixelsToUnit":100,"pivot":{"x":0.5,"y":0.5},"meshType":0}],[0],0,[0],[0],[0]],[[{"name":"title_vip","rect":{"x":168,"y":114,"width":431,"height":65},"offset":{"x":0.5,"y":-0.5},"originalSize":{"width":432,"height":66},"rotated":false,"capInsets":[0,0,0,0],"packable":true,"pixelsToUnit":100,"pivot":{"x":0.5,"y":0.5},"meshType":0}],[0],0,[0],[0],[0]],[[{"name":"icon_dt_vip_dengji_7","rect":{"x":863,"y":3,"width":28,"height":28},"offset":{"x":0,"y":0},"originalSize":{"width":28,"height":28},"rotated":false,"capInsets":[0,0,0,0],"packable":true,"pixelsToUnit":100,"pivot":{"x":0.5,"y":0.5},"meshType":0}],[0],0,[0],[0],[0]],[[{"name":"icon_dt_vip_dengji_6","rect":{"x":897,"y":3,"width":28,"height":28},"offset":{"x":0,"y":0},"originalSize":{"width":28,"height":28},"rotated":false,"capInsets":[0,0,0,0],"packable":true,"pixelsToUnit":100,"pivot":{"x":0.5,"y":0.5},"meshType":0}],[0],0,[0],[0],[0]],[[{"name":"btn_dt_off","rect":{"x":852,"y":89,"width":61,"height":79},"offset":{"x":0,"y":0},"originalSize":{"width":61,"height":79},"rotated":true,"capInsets":[0,0,0,0],"packable":true,"pixelsToUnit":100,"pivot":{"x":0.5,"y":0.5},"meshType":0}],[0],0,[0],[0],[0]],[[{"name":"btn_dt_vip_0","rect":{"x":641,"y":37,"width":86,"height":36},"offset":{"x":0,"y":0},"originalSize":{"width":86,"height":36},"rotated":false,"capInsets":[0,0,0,0],"packable":true,"pixelsToUnit":100,"pivot":{"x":0.5,"y":0.5},"meshType":0}],[0],0,[0],[0],[0]],[[{"name":"icon_dt_vip_dengji_box","rect":{"x":844,"y":37,"width":44,"height":44},"offset":{"x":0,"y":0},"originalSize":{"width":44,"height":44},"rotated":false,"capInsets":[0,0,0,0],"packable":true,"pixelsToUnit":100,"pivot":{"x":0.5,"y":0.5},"meshType":0}],[0],0,[0],[0],[0]],[[{"name":"icon_dt_vip_dengji_9","rect":{"x":931,"y":3,"width":28,"height":28},"offset":{"x":0,"y":0},"originalSize":{"width":28,"height":28},"rotated":false,"capInsets":[0,0,0,0],"packable":true,"pixelsToUnit":100,"pivot":{"x":0.5,"y":0.5},"meshType":0}],[0],0,[0],[0],[0]],[[{"name":"auto_vip","spriteFrames":[]}],[1],0,[],[],[]],[[{"name":"bg_dt_vip_jindu_di","rect":{"x":3,"y":27,"width":564,"height":24},"offset":{"x":0,"y":0},"originalSize":{"width":564,"height":24},"rotated":false,"capInsets":[0,0,0,0],"packable":true,"pixelsToUnit":100,"pivot":{"x":0.5,"y":0.5},"meshType":0}],[0],0,[0],[0],[0]],[[{"name":"Gaji seumur hidup_ Menjadi VIP dan menerima uang seumur hidip","rect":{"x":3,"y":79,"width":649,"height":29},"offset":{"x":0,"y":0},"originalSize":{"width":651,"height":29},"rotated":false,"capInsets":[0,0,0,0],"packable":true,"pixelsToUnit":100,"pivot":{"x":0.5,"y":0.5},"meshType":0}],[0],0,[0],[0],[0]],[[{"name":"bg_dt_vip_iconbox","rect":{"x":937,"y":89,"width":80,"height":80},"offset":{"x":0,"y":0},"originalSize":{"width":80,"height":80},"rotated":false,"capInsets":[0,0,0,0],"packable":true,"pixelsToUnit":100,"pivot":{"x":0.5,"y":0.5},"meshType":0}],[0],0,[0],[0],[0]],[[{"name":"icon_dt_xinxi_vip3","rect":{"x":789,"y":37,"width":49,"height":38},"offset":{"x":0,"y":0},"originalSize":{"width":49,"height":38},"rotated":false,"capInsets":[0,0,0,0],"packable":true,"pixelsToUnit":100,"pivot":{"x":0.5,"y":0.5},"meshType":0}],[0],0,[0],[0],[0]],[[{"name":"bg_dt_vip_zhezhao","rect":{"x":3,"y":250,"width":945,"height":256},"offset":{"x":0,"y":0},"originalSize":{"width":945,"height":256},"rotated":false,"capInsets":[0,0,0,0],"packable":true,"pixelsToUnit":100,"pivot":{"x":0.5,"y":0.5},"meshType":0}],[0],0,[0],[0],[0]],[[{"name":"icon_dt_vip_dengji_10","rect":{"x":965,"y":3,"width":28,"height":28},"offset":{"x":0,"y":0},"originalSize":{"width":28,"height":28},"rotated":false,"capInsets":[0,0,0,0],"packable":true,"pixelsToUnit":100,"pivot":{"x":0.5,"y":0.5},"meshType":0}],[0],0,[0],[0],[0]],[[{"name":"icon_dt_vip_dengji_0","rect":{"x":573,"y":31,"width":28,"height":28},"offset":{"x":0,"y":0},"originalSize":{"width":28,"height":28},"rotated":false,"capInsets":[0,0,0,0],"packable":true,"pixelsToUnit":100,"pivot":{"x":0.5,"y":0.5},"meshType":0}],[0],0,[0],[0],[0]],[[{"name":"icon_dt_xinxi_vip5","rect":{"x":716,"y":81,"width":53,"height":64},"offset":{"x":0,"y":0},"originalSize":{"width":53,"height":64},"rotated":true,"capInsets":[0,0,0,0],"packable":true,"pixelsToUnit":100,"pivot":{"x":0.5,"y":0.5},"meshType":0}],[0],0,[0],[0],[0]],[[{"name":"icon_dt_vip_weizhi","rect":{"x":3,"y":3,"width":20,"height":18},"offset":{"x":0,"y":0},"originalSize":{"width":20,"height":18},"rotated":false,"capInsets":[0,0,0,0],"packable":true,"pixelsToUnit":100,"pivot":{"x":0.5,"y":0.5},"meshType":0}],[0],0,[0],[0],[0]],[[{"name":"bg_dt_vip_jindu_tiao","rect":{"x":29,"y":3,"width":558,"height":18},"offset":{"x":0,"y":0},"originalSize":{"width":558,"height":18},"rotated":false,"capInsets":[0,0,0,0],"packable":true,"pixelsToUnit":100,"pivot":{"x":0.5,"y":0.5},"meshType":0}],[0],0,[0],[0],[0]],[[{"name":"icon_dt_vip_dengji_3","rect":{"x":607,"y":31,"width":28,"height":28},"offset":{"x":0,"y":0},"originalSize":{"width":28,"height":28},"rotated":false,"capInsets":[0,0,0,0],"packable":true,"pixelsToUnit":100,"pivot":{"x":0.5,"y":0.5},"meshType":0}],[0],0,[0],[0],[0]],[[{"name":"zi_dt_vip_Levelku","rect":{"x":593,"y":3,"width":94,"height":22},"offset":{"x":0,"y":0},"originalSize":{"width":94,"height":22},"rotated":false,"capInsets":[0,0,0,0],"packable":true,"pixelsToUnit":100,"pivot":{"x":0.5,"y":0.5},"meshType":0}],[0],0,[0],[0],[0]]]]
