[1,["20g1ukYUVPvKWKBRznAKo+@f9941","7dj5uJT9FMn6OrOOx83tfK@f9941","19c4+MswpJr5YuBOEhorsJ@f9941","dbnYVTnjBK9LK4olIriAqE","93HGBDykxGyK30L02r5pEZ@f9941","02OARLuw1Duq0LKDX5ExF0@f9941","57Wjv7qd9H8r+X0PONEzdr@f9941","02OARLuw1Duq0LKDX5ExF0@6c48a","22Lmuh5X1C7Lk6FBsqc5Rl@6c48a","31epkwggNAYqyvw3//Zwyf@6c48a","54TknWPwVPqJqeCR+Y/Czo@f9941","95EkngnxZFbYuFpsqVTaFr@f9941","cdxn4qXHFOBbR1u1CluGOH@f9941","4agV9vDDZJ06MbM4qUV36b","54sgwCzVRLFYTLJtn0mySJ@f9941","ecXwhQqTlPgbyfxHU55kVy","51a19BeOJNaIDyxPOhfBtI@f9941","deT/wF3cRECL6hB1mg6PtX@f9941","a9U6QmhDRBsJwlHLdYyav+","22Lmuh5X1C7Lk6FBsqc5Rl@f9941","31epkwggNAYqyvw3//Zwyf@f9941","f53XgGsHtBi6YzjqLiznV4","87v/xw9otDQ741Mnp45nNs@f9941","b8J8UMPB9OwZLbbm6CuQRx","db2hVwiDFBcp5Jh+OPOcfh@f9941","7fXK1kjNpCi60PlTd+wjOI@f9941","51a19BeOJNaIDyxPOhfBtI@6c48a","57Wjv7qd9H8r+X0PONEzdr@6c48a","7fXK1kjNpCi60PlTd+wjOI@6c48a","87v/xw9otDQ741Mnp45nNs@6c48a","93HGBDykxGyK30L02r5pEZ@6c48a","9d/GMgG31Cjp0Arz2vSS/x@6c48a","9d/GMgG31Cjp0Arz2vSS/x@f9941","4asT9XdW9HRr6eog6ftjnI@6c48a","db2hVwiDFBcp5Jh+OPOcfh@6c48a","5e/30PhxFOpKYALxcdb56F@6c48a"],["node","_spriteFrame","_textureSource","_normalSprite","_target","root","_parent","data","_skeletonData","_hoverSprite","_pressedSprite","_disabledSprite","asset","_atlas","_defaultClip","_font","spriteFrame"],[["cc.Node",["_name","_layer","_active","_objFlags","__editorExtras__","_prefab","_components","_parent","_children","_lpos","_lscale"],-2,4,9,1,2,5,5],"cc.SpriteFrame",["cc.Widget",["_alignFlags","_originalWidth","_originalHeight","_bottom","_left","_right","_top","node","__prefab"],-4,1,4],["cc.Sprite",["_sizeMode","_type","_enabled","_isTrimmedMode","node","__prefab","_spriteFrame","_color","_atlas"],-1,1,4,6,5,6],["cc.Button",["_transition","_zoomScale","node","__prefab","_normalSprite","_target","_normalColor","_hoverSprite","_pressedSprite","_disabledSprite"],1,1,4,6,1,5,6,6,6],["cc.Label",["_string","_actualFontSize","_fontSize","_lineHeight","_overflow","_enableWrapText","_isSystemFontUsed","_spacingX","node","__prefab","_color","_font"],-5,1,4,5,6],["cc.UITransform",["node","__prefab","_contentSize","_anchorPoint"],3,1,4,5,5],["cc.LabelOutline",["_enabled","_width","node","__prefab","_color"],1,1,4,5],"cc.SpriteAtlas",["cc.Prefab",["_name"],2],["cc.CompPrefabInfo",["fileId"],2],["cc.PrefabInfo",["fileId","instance","targetOverrides","root","asset","nestedPrefabInstanceRoots"],0,1,1,2],["cc.PrefabInfo",["fileId","instance","targetOverrides","nestedPrefabInstanceRoots","root","asset"],-1,1,1],["cc.PrefabInfo",["fileId","targetOverrides","nestedPrefabInstanceRoots","root","instance","asset"],0,1,4,6],["cc.BlockInputEvents",["node","__prefab"],3,1,4],["cc.UIOpacity",["node","__prefab"],3,1,4],["cc.TargetInfo",["localID"],2],["cc.Animation",["playOnLoad","node","__prefab","_clips","_defaultClip"],2,1,4,3,6],["cc.Layout",["_resizeMode","_layoutType","_spacingY","_verticalDirection","node","__prefab"],-1,1,4],["cc.PrefabInstance",["fileId","prefabRootNode","propertyOverrides"],2,1,9],["CCPropertyOverrideInfo",["value","propertyPath","targetInfo"],1,1],["CCPropertyOverrideInfo",["propertyPath","targetInfo","value"],2,1,8],["CCPropertyOverrideInfo",["propertyPath","targetInfo","value"],2,4,8],["sp.Skeleton",["_preCacheMode","_premultipliedAlpha","defaultSkin","defaultAnimation","node","__prefab","_skeletonData"],-1,1,4,6],["cc.BitmapFont",["_name","fontSize","fntConfig"],0],["sp.SkeletonData",["_name","_atlasText","textureNames","_skeletonJson","textures"],-1,3]],[[10,0,2],[12,0,1,2,3,4,5,5],[6,0,1,2,1],[3,0,4,5,6,2],[2,0,1,2,7,8,4],[0,0,1,7,6,5,9,3],[0,0,1,7,6,5,3],[0,0,2,1,7,6,5,4],[3,0,4,5,7,6,2],[0,0,1,7,8,6,5,3],[0,0,1,8,6,5,9,3],[0,0,1,7,8,6,5,9,3],[6,0,1,2,3,1],[5,0,1,2,8,9,4],[18,0,1,2,3,4,5,5],[21,0,1,2,2],[9,0,2],[0,0,1,8,6,5,3],[0,0,1,7,8,6,5,9,10,3],[0,0,1,7,6,5,9,10,3],[2,0,1,7,8,3],[2,0,3,1,7,8,4],[3,1,0,4,5,6,3],[4,0,2,3,5,4,2],[16,0,2],[20,0,1,2,3],[23,0,1,2,3,4,5,6,5],[25,0,1,2,3,4,5],[0,0,2,1,7,8,6,5,4],[0,0,2,1,7,8,6,5,9,4],[0,0,3,1,7,6,5,4],[0,3,4,7,5,3],[2,0,4,5,1,7,8,5],[2,0,6,3,1,2,7,8,6],[11,0,1,2,3,4,5,4],[13,0,1,2,3,4,5,4],[3,2,0,4,5,6,3],[3,0,3,4,5,6,8,3],[4,0,2,3,6,5,4,7,8,9,2],[4,0,1,2,3,5,4,3],[4,0,2,3,2],[4,0,2,3,4,2],[14,0,1,1],[15,0,1,1],[5,0,1,2,3,8,9,5],[5,0,1,2,4,5,8,9,10,6],[5,0,1,2,6,7,8,9,11,6],[7,2,3,1],[7,0,1,2,3,4,3],[17,0,1,2,3,4,2],[19,0,1,2,2],[22,0,1,2,2],[24,0,1,2,4]],[[[{"name":"btn_caozuo_zengjiajinbi","rect":{"x":0,"y":0,"width":41,"height":42},"offset":{"x":0,"y":0},"originalSize":{"width":41,"height":42},"rotated":false,"capInsets":[0,0,0,0],"vertices":{"rawPosition":[-20.5,-21,0,20.5,-21,0,-20.5,21,0,20.5,21,0],"indexes":[0,1,2,2,1,3],"uv":[0,42,41,42,0,0,41,0],"nuv":[0,0,1,0,0,1,1,1],"minPos":{"x":-20.5,"y":-21,"z":0},"maxPos":{"x":20.5,"y":21,"z":0}},"packable":true,"pixelsToUnit":100,"pivot":{"x":0.5,"y":0.5},"meshType":0}],[1],0,[0],[2],[7]],[[{"name":"btn_caozuo_jinbi_di","rect":{"x":0,"y":0,"width":267,"height":52},"offset":{"x":0,"y":0},"originalSize":{"width":267,"height":52},"rotated":false,"capInsets":[0,0,0,0],"vertices":{"rawPosition":[-133.5,-26,0,133.5,-26,0,-133.5,26,0,133.5,26,0],"indexes":[0,1,2,2,1,3],"uv":[0,52,267,52,0,0,267,0],"nuv":[0,0,1,0,0,1,1,1],"minPos":{"x":-133.5,"y":-26,"z":0},"maxPos":{"x":133.5,"y":26,"z":0}},"packable":true,"pixelsToUnit":100,"pivot":{"x":0.5,"y":0.5},"meshType":0}],[1],0,[0],[2],[8]],[[{"name":"zi_caozuo_BELI","rect":{"x":0,"y":0,"width":62,"height":24},"offset":{"x":0,"y":0},"originalSize":{"width":62,"height":24},"rotated":false,"capInsets":[0,0,0,0],"vertices":{"rawPosition":[-31,-12,0,31,-12,0,-31,12,0,31,12,0],"indexes":[0,1,2,2,1,3],"uv":[0,24,62,24,0,0,62,0],"nuv":[0,0,1,0,0,1,1,1],"minPos":{"x":-31,"y":-12,"z":0},"maxPos":{"x":31,"y":12,"z":0}},"packable":true,"pixelsToUnit":100,"pivot":{"x":0.5,"y":0.5},"meshType":0}],[1],0,[0],[2],[9]],[[[16,"baseBoard"],[17,"baseBoard",33554432,[-5,-6,-7,-8,-9,-10,-11,-12,-13],[[2,-3,[0,"5dX2YnOHRBU70npGFoPByB"],[5,1600,800]],[4,45,100,100,-4,[0,"e4trga2mhPaLrYLWBWGlIg"]]],[34,"ee9wnAq31JWaC+2X8MJjuc",null,null,-2,0,[-1]]],[17,"props_Button_restart",33554432,[-20],[[2,-14,[0,"40cSb3vaxNBZP4QUuw2pPq"],[5,100,40]],[22,1,0,-15,[0,"b353VG8N9PiKqs8nWvLm+u"],0],[38,2,-17,[0,"4ctgIcNjpL45IHsJuIXn4Q"],[4,4292269782],-16,1,2,3,4],[39,3,1.1,-19,[0,"38yi4n0IJF77vTCF9mYp0x"],-18,5]],[1,"f73W5WqXBKV7UgFoXR/3ZD",null,null,null,1,0]],[28,"props_loading",false,33554432,1,[-24,-25,-26],[[2,-21,[0,"b7HdiRkJ5CWLFRIN3QLFhh"],[5,1600,800]],[4,45,100,100,-22,[0,"e9QAtg08ZKdo9ayW2DBOX+"]],[42,-23,[0,"19lenwMYVE/qaYufdOJE99"]]],[1,"61pae0EPRGnLThmGsQQXdw",null,null,null,1,0]],[9,"SpriteSplash",33554432,1,[-30,2],[[2,-27,[0,"5epgGQV39KubiQxwLARU1E"],[5,1600,800]],[8,0,-28,[0,"22PndWuGhB+7nuF4097TqN"],[4,4286579968],6],[4,45,100,100,-29,[0,"9fZnnC1dxDuLyxhhHmO0hW"]]],[1,"efdibbjYNORqsxGr41Xxi6",null,null,null,1,0]],[29,"props_toast_template",false,33554432,1,[-34,-35],[[2,-31,[0,"3126nnnQhBDYGCCPIviBYD"],[5,800,31.896]],[32,40,400,400,100,-32,[0,"a0+tuqEHJB8JWvE7BKykZd"]],[8,0,-33,[0,"18CCslUB5Bt4ABKldj+TyU"],[4,3019898879],9]],[1,"d2UWC+IGhM1bs/OyNxvp/I",null,null,null,1,0],[1,0,-437.921,0]],[9,"toastWrap",33554432,1,[-38,-39,-40],[[2,-36,[0,"c8iiY7jKFG/J9fAs+4sIYP"],[5,1600,800]],[4,45,100,100,-37,[0,"5eTaEH9QVCqp/jS9CpupO/"]]],[1,"c12TaOyuRAibWj0LuChG9S",null,null,null,1,0]],[9,"bg_dt_dengluye",33554432,1,[-44],[[2,-41,[0,"66vwuqZnFBGLUasTVqZOnP"],[5,1600,800]],[3,0,-42,[0,"c2n+tYm21EcKBuOR/yJjYL"],7],[4,45,1625,750,-43,[0,"cdAgTG6N1ItZeARqj7rwbu"]]],[1,"91vjBJaedJi7VFhTNnqeFS",null,null,null,1,0]],[7,"props_subGameBoard",false,33554432,1,[[2,-45,[0,"74YF4NdJ5IOa+Ig4crQBl+"],[5,1600,800]],[4,45,100,100,-46,[0,"0bSXzwNaVFV5288I1+9agL"]],[43,-47,[0,"22qkRnjqpAU6FVlTVQz9j2"]],[36,false,0,-48,[0,"c1DnhrWMtPsZkF8cFS3YOh"],10]],[1,"88swE/sI9PrLT0SnXCdmW7",null,null,null,1,0]],[24,["d9mP3XOfpIoZ1WT2pR4FN8"]],[7,"props_restart",false,33554432,4,[[2,-49,[0,"43r/LE76FIiL0XxHFVYgZ1"],[5,85.02,50.4]],[13,"restart",30,30,-50,[0,"69no5qhcdHiqMu6Drzonpk"]],[40,3,-51,[0,"eaCfPnrRFADqbiix45dPaY"]]],[1,"abc+e7nj1MJadzKKeBfA5E",null,null,null,1,0]],[6,"loading",33554432,7,[[2,-52,[0,"68DBLoYoxNB5aX108cB//x"],[5,109.42,54.4]],[13,"Loading...",24,24,-53,[0,"b3GT5/HIRMj67vZhomRjQB"]],[47,-54,[0,"1aFCaptWpAaq/v8Owt+b7l"]]],[1,"91ceuTp91HvLH0puqLHuNo",null,null,null,1,0]],[7,"SpriteSplash",false,33554432,5,[[2,-55,[0,"8e/0a9S6RE4KnBCLtwZH2o"],[5,1600,30]],[8,0,-56,[0,"d9cS6pTHRAZY6V8b51VoXF"],[4,1862270976],8],[20,40,100,-57,[0,"76n8ZSMCZPvLzQX5AOZ7CH"]]],[1,"c7OcGAN4pNK5d7O4RGuiy+",null,null,null,1,0]],[5,"toastLabel",33554432,5,[[2,-58,[0,"c5+QFAGeZIe6A5IjOBb636"],[5,47.7,27.72]],[44,"toast",22,22,22,-59,[0,"42QjzzkWNNVpX35e08jqRj"]],[48,false,1,-60,[0,"64WKrVsuNGfIrjLI15lA4P"],[4,4279308799]]],[1,"c1h/xwXv1P5JWwLLAaKD/w",null,null,null,1,0],[1,0,0.28,0]],[6,"SpriteSplash",33554432,3,[[2,-61,[0,"a1uU9hM+hDO4Lm7SLdpSwV"],[5,1600,800]],[8,0,-62,[0,"13mbTgvg9Dc738OEbt+YxN"],[4,2080374784],12],[4,45,100,100,-63,[0,"5dLvHLuy5HtrgERed1j1sd"]]],[1,"b3vqHkJXlM0qDzNl8Smndq",null,null,null,1,0]],[6,"props_icon_dating_loading",33554432,3,[[2,-64,[0,"53B+ICvohBHp8RWMHgdRU7"],[5,355,244]],[37,0,false,-65,[0,"0fOdj6459D7Zjlsk0lYjJz"],13,14],[49,true,-66,[0,"c1QMxMz5BKgow5SrLBC6uo"],[15],16]],[1,"03ednAmixA54cFnZ3DWIDj",null,null,null,1,0]],[5,"props_toastWrap_bottom",33554432,6,[[12,-67,[0,"8cCzEfvyFHyY9poG87pG7a"],[5,1600,-10],[0,0.5,0]],[21,44,100,100,-68,[0,"b4tMq3p3pKIKKQUdYidH6M"]],[14,1,2,10,0,-69,[0,"dcVFPMxPhFvoVP02zCLu8E"]]],[1,"4a1PE7XhdJ04Xj10/9UIFU",null,null,null,1,0],[1,0,-300,0]],[6,"props_toastWrap_middle",33554432,6,[[12,-70,[0,"d89aWQlStNI7YY93RCUo7K"],[5,1600,-10],[0,0.5,0]],[21,40,400,100,-71,[0,"45kewt3GVP6p5O3k+d9NsT"]],[14,1,2,10,0,-72,[0,"91NCCw425Auq7B+i1hNqou"]]],[1,"04wSksUclAdbXZAoxIOOr5",null,null,null,1,0]],[5,"props_toastWrap_top",33554432,6,[[12,-73,[0,"36QCW6RjRB25JNlGGIUhRk"],[5,1600,-10],[0,0.5,0]],[33,41,80,700,100,-10,-74,[0,"bab/QWJf5NLqreUxQQGiUw"]],[14,1,2,10,0,-75,[0,"a0837XzBpP5J7t9Uc7LMac"]]],[1,"582OPouKRBML+Udl0F8RXj",null,null,null,1,0],[1,0,330,0]],[30,"Label",512,33554432,2,[[2,-76,[0,"c4IqAPklFAholfFl++QUxU"],[5,100,40]],[45,"restart",20,20,1,false,-77,[0,"c8ijmJHexIlIN6OdTtk+4E"],[4,4278190080]]],[1,"10UKwrlkpCaKRnELzmV10Q",null,null,null,1,0]],[6,"props_mainBoard",33554432,1,[[2,-78,[0,"71lfzLx1RAa4SSnpwVOffs"],[5,1600,800]],[4,45,100,100,-79,[0,"b9SZwtULFOfqDA44zb7Umm"]]],[1,"b0K2FFJkBJhLsQBbyiQnx2",null,null,null,1,0]],[31,0,{},1,[35,"d9mP3XOfpIoZ1WT2pR4FN8",null,null,-80,[50,"8fb4rGp+hCPIibu96gMeKD",1,[[25,"props_subGameHeader",["_name"],9],[15,["_lpos"],9,[1,0,360.4155,0]],[15,["_lrot"],9,[3,0,0,0,1]],[15,["_euler"],9,[1,0,0,0]],[25,false,["_active"],9],[51,["_contentSize"],[24,["ceUv5h7sBOWrLQzDBNyMfI"]],[5,1600,79.16900000000001]]]],11]],[6,"props_marquee",33554432,1,[[2,-81,[0,"1f8HAGyL5MWrHUpG2oDzc9"],[5,1600,800]],[4,45,100,100,-82,[0,"a51lhdo79CGZZMgUuXy/gV"]]],[1,"cfZ4qEM/ZBZoPmL0aO+N4J",null,null,null,1,0]],[7,"loadingText",false,33554432,3,[[2,-83,[0,"4f1Xv1vQxCvKwPDtyoIA8W"],[5,87.85,50.4]],[13,"Loading...",20,20,-84,[0,"51akEjiMtMdpt0V3oxRYLZ"]]],[1,"7aXo2QfFRJ0Z9TfIbtBOhE",null,null,null,1,0]]],0,[0,-1,21,0,5,1,0,0,1,0,0,1,0,-1,4,0,-2,7,0,-3,5,0,-4,8,0,-5,20,0,-6,21,0,-7,22,0,-8,3,0,-9,6,0,0,2,0,0,2,0,4,2,0,0,2,0,4,2,0,0,2,0,-1,19,0,0,3,0,0,3,0,0,3,0,-1,14,0,-2,23,0,-3,15,0,0,4,0,0,4,0,0,4,0,-1,10,0,0,5,0,0,5,0,0,5,0,-1,12,0,-2,13,0,0,6,0,0,6,0,-1,16,0,-2,17,0,-3,18,0,0,7,0,0,7,0,0,7,0,-1,11,0,0,8,0,0,8,0,0,8,0,0,8,0,0,10,0,0,10,0,0,10,0,0,11,0,0,11,0,0,11,0,0,12,0,0,12,0,0,12,0,0,13,0,0,13,0,0,13,0,0,14,0,0,14,0,0,14,0,0,15,0,0,15,0,0,15,0,0,16,0,0,16,0,0,16,0,0,17,0,0,17,0,0,17,0,0,18,0,0,18,0,0,18,0,0,19,0,0,19,0,0,20,0,0,20,0,5,21,0,0,22,0,0,22,0,0,23,0,0,23,0,7,1,2,6,4,84],[0,0,0,0,0,0,0,0,0,0,0,0,0,0,0,0,0],[1,3,9,10,11,3,1,1,1,1,1,12,1,1,13,-1,14],[0,0,0,10,11,0,1,2,1,12,2,13,1,14,15,3,3]],[[[16,"subGameHeader"],[10,"subGameHeader",33554432,[-5,-6,-7],[[2,-2,[0,"ceUv5h7sBOWrLQzDBNyMfI"],[5,1600,68]],[22,1,0,-3,[0,"74ywN3GxJI6aKFeEPrRoZo"],15],[20,41,49,-4,[0,"a7gUDrxMpKT5u6m0xnKQw7"]]],[1,"d9mP3XOfpIoZ1WT2pR4FN8",null,null,null,-1,0],[1,0,366,0]],[10,"Back_Bg",33554432,[-12],[[2,-8,[0,"17lr76dzJGaLUFWI+Y3cnI"],[5,54,55]],[3,0,-9,[0,"84Fy3pVklP0IOIvfltQegD"],1],[23,3,-11,[0,"41ETQeZgJMaoGx4dVKz02Y"],-10,2]],[1,"e0GTW45KtCZr/rD04cglbJ",null,null,null,1,0],[1,-126,0,0]],[10,"Moeny_Bg",33554432,[-15,-16,-17],[[2,-13,[0,"c1x16KyaVL34QfUKHscAot"],[5,215,45]],[3,0,-14,[0,"a0dTUQojpGqa16CP4FfvUS"],7]],[1,"4ehIR3P2dAXaC6Vz3d4EDP",null,null,null,1,0],[1,42,0,0]],[11,"Up_Right",33554432,1,[-22],[[2,-18,[0,"d5h/DHJGBAdL61Q5VmrYGF"],[5,58,60]],[3,0,-19,[0,"edDRkgdmpGz6p2zC3ggt2u"],13],[23,3,-21,[0,"94AwprHFpC/oqgwIsJg+s4"],-20,14]],[1,"414dJNG/VAXKlxBBdqJa1K",null,null,null,1,0],[1,462,8,0]],[11,"Up_Left",33554432,1,[2,3],[[2,-23,[0,"f8JeOh35JAZILS6VN8B3vS"],[5,350,55]]],[1,"bbmme0ltZJariJUReW7ivk",null,null,null,1,0],[1,-350,6,0]],[5,"Moeny_Top",33554432,3,[[2,-24,[0,"728G58hCxFQpP2AxRQOyNK"],[5,35,36]],[3,0,-25,[0,"f4G1OfWapGs53/pkSNuPgr"],5],[41,3,-26,[0,"25zI/55C9AIatQSNSG0eHL"],6]],[1,"a7HyhP/jlPjbxNp8mygG7o",null,null,null,1,0],[1,88,2,0]],[11,"Up_Middle",33554432,1,[-28,-29],[[2,-27,[0,"cdoyzq6llOGrvfvm8jRdDu"],[5,200,60]]],[1,"189v273T5L2K6gZSTKxfSH",null,null,null,1,0],[1,0,6,0]],[18,"Left_Bg",33554432,7,[-32],[[2,-30,[0,"d2+zi5X8lPW77f5JvNA66L"],[5,140,80]],[26,0,false,"default","animation",-31,[0,"989Q5BMLNBArHSxpkcUkVV"],9]],[1,"748T3gRGJAcq8eVXKk9oKP",null,null,null,1,0],[1,-46,1,0],[1,0.761,0.761,0.761]],[18,"Right_Bg",33554432,7,[-35],[[2,-33,[0,"efQvTpUYxEYKk7P3q5EWwu"],[5,140,80]],[26,0,false,"default","animation",-34,[0,"edEoSY/WdMtIWIax2DOkUs"],11]],[1,"8aIRqjFsFKDbbx9Q2ov15q",null,null,null,1,0],[1,46,1,0],[1,0.756,0.756,0.756]],[5,"Back_Home",33554432,2,[[2,-36,[0,"b8ZXMwdSlBm4CRBCflm4j6"],[5,47,47]],[3,0,-37,[0,"82Ru9VjxpEr63dO92YGwpG"],0]],[1,"4a9uhRWDZMh41/u4CwAimj",null,null,null,1,0],[1,0,2,0]],[5,"Moeny_Rp",33554432,3,[[2,-38,[0,"702FMI1FtGmoTE+Y4A3Smy"],[5,39,42]],[3,0,-39,[0,"b8WaDsQ25KVp9HNYV9AFKe"],3]],[1,"4e5mskhn5ITqc8vW0rLmmD",null,null,null,1,0],[1,-88,0,0]],[5,"Moeny_Label",33554432,3,[[2,-40,[0,"6fpkLraYdEFLa483Y1u/cn"],[5,51.38,40]],[46,"1,000",25,25,false,-2,-41,[0,"e5nJ1x+UNGuaklfBzGifoP"],4]],[1,"dfhNAAhJpECbXGeLIqnjRK",null,null,null,1,0],[1,0,-2,0]],[19,"Left_Label",33554432,8,[[2,-42,[0,"012zXuU99O/6n+iyg9aDYe"],[5,52,20]],[3,0,-43,[0,"503x+R+TdJorJopI92yB9s"],8]],[1,"56KNk1D91BjZL0AHHpHsdq",null,null,null,1,0],[1,2.6281208935611176,1.3140604467805588,0],[1,1.314060446780552,1.314060446780552,1.314060446780552]],[19,"Right_Label",33554432,9,[[2,-44,[0,"5ebjA1xqtNr41JLU0rXHf+"],[5,78,20]],[3,0,-45,[0,"82n5/frStNu4rP2+nTYHQs"],10]],[1,"0d+o7V6OREKJFEGHd6pGVF",null,null,null,1,0],[1,-2.645502645502688,1.322751322751401,0],[1,1.3227513227513228,1.3227513227513228,1.3227513227513228]],[5,"Up_Settings",33554432,4,[[2,-46,[0,"eea9wppxVJZYEm9BsXh+k3"],[5,45,45]],[3,0,-47,[0,"1esxIfl9FMwoQIFOSXYrd/"],12]],[1,"4eqETvT5tLKryo/rUmxqAa",null,null,null,1,0],[1,0,-1,0]]],0,[0,5,1,0,0,1,0,0,1,0,0,1,0,-1,5,0,-2,7,0,-3,4,0,0,2,0,0,2,0,4,2,0,0,2,0,-1,10,0,0,3,0,0,3,0,-1,11,0,-2,12,0,-3,6,0,0,4,0,0,4,0,4,4,0,0,4,0,-1,15,0,0,5,0,0,6,0,0,6,0,0,6,0,0,7,0,-1,8,0,-2,9,0,0,8,0,0,8,0,-1,13,0,0,9,0,0,9,0,-1,14,0,0,10,0,0,10,0,0,11,0,0,11,0,0,12,0,0,12,0,0,13,0,0,13,0,0,14,0,0,14,0,0,15,0,0,15,0,7,1,2,6,5,3,6,5,47],[0,0,0,0,0,0,0,0,0,0,0,0,0,0,0,0],[1,1,3,1,15,1,3,1,1,8,1,8,1,1,3,1],[16,4,4,17,18,5,5,19,20,21,22,23,24,6,6,25]],[[{"name":"btn_caozuo_fanhui","rect":{"x":0,"y":0,"width":55,"height":55},"offset":{"x":0,"y":0},"originalSize":{"width":55,"height":55},"rotated":false,"capInsets":[0,0,0,0],"vertices":{"rawPosition":[-27.5,-27.5,0,27.5,-27.5,0,-27.5,27.5,0,27.5,27.5,0],"indexes":[0,1,2,2,1,3],"uv":[0,55,55,55,0,0,55,0],"nuv":[0,0,1,0,0,1,1,1],"minPos":{"x":-27.5,"y":-27.5,"z":0},"maxPos":{"x":27.5,"y":27.5,"z":0}},"packable":true,"pixelsToUnit":100,"pivot":{"x":0.5,"y":0.5},"meshType":0}],[1],0,[0],[2],[26]],[[{"name":"btn_caozuo_max_di","rect":{"x":0,"y":0,"width":100,"height":87},"offset":{"x":0,"y":0},"originalSize":{"width":100,"height":87},"rotated":false,"capInsets":[0,0,0,0],"vertices":{"rawPosition":[-50,-43.5,0,50,-43.5,0,-50,43.5,0,50,43.5,0],"indexes":[0,1,2,2,1,3],"uv":[0,87,100,87,0,0,100,0],"nuv":[0,0,1,0,0,1,1,1],"minPos":{"x":-50,"y":-43.5,"z":0},"maxPos":{"x":50,"y":43.5,"z":0}},"packable":true,"pixelsToUnit":100,"pivot":{"x":0.5,"y":0.5},"meshType":0}],[1],0,[0],[2],[27]],[[{"name":"bg_slots_caozuo_box2","rect":{"x":0,"y":0,"width":1624,"height":83},"offset":{"x":0,"y":0},"originalSize":{"width":1624,"height":83},"rotated":false,"capInsets":[0,0,0,0],"vertices":{"rawPosition":[-812,-41.5,0,812,-41.5,0,-812,41.5,0,812,41.5,0],"indexes":[0,1,2,2,1,3],"uv":[0,83,1624,83,0,0,1624,0],"nuv":[0,0,1,0,0,1,1,1],"minPos":{"x":-812,"y":-41.5,"z":0},"maxPos":{"x":812,"y":41.5,"z":0}},"packable":true,"pixelsToUnit":100,"pivot":{"x":0.5,"y":0.5},"meshType":0}],[1],0,[0],[2],[28]],[[{"name":"zi_caozuo_SPECLAL","rect":{"x":0,"y":0,"width":95,"height":23},"offset":{"x":0,"y":0},"originalSize":{"width":95,"height":23},"rotated":false,"capInsets":[0,0,0,0],"vertices":{"rawPosition":[-47.5,-11.5,0,47.5,-11.5,0,-47.5,11.5,0,47.5,11.5,0],"indexes":[0,1,2,2,1,3],"uv":[0,23,95,23,0,0,95,0],"nuv":[0,0,1,0,0,1,1,1],"minPos":{"x":-47.5,"y":-11.5,"z":0},"maxPos":{"x":47.5,"y":11.5,"z":0}},"packable":true,"pixelsToUnit":100,"pivot":{"x":0.5,"y":0.5},"meshType":0}],[1],0,[0],[2],[29]],[[{"name":"btn_caozuo_dingbu_di","rect":{"x":0,"y":0,"width":63,"height":64},"offset":{"x":0,"y":0},"originalSize":{"width":63,"height":64},"rotated":false,"capInsets":[0,0,0,0],"vertices":{"rawPosition":[-31.5,-32,0,31.5,-32,0,-31.5,32,0,31.5,32,0],"indexes":[0,1,2,2,1,3],"uv":[0,64,63,64,0,0,63,0],"nuv":[0,0,1,0,0,1,1,1],"minPos":{"x":-31.5,"y":-32,"z":0},"maxPos":{"x":31.5,"y":32,"z":0}},"packable":true,"pixelsToUnit":100,"pivot":{"x":0.5,"y":0.5},"meshType":0}],[1],0,[0],[2],[30]],[[{"name":"shuzi_xiazhujine_0","rect":{"x":0,"y":0,"width":181,"height":27},"offset":{"x":-37.5,"y":114.5},"originalSize":{"width":256,"height":256},"rotated":false,"capInsets":[0,0,0,0],"vertices":{"rawPosition":[-90.5,-13.5,0,90.5,-13.5,0,-90.5,13.5,0,90.5,13.5,0],"indexes":[0,1,2,2,1,3],"uv":[0,256,181,256,0,229,181,229],"nuv":[0,0.89453125,0.70703125,0.89453125,0,1,0.70703125,1],"minPos":{"x":-90.5,"y":-13.5,"z":0},"maxPos":{"x":90.5,"y":13.5,"z":0}},"packable":true,"pixelsToUnit":100,"pivot":{"x":0.5,"y":0.5},"meshType":0}],[1],0,[0],[2],[31]],[[[52,"shuzi_xiazhujine",32,{"commonHeight":32,"fontSize":32,"atlasName":"shuzi_xiazhujine_0.png","fontDefDictionary":{"44":{"xOffset":0,"yOffset":0,"xAdvance":10,"rect":{"x":171,"y":0,"width":10,"height":27}},"48":{"xOffset":0,"yOffset":0,"xAdvance":18,"rect":{"x":0,"y":0,"width":18,"height":27}},"49":{"xOffset":0,"yOffset":0,"xAdvance":12,"rect":{"x":159,"y":0,"width":12,"height":27}},"50":{"xOffset":0,"yOffset":0,"xAdvance":18,"rect":{"x":18,"y":0,"width":18,"height":27}},"51":{"xOffset":0,"yOffset":0,"xAdvance":17,"rect":{"x":108,"y":0,"width":17,"height":27}},"52":{"xOffset":0,"yOffset":0,"xAdvance":18,"rect":{"x":36,"y":0,"width":18,"height":27}},"53":{"xOffset":0,"yOffset":0,"xAdvance":17,"rect":{"x":125,"y":0,"width":17,"height":27}},"54":{"xOffset":0,"yOffset":0,"xAdvance":18,"rect":{"x":54,"y":0,"width":18,"height":27}},"55":{"xOffset":0,"yOffset":0,"xAdvance":17,"rect":{"x":142,"y":0,"width":17,"height":27}},"56":{"xOffset":0,"yOffset":0,"xAdvance":18,"rect":{"x":72,"y":0,"width":18,"height":27}},"57":{"xOffset":0,"yOffset":0,"xAdvance":18,"rect":{"x":90,"y":0,"width":18,"height":27}}},"kerningDict":{}}]],0,0,[0],[16],[32]],[[[27,"SPECIAL","\r\nSPECIAL.png\r\nsize: 1024,512\r\nformat: RGBA8888\r\nfilter: Linear,Linear\r\nrepeat: none\r\nSPECIAL_00000\r\n  rotate: false\r\n  xy: 2, 412\r\n  size: 140, 80\r\n  orig: 140, 80\r\n  offset: 0, 0\r\n  index: -1\r\nSPECIAL_00001\r\n  rotate: false\r\n  xy: 2, 330\r\n  size: 140, 80\r\n  orig: 140, 80\r\n  offset: 0, 0\r\n  index: -1\r\nSPECIAL_00002\r\n  rotate: false\r\n  xy: 144, 412\r\n  size: 140, 80\r\n  orig: 140, 80\r\n  offset: 0, 0\r\n  index: -1\r\nSPECIAL_00003\r\n  rotate: false\r\n  xy: 2, 248\r\n  size: 140, 80\r\n  orig: 140, 80\r\n  offset: 0, 0\r\n  index: -1\r\nSPECIAL_00004\r\n  rotate: false\r\n  xy: 144, 330\r\n  size: 140, 80\r\n  orig: 140, 80\r\n  offset: 0, 0\r\n  index: -1\r\nSPECIAL_00005\r\n  rotate: false\r\n  xy: 286, 412\r\n  size: 140, 80\r\n  orig: 140, 80\r\n  offset: 0, 0\r\n  index: -1\r\nSPECIAL_00006\r\n  rotate: false\r\n  xy: 2, 166\r\n  size: 140, 80\r\n  orig: 140, 80\r\n  offset: 0, 0\r\n  index: -1\r\nSPECIAL_00007\r\n  rotate: false\r\n  xy: 144, 248\r\n  size: 140, 80\r\n  orig: 140, 80\r\n  offset: 0, 0\r\n  index: -1\r\nSPECIAL_00008\r\n  rotate: false\r\n  xy: 286, 330\r\n  size: 140, 80\r\n  orig: 140, 80\r\n  offset: 0, 0\r\n  index: -1\r\nSPECIAL_00009\r\n  rotate: false\r\n  xy: 428, 412\r\n  size: 140, 80\r\n  orig: 140, 80\r\n  offset: 0, 0\r\n  index: -1\r\nSPECIAL_00010\r\n  rotate: false\r\n  xy: 2, 84\r\n  size: 140, 80\r\n  orig: 140, 80\r\n  offset: 0, 0\r\n  index: -1\r\nSPECIAL_00011\r\n  rotate: false\r\n  xy: 144, 166\r\n  size: 140, 80\r\n  orig: 140, 80\r\n  offset: 0, 0\r\n  index: -1\r\nSPECIAL_00012\r\n  rotate: false\r\n  xy: 286, 248\r\n  size: 140, 80\r\n  orig: 140, 80\r\n  offset: 0, 0\r\n  index: -1\r\nSPECIAL_00013\r\n  rotate: false\r\n  xy: 428, 330\r\n  size: 140, 80\r\n  orig: 140, 80\r\n  offset: 0, 0\r\n  index: -1\r\nSPECIAL_00014\r\n  rotate: false\r\n  xy: 570, 412\r\n  size: 140, 80\r\n  orig: 140, 80\r\n  offset: 0, 0\r\n  index: -1\r\nSPECIAL_00015\r\n  rotate: false\r\n  xy: 2, 2\r\n  size: 140, 80\r\n  orig: 140, 80\r\n  offset: 0, 0\r\n  index: -1\r\nSPECIAL_00016\r\n  rotate: false\r\n  xy: 144, 84\r\n  size: 140, 80\r\n  orig: 140, 80\r\n  offset: 0, 0\r\n  index: -1\r\nSPECIAL_00017\r\n  rotate: false\r\n  xy: 286, 166\r\n  size: 140, 80\r\n  orig: 140, 80\r\n  offset: 0, 0\r\n  index: -1\r\nSPECIAL_00018\r\n  rotate: false\r\n  xy: 428, 248\r\n  size: 140, 80\r\n  orig: 140, 80\r\n  offset: 0, 0\r\n  index: -1\r\nSPECIAL_00019\r\n  rotate: false\r\n  xy: 570, 330\r\n  size: 140, 80\r\n  orig: 140, 80\r\n  offset: 0, 0\r\n  index: -1\r\nSPECIAL_00020\r\n  rotate: false\r\n  xy: 712, 412\r\n  size: 140, 80\r\n  orig: 140, 80\r\n  offset: 0, 0\r\n  index: -1\r\nSPECIAL_00021\r\n  rotate: false\r\n  xy: 144, 2\r\n  size: 140, 80\r\n  orig: 140, 80\r\n  offset: 0, 0\r\n  index: -1\r\nSPECIAL_00022\r\n  rotate: false\r\n  xy: 286, 84\r\n  size: 140, 80\r\n  orig: 140, 80\r\n  offset: 0, 0\r\n  index: -1\r\nSPECIAL_00023\r\n  rotate: false\r\n  xy: 428, 166\r\n  size: 140, 80\r\n  orig: 140, 80\r\n  offset: 0, 0\r\n  index: -1\r\nSPECIAL按钮\r\n  rotate: false\r\n  xy: 570, 262\r\n  size: 120, 66\r\n  orig: 120, 66\r\n  offset: 0, 0\r\n  index: -1\r\n",["SPECIAL.png"],{"skeleton":{"hash":"ePwi9Wc+0GbhWCT/ilZL81rrJXk","spine":"3.6.53","width":140,"height":80,"images":"H:/PS/新大厅/UI栏"},"bones":[{"name":"root"},{"name":"bone","parent":"root"},{"name":"bone2","parent":"bone","y":18.15},{"name":"bone3","parent":"bone","y":18.15}],"slots":[{"name":"jiangci","bone":"bone2","attachment":"SPECIAL按钮"},{"name":"jiangci2","bone":"bone3","attachment":"SPECIAL_00023"}],"skins":{"default":{"jiangci":{"SPECIAL按钮":{"width":120,"height":66}},"jiangci2":{"SPECIAL_00000":{"width":140,"height":80},"SPECIAL_00001":{"width":140,"height":80},"SPECIAL_00002":{"width":140,"height":80},"SPECIAL_00003":{"width":140,"height":80},"SPECIAL_00004":{"width":140,"height":80},"SPECIAL_00005":{"width":140,"height":80},"SPECIAL_00006":{"width":140,"height":80},"SPECIAL_00007":{"width":140,"height":80},"SPECIAL_00008":{"width":140,"height":80},"SPECIAL_00009":{"width":140,"height":80},"SPECIAL_00010":{"width":140,"height":80},"SPECIAL_00011":{"width":140,"height":80},"SPECIAL_00012":{"width":140,"height":80},"SPECIAL_00013":{"width":140,"height":80},"SPECIAL_00014":{"width":140,"height":80},"SPECIAL_00015":{"width":140,"height":80},"SPECIAL_00016":{"width":140,"height":80},"SPECIAL_00017":{"width":140,"height":80},"SPECIAL_00018":{"width":140,"height":80},"SPECIAL_00019":{"width":140,"height":80},"SPECIAL_00020":{"width":140,"height":80},"SPECIAL_00021":{"width":140,"height":80},"SPECIAL_00022":{"width":140,"height":80},"SPECIAL_00023":{"width":140,"height":80}}}},"animations":{"animation":{"slots":{"jiangci2":{"color":[{"time":0,"color":"ffffffab"}],"attachment":[{"time":0,"name":"SPECIAL_00000"},{"time":0.1333,"name":"SPECIAL_00001"},{"time":0.2667,"name":"SPECIAL_00002"},{"time":0.4,"name":"SPECIAL_00003"},{"time":0.5333,"name":"SPECIAL_00004"},{"time":0.6667,"name":"SPECIAL_00005"},{"time":0.8,"name":"SPECIAL_00006"},{"time":0.9333,"name":"SPECIAL_00007"},{"time":1.0667,"name":"SPECIAL_00008"},{"time":1.2,"name":"SPECIAL_00009"},{"time":1.3333,"name":"SPECIAL_00010"},{"time":1.4667,"name":"SPECIAL_00011"},{"time":1.6,"name":"SPECIAL_00012"},{"time":1.7333,"name":"SPECIAL_00013"},{"time":1.8667,"name":"SPECIAL_00014"},{"time":2,"name":"SPECIAL_00015"},{"time":2.1333,"name":"SPECIAL_00016"},{"time":2.2667,"name":"SPECIAL_00017"},{"time":2.4,"name":"SPECIAL_00018"},{"time":2.5333,"name":"SPECIAL_00019"},{"time":2.6667,"name":"SPECIAL_00020"},{"time":2.8,"name":"SPECIAL_00021"},{"time":2.9333,"name":"SPECIAL_00022"},{"time":3.0667,"name":"SPECIAL_00023"},{"time":3.2,"name":"SPECIAL_00000"}]}},"bones":{"bone3":{"translate":[{"time":0,"x":-3.73,"y":1.77}]},"bone":{"translate":[{"time":0,"x":0,"y":-17.2}]}}}}},[0]]],0,0,[0],[-1],[33]],[[{"name":"btn_caozuo_shezhi","rect":{"x":0,"y":0,"width":55,"height":55},"offset":{"x":0,"y":0},"originalSize":{"width":55,"height":55},"rotated":false,"capInsets":[0,0,0,0],"vertices":{"rawPosition":[-27.5,-27.5,0,27.5,-27.5,0,-27.5,27.5,0,27.5,27.5,0],"indexes":[0,1,2,2,1,3],"uv":[0,55,55,55,0,0,55,0],"nuv":[0,0,1,0,0,1,1,1],"minPos":{"x":-27.5,"y":-27.5,"z":0},"maxPos":{"x":27.5,"y":27.5,"z":0}},"packable":true,"pixelsToUnit":100,"pivot":{"x":0.5,"y":0.5},"meshType":0}],[1],0,[0],[2],[34]],[[{"name":"auto_loading","spriteFrames":[]}],[8],0,[],[],[]],[[[27,"beli","\r\nbeli.png\r\nsize: 1024,512\r\nformat: RGBA8888\r\nfilter: Linear,Linear\r\nrepeat: none\r\nBELI_00000\r\n  rotate: false\r\n  xy: 2, 412\r\n  size: 140, 80\r\n  orig: 140, 80\r\n  offset: 0, 0\r\n  index: -1\r\nBELI_00001\r\n  rotate: false\r\n  xy: 2, 330\r\n  size: 140, 80\r\n  orig: 140, 80\r\n  offset: 0, 0\r\n  index: -1\r\nBELI_00002\r\n  rotate: false\r\n  xy: 144, 412\r\n  size: 140, 80\r\n  orig: 140, 80\r\n  offset: 0, 0\r\n  index: -1\r\nBELI_00003\r\n  rotate: false\r\n  xy: 2, 248\r\n  size: 140, 80\r\n  orig: 140, 80\r\n  offset: 0, 0\r\n  index: -1\r\nBELI_00004\r\n  rotate: false\r\n  xy: 144, 330\r\n  size: 140, 80\r\n  orig: 140, 80\r\n  offset: 0, 0\r\n  index: -1\r\nBELI_00005\r\n  rotate: false\r\n  xy: 286, 412\r\n  size: 140, 80\r\n  orig: 140, 80\r\n  offset: 0, 0\r\n  index: -1\r\nBELI_00006\r\n  rotate: false\r\n  xy: 2, 166\r\n  size: 140, 80\r\n  orig: 140, 80\r\n  offset: 0, 0\r\n  index: -1\r\nBELI_00007\r\n  rotate: false\r\n  xy: 144, 248\r\n  size: 140, 80\r\n  orig: 140, 80\r\n  offset: 0, 0\r\n  index: -1\r\nBELI_00008\r\n  rotate: false\r\n  xy: 286, 330\r\n  size: 140, 80\r\n  orig: 140, 80\r\n  offset: 0, 0\r\n  index: -1\r\nBELI_00009\r\n  rotate: false\r\n  xy: 428, 412\r\n  size: 140, 80\r\n  orig: 140, 80\r\n  offset: 0, 0\r\n  index: -1\r\nBELI_00010\r\n  rotate: false\r\n  xy: 2, 84\r\n  size: 140, 80\r\n  orig: 140, 80\r\n  offset: 0, 0\r\n  index: -1\r\nBELI_00011\r\n  rotate: false\r\n  xy: 144, 166\r\n  size: 140, 80\r\n  orig: 140, 80\r\n  offset: 0, 0\r\n  index: -1\r\nBELI_00012\r\n  rotate: false\r\n  xy: 286, 248\r\n  size: 140, 80\r\n  orig: 140, 80\r\n  offset: 0, 0\r\n  index: -1\r\nBELI_00013\r\n  rotate: false\r\n  xy: 428, 330\r\n  size: 140, 80\r\n  orig: 140, 80\r\n  offset: 0, 0\r\n  index: -1\r\nBELI_00014\r\n  rotate: false\r\n  xy: 570, 412\r\n  size: 140, 80\r\n  orig: 140, 80\r\n  offset: 0, 0\r\n  index: -1\r\nBELI_00015\r\n  rotate: false\r\n  xy: 2, 2\r\n  size: 140, 80\r\n  orig: 140, 80\r\n  offset: 0, 0\r\n  index: -1\r\nBELI_00016\r\n  rotate: false\r\n  xy: 144, 84\r\n  size: 140, 80\r\n  orig: 140, 80\r\n  offset: 0, 0\r\n  index: -1\r\nBELI_00017\r\n  rotate: false\r\n  xy: 286, 166\r\n  size: 140, 80\r\n  orig: 140, 80\r\n  offset: 0, 0\r\n  index: -1\r\nBELI_00018\r\n  rotate: false\r\n  xy: 428, 248\r\n  size: 140, 80\r\n  orig: 140, 80\r\n  offset: 0, 0\r\n  index: -1\r\nBELI_00019\r\n  rotate: false\r\n  xy: 570, 330\r\n  size: 140, 80\r\n  orig: 140, 80\r\n  offset: 0, 0\r\n  index: -1\r\nBELI_00020\r\n  rotate: false\r\n  xy: 712, 412\r\n  size: 140, 80\r\n  orig: 140, 80\r\n  offset: 0, 0\r\n  index: -1\r\nBELI_00021\r\n  rotate: false\r\n  xy: 144, 2\r\n  size: 140, 80\r\n  orig: 140, 80\r\n  offset: 0, 0\r\n  index: -1\r\nBELI_00022\r\n  rotate: false\r\n  xy: 286, 84\r\n  size: 140, 80\r\n  orig: 140, 80\r\n  offset: 0, 0\r\n  index: -1\r\nBELI_00023\r\n  rotate: false\r\n  xy: 428, 166\r\n  size: 140, 80\r\n  orig: 140, 80\r\n  offset: 0, 0\r\n  index: -1\r\nBELI按钮\r\n  rotate: false\r\n  xy: 570, 262\r\n  size: 120, 66\r\n  orig: 120, 66\r\n  offset: 0, 0\r\n  index: -1\r\n",["beli.png"],{"skeleton":{"hash":"q1zYkPi9KGZMCFrOlDKgwV5n3g8","spine":"3.6.53","width":140,"height":80,"images":"H:/PS/新大厅/UI栏"},"bones":[{"name":"root"},{"name":"bone","parent":"root"},{"name":"bone2","parent":"bone","y":18.15},{"name":"bone3","parent":"bone","y":18.15}],"slots":[{"name":"jiangci","bone":"bone2","attachment":"BELI按钮"},{"name":"jiangci2","bone":"bone3","attachment":"BELI_00023"}],"skins":{"default":{"jiangci":{"BELI按钮":{"width":120,"height":66}},"jiangci2":{"BELI_00000":{"width":140,"height":80},"BELI_00001":{"width":140,"height":80},"BELI_00002":{"width":140,"height":80},"BELI_00003":{"width":140,"height":80},"BELI_00004":{"width":140,"height":80},"BELI_00005":{"width":140,"height":80},"BELI_00006":{"width":140,"height":80},"BELI_00007":{"width":140,"height":80},"BELI_00008":{"width":140,"height":80},"BELI_00009":{"width":140,"height":80},"BELI_00010":{"width":140,"height":80},"BELI_00011":{"width":140,"height":80},"BELI_00012":{"width":140,"height":80},"BELI_00013":{"width":140,"height":80},"BELI_00014":{"width":140,"height":80},"BELI_00015":{"width":140,"height":80},"BELI_00016":{"width":140,"height":80},"BELI_00017":{"width":140,"height":80},"BELI_00018":{"width":140,"height":80},"BELI_00019":{"width":140,"height":80},"BELI_00020":{"width":140,"height":80},"BELI_00021":{"width":140,"height":80},"BELI_00022":{"width":140,"height":80},"BELI_00023":{"width":140,"height":80}}}},"animations":{"animation":{"slots":{"jiangci2":{"color":[{"time":0,"color":"ffffff96"}],"attachment":[{"time":0,"name":"BELI_00000"},{"time":0.1333,"name":"BELI_00001"},{"time":0.2667,"name":"BELI_00002"},{"time":0.4,"name":"BELI_00003"},{"time":0.5333,"name":"BELI_00004"},{"time":0.6667,"name":"BELI_00005"},{"time":0.8,"name":"BELI_00006"},{"time":0.9333,"name":"BELI_00007"},{"time":1.0667,"name":"BELI_00008"},{"time":1.2,"name":"BELI_00009"},{"time":1.3333,"name":"BELI_00010"},{"time":1.4667,"name":"BELI_00011"},{"time":1.6,"name":"BELI_00012"},{"time":1.7333,"name":"BELI_00013"},{"time":1.8667,"name":"BELI_00014"},{"time":2,"name":"BELI_00015"},{"time":2.1333,"name":"BELI_00016"},{"time":2.2667,"name":"BELI_00017"},{"time":2.4,"name":"BELI_00018"},{"time":2.5333,"name":"BELI_00019"},{"time":2.6667,"name":"BELI_00020"},{"time":2.8,"name":"BELI_00021"},{"time":2.9333,"name":"BELI_00022"},{"time":3.0667,"name":"BELI_00023"},{"time":3.2,"name":"BELI_00000"}]}},"bones":{"bone3":{"translate":[{"time":0,"x":-1.84,"y":1.77}]},"bone":{"translate":[{"time":0,"x":0,"y":-17.2}]}}}}},[0]]],0,0,[0],[-1],[35]]]]
