[1,["34NnDYv9pNdKIOiDoOIxU5@6c48a"],0,[["sp.SkeletonData",["_name","_atlasText","textureNames","_skeletonJson","textures"],-1,3]],[[0,0,1,2,3,4,5]],[[0,"jidan","\r\njidan.png\r\nsize: 256,256\r\nformat: RGBA8888\r\nfilter: Linear,Linear\r\nrepeat: none\r\njidan_0000_qing4\r\n  rotate: true\r\n  xy: 172, 8\r\n  size: 18, 33\r\n  orig: 18, 33\r\n  offset: 0, 0\r\n  index: -1\r\njidan_0001_1\r\n  rotate: true\r\n  xy: 116, 117\r\n  size: 52, 62\r\n  orig: 52, 62\r\n  offset: 0, 0\r\n  index: -1\r\njidan_0002_3\r\n  rotate: true\r\n  xy: 118, 3\r\n  size: 49, 52\r\n  orig: 49, 52\r\n  offset: 0, 0\r\n  index: -1\r\njidan_0003_2\r\n  rotate: true\r\n  xy: 207, 204\r\n  size: 50, 47\r\n  orig: 50, 47\r\n  offset: 0, 0\r\n  index: -1\r\njidan_0004_peng\r\n  rotate: false\r\n  xy: 207, 177\r\n  size: 32, 25\r\n  orig: 32, 25\r\n  offset: 0, 0\r\n  index: -1\r\njidan_0005_dan1\r\n  rotate: false\r\n  xy: 118, 54\r\n  size: 59, 61\r\n  orig: 59, 61\r\n  offset: 0, 0\r\n  index: -1\r\njidan_0006_dan2\r\n  rotate: true\r\n  xy: 179, 28\r\n  size: 62, 67\r\n  orig: 62, 67\r\n  offset: 0, 0\r\n  index: -1\r\njidan_0007_dan3\r\n  rotate: false\r\n  xy: 180, 92\r\n  size: 70, 77\r\n  orig: 70, 77\r\n  offset: 0, 0\r\n  index: -1\r\njidan_0008_qing1\r\n  rotate: false\r\n  xy: 116, 171\r\n  size: 89, 83\r\n  orig: 89, 83\r\n  offset: 0, 0\r\n  index: -1\r\njidan_0009_qing2\r\n  rotate: true\r\n  xy: 2, 2\r\n  size: 112, 114\r\n  orig: 112, 114\r\n  offset: 0, 0\r\n  index: -1\r\njidan_0010_qing3\r\n  rotate: false\r\n  xy: 2, 116\r\n  size: 112, 138\r\n  orig: 112, 138\r\n  offset: 0, 0\r\n  index: -1\r\n",["jidan.png"],{"skeleton":{"hash":"o9M9jUblZA5EbOqFdisyBzu2eAo","spine":"3.8.99","x":-56,"y":-80.8,"width":118.17,"height":143.75,"images":"","audio":""},"bones":[{"name":"root"},{"name":"jd","parent":"root","rotation":179.07,"x":0.01,"y":16.6},{"name":"jidan3","parent":"root","x":-11.89,"y":-3.71},{"name":"jidan2","parent":"root","x":15.09,"y":19.92},{"name":"peng1","parent":"root","x":-15.91,"y":35.31},{"name":"peng2","parent":"root","rotation":-131.56,"x":38.06,"y":4.09},{"name":"dan1","parent":"root","x":-0.74,"y":1.64},{"name":"dan2","parent":"root","x":3.05,"y":-16.87},{"name":"dan3","parent":"root","length":21.45,"rotation":-81.03,"x":-8.33,"y":29.74},{"name":"bone2","parent":"dan3","length":26.34,"rotation":4.24,"x":36.12,"y":2.88},{"name":"bone3","parent":"dan3","length":15.99,"rotation":-31.96,"x":42.05,"y":-8.22},{"name":"qing1","parent":"root","x":8.52,"y":11.96},{"name":"qing2","parent":"root","x":6.49,"y":45},{"name":"qing3","parent":"root","length":32.88,"rotation":-94.87,"x":9.26,"y":51.94},{"name":"bone4","parent":"qing3","length":40.72,"rotation":1.3,"x":43.81,"y":0.42},{"name":"bone5","parent":"bone4","length":34.8,"rotation":3.99,"x":52.74,"y":-1.03},{"name":"qing4","parent":"root","x":-24.78,"y":-61.35}],"slots":[{"name":"qing3","bone":"bone5","attachment":"jidan_0010_qing3"},{"name":"dan3","bone":"bone3","attachment":"jidan_0007_dan3"},{"name":"qing2","bone":"qing2","attachment":"jidan_0009_qing2"},{"name":"qing1","bone":"qing1","attachment":"jidan_0008_qing1"},{"name":"dan1","bone":"dan1","attachment":"jidan_0005_dan1"},{"name":"jidan_0001_1","bone":"jd","attachment":"jidan_0001_1"},{"name":"jidan2","bone":"jidan2","attachment":"jidan_0003_2"},{"name":"jidan3","bone":"jidan3","attachment":"jidan_0002_3"},{"name":"peng","bone":"peng1","attachment":"jidan_0004_peng","blend":"screen"},{"name":"peng2","bone":"peng2","attachment":"jidan_0004_peng","blend":"screen"},{"name":"dan2","bone":"dan2","attachment":"jidan_0006_dan2"},{"name":"qing4","bone":"qing4","attachment":"jidan_0000_qing4","blend":"screen"}],"skins":[{"name":"default","attachments":{"dan1":{"jidan_0005_dan1":{"x":1.24,"y":-1.14,"width":59,"height":61}},"dan2":{"jidan_0006_dan2":{"x":-3.05,"y":17.37,"width":62,"height":67}},"dan3":{"jidan_0007_dan3":{"type":"mesh","hull":25,"width":70,"height":77,"uvs":[0.48585,0.00124,0.22615,0.0026,0.14089,0.07804,0.02135,0.1838,0,0.35003,0,0.49299,0,0.68416,0.0638,0.74533,0.11095,0.79055,0.18409,0.91024,0.25175,0.97008,0.42364,0.96011,0.49129,1,0.60649,1,0.71255,1,0.77293,0.92376,0.81129,0.87533,0.84055,0.7839,0.95941,0.70244,1,0.59439,1,0.4747,1,0.28686,0.97038,0.20541,0.86615,0.09735,0.72169,0,0.23901,0.08065,0.22406,0.18841,0.20669,0.33697,0.21513,0.48906,0.22683,0.6638,0.22731,0.7375,0.23694,0.7894,0.26867,0.90553,0.42705,0.89671,0.44748,0.78748,0.46159,0.72628,0.44919,0.64384,0.45465,0.48468,0.47106,0.32027,0.46784,0.19396,0.48571,0.08722,0.61182,0.94053,0.6157,0.88621,0.62855,0.78583,0.64528,0.71749,0.64911,0.62589,0.66719,0.48079,0.66611,0.30795,0.68082,0.19881,0.68082,0.09242],"triangles":[25,1,0,2,1,25,40,25,0,49,0,24,40,0,49,49,24,23,26,2,25,3,2,26,39,25,40,26,25,39,48,49,23,40,49,48,39,40,48,48,23,22,47,39,48,47,48,22,47,22,21,38,39,47,27,3,26,38,27,26,38,26,39,4,3,27,47,21,20,46,47,20,38,47,46,37,27,38,37,38,46,28,27,37,4,27,28,5,4,28,46,20,19,45,37,46,45,46,19,36,28,37,36,37,45,29,28,36,29,6,5,29,5,28,18,45,19,44,36,45,44,45,18,35,36,44,35,30,29,35,29,36,7,6,29,30,7,29,17,44,18,43,35,44,43,44,17,34,30,35,34,35,43,31,30,34,8,7,30,8,30,31,16,43,17,42,34,43,42,43,16,34,32,31,33,34,42,33,32,34,9,8,31,9,31,32,15,42,16,41,33,42,41,42,15,11,32,33,11,33,41,10,9,32,10,32,11,12,11,41,13,12,41,14,41,15,13,41,14],"vertices":[2,8,-7.91,8.68,0.98486,9,-43.49,9.04,0.01514,2,8,-10.64,-9.3,0.99057,10,-44.13,-28.81,0.00943,2,8,-5.84,-16.1,0.95652,10,-36.46,-32.03,0.04348,2,8,0.9,-25.63,0.86627,10,-25.69,-36.56,0.13373,2,8,13.31,-29.11,0.69495,10,-13.32,-32.93,0.30505,2,8,24.18,-30.82,0.45821,10,-3.19,-28.63,0.54179,2,8,38.72,-33.12,0.1888,10,10.36,-22.88,0.8112,2,8,44.07,-29.44,0.1187,10,12.95,-16.93,0.8813,2,8,48.03,-26.72,0.05873,10,14.87,-12.53,0.94127,2,8,57.93,-23.1,0.00127,10,21.35,-4.22,0.99873,2,9,25.39,-23.96,0.02572,10,23.74,1.94,0.97428,2,9,27.4,-12.07,0.55607,10,18.34,12.71,0.44393,2,9,31.47,-8.17,0.84498,10,19.32,18.27,0.15502,2,9,33.31,-0.32,0.99158,10,16.17,25.7,0.00842,1,9,35.01,6.91,1,2,8,65.39,17.45,0.00006,9,30.26,12.37,0.99994,2,8,62.12,20.68,0.00199,9,27.24,15.84,0.99801,2,8,55.49,23.8,0.02512,9,20.86,19.44,0.97488,2,8,50.59,33,0.09429,9,16.65,28.97,0.90571,2,8,42.81,37.1,0.17101,9,9.2,33.64,0.82899,2,8,33.71,38.54,0.30239,9,0.23,35.75,0.69761,2,8,19.42,40.8,0.53823,9,-13.85,39.05,0.46177,2,8,12.91,39.73,0.61693,9,-20.43,38.47,0.38307,2,8,3.55,33.82,0.75519,9,-30.2,33.27,0.24481,2,8,-5.43,25,0.88262,9,-39.81,25.13,0.11738,2,8,-4.57,-9.35,0.98312,10,-38.95,-25.63,0.01688,2,8,3.47,-11.67,0.94412,10,-30.91,-23.35,0.05588,2,8,14.57,-14.66,0.80488,10,-19.9,-20.01,0.19512,3,8,26.23,-15.9,0.5049,9,-11.25,-17.99,0.00787,10,-9.35,-14.89,0.48723,2,8,39.65,-17.19,0.10925,10,2.72,-8.88,0.89075,2,8,45.26,-18.04,0.03799,10,7.93,-6.63,0.96201,2,8,49.32,-18,0.0127,10,11.34,-4.45,0.9873,2,9,20.82,-21.67,0.0196,10,18.71,1.09,0.9804,2,9,22.7,-10.73,0.51767,10,13.75,11.03,0.48233,2,9,14.84,-7.41,0.56862,10,5.45,9.06,0.43138,2,9,10.47,-5.37,0.65262,10,0.73,8.13,0.34738,3,8,40.56,-1.58,0.00397,9,4.1,-4.77,0.66414,10,-4.78,4.85,0.33189,3,8,28.52,0.71,0.50727,9,-7.75,-1.59,0.42874,10,-16.21,0.42,0.06398,2,8,16.19,3.82,0.96487,9,-19.81,2.42,0.03513,2,8,6.55,5.12,0.98418,9,-29.33,4.42,0.01582,2,8,-1.37,7.63,0.98339,9,-37.04,7.52,0.01661,2,9,28.94,1.09,0.99789,10,11.81,24.25,0.00211,1,9,24.93,2.31,1,1,9,17.61,4.96,1,2,8,48.3,11.1,0.00515,9,12.75,7.3,0.99485,2,8,41.38,12.46,0.04373,9,5.95,9.17,0.95627,2,8,30.54,15.46,0.31725,9,-4.64,12.96,0.68275,2,8,17.38,17.46,0.70517,9,-17.61,15.93,0.29483,2,8,9.24,19.78,0.81528,9,-25.56,18.85,0.18472,2,8,1.15,21.06,0.87901,9,-33.53,20.72,0.12099],"edges":[6,8,16,18,18,20,20,22,22,24,32,34,34,36,36,38,42,44,44,46,46,48,2,4,4,6,8,10,10,12,38,40,40,42,12,14,14,16,28,30,30,32,4,50,2,50,6,52,50,52,8,54,52,54,10,56,54,56,12,58,56,58,14,60,58,60,16,62,60,62,18,64,62,64,64,20,66,64,22,66,68,62,66,68,70,60,68,70,72,58,70,72,74,56,72,74,76,54,74,76,78,52,76,78,80,50,78,80,2,0,0,48,80,0,24,26,26,28,22,82,82,30,26,82,32,84,84,66,82,84,34,86,86,68,84,86,36,88,88,70,86,88,38,90,90,72,88,90,40,92,92,74,90,92,42,94,94,76,92,94,44,96,96,78,94,96,46,98,98,80,96,98,98,48]}},"jidan2":{"jidan_0003_2":{"x":-7.96,"y":-7.73,"width":50,"height":47}},"jidan3":{"jidan_0002_3":{"x":5.7,"y":0.72,"width":49,"height":52}},"jidan_0001_1":{"jidan_0001_1":{"x":-0.01,"y":14.18,"width":52,"height":62}},"peng":{"jidan_0004_peng":{"x":2.08,"y":8.67,"rotation":72.95,"width":32,"height":25}},"peng2":{"jidan_0004_peng":{"x":2.08,"y":8.67,"rotation":72.95,"width":32,"height":25}},"qing1":{"jidan_0008_qing1":{"x":-7.89,"y":-7.9,"rotation":-81.03,"width":89,"height":83}},"qing2":{"jidan_0009_qing2":{"x":-6.49,"y":-45,"width":112,"height":114}},"qing3":{"jidan_0010_qing3":{"type":"mesh","hull":21,"width":112,"height":138,"uvs":[0.47609,0,0.24023,0.02894,0.1155,0.086,0,0.29214,0,0.51301,0.03839,0.6621,0.11323,0.79462,0.21982,0.89217,0.31053,0.92898,0.39444,0.90505,0.44887,0.99708,0.61669,1,0.69834,0.89585,0.83214,0.77805,0.941,0.68418,0.96821,0.54982,1,0.41178,1,0.2995,0.97275,0.21116,0.85028,0.07311,0.73689,0],"triangles":[19,18,17,15,4,3,19,16,20,17,16,19,15,6,5,20,16,15,20,15,0,14,13,15,5,4,15,0,2,1,0,15,2,3,2,15,13,6,15,6,9,7,6,13,9,13,12,9,8,7,9,11,10,9,12,11,9],"vertices":[2,13,-4.23,-12.34,0.9984,14,-48.32,-11.67,0.0016,2,13,1.99,-38.32,0.90093,14,-42.68,-37.79,0.09907,3,13,11.03,-51.57,0.80262,14,-33.95,-51.24,0.19598,15,-89.99,-44.05,0.0014,3,13,40.47,-62.05,0.48414,14,-4.75,-62.38,0.47388,15,-61.63,-57.19,0.04199,3,13,70.84,-59.46,0.1754,14,25.67,-60.47,0.61543,15,-31.15,-57.41,0.20917,3,13,90.97,-53.42,0.05568,14,45.93,-54.9,0.50295,15,-10.55,-53.26,0.44137,3,13,108.48,-43.52,0.00932,14,63.66,-45.39,0.27357,15,7.8,-45.02,0.71711,3,13,120.88,-30.48,0.00012,14,76.35,-32.64,0.09024,15,21.35,-33.18,0.90964,2,14,80.79,-22.18,0.03154,15,26.5,-23.05,0.96846,2,14,76.91,-13.01,0.00341,15,23.27,-13.63,0.99659,2,14,89.2,-6.13,0,15,36.01,-7.63,1,2,14,88.43,12.65,0.0017,15,36.55,11.16,0.9983,2,14,73.52,20.88,0.09688,15,22.25,20.41,0.90312,3,13,99.36,36.51,0.00013,14,56.36,34.83,0.56332,15,6.1,35.52,0.43655,3,13,85.42,47.56,0.01293,14,42.67,46.19,0.81279,15,-6.76,47.8,0.17428,3,13,66.69,49.02,0.08859,14,23.97,48.07,0.86786,15,-25.28,50.99,0.04355,3,13,47.4,50.95,0.28708,14,4.74,50.44,0.71092,15,-44.31,54.69,0.002,2,13,31.97,49.64,0.49363,14,-10.73,49.47,0.50637,2,13,20.08,45.56,0.65515,14,-22.7,45.66,0.34485,2,13,2.26,30.27,0.91927,14,-40.86,30.78,0.08073,2,13,-6.71,16.76,0.99089,14,-50.14,17.48,0.00911],"edges":[0,2,2,4,4,6,6,8,8,10,10,12,12,14,14,16,16,18,18,20,20,22,22,24,24,26,26,28,28,30,30,32,32,34,34,36,36,38,38,40,0,40]}},"qing4":{"jidan_0000_qing4":{"x":-1.39,"y":12.57,"width":18,"height":33}}}}],"animations":{"animation":{"slots":{"dan1":{"color":[{"color":"ffffff00","curve":"stepped"},{"time":0.2667,"color":"ffffff00"},{"time":0.3,"color":"ffffffb4"},{"time":0.3333,"color":"ffffffff"},{"time":0.3667,"color":"ffffffe5"},{"time":0.4,"color":"ffffff00"}]},"dan2":{"color":[{"color":"ffffff00","curve":"stepped"},{"time":0.3667,"color":"ffffff00"},{"time":0.4,"color":"ffffffff"},{"time":0.4333,"color":"ffffff00"}]},"dan3":{"color":[{"color":"ffffff00","curve":"stepped"},{"time":0.4,"color":"ffffff00"},{"time":0.4333,"color":"ffffff70"},{"time":0.4667,"color":"ffffffff","curve":"stepped"},{"time":1.0667,"color":"ffffffff"},{"time":1.6667,"color":"ffffff00"}]},"jidan2":{"color":[{"color":"ffffff00","curve":"stepped"},{"time":0.2333,"color":"ffffff00"},{"time":0.2667,"color":"ffffffff"},{"time":0.6667,"color":"ffffff86"},{"time":0.8667,"color":"ffffff00"}]},"jidan3":{"color":[{"color":"ffffff00"},{"time":0.2333,"color":"ffffff00"},{"time":0.2667,"color":"ffffffff"},{"time":0.6667,"color":"ffffff8f"},{"time":0.8667,"color":"ffffff00"},{"time":1.6667,"color":"ffffff00"}]},"jidan_0001_1":{"color":[{"color":"ffffffff"},{"time":0.0333,"color":"ffffff00"},{"time":0.0667,"color":"ffffffff"},{"time":0.2667,"color":"ffffff71"},{"time":0.3,"color":"ffffff00"}]},"peng":{"color":[{"color":"ffffff00","curve":"stepped"},{"time":0.2333,"color":"ffffff00"},{"time":0.2667,"color":"ffffffff"},{"time":0.3,"color":"ffffff00"}]},"peng2":{"color":[{"color":"ffffff00","curve":"stepped"},{"time":0.2333,"color":"ffffff00"},{"time":0.2667,"color":"ffffffff"},{"time":0.3,"color":"ffffff00"}]},"qing1":{"color":[{"color":"ffffff00","curve":"stepped"},{"time":0.3,"color":"ffffff00"},{"time":0.3333,"color":"ffffffa4"},{"time":0.3667,"color":"ffffffff"},{"time":0.4,"color":"ffffff00"}]},"qing2":{"color":[{"color":"ffffff00","curve":"stepped"},{"time":0.3667,"color":"ffffff00"},{"time":0.4,"color":"ffffff79"},{"time":0.4333,"color":"ffffff00"}]},"qing3":{"color":[{"color":"ffffff00","curve":"stepped"},{"time":0.4,"color":"ffffff00"},{"time":0.4333,"color":"ffffff76"},{"time":0.4667,"color":"ffffffff","curve":"stepped"},{"time":1.0667,"color":"ffffffff"},{"time":1.6667,"color":"ffffff00"}]},"qing4":{"color":[{"color":"ffffff00"},{"time":0.4667,"color":"ffffff00"},{"time":0.5333,"color":"ffffffff"},{"time":1.3333,"color":"ffffff00"}]}},"bones":{"qing4":{"translate":[{"y":-21.82,"curve":"stepped"},{"time":0.5333,"y":-21.82},{"time":1.3333,"y":-67.64}]},"bone5":{"translate":[{},{"time":1.4,"x":32.2,"y":2.01}]},"qing2":{"translate":[{"x":-2.18,"y":-10.88}]},"qing1":{"translate":[{"x":-2.29,"y":-1.72}]},"peng2":{"rotate":[{"angle":-13.71}],"translate":[{"x":3.39,"y":-14.24}]},"jidan3":{"rotate":[{},{"time":0.2667,"angle":30.7},{"time":0.3333,"angle":-5.94},{"time":0.8667,"angle":30.21},{"time":1.6667}],"translate":[{"x":4.44,"y":-3.49,"curve":"stepped"},{"time":0.2667,"x":4.44,"y":-3.49},{"time":0.3333,"x":-38.87,"y":-3.86},{"time":0.8667,"x":-72.23,"y":-147.12},{"time":1.6667,"x":-142.23,"y":-161.12}],"scale":[{},{"time":0.2667,"x":1.2,"y":1.2},{"time":1.6667}]},"jidan2":{"rotate":[{},{"time":0.2667,"angle":-4.44},{"time":0.3333,"angle":-29.52},{"time":0.8667,"angle":-94.47},{"time":1.6667}],"translate":[{"x":1.58,"y":-3.17},{"time":0.2667,"x":4.44,"y":2.55},{"time":0.3333,"x":40.99,"y":-9.83},{"time":0.8667,"x":71.18,"y":-160.76},{"time":1.6667,"x":1.58,"y":-3.17}],"scale":[{},{"time":0.2667,"x":1.2,"y":1.2},{"time":1.6667}]},"jd":{"rotate":[{},{"time":0.0667,"angle":-16.73},{"time":0.1333,"angle":-60.52},{"time":0.2,"angle":-30.56}],"translate":[{},{"time":0.0667,"x":-9.19,"y":-18.7},{"time":0.1333,"x":9.33,"y":-6.68}]},"bone3":{"rotate":[{},{"time":1.4667,"angle":7.72}],"translate":[{},{"time":1.4667,"x":22.61,"y":1.29}]},"dan2":{"translate":[{"y":-3.73}]},"bone2":{"translate":[{},{"time":1.4667,"x":28.35,"y":-4.48}]}},"deform":{"default":{"dan3":{"jidan_0007_dan3":[{"vertices":[8.83852,-1.39556,8.71114,-2.04523,8.83852,-1.39556,8.23738,3.49464,8.83852,-1.39556,8.23738,3.49464,8.83852,-1.39556,8.23738,3.49464,8.83852,-1.39556,8.23738,3.49464,8.83852,-1.39556,8.23738,3.49464,8.83852,-1.39556,8.23738,3.49464,8.83852,-1.39556,8.23738,3.49464,8.83852,-1.39556,8.23738,3.49464,8.83852,-1.39556,8.23738,3.49464,8.71114,-2.04523,8.23738,3.49464,8.71114,-2.04523,8.23738,3.49464,8.71114,-2.04523,8.23738,3.49464,8.71114,-2.04523,8.23738,3.49464,8.71114,-2.04523,8.83852,-1.39556,8.71114,-2.04523,8.83852,-1.39556,8.71114,-2.04523,8.83852,-1.39556,8.71114,-2.04523,8.83852,-1.39556,8.71114,-2.04523,8.83852,-1.39556,8.71114,-2.04523,8.83852,-1.39556,8.71114,-2.04523,8.83852,-1.39556,8.71114,-2.04523,8.83852,-1.39556,8.71114,-2.04523,8.83852,-1.39556,8.71114,-2.04523,8.83852,-1.39556,8.71114,-2.04523,8.83852,-1.39556,8.23738,3.49464,8.83852,-1.39556,8.23738,3.49464,8.83852,-1.39556,8.23738,3.49464,8.83852,-1.39556,8.71114,-2.04523,8.23738,3.49464,8.83852,-1.39556,8.23738,3.49464,8.83852,-1.39556,8.23738,3.49464,8.83852,-1.39556,8.23738,3.49464,8.71114,-2.04523,8.23738,3.49464,8.71114,-2.04523,8.23738,3.49464,8.71114,-2.04523,8.23738,3.49464,8.71114,-2.04523,8.23738,3.49464,8.83852,-1.39556,8.71114,-2.04523,8.23738,3.49464,8.83852,-1.39556,8.71114,-2.04523,8.23738,3.49464,8.83852,-1.39556,8.71114,-2.04523,8.83852,-1.39556,8.71114,-2.04523,8.83852,-1.39556,8.71114,-2.04523,8.71114,-2.04523,8.23738,3.49464,8.71114,-2.04523,8.71114,-2.04523,8.83852,-1.39556,8.71114,-2.04523,8.83852,-1.39556,8.71114,-2.04523,8.83852,-1.39556,8.71114,-2.04523,8.83852,-1.39556,8.71114,-2.04523,8.83852,-1.39556,8.71114,-2.04523,8.83852,-1.39556,8.71114,-2.04523]}]},"qing3":{"jidan_0010_qing3":[{"vertices":[11.61648,0.99055,11.63593,0.72725,11.61648,0.99055,11.63593,0.72725,11.61648,0.99055,11.63593,0.72725,11.65832,-0.08509,11.61648,0.99055,11.63593,0.72725,11.65832,-0.08509,11.61648,0.99055,11.63593,0.72725,11.65832,-0.08509,11.61648,0.99055,11.63593,0.72725,11.65832,-0.08509,11.61648,0.99055,11.63593,0.72725,11.65832,-0.08509,11.61648,0.99055,11.63593,0.72725,11.65832,-0.08509,11.63593,0.72725,11.65832,-0.08509,11.63593,0.72725,11.65832,-0.08509,11.63593,0.72725,11.65832,-0.08509,11.63593,0.72725,11.65832,-0.08509,11.63593,0.72725,11.65832,-0.08509,11.61648,0.99055,11.63593,0.72725,11.65832,-0.08509,11.61648,0.99055,11.63593,0.72725,11.65832,-0.08509,11.61648,0.99055,11.63593,0.72725,11.65832,-0.08509,11.61648,0.99055,11.63593,0.72725,11.65832,-0.08509,11.61648,0.99055,11.63593,0.72725,11.61648,0.99055,11.63593,0.72725,11.61648,0.99055,11.63593,0.72725,11.61648,0.99055,11.63593,0.72725]},{"time":0.4667,"vertices":[11.61597,0.99051,11.63544,0.72722,11.61597,0.99051,11.63544,0.72722,11.61597,0.99051,11.63544,0.72722,11.65789,-0.08509,11.61597,0.99051,11.63544,0.72722,11.65789,-0.08509,11.61597,0.99051,11.63544,0.72722,11.65789,-0.08509,11.61597,0.99051,11.63544,0.72722,11.65789,-0.08509,11.61597,0.99051,11.63544,0.72722,11.65789,-0.08509,11.61597,0.99051,11.63544,0.72722,11.65789,-0.08509,11.63544,0.72722,11.65789,-0.08509,11.63544,0.72722,11.65789,-0.08509,11.63544,0.72722,11.65789,-0.08509,11.63544,0.72722,11.65789,-0.08509,11.63544,0.72722,11.65789,-0.08509,11.61597,0.99051,11.63544,0.72722,11.65789,-0.08509,11.61597,0.99051,11.63544,0.72722,11.65789,-0.08509,11.61597,0.99051,11.63544,0.72722,11.65789,-0.08509,11.61597,0.99051,11.63544,0.72722,11.65789,-0.08509,11.61597,0.99051,11.63544,0.72722,11.61597,0.99051,11.63544,0.72722,11.61597,0.99051,11.63544,0.72722,11.61597,0.99051,11.63544,0.72722]},{"time":1.6667,"vertices":[11.61648,0.99055,11.63593,0.72725,11.61648,0.99055,11.63593,0.72725,11.61648,0.99055,11.63593,0.72725,11.65832,-0.08509,11.61648,0.99055,11.63593,0.72725,11.65832,-0.08509,11.61648,0.99055,11.63593,0.72725,11.65832,-0.08509,11.61648,0.99055,11.63593,0.72725,11.65832,-0.08509,11.61648,0.99055,11.63593,0.72725,11.65832,-0.08509,11.61648,0.99055,11.63593,0.72725,11.65832,-0.08509,11.63593,0.72725,11.65832,-0.08509,11.63593,0.72725,11.65832,-0.08509,11.63593,0.72725,11.65832,-0.08509,11.63593,0.72725,11.65832,-0.08509,11.63593,0.72725,11.65832,-0.08509,11.61648,0.99055,11.63593,0.72725,11.65832,-0.08509,11.61648,0.99055,11.63593,0.72725,11.65832,-0.08509,11.61648,0.99055,11.63593,0.72725,11.65832,-0.08509,11.61648,0.99055,11.63593,0.72725,11.65832,-0.08509,11.61648,0.99055,11.63593,0.72725,11.61648,0.99055,11.63593,0.72725,11.61648,0.99055,11.63593,0.72725,11.61648,0.99055,11.63593,0.72725]}]}}}}}},[0]]],0,0,[0],[-1],[0]]
