{"importBase":"import","nativeBase":"native","name":"common","deps":["main"],"uuids":["0104183ce","0108fe33d","01a491d17","04458da39","0450ed69e","046990040","0471768e5","04c5044b0","0668f961a","abU+dMzmdMB4tXJuuOxaY4","95i1oFK/FLM5413HQnDHJz","ecXwhQqTlPgbyfxHU55kVy","07IG5PaX9PVaBDbdVBvhEa@f9941","09goxYmEBGeZ9E3jEG/DgB","09goxYmEBGeZ9E3jEG/DgB@6c48a","09goxYmEBGeZ9E3jEG/DgB@f9941","0aHq2RFGhJe7z/DrkSO1N5@f9941","0eO0yRr/FBzqLvk7aotfiC@f9941","0fU3bkR1ROc5i1eks85iWB","0fU3bkR1ROc5i1eks85iWB@6c48a","0fckUBP7NEz4iDkp5Bai7F@f9941","10bPHNzMVMv6Fqsv0ABuSm@6c48a","063TJTIZxHir1olbTnN6yf","07Y5tB4nFFmZeNs6a9/dj6","0777ab6e4","078c3459a","0a2e47191","0b09a853a","0b6c2160a","0c097f050","0cvjxha79Mg67z9x5PUQ2t@f9941","0cxKfdAURDv7yhq9k+L6Tw@f9941","0db1be276","0dcc37204","0eO0yRr/FBzqLvk7aotfiC","0eO0yRr/FBzqLvk7aotfiC@6c48a","0e42ea3e4","0eee6a70e","0fU3bkR1ROc5i1eks85iWB@f9941","10bPHNzMVMv6Fqsv0ABuSm","10bPHNzMVMv6Fqsv0ABuSm@f9941","15JTEVwXZA7ZLyPsem4J1+@f9941","16Q7zNs/REGJuj7EIjkQLD@f9941","16339oU6tHg5K6nH9oOeY2","16339oU6tHg5K6nH9oOeY2@6c48a","16339oU6tHg5K6nH9oOeY2@f9941","17eLWQBfhEh7xfyQVkrHyx@f9941","179axHpjdLG6LdTQEXxZTu@f9941","19VSPGJPxM1I+Kc6jc9GFY@f9941","19gjzjVctJnIOaFY408FR8@f9941","1anVhunSdLTrakBUfQ1dAh","1anVhunSdLTrakBUfQ1dAh@6c48a","1co/WZrGFFeKVWVuae/Poi","1co/WZrGFFeKVWVuae/Poi@6c48a","1co/WZrGFFeKVWVuae/Poi@f9941","1eYpbhdgxBVYOKHO9/yiAM@f9941","1eY8MhDQtBSq5GksGGkJrD@f9941","1fD7YwvclCoLaCD+nu5R0A@f9941","1fa9v2KOxAEqzq61vtMf+7","1fa9v2KOxAEqzq61vtMf+7@6c48a","21fczWiipJ+4Nn+4cnH+5a@f9941","2247qbkcpA1LkQwA0Kg2sc","2247qbkcpA1LkQwA0Kg2sc@6c48a","2247qbkcpA1LkQwA0Kg2sc@f9941","24hxrkSkxPEZCul1UJpADK@f9941","25zhXAtrFHL5hVN24zE09y@f9941","27mD3D+zxEC5n95DwIfUh+","29H/5dnZtOwqH9kUnkYHPx@f9941","2bUy5QzgJFHLCfm6WdMb4Z","2bUy5QzgJFHLCfm6WdMb4Z@6c48a","2eMawkd+BAuaJTOerixHlF","2eMawkd+BAuaJTOerixHlF@6c48a","2eMawkd+BAuaJTOerixHlF@f9941","2eUiqXJ5tHBK+7SBBkyE3M","3170vwTIJHCK218reuj0dv","3170vwTIJHCK218reuj0dv@6c48a","3170vwTIJHCK218reuj0dv@f9941","32tJWC0S9DLZGuH5kpbibr@f9941","330NdTw15Iu7mCMVmWWjlr","330NdTw15Iu7mCMVmWWjlr@6c48a","330NdTw15Iu7mCMVmWWjlr@f9941","332UqbiZFESp4MjyJQkbGA@f9941","34NnDYv9pNdKIOiDoOIxU5","34NnDYv9pNdKIOiDoOIxU5@6c48a","34ugUmuXdAg6UvbfTfMEp7","34ugUmuXdAg6UvbfTfMEp7@6c48a","35c/v9BCJFvL7cUP4srXfc@f9941","37Vni0zFdESbxjH3aU9KaD@f9941","38/GS5BElOQ7JWc7Jbf8Ge","39AmbCr2NGArh2PdP+o4NP@f9941","39EiuO2UxNMYClppgBax1+","39EiuO2UxNMYClppgBax1+@6c48a","39EiuO2UxNMYClppgBax1+@f9941","3atKJ9UJxDW66qtdNz0Z0x@f9941","3de+8suQ5P54LYQ4dwwwCg@f9941","3eW/K/paZBVJAQXNqfYdaG@f9941","3en3BvYrZEWIDgX1hBEHCB","3en3BvYrZEWIDgX1hBEHCB@6c48a","3en3BvYrZEWIDgX1hBEHCB@f9941","4158HSIDhEaILnniPuCSla@f9941","42LLaaMmRK3qV3C2AIWjwz@f9941","42ufr1p+FBfaXeV2/EdEMd@f9941","43JjZEwD9Ga5JVQcEyfjsc","43JjZEwD9Ga5JVQcEyfjsc@6c48a","43JjZEwD9Ga5JVQcEyfjsc@f9941","434VsJQPhIw4DNfrjgTrHO","434VsJQPhIw4DNfrjgTrHO@6c48a","434VsJQPhIw4DNfrjgTrHO@f9941","44G2a3y7tIOIDG2G6T7O/b@f9941","45ICrAdXZDnYm1IDMXGcTk","46HAcCPOhAy7Ts1hfSDeVc","46HAcCPOhAy7Ts1hfSDeVc@6c48a","46HAcCPOhAy7Ts1hfSDeVc@f9941","47KmA44ctAaIJnPYuc+i3g","47KmA44ctAaIJnPYuc+i3g@6c48a","47KmA44ctAaIJnPYuc+i3g@f9941","476dKrH61CAJnO6WuO0nJA@f9941","4czd5gwl5O77at2ODYHbQm","4czd5gwl5O77at2ODYHbQm@6c48a","4czd5gwl5O77at2ODYHbQm@f9941","4duu7FkblHrYT3C6wu7JZ7","4fTf8K9D5AK6Batvn0nUGe@f9941","4fWoo8FXtJZq8PSa+IuHO4@f9941","4fg003QuBLUb6EgVjgoDJG@f9941","50btXq3RlH95uYtMGAvCAL@f9941","51oTsLjmZOlqk9/b+Owy5R","51oTsLjmZOlqk9/b+Owy5R@6c48a","51qsd9JxZMFqEQhS6EF8CT@f9941","54KLiwur9Amap2gJMEkLWO@f9941","54sgwCzVRLFYTLJtn0mySJ@f9941","56UMzwg6xEVKfLou1mGlRa@f9941","58eAgOeJ9DSJ4A8QcO564p","58eAgOeJ9DSJ4A8QcO564p@6c48a","59VglDuBdKT6hNXlZ3aspl","5aZZH2KGpE37CzAcBTh0iM","5aZZH2KGpE37CzAcBTh0iM@6c48a","5aZZH2KGpE37CzAcBTh0iM@f9941","5bC3ENgvdIX7V1+CC+cq0I@f9941","5bSbJwUbRH3YWteoWs8Hwk@f9941","5cJBxdgB9Jf4Kp4L0/NvGo","5caQ5QGcNGeJO8BC1giK2y@f9941","5eEUWy72xI2adtoy2l0RFc@f9941","5fkup/H81IJab4PlSYraOh@f9941","61KTUJdppBU4DIbXn2dxqC","61KTUJdppBU4DIbXn2dxqC@6c48a","61KTUJdppBU4DIbXn2dxqC@f9941","61bRP7z7xDxbr4HTSw2bKd@f9941","62n8UBKLFNf4jG1gDr6WW/@f9941","64OZPv68FIw5mg3kRKQL7L","64OZPv68FIw5mg3kRKQL7L@6c48a","64+C00exdCHpQ/pUaaCnEC@f9941","66G+P0t4ZNUrHaxuGqOJD5","66G+P0t4ZNUrHaxuGqOJD5@6c48a","66G+P0t4ZNUrHaxuGqOJD5@f9941","67Pc+JzahPKrkSC0OUJjsk","67Pc+JzahPKrkSC0OUJjsk@6c48a","67Pc+JzahPKrkSC0OUJjsk@f9941","6avyFaTJRLnYoqLlO+nCaV@f9941","6cPgSCsNVHFbdXyNBf+Y2p@f9941","6fyGJg0clLuKmqkbp04h/G@f9941","724OXKhzBCX5lBd/d3gP2s","724OXKhzBCX5lBd/d3gP2s@6c48a","724OXKhzBCX5lBd/d3gP2s@f9941","7353CbBfFJVot/J0Jhb7R+","7353CbBfFJVot/J0Jhb7R+@6c48a","7353CbBfFJVot/J0Jhb7R+@f9941","74AQ69M3NAjput9L6s0T4S@f9941","74QNuO01BGb57HYxgiDqgg","74QNuO01BGb57HYxgiDqgg@6c48a","74QNuO01BGb57HYxgiDqgg@f9941","75mBQQ9cpJLpFKwhemnJK7","75mBQQ9cpJLpFKwhemnJK7@6c48a","75mBQQ9cpJLpFKwhemnJK7@f9941","756AN4mMhGC4ygALH4znAy","759V6gJatDJ7NcUDP3qLgc@f9941","76zJ7MtCRPm7QmXYxeNbby@f9941","78n66wzD1Pc7KFSxyYxPgn@f9941","79tze+QttP8Jwizs0mvxf7@f9941","7aXV6Y2NhHxaxxq0Wf6sCo@f9941","7anaVqazhJsastaPUDQIvJ@f9941","7bEbffROJCapZOWtzn0948@f9941","7bqLnbp/ZPIJTYNJO0kqdw@f9941","7dOPghCJRIuJ0MAjGME6k8","7dOPghCJRIuJ0MAjGME6k8@6c48a","7dOPghCJRIuJ0MAjGME6k8@f9941","7f63bv+/NBrI2gKrpy5EV8@f9941","82MBLvZINH97r3AqiWmmOl@f9941","82oSekdrFNl6pPHJf1boWU@f9941","87U7uLsJtMrItEuIzWbCRD@f9941","8berpXqJlOqJiXFoROuMCl","8berpXqJlOqJiXFoROuMCl@6c48a","8berpXqJlOqJiXFoROuMCl@f9941","8f7K3l8LxOrKjEi4x80xdu@f9941","91p03+zJhIh6bbiFmksLYY","91p03+zJhIh6bbiFmksLYY@6c48a","91p03+zJhIh6bbiFmksLYY@f9941","91u1R60pBDDYpuHm5EYwqC","92H4x24ONGOKZa1EXcXUwZ","92H4x24ONGOKZa1EXcXUwZ@6c48a","92H4x24ONGOKZa1EXcXUwZ@f9941","92TV9zMHNBUYnWqxQ8WrUV","92TV9zMHNBUYnWqxQ8WrUV@6c48a","92TV9zMHNBUYnWqxQ8WrUV@f9941","92avLMyklJBrG6KwwQ3/mP","94ydoZietOj7fMymIzQlcX","94ydoZietOj7fMymIzQlcX@6c48a","94ydoZietOj7fMymIzQlcX@f9941","95+qmdD39AF4Hs2yQ/f9X2","96NI+9kEZCdYLLHXKAHrL+@f9941","97L71xauJNspUlyHZYu80d","97L71xauJNspUlyHZYu80d@6c48a","97L71xauJNspUlyHZYu80d@f9941","97i3dNrCxLO6lE0+vmJaNJ","97i3dNrCxLO6lE0+vmJaNJ@6c48a","97i3dNrCxLO6lE0+vmJaNJ@f9941","98MHxJQGJGioJVNJ/iiGxL","98MHxJQGJGioJVNJ/iiGxL@6c48a","98MHxJQGJGioJVNJ/iiGxL@f9941","98S1kXkoFAY6+iJXUo2wrV","98S1kXkoFAY6+iJXUo2wrV@6c48a","98S1kXkoFAY6+iJXUo2wrV@f9941","98nH6dfjdI/rzl7zeckIve@f9941","9aTD7Zu+pI8Lrkuz89ge1a@f9941","9cTEkLtQ5M1KctGJx9+j0h@f9941","9cXF+a9xBOQYQxKETm9h75@f9941","9d/GMgG31Cjp0Arz2vSS/x","9d/GMgG31Cjp0Arz2vSS/x@6c48a","9d/GMgG31Cjp0Arz2vSS/x@f9941","9eEgfi8gFOnoC5sLim77Dk","9eEgfi8gFOnoC5sLim77Dk@6c48a","9eEgfi8gFOnoC5sLim77Dk@f9941","9fcAkzkRNOZJm+pCDdRV1E@f9941","a0U1SLIoFAEKFw1kTVvNMC","a0U1SLIoFAEKFw1kTVvNMC@6c48a","a0U1SLIoFAEKFw1kTVvNMC@f9941","a1fhFbeMpLL48MH9ShcT8m","a1fhFbeMpLL48MH9ShcT8m@6c48a","a1fhFbeMpLL48MH9ShcT8m@f9941","a3lmu7InpBjJrwQiyMGRns@f9941","a39gwZOchBk7dfHk+8dB2p@f9941","a4AUBzjydDcaC5xMO7wVDW","a4AUBzjydDcaC5xMO7wVDW@6c48a","a4AUBzjydDcaC5xMO7wVDW@f9941","a4mSmUrAhALqptumTSZNNr","a4mSmUrAhALqptumTSZNNr@6c48a","a4mSmUrAhALqptumTSZNNr@f9941","a5Fai9v3JFva459+yDH4zd","a5Fai9v3JFva459+yDH4zd@6c48a","a8+YmWlVtBWKNBkrngtC2q","a8+YmWlVtBWKNBkrngtC2q@6c48a","a9ML3XpXZOPap6q3F5LoJN@f9941","a9PLBduHRMo6VCa6HbIlyQ@f9941","a9U6QmhDRBsJwlHLdYyav+","aatQ6pxOVIOpFuE54Mji7a@f9941","aa/MXbJN5GYYucIGr3iN4a","aa/MXbJN5GYYucIGr3iN4a@6c48a","abJeCsgotNupXmK6n8U0iu","abJeCsgotNupXmK6n8U0iu@6c48a","abJeCsgotNupXmK6n8U0iu@f9941","acMLJYicFHfY3KGw2EbUXC@f9941","ae55VexThHIYRSh0j6BgW5@f9941","ae6SVXbRZJEKyMez6vGzAg@f9941","b1KKquhU1NjKxGOj+iN3C5","b1KKquhU1NjKxGOj+iN3C5@6c48a","b1cxaL9z5ClbWb/5fKMfNY","b1cxaL9z5ClbWb/5fKMfNY@6c48a","b1cxaL9z5ClbWb/5fKMfNY@f9941","b1kdUMniZGRL0xoNGEC40N","b1kdUMniZGRL0xoNGEC40N@6c48a","b1kdUMniZGRL0xoNGEC40N@f9941","b3kGqVY+RNvoll1WiLF+vv","b3kGqVY+RNvoll1WiLF+vv@6c48a","b3kGqVY+RNvoll1WiLF+vv@f9941","b3meWfhjJANp9JR+RpzWx0","b3meWfhjJANp9JR+RpzWx0@6c48a","b3meWfhjJANp9JR+RpzWx0@f9941","b3u4fN0kVHyqXH5GUhQS0W","b5NZhXUPtJuKL7eNzv/WyE@f9941","b6mpgaElZFMYEOjXrrDGqj","b6mpgaElZFMYEOjXrrDGqj@6c48a","b6mpgaElZFMYEOjXrrDGqj@f9941","b7vPY9+OZNaaT1YGBGIbN+@f9941","b8aezD+RBJmqeu06ol2Zbe@f9941","b9g91CLKRLwK5i0LjeST1Y","b9g91CLKRLwK5i0LjeST1Y@6c48a","b9g91CLKRLwK5i0LjeST1Y@f9941","b90O8FJIpEEpeDnaUsR5BX","b90O8FJIpEEpeDnaUsR5BX@6c48a","b90O8FJIpEEpeDnaUsR5BX@f9941","bcrcnAeM9Ou7Uo6lRJ2LHz","bcrcnAeM9Ou7Uo6lRJ2LHz@6c48a","bddF0ZSy1MkINVhFJFMvzs","bddF0ZSy1MkINVhFJFMvzs@6c48a","bddF0ZSy1MkINVhFJFMvzs@f9941","beJIRv5LZKJJJ413Ih/JK9@f9941","beui2Z9VRIY7OdpKPUhx7t","beui2Z9VRIY7OdpKPUhx7t@6c48a","beyLxpxAVHFYxyuaYML1fZ@f9941","c1M8O0NUpE+KDeitZPuqKr","c1M8O0NUpE+KDeitZPuqKr@6c48a","c2wl9ldCVACIC7RFVHbIHk","c3GzbNPndGVZNq89eOvrqE@f9941","c3UXY3fDlKM7lhVWCabUYS@f9941","c3j6NjTj9Et5TowllWf0VQ@f9941","c3pXMv4wNJdYMCZAdQTaUj@f9941","c4sG773pBBXb43VX6LOJht@f9941","c6vJaGFDhIGYC1IkQ1x1pm@f9941","c9qsiBlH9BlbBkw30rrCDu@f9941","c9rl7R19RF1oHr5kmgRCdB","cbpCy0XtxEH6H8aScKJ969","cbpCy0XtxEH6H8aScKJ969@6c48a","cbpCy0XtxEH6H8aScKJ969@f9941","cdxn4qXHFOBbR1u1CluGOH@f9941","d1r9I1NudNCL4DrZlE3DYQ","d1r9I1NudNCL4DrZlE3DYQ@6c48a","d1r9I1NudNCL4DrZlE3DYQ@f9941","d27zCyIGdIiZV+Jcm4xs8x@f9941","d6Zs79GdhOppelV+XPHLbQ","d6Zs79GdhOppelV+XPHLbQ@6c48a","d64ky4b+JFwrcJUwE6acmX@f9941","d7PYZvGhhJIplsjz/EDGNb@f9941","daJnF282dGmbKLPddLS/4m@f9941","daQEBFBhFGULJfuhpOYMKy@f9941","dbnYVTnjBK9LK4olIriAqE","db8h2MjrpAYpbVhTvPx33x@f9941","ddcLjeb7lAbK79IOSMIcny@f9941","dd7+V8SG1Jf5XpYWOUKsfI@f9941","deT/wF3cRECL6hB1mg6PtX@f9941","dfYqb8DFlE2b7SKm64T36g@f9941","dfZGhx+WNC9pzpJWc/hgm6","dfZGhx+WNC9pzpJWc/hgm6@6c48a","dfZGhx+WNC9pzpJWc/hgm6@f9941","df9nSt1nhIX4lCsFsL+Osq","df9nSt1nhIX4lCsFsL+Osq@6c48a","e3qetiitpDpLvhuDKRuQOd@f9941","e4uT78j39M2aEkr5/5HHvT@f9941","e45fQBDTJOxIYHq4X221xO@f9941","e528r5LRlI15LMHAPcuf0Q@f9941","e6HzYdUYJLB7Z5hJKqAJH6","e6HzYdUYJLB7Z5hJKqAJH6@6c48a","e6HzYdUYJLB7Z5hJKqAJH6@f9941","e6Sm5j9JBL4byNuA3NgTv5@f9941","e6r9jZZWxJoJy1vkAkzU8V","e6r9jZZWxJoJy1vkAkzU8V@6c48a","e6r9jZZWxJoJy1vkAkzU8V@f9941","e6ue5XdatCUJcQ1h42nxsS@f9941","e7rWm8JxBNmITxyi7eQYHd","e7rWm8JxBNmITxyi7eQYHd@6c48a","eafYRmHFRBKoPsheqTavh1","eafYRmHFRBKoPsheqTavh1@6c48a","eafYRmHFRBKoPsheqTavh1@f9941","eapyz/uEJOGJiMvsB5E9Um@f9941","ecs5TeeapKvp9F9u3GBa2V@f9941","edaHaqaA1JT4XsBmadG8kq","edaHaqaA1JT4XsBmadG8kq@6c48a","eds1YjkQ9Pxaos46OmSuf+@f9941","efOBZey41Is45nI7rsJ99R","f0bYo9+r9Ptqkzn/3GCe4z","f0bYo9+r9Ptqkzn/3GCe4z@6c48a","f11VIl6aFB9JyNog+l4vVP","f11VIl6aFB9JyNog+l4vVP@6c48a","f11VIl6aFB9JyNog+l4vVP@f9941","f2xdDvcw1JI7UZb6rbJsrd@f9941","f25fM3lVNBpblbOmUHiLnl@f9941","f3Hy+eF7tB0KqVauQ/uYnb","f3Hy+eF7tB0KqVauQ/uYnb@6c48a","f3LKKhxaRE2qN8P3c1QqtX@f9941","f5FDgx0mFHSbV5gM/EoGEt","f5FDgx0mFHSbV5gM/EoGEt@6c48a","f5FDgx0mFHSbV5gM/EoGEt@f9941","f5FbxlrnJIWrDtj/oTafi8","f7BkaycN1N6KusU1/pbLX7","f7BkaycN1N6KusU1/pbLX7@6c48a","faKu8+IwBKFJKlGT+9EbQd","faKu8+IwBKFJKlGT+9EbQd@6c48a","fbf2dKkD1JD71LC9sQac80","fdM7ofo3JHW7eaPCgNBv2u@f9941","fdUTzUF6xBwrgBIm0j0eMr","fdUTzUF6xBwrgBIm0j0eMr@6c48a","fdUTzUF6xBwrgBIm0j0eMr@f9941","fepv2IQ0lAb7g7ZR9cx7QM@f9941","fe5NAmkd5GZrunhpVeMW7U","fe5NAmkd5GZrunhpVeMW7U@6c48a","11004ec61","11004ec61@6c48a","114ff35ab","114ff35ab@6c48a","12m3KcwvpJx4TOzkSP1a7N","13XmIhRH9Hz7F9Xn+DOO81","13aegcQqlMY5I6jnJ6+2CT","14ad46CnxGH4lm4ZljKy7H","146f3853b","146f3853b@6c48a","15zBfViUVGRajepisCH+Ta","1anVhunSdLTrakBUfQ1dAh@f9941","1b1198072","1b1198072@6c48a","1b191506d","1b191506d@6c48a","1cb8435fc","1cb8435fc@6c48a","1da78d76e","1da78d76e@6c48a","1d/m/F0W9FRqQyqUEBNrC/","29uhrxWeFET5ZHjzB7sifR","2bvqpS0sRGU7yG5fEoXJRm","2cb/M1vvpCCa8fRUHv4Via","31nkNIH3FLY6i+D5Z0WNlv","322DS7jmxNJ6cgIgzsiNQC","34ZG5s0SFCpb1BgzRSbU5b","3a2/GPEDBHJ5izeva/8NDE","3bneatkYtH+LylmLraDVno","43zh4tiD5HT7QeF7DRNwkq","462V2PfIlOY74P6BXdq64O","51oTsLjmZOlqk9/b+Owy5R@f9941","53cVaOBH9PyJwX6pR6nzLX","54tSpyCLpBJLCB0+RmCBM3","5dMTwv235NE4ZhEDn9Xe97","5fanOFr8xMU5vd0Fsk1HfF","61PYbXRUNOpZzERS7LWjZD","6cO/faTwFGTIPFF8trz5Eg","73RtQ5KjFESIlSEyMOaYvq","76ljWACu1OaatdBUZeoezH","7809RJryNPPKRpIZTaTTmq","7dj5uJT9FMn6OrOOx83tfK@f9941","826+zWf1BDJ52anp4XDC/Q","92QZ8PFiNPr7NwZn5uc7Sn","94OQy+7SxBX7ek7wxICxnx","97Ra58Y+lPnq5d2lQZH320","973r0Nt2JJLZhhxfWPR0mn","9c/D0wSZ9B5YBqoH54Pzkq","9fILGEgCpGP6J7BnLQtcnc","a5Fai9v3JFva459+yDH4zd@f9941","a9qMmdVvFBr7Qa6au4lFic","aaTrw5/BpNga0p3fxVYICE","aaj2lli1hPqKbKPZOLIU4I","b1AzYM+EpBp4X7zgPJ4nZp","beuZ31F11G85MDvUBoc0m8","c3eIqc2NJL/7tnsHdk37It","c8vabN9rVG1rZWgdqLnSbI","ceFgm0C99LLL0eLX0HsYGL","ceYdlnpWxMLK/Zp7BIyUy9","d3SXtVqQhDR5EBi8TzZOLb","d3bmL2vI1Jw4uLLAA/pLE4","ddAWp6HMhKqadWiAjEQsn9","e0c1SwaFJLFIMP6FToNLJd","e3YEdcFQZNWrq27S0SaUeO","e9GLEapuFNH7X1O3ue5Rob","edaHaqaA1JT4XsBmadG8kq@f9941","f0xOKdEbdKlo+Vwu9IHkyD","f2wzDTM6VCG7fBqdWxt5GH","f7BkaycN1N6KusU1/pbLX7@f9941","f8lCshLVZL0YmX0Fqkdjvd","faKu8+IwBKFJKlGT+9EbQd@f9941","fe5NAmkd5GZrunhpVeMW7U@f9941"],"paths":{"9":["resource/auto_tips",9],"10":["gift/img/auto-gift",9],"11":["resource/loading/auto_loading",9],"12":["resource/img_common_di2/spriteFrame",2,1],"13":["resource/vip/VIP10",0],"14":["resource/vip/VIP10/texture",1,1],"15":["resource/vip/VIP10/spriteFrame",2,1],"16":["resource/btn_off/spriteFrame",2,1],"17":["resource/vip/b_VIP4/spriteFrame",2,1],"18":["resource/vip/b_VIP17",0],"19":["resource/vip/b_VIP17/texture",1,1],"20":["resource/Katasandi/spriteFrame",2,1],"21":["resource/vip/b_VIP25/texture",1,1],"22":["animation/bangdingshouji_icon",4],"23":["gift/car/shuitong",5],"30":["gift/img/icon_gift_user/spriteFrame",2,1],"31":["resource/bg_xifneng_shufukuang/spriteFrame",2,1],"34":["resource/vip/b_VIP4",0],"35":["resource/vip/b_VIP4/texture",1,1],"38":["resource/vip/b_VIP17/spriteFrame",2,1],"39":["resource/vip/b_VIP25",0],"40":["resource/vip/b_VIP25/spriteFrame",2,1],"41":["resource/btn_xinfeng_guanbi/spriteFrame",2,1],"42":["resource/loading/loading16/spriteFrame",2,1],"43":["resource/vip/b_VIP16",0],"44":["resource/vip/b_VIP16/texture",1,1],"45":["resource/vip/b_VIP16/spriteFrame",2,1],"46":["resource/NomorHP/spriteFrame",2,1],"47":["gift/img/bg_gift_daojubox_daojuban/spriteFrame",2,1],"48":["resource/gold/icon_dt_shop_jinb4/spriteFrame",2,1],"49":["resource/head/head_7/spriteFrame",2,1],"50":["animation/offloading",0],"51":["animation/offloading/texture",1,1],"52":["resource/vip/b_VIP3",0],"53":["resource/vip/b_VIP3/texture",1,1],"54":["resource/vip/b_VIP3/spriteFrame",2,1],"55":["resource/icon_yincang/spriteFrame",2,1],"56":["resource/newsTicker_bg/spriteFrame",2,1],"57":["resource/loading/loading3/spriteFrame",2,1],"58":["header/PublicSkeleton/spine_guangquan",0],"59":["header/PublicSkeleton/spine_guangquan/texture",1,1],"60":["resource/pro_common_bg/spriteFrame",2,1],"61":["resource/vip/VIP21",0],"62":["resource/vip/VIP21/texture",1,1],"63":["resource/vip/VIP21/spriteFrame",2,1],"64":["resource/btn_set_on/spriteFrame",2,1],"65":["resource/btn_hall_head2/spriteFrame",2,1],"66":["gift/prefabs/prefabs_gift_animation",8],"67":["resource/head/head_2/spriteFrame",2,1],"68":["gift/car/xihongshi",0],"69":["gift/car/xihongshi/texture",1,1],"70":["resource/vip/b_VIP10",0],"71":["resource/vip/b_VIP10/texture",1,1],"72":["resource/vip/b_VIP10/spriteFrame",2,1],"73":["animation/star",6],"74":["resource/vip/b_VIP7",0],"75":["resource/vip/b_VIP7/texture",1,1],"76":["resource/vip/b_VIP7/spriteFrame",2,1],"77":["resource/icon_common_woman/spriteFrame",2,1],"78":["resource/vip/b_VIP12",0],"79":["resource/vip/b_VIP12/texture",1,1],"80":["resource/vip/b_VIP12/spriteFrame",2,1],"81":["resource/loading/loading2/spriteFrame",2,1],"82":["gift/car/jidan",0],"83":["gift/car/jidan/texture",1,1],"84":["resource/gold/icon_dt_shop_jinbi0",0],"85":["resource/gold/icon_dt_shop_jinbi0/texture",1,1],"86":["resource/btn_dt_huang/spriteFrame",2,1],"87":["resource/word_tips_cancel/spriteFrame",2,1],"88":["animation/animation_autoLauncher_up",3],"89":["resource/word_tips_ok/spriteFrame",2,1],"90":["resource/vip/b_VIP18",0],"91":["resource/vip/b_VIP18/texture",1,1],"92":["resource/vip/b_VIP18/spriteFrame",2,1],"93":["resource/head/head_3/spriteFrame",2,1],"94":["resource/head/head_circle_8/spriteFrame",2,1],"95":["resource/newsTicker_bg1/spriteFrame",2,1],"96":["resource/vip/b_VIP0",0],"97":["resource/vip/b_VIP0/texture",1,1],"98":["resource/vip/b_VIP0/spriteFrame",2,1],"99":["resource/gold/icon_dt_shop_jinb2/spriteFrame",2,1],"100":["resource/loading/loading12/spriteFrame",2,1],"101":["gift/img/img_icon_shoe/spriteFrame",2,1],"102":["animation/stars",0],"103":["animation/stars/texture",1,1],"104":["animation/stars/spriteFrame",2,1],"105":["fonts/welcome_font_0",0],"106":["fonts/welcome_font_0/texture",1,1],"107":["fonts/welcome_font_0/spriteFrame",2,1],"108":["resource/btn_common_down/spriteFrame",2,1],"109":["fonts/num_shop_num",7],"110":["resource/vip/VIP12",0],"111":["resource/vip/VIP12/texture",1,1],"112":["resource/vip/VIP12/spriteFrame",2,1],"113":["resource/vip/VIP0",0],"114":["resource/vip/VIP0/texture",1,1],"115":["resource/vip/VIP0/spriteFrame",2,1],"116":["resource/loading/loading5/spriteFrame",2,1],"117":["resource/vip/b_VIP24",0],"118":["resource/vip/b_VIP24/texture",1,1],"119":["resource/vip/b_VIP24/spriteFrame",2,1],"120":["animation/animation_akunUp",3],"121":["resource/img_common_di1/spriteFrame",2,1],"122":["resource/word_tips_title/spriteFrame",2,1],"123":["resource/head/head_circle_5/spriteFrame",2,1],"124":["gift/img/img_icon_durian/spriteFrame",2,1],"125":["animation/bangdingshouji_icon",0],"126":["animation/bangdingshouji_icon/texture",1,1],"127":["resource/head/head_1/spriteFrame",2,1],"128":["resource/head/head_circle_3/spriteFrame",2,1],"129":["resource/loading/loading1/spriteFrame",2,1],"130":["resource/icon_dating_loading/spriteFrame",2,1],"131":["gift/car/pjgb",0],"132":["gift/car/pjgb/texture",1,1],"133":["fonts/zi_shop_buy",7],"134":["resource/vip/b_VIP5",0],"135":["resource/vip/b_VIP5/texture",1,1],"136":["resource/vip/b_VIP5/spriteFrame",2,1],"137":["resource/head/head_circle_4/spriteFrame",2,1],"138":["resource/loading/loading8/spriteFrame",2,1],"139":["animation/snow11",6],"140":["gift/img/img_icon_kiss/spriteFrame",2,1],"141":["resource/head/head_8/spriteFrame",2,1],"142":["resource/Konfirmamsi Kata Sandi/spriteFrame",2,1],"143":["resource/vip/b_VIP15",0],"144":["resource/vip/b_VIP15/texture",1,1],"145":["resource/vip/b_VIP15/spriteFrame",2,1],"146":["gift/img/btn_gift_xuanzhong/spriteFrame",2,1],"147":["resource/loading/loading6/spriteFrame",2,1],"148":["animation/shoujibangding_ruchang",0],"149":["animation/shoujibangding_ruchang/texture",1,1],"150":["resource/btn_mengikat/spriteFrame",2,1],"151":["resource/vip/VIP7",0],"152":["resource/vip/VIP7/texture",1,1],"153":["resource/vip/VIP7/spriteFrame",2,1],"154":["resource/vip/b_VIP19",0],"155":["resource/vip/b_VIP19/texture",1,1],"156":["resource/vip/b_VIP19/spriteFrame",2,1],"157":["resource/png_update_tipsBg/spriteFrame",2,1],"158":["resource/head/head_circle_7/spriteFrame",2,1],"159":["resource/panel_common_left/spriteFrame",2,1],"160":["resource/vip/b_VIP14",0],"161":["resource/vip/b_VIP14/texture",1,1],"162":["resource/vip/b_VIP14/spriteFrame",2,1],"163":["resource/vip/b_VIP6",0],"164":["resource/vip/b_VIP6/texture",1,1],"165":["resource/vip/b_VIP6/spriteFrame",2,1],"166":["resource/icon_dating_loading2/spriteFrame",2,1],"167":["resource/vip/VIP1",0],"168":["resource/vip/VIP1/texture",1,1],"169":["resource/vip/VIP1/spriteFrame",2,1],"170":["resource/vip/VIP3",0],"171":["resource/vip/VIP3/texture",1,1],"172":["resource/vip/VIP3/spriteFrame",2,1],"173":["gift/car/tuoxie",5],"174":["resource/bjinbi_big/spriteFrame",2,1],"175":["gift/img/bg_touxiangbox_me/spriteFrame",2,1],"176":["resource/png_common_di3/spriteFrame",2,1],"177":["resource/loading/loading7/spriteFrame",2,1],"178":["resource/fengexian/spriteFrame",2,1],"179":["resource/loading/loading14/spriteFrame",2,1],"180":["gift/img/img_icon_rose/spriteFrame",2,1],"181":["resource/icon_common_man/spriteFrame",2,1],"182":["resource/vip/VIP19",0],"183":["resource/vip/VIP19/texture",1,1],"184":["resource/vip/VIP19/spriteFrame",2,1],"185":["resource/loading/loading9/spriteFrame",2,1],"186":["resource/btn_hall_add2/spriteFrame",2,1],"187":["resource/head/head_10/spriteFrame",2,1],"188":["resource/head/head_circle_10/spriteFrame",2,1],"189":["resource/vip/b_VIP9",0],"190":["resource/vip/b_VIP9/texture",1,1],"191":["resource/vip/b_VIP9/spriteFrame",2,1],"192":["resource/head/head_circle_9/spriteFrame",2,1],"193":["resource/vip/b_VIP23",0],"194":["resource/vip/b_VIP23/texture",1,1],"195":["resource/vip/b_VIP23/spriteFrame",2,1],"196":["prefabs/loading",8],"197":["resource/vip/VIP16",0],"198":["resource/vip/VIP16/texture",1,1],"199":["resource/vip/VIP16/spriteFrame",2,1],"200":["animation/fire",0],"201":["animation/fire/texture",1,1],"202":["animation/fire/spriteFrame",2,1],"203":["header/animation_nomey",3],"204":["resource/vip/VIP20",0],"205":["resource/vip/VIP20/texture",1,1],"206":["resource/vip/VIP20/spriteFrame",2,1],"207":["resource/gold/auto_gold",9],"208":["resource/Tingkatkan Akun/spriteFrame",2,1],"209":["resource/vip/VIP4",0],"210":["resource/vip/VIP4/texture",1,1],"211":["resource/vip/VIP4/spriteFrame",2,1],"212":["fonts/zi_shop_buy_0",0],"213":["fonts/zi_shop_buy_0/texture",1,1],"214":["fonts/zi_shop_buy_0/spriteFrame",2,1],"215":["resource/vip/VIP8",0],"216":["resource/vip/VIP8/texture",1,1],"217":["resource/vip/VIP8/spriteFrame",2,1],"218":["resource/vip/VIP15",0],"219":["resource/vip/VIP15/texture",1,1],"220":["resource/vip/VIP15/spriteFrame",2,1],"221":["resource/btn_common_in/spriteFrame",2,1],"222":["resource/pro_common_in/spriteFrame",2,1],"223":["resource/head/head_9/spriteFrame",2,1],"224":["resource/pro_common_bg1/spriteFrame",2,1],"225":["header/publicFont/shuzi_xiazhujine_0",0],"226":["header/publicFont/shuzi_xiazhujine_0/texture",1,1],"227":["header/publicFont/shuzi_xiazhujine_0/spriteFrame",2,1],"228":["animation/snow",0],"229":["animation/snow/texture",1,1],"230":["animation/snow/spriteFrame",2,1],"231":["gift/img/img_icon_bucket/spriteFrame",2,1],"232":["resource/vip/VIP23",0],"233":["resource/vip/VIP23/texture",1,1],"234":["resource/vip/VIP23/spriteFrame",2,1],"235":["resource/vip/b_VIP1",0],"236":["resource/vip/b_VIP1/texture",1,1],"237":["resource/vip/b_VIP1/spriteFrame",2,1],"238":["gift/img/img_icon_brick/spriteFrame",2,1],"239":["resource/loading/loading4/spriteFrame",2,1],"240":["resource/vip/VIP14",0],"241":["resource/vip/VIP14/texture",1,1],"242":["resource/vip/VIP14/spriteFrame",2,1],"243":["resource/vip/b_VIP20",0],"244":["resource/vip/b_VIP20/texture",1,1],"245":["resource/vip/b_VIP20/spriteFrame",2,1],"246":["header/PublicImg/icon_dating_jinbi",0],"247":["header/PublicImg/icon_dating_jinbi/texture",1,1],"248":["header/PublicSkeleton/spine_guangquan2",0],"249":["header/PublicSkeleton/spine_guangquan2/texture",1,1],"250":["gift/img/img_icon_cock/spriteFrame",2,1],"251":["resource/panel_commom_bg2/spriteFrame",2,1],"252":["header/publicFont/shuzi_xiazhujine",7],"253":["resource/head/head_circle_6/spriteFrame",2,1],"254":["gift/car/pdg",0],"255":["gift/car/pdg/texture",1,1],"256":["resource/vip/VIP25",0],"257":["resource/vip/VIP25/texture",1,1],"258":["resource/vip/VIP25/spriteFrame",2,1],"259":["gift/img/bg_gift_daojubox/spriteFrame",2,1],"260":["gift/img/img_icon_egg/spriteFrame",2,1],"261":["gift/img/heguan_bandar/spriteFrame",2,1],"262":["gift/car/tuoxie",0],"263":["gift/car/tuoxie/texture",1,1],"264":["resource/vip/VIP5",0],"265":["resource/vip/VIP5/texture",1,1],"266":["resource/vip/VIP5/spriteFrame",2,1],"267":["resource/vip/VIP17",0],"268":["resource/vip/VIP17/texture",1,1],"269":["resource/vip/VIP17/spriteFrame",2,1],"270":["resource/vip/b_VIP8",0],"271":["resource/vip/b_VIP8/texture",1,1],"272":["resource/vip/b_VIP8/spriteFrame",2,1],"273":["resource/vip/VIP9",0],"274":["resource/vip/VIP9/texture",1,1],"275":["resource/vip/VIP9/spriteFrame",2,1],"276":["resource/head/auto_head",9],"277":["resource/loading/loading15/spriteFrame",2,1],"278":["resource/vip/VIP24",0],"279":["resource/vip/VIP24/texture",1,1],"280":["resource/vip/VIP24/spriteFrame",2,1],"281":["gift/img/heguan_yxx/spriteFrame",2,1],"282":["resource/gold/icon_dt_shop_jinb6/spriteFrame",2,1],"283":["resource/vip/b_VIP2",0],"284":["resource/vip/b_VIP2/texture",1,1],"285":["resource/vip/b_VIP2/spriteFrame",2,1],"286":["resource/vip/b_VIP11",0],"287":["resource/vip/b_VIP11/texture",1,1],"288":["resource/vip/b_VIP11/spriteFrame",2,1],"289":["gift/car/liulian",0],"290":["gift/car/liulian/texture",1,1],"291":["resource/vip/VIP13",0],"292":["resource/vip/VIP13/texture",1,1],"293":["resource/vip/VIP13/spriteFrame",2,1],"294":["resource/loading/loading13/spriteFrame",2,1],"295":["animation/fanye_1",0],"296":["animation/fanye_1/texture",1,1],"297":["resource/gold/icon_dt_shop_jinb3/spriteFrame",2,1],"298":["gift/car/zhuantou",0],"299":["gift/car/zhuantou/texture",1,1],"300":["prefabs/marquee",8],"301":["resource/btn_common_up/spriteFrame",2,1],"302":["resource/gold/icon_dt_shop_jinb1/spriteFrame",2,1],"303":["resource/head/head_circle_1/spriteFrame",2,1],"304":["resource/panel_common_bg2/spriteFrame",2,1],"305":["gift/img/bg_gift_daojubox_jinbi/spriteFrame",2,1],"306":["resource/btn_hall_add/spriteFrame",2,1],"307":["gift/img/img_icon_pan/spriteFrame",2,1],"308":["resource/vip/auto_vip",9],"309":["resource/vip/VIP11",0],"310":["resource/vip/VIP11/texture",1,1],"311":["resource/vip/VIP11/spriteFrame",2,1],"312":["resource/toast_bg/spriteFrame",2,1],"313":["resource/vip/VIP2",0],"314":["resource/vip/VIP2/texture",1,1],"315":["resource/vip/VIP2/spriteFrame",2,1],"316":["resource/btn_set_off/spriteFrame",2,1],"317":["gift/car/zhuaji",0],"318":["gift/car/zhuaji/texture",1,1],"319":["gift/img/img_icon_beer/spriteFrame",2,1],"320":["resource/head/head_circle_2/spriteFrame",2,1],"321":["resource/pro_common_in1/spriteFrame",2,1],"322":["resource/head/head_4/spriteFrame",2,1],"323":["animation/animation_loading",3],"324":["gift/img/btn_gift_on/spriteFrame",2,1],"325":["resource/loading/loading11/spriteFrame",2,1],"326":["resource/bg_tishibox/spriteFrame",2,1],"327":["resource/icon_common_gold/spriteFrame",2,1],"328":["resource/btn_dt_lv/spriteFrame",2,1],"329":["fonts/num_shop_num_0",0],"330":["fonts/num_shop_num_0/texture",1,1],"331":["fonts/num_shop_num_0/spriteFrame",2,1],"332":["gift/car/wen",0],"333":["gift/car/wen/texture",1,1],"334":["gift/img/btn_gift_off/spriteFrame",2,1],"335":["resource/btn_dt_off/spriteFrame",2,1],"336":["resource/head/head_6/spriteFrame",2,1],"337":["resource/gold/icon_dt_shop_jinb5/spriteFrame",2,1],"338":["resource/vip/b_VIP13",0],"339":["resource/vip/b_VIP13/texture",1,1],"340":["resource/vip/b_VIP13/spriteFrame",2,1],"341":["gift/img/img_icon_tomato/spriteFrame",2,1],"342":["resource/vip/b_VIP22",0],"343":["resource/vip/b_VIP22/texture",1,1],"344":["resource/vip/b_VIP22/spriteFrame",2,1],"345":["resource/panel_commom_bg3/spriteFrame",2,1],"346":["gift/car/shuitong",0],"347":["gift/car/shuitong/texture",1,1],"348":["resource/vip/VIP6",0],"349":["resource/vip/VIP6/texture",1,1],"350":["resource/vip/VIP6/spriteFrame",2,1],"351":["resource/btn_common_of/spriteFrame",2,1],"352":["resource/loading/loading10/spriteFrame",2,1],"353":["animation/baoxiangbao",0],"354":["animation/baoxiangbao/texture",1,1],"355":["resource/img_common_di/spriteFrame",2,1],"356":["fonts/welcome_font",7],"357":["gift/car/meigui",0],"358":["gift/car/meigui/texture",1,1],"359":["resource/vip/b_VIP21",0],"360":["resource/vip/b_VIP21/texture",1,1],"361":["resource/vip/b_VIP21/spriteFrame",2,1],"362":["gift/img/img_icon_money/spriteFrame",2,1],"363":["gift/img/head1/spriteFrame",2,1],"364":["gift/car/qian",0],"365":["gift/car/qian/texture",1,1],"366":["gift/img/btn_gift_weixuan/spriteFrame",2,1],"367":["resource/vip/VIP22",0],"368":["resource/vip/VIP22/texture",1,1],"369":["resource/vip/VIP22/spriteFrame",2,1],"370":["animation/fire",6],"371":["resource/panel_common_bg1",0],"372":["resource/panel_common_bg1/texture",1,1],"373":["bg_common_loading",0],"374":["bg_common_loading/texture",1,1],"375":["animation/animation_autoLauncher_down",3],"376":["resource/head/head_5/spriteFrame",2,1],"377":["resource/vip/VIP18",0],"378":["resource/vip/VIP18/texture",1,1],"379":["resource/vip/VIP18/spriteFrame",2,1],"380":["resource/toast_error_bg2/spriteFrame",2,1],"381":["header/PublicImg/Rptidakmencukupi",0],"382":["header/PublicImg/Rptidakmencukupi/texture",1,1],"387":["gift/car/liulian",4],"388":["gift/dub/ani_slipper",10],"389":["gift/car/liulian",5],"393":["animation/offloading",4],"394":["animation/offloading/spriteFrame",2,1],"403":["prefabs/marquee_insert",8],"404":["gift/dub/ani_spin",10],"405":["gift/dub/ani_rocket",10],"406":["gift/car/meigui",5],"407":["gift/car/jidan",5],"408":["prefabs/modalBox",8],"409":["gift/car/shuitong",4],"410":["gift/car/xihongshi",4],"411":["gift/dub/ani_chicken",10],"412":["gift/car/qian",5],"413":["gift/car/pjgb",5],"414":["animation/bangdingshouji_icon/spriteFrame",2,1],"415":["gift/car/wen",4],"416":["gift/dub/ani_labber",10],"417":["gift/car/zhuaji",4],"418":["gift/car/qian",4],"419":["gift/car/pjgb",4],"420":["gift/dub/ani_beer",10],"421":["gift/car/zhuantou",4],"422":["gift/dub/ani_tomato",10],"423":["gift/car/pdg",4],"425":["gift/prefabs/prefabs_gift_user",8],"426":["gift/car/zhuaji",5],"427":["gift/car/wen",5],"428":["gift/car/meigui",4],"429":["header/PublicSkeleton/spine_guangquan",5],"430":["animation/shoujibangding_ruchang",4],"431":["header/PublicSkeleton/spine_guangquan",4],"432":["header/PublicImg/icon_dating_jinbi/spriteFrame",2,1],"433":["prefabs/modalBoxSingle",8],"434":["gift/dub/ani_durian",10],"435":["gift/dub/ani_gold",10],"436":["gift/car/pdg",5],"437":["animation/fanye_1",5],"438":["gift/car/tuoxie",4],"439":["gift/dub/ani_pot",10],"440":["gift/dub/ani_kiss",10],"441":["gift/car/jidan",4],"442":["animation/shoujibangding_ruchang",5],"443":["animation/offloading",5],"444":["gift/car/zhuantou",5],"445":["gift/dub/ani_money",10],"446":["animation/fanye_1",4],"447":["gift/car/xihongshi",5],"448":["animation/baoxiangbao/spriteFrame",2,1],"449":["gift/dub/ani_egg",10],"450":["gift/dub/ani_rose",10],"451":["resource/panel_common_bg1/spriteFrame",2,1],"452":["animation/bangdingshouji_icon",5],"453":["bg_common_loading/spriteFrame",2,1],"454":["header/PublicImg/Rptidakmencukupi/spriteFrame",2,1]},"scenes":{},"packs":{"0104183ce":["42","57","81","100","116","129","138","147","177","179","185","239","277","294","325","11","352"],"0108fe33d":["9","300"],"01a491d17":["196","11"],"04458da39":["109","331"],"0450ed69e":["73","104"],"046990040":["48","99","207","282","297","302","337"],"0471768e5":["227","252"],"04c5044b0":["133","214"],"0668f961a":["34","18","50","397","395","52","399","401","58","68","70","96","117","134","182","189","225","228","43","61","74","78","84","105","125","160","163","193","204","39","385","391","110","113","151","154","197","200","209","212","218","167","13","383","90","215","82","148","131","102","143","170","248","235","246","232","240","243","254","256","286","278","262","267","273","283","270","264","289","291","295","298","309","313","317","329","332","342","346","338","348","353","359","357","364","371","367","373","377","381"],"0777ab6e4":["35","19","51","398","396","53","400","402","59","69","71","97","118","135","183","190","226","229","44","62","75","79","85","106","126","161","164","194","205","21","386","392","111","114","152","155","198","201","210","213","219","168","14","384","91","216","83","149","132","103","144","171","249","236","247","233","241","244","255","257","287","279","263","268","274","284","271","265","290","292","296","299","310","314","318","330","333","343","347","339","349","354","360","358","365","372","368","374","378","382"],"078c3459a":["139","230"],"0a2e47191":["16","20","41","46","55","56","60","65","77","86","87","89","95","108","121","122","130","142","150","166","174","176","181","186","208","222","224","251","9","306","316","321","326","328","335","355"],"0b09a853a":["15","17","38","40","45","54","63","72","76","80","92","98","112","115","119","136","145","153","156","162","165","169","172","184","191","195","199","206","211","217","220","234","237","242","245","258","266","269","272","275","280","285","288","293","308","311","315","340","344","350","361","369","379"],"0b6c2160a":["49","67","93","94","123","127","128","137","141","158","187","188","192","223","253","276","303","320","322","336","376"],"0c097f050":["202","370"],"0db1be276":["107","356"],"0dcc37204":["12","31","64","157","159","178","221","9","301","304","312","327","345","351","380"],"0e42ea3e4":["30","47","101","124","140","146","175","180","10","231","238","250","259","260","261","281","305","307","319","324","334","341","362","363","366"],"0eee6a70e":["66","173","10"]},"versions":{"import":[],"native":[]},"redirect":[390,"0",424,"0"],"debug":false,"extensionMap":{".ccon":["120","203","323","375","88"]},"hasPreloadScript":true,"types":["cc.ImageAsset","cc.Texture2D","cc.SpriteFrame","cc.AnimationClip","cc.Asset","sp.SkeletonData","cc.ParticleAsset","cc.BitmapFont","cc.Prefab","cc.SpriteAtlas","cc.AudioClip"]}