[1,["434VsJQPhIw4DNfrjgTrHO@6c48a","434VsJQPhIw4DNfrjgTrHO@f9941"],["_textureSource","spriteFrame"],["cc.SpriteFrame",["cc.BitmapFont",["_name","fontSize","fntConfig"],0]],[[1,0,1,2,4]],[[[{"name":"welcome_font_0","rect":{"x":1,"y":1,"width":508,"height":122},"offset":{"x":-1,"y":66},"originalSize":{"width":512,"height":256},"rotated":false,"capInsets":[0,0,0,0],"vertices":{"rawPosition":[-254,-61,0,254,-61,0,-254,61,0,254,61,0],"indexes":[0,1,2,2,1,3],"uv":[1,255,509,255,1,133,509,133],"nuv":[0.001953125,0.51953125,0.994140625,0.51953125,0.001953125,0.99609375,0.994140625,0.99609375],"minPos":{"x":-254,"y":-61,"z":0},"maxPos":{"x":254,"y":61,"z":0}},"packable":true,"pixelsToUnit":100,"pivot":{"x":0.5,"y":0.5},"meshType":0}],[0],0,[0],[0],[0]],[[[0,"welcome_font",32,{"commonHeight":32,"fontSize":32,"atlasName":"welcome_font_0.png","fontDefDictionary":{"32":{"xOffset":-1,"yOffset":-1,"xAdvance":26,"rect":{"x":58,"y":79,"width":28,"height":38}},"44":{"xOffset":-1,"yOffset":19,"xAdvance":13,"rect":{"x":138,"y":79,"width":15,"height":25}},"46":{"xOffset":-1,"yOffset":19,"xAdvance":12,"rect":{"x":154,"y":79,"width":14,"height":17}},"48":{"xOffset":-1,"yOffset":-1,"xAdvance":26,"rect":{"x":166,"y":0,"width":28,"height":39}},"49":{"xOffset":-1,"yOffset":-1,"xAdvance":20,"rect":{"x":115,"y":79,"width":22,"height":38}},"50":{"xOffset":-1,"yOffset":-1,"xAdvance":26,"rect":{"x":195,"y":0,"width":28,"height":39}},"51":{"xOffset":-1,"yOffset":-1,"xAdvance":27,"rect":{"x":136,"y":0,"width":29,"height":39}},"52":{"xOffset":-1,"yOffset":-1,"xAdvance":26,"rect":{"x":421,"y":39,"width":28,"height":38}},"53":{"xOffset":-1,"yOffset":-1,"xAdvance":26,"rect":{"x":29,"y":86,"width":28,"height":38}},"54":{"xOffset":-1,"yOffset":-1,"xAdvance":26,"rect":{"x":224,"y":0,"width":28,"height":39}},"55":{"xOffset":-1,"yOffset":-1,"xAdvance":26,"rect":{"x":0,"y":86,"width":28,"height":38}},"56":{"xOffset":-1,"yOffset":-1,"xAdvance":26,"rect":{"x":253,"y":0,"width":28,"height":39}},"57":{"xOffset":-1,"yOffset":-1,"xAdvance":26,"rect":{"x":282,"y":0,"width":28,"height":39}},"65":{"xOffset":-1,"yOffset":-1,"xAdvance":32,"rect":{"x":391,"y":0,"width":34,"height":38}},"66":{"xOffset":-1,"yOffset":-1,"xAdvance":29,"rect":{"x":234,"y":40,"width":31,"height":38}},"67":{"xOffset":-1,"yOffset":-1,"xAdvance":31,"rect":{"x":35,"y":40,"width":33,"height":38}},"68":{"xOffset":-1,"yOffset":-1,"xAdvance":29,"rect":{"x":266,"y":40,"width":31,"height":38}},"69":{"xOffset":-1,"yOffset":-1,"xAdvance":27,"rect":{"x":391,"y":39,"width":29,"height":38}},"70":{"xOffset":-1,"yOffset":-1,"xAdvance":26,"rect":{"x":450,"y":39,"width":28,"height":38}},"71":{"xOffset":-1,"yOffset":-1,"xAdvance":31,"rect":{"x":70,"y":0,"width":33,"height":39}},"72":{"xOffset":-1,"yOffset":-1,"xAdvance":30,"rect":{"x":135,"y":40,"width":32,"height":38}},"73":{"xOffset":-1,"yOffset":-1,"xAdvance":12,"rect":{"x":496,"y":0,"width":14,"height":38}},"74":{"xOffset":-1,"yOffset":-1,"xAdvance":26,"rect":{"x":479,"y":39,"width":28,"height":38}},"75":{"xOffset":-1,"yOffset":-1,"xAdvance":32,"rect":{"x":426,"y":0,"width":34,"height":38}},"76":{"xOffset":-1,"yOffset":-1,"xAdvance":25,"rect":{"x":87,"y":79,"width":27,"height":38}},"77":{"xOffset":-1,"yOffset":-1,"xAdvance":34,"rect":{"x":354,"y":0,"width":36,"height":38}},"78":{"xOffset":-1,"yOffset":-1,"xAdvance":30,"rect":{"x":102,"y":40,"width":32,"height":38}},"79":{"xOffset":-1,"yOffset":-1,"xAdvance":32,"rect":{"x":35,"y":0,"width":34,"height":39}},"80":{"xOffset":-1,"yOffset":-1,"xAdvance":28,"rect":{"x":360,"y":39,"width":30,"height":38}},"81":{"xOffset":-1,"yOffset":-1,"xAdvance":32,"rect":{"x":0,"y":0,"width":34,"height":46}},"82":{"xOffset":-1,"yOffset":-1,"xAdvance":30,"rect":{"x":69,"y":40,"width":32,"height":38}},"83":{"xOffset":-1,"yOffset":-1,"xAdvance":29,"rect":{"x":104,"y":0,"width":31,"height":39}},"84":{"xOffset":-1,"yOffset":-1,"xAdvance":28,"rect":{"x":298,"y":40,"width":30,"height":38}},"85":{"xOffset":-1,"yOffset":-1,"xAdvance":30,"rect":{"x":168,"y":40,"width":32,"height":38}},"86":{"xOffset":-1,"yOffset":-1,"xAdvance":30,"rect":{"x":201,"y":40,"width":32,"height":38}},"87":{"xOffset":-1,"yOffset":-1,"xAdvance":40,"rect":{"x":311,"y":0,"width":42,"height":38}},"88":{"xOffset":-1,"yOffset":-1,"xAdvance":32,"rect":{"x":461,"y":0,"width":34,"height":38}},"89":{"xOffset":-1,"yOffset":-1,"xAdvance":32,"rect":{"x":0,"y":47,"width":34,"height":38}},"90":{"xOffset":-1,"yOffset":-1,"xAdvance":28,"rect":{"x":329,"y":39,"width":30,"height":38}}},"kerningDict":{}}]],0,0,[0],[1],[1]]]]
