[1,["f7BkaycN1N6KusU1/pbLX7@6c48a"],["_textureSource"],["cc.SpriteFrame"],0,[{"name":"panel_common_bg1","rect":{"x":1,"y":0,"width":1232,"height":682},"offset":{"x":0,"y":1},"originalSize":{"width":1234,"height":684},"rotated":false,"capInsets":[0,0,0,0],"vertices":{"rawPosition":[-616,-341,0,616,-341,0,-616,341,0,616,341,0],"indexes":[0,1,2,2,1,3],"uv":[1,684,1233,684,1,2,1233,2],"nuv":[0.0008103727714748784,0.0029239766081871343,0.9991896272285251,0.0029239766081871343,0.0008103727714748784,1,0.9991896272285251,1],"minPos":{"x":-616,"y":-341,"z":0},"maxPos":{"x":616,"y":341,"z":0}},"packable":true,"pixelsToUnit":100,"pivot":{"x":0.5,"y":0.5},"meshType":0}],[0],0,[0],[0],[0]]
