[1,["1a0e650d7@6c48a"],["_textureSource"],["cc.SpriteFrame","cc.SpriteAtlas"],0,[[[{"name":"auto_activity","spriteFrames":[]}],[1],0,[],[],[]],[[{"name":"jiangpindizuo","rect":{"x":237,"y":479,"width":516,"height":111},"offset":{"x":0,"y":0},"originalSize":{"width":516,"height":111},"rotated":true,"capInsets":[0,0,0,0],"packable":true,"pixelsToUnit":100,"pivot":{"x":0.5,"y":0.5},"meshType":0}],[0],0,[0],[0],[0]],[[{"name":"spr_aktivitas_title","rect":{"x":945,"y":780,"width":182,"height":76},"offset":{"x":0,"y":-0.5},"originalSize":{"width":186,"height":79},"rotated":true,"capInsets":[0,0,0,0],"packable":true,"pixelsToUnit":100,"pivot":{"x":0.5,"y":0.5},"meshType":0}],[0],0,[0],[0],[0]],[[{"name":"huodongye_dibuzhuangshi","rect":{"x":3,"y":3,"width":840,"height":470},"offset":{"x":0,"y":0},"originalSize":{"width":840,"height":470},"rotated":false,"capInsets":[0,0,0,0],"packable":true,"pixelsToUnit":100,"pivot":{"x":0.5,"y":0.5},"meshType":0}],[0],0,[0],[0],[0]],[[{"name":"btn_aktivitas_1","rect":{"x":855,"y":534,"width":225,"height":84},"offset":{"x":0,"y":0},"originalSize":{"width":225,"height":84},"rotated":true,"capInsets":[0,0,0,0],"packable":true,"pixelsToUnit":100,"pivot":{"x":0.5,"y":0.5},"meshType":0}],[0],0,[0],[0],[0]],[[{"name":"zhongjiangmingdan_lunbokuang","rect":{"x":3,"y":479,"width":524,"height":228},"offset":{"x":0,"y":0},"originalSize":{"width":524,"height":228},"rotated":true,"capInsets":[0,0,0,0],"packable":true,"pixelsToUnit":100,"pivot":{"x":0.5,"y":0.5},"meshType":0}],[0],0,[0],[0],[0]],[[{"name":"img_turn_win_light","rect":{"x":354,"y":534,"width":468,"height":495},"offset":{"x":0,"y":2.5},"originalSize":{"width":600,"height":600},"rotated":true,"capInsets":[0,0,0,0],"packable":true,"pixelsToUnit":100,"pivot":{"x":0.5,"y":0.5},"meshType":0}],[0],0,[0],[0],[0]],[[{"name":"zhuanpan_qian_zhuangshiwu","rect":{"x":849,"y":3,"width":436,"height":160},"offset":{"x":0,"y":0},"originalSize":{"width":436,"height":160},"rotated":true,"capInsets":[0,0,0,0],"packable":true,"pixelsToUnit":100,"pivot":{"x":0.5,"y":0.5},"meshType":0}],[0],0,[0],[0],[0]],[[{"name":"word_win_title","rect":{"x":354,"y":479,"width":667,"height":49},"offset":{"x":0,"y":0},"originalSize":{"width":667,"height":49},"rotated":false,"capInsets":[0,0,0,0],"packable":true,"pixelsToUnit":100,"pivot":{"x":0.5,"y":0.5},"meshType":0}],[0],0,[0],[0],[0]],[[{"name":"zhongjiang-anniu","rect":{"x":945,"y":534,"width":240,"height":76},"offset":{"x":0,"y":0},"originalSize":{"width":240,"height":76},"rotated":true,"capInsets":[0,0,0,0],"packable":true,"pixelsToUnit":100,"pivot":{"x":0.5,"y":0.5},"meshType":0}],[0],0,[0],[0],[0]],[[{"name":"btn_aktivitas_2","rect":{"x":855,"y":765,"width":225,"height":84},"offset":{"x":0,"y":0},"originalSize":{"width":225,"height":84},"rotated":true,"capInsets":[0,0,0,0],"packable":true,"pixelsToUnit":100,"pivot":{"x":0.5,"y":0.5},"meshType":0}],[0],0,[0],[0],[0]]]]
