[1,["11dd664e9@6c48a"],["_textureSource"],["cc.SpriteFrame","cc.SpriteAtlas"],0,[[[{"name":"word_shop_coin","rect":{"x":707,"y":482,"width":153,"height":26},"offset":{"x":0,"y":0},"originalSize":{"width":153,"height":26},"rotated":true,"capInsets":[0,0,0,0],"packable":true,"pixelsToUnit":100,"pivot":{"x":0.5,"y":0.5},"meshType":0}],[0],0,[0],[0],[0]],[[{"name":"img_tas_icon","rect":{"x":591,"y":482,"width":106,"height":86},"offset":{"x":0,"y":0},"originalSize":{"width":106,"height":86},"rotated":false,"capInsets":[0,0,0,0],"packable":true,"pixelsToUnit":100,"pivot":{"x":0.5,"y":0.5},"meshType":0}],[0],0,[0],[0],[0]],[[{"name":"icon_shop_title3","rect":{"x":904,"y":918,"width":34,"height":35},"offset":{"x":0,"y":0},"originalSize":{"width":34,"height":35},"rotated":true,"capInsets":[0,0,0,0],"packable":true,"pixelsToUnit":100,"pivot":{"x":0.5,"y":0.5},"meshType":0}],[0],0,[0],[0],[0]],[[{"name":"panel_shop_bg","rect":{"x":749,"y":3,"width":229,"height":470},"offset":{"x":0,"y":0},"originalSize":{"width":229,"height":470},"rotated":false,"capInsets":[0,0,0,0],"packable":true,"pixelsToUnit":100,"pivot":{"x":0.5,"y":0.5},"meshType":0}],[0],0,[0],[0],[0]],[[{"name":"input_shop_bg","rect":{"x":696,"y":980,"width":245,"height":41},"offset":{"x":0,"y":0},"originalSize":{"width":245,"height":41},"rotated":false,"capInsets":[30,13,20,12],"packable":true,"pixelsToUnit":100,"pivot":{"x":0.5,"y":0.5},"meshType":0}],[0],0,[0],[0],[0]],[[{"name":"img_shop_bg1","rect":{"x":856,"y":866,"width":46,"height":46},"offset":{"x":0,"y":0},"originalSize":{"width":46,"height":46},"rotated":false,"capInsets":[0,0,0,0],"packable":true,"pixelsToUnit":100,"pivot":{"x":0.5,"y":0.5},"meshType":0}],[0],0,[0],[0],[0]],[[{"name":"btn_shop_service","rect":{"x":645,"y":641,"width":67,"height":69},"offset":{"x":0,"y":0},"originalSize":{"width":67,"height":69},"rotated":false,"capInsets":[0,0,0,0],"packable":true,"pixelsToUnit":100,"pivot":{"x":0.5,"y":0.5},"meshType":0}],[0],0,[0],[0],[0]],[[{"name":"icon_shop_red","rect":{"x":671,"y":884,"width":110,"height":19},"offset":{"x":0,"y":0},"originalSize":{"width":110,"height":19},"rotated":true,"capInsets":[0,0,0,0],"packable":true,"pixelsToUnit":100,"pivot":{"x":0.5,"y":0.5},"meshType":0}],[0],0,[0],[0],[0]],[[{"name":"btn_shop_tolong","rect":{"x":947,"y":897,"width":111,"height":42},"offset":{"x":0,"y":0},"originalSize":{"width":111,"height":42},"rotated":true,"capInsets":[24,16,25,18],"packable":true,"pixelsToUnit":100,"pivot":{"x":0.5,"y":0.5},"meshType":0}],[0],0,[0],[0],[0]],[[{"name":"word_shop_tas","rect":{"x":984,"y":415,"width":132,"height":32},"offset":{"x":0,"y":0},"originalSize":{"width":132,"height":32},"rotated":true,"capInsets":[0,0,0,0],"packable":true,"pixelsToUnit":100,"pivot":{"x":0.5,"y":0.5},"meshType":0}],[0],0,[0],[0],[0]],[[{"name":"auto_shop","spriteFrames":[]}],[1],0,[],[],[]],[[{"name":"img_shop_titleBg","rect":{"x":3,"y":641,"width":636,"height":84},"offset":{"x":0,"y":0},"originalSize":{"width":636,"height":84},"rotated":false,"capInsets":[0,0,0,0],"packable":true,"pixelsToUnit":100,"pivot":{"x":0.5,"y":0.5},"meshType":0}],[0],0,[0],[0],[0]],[[{"name":"word_shop_tas1","rect":{"x":947,"y":747,"width":144,"height":45},"offset":{"x":0.5,"y":0.5},"originalSize":{"width":145,"height":46},"rotated":true,"capInsets":[0,0,0,0],"packable":true,"pixelsToUnit":100,"pivot":{"x":0.5,"y":0.5},"meshType":0}],[0],0,[0],[0],[0]],[[{"name":"num_shop_num_0","rect":{"x":707,"y":828,"width":146,"height":16},"offset":{"x":-182,"y":119},"originalSize":{"width":512,"height":256},"rotated":true,"capInsets":[0,0,0,0],"packable":true,"pixelsToUnit":100,"pivot":{"x":0.5,"y":0.5},"meshType":0}],[0],0,[0],[0],[0]],[[{"name":"icon_shop_title5","rect":{"x":945,"y":517,"width":33,"height":23},"offset":{"x":0,"y":0},"originalSize":{"width":33,"height":23},"rotated":false,"capInsets":[0,0,0,0],"packable":true,"pixelsToUnit":100,"pivot":{"x":0.5,"y":0.5},"meshType":0}],[0],0,[0],[0],[0]],[[{"name":"Get","rect":{"x":729,"y":866,"width":121,"height":85},"offset":{"x":1.5,"y":0.5},"originalSize":{"width":136,"height":92},"rotated":false,"capInsets":[0,0,0,0],"packable":true,"pixelsToUnit":100,"pivot":{"x":0.5,"y":0.5},"meshType":0}],[0],0,[0],[0],[0]],[[{"name":"icon_shop_title4","rect":{"x":908,"y":747,"width":32,"height":32},"offset":{"x":0,"y":0},"originalSize":{"width":32,"height":32},"rotated":false,"capInsets":[0,0,0,0],"packable":true,"pixelsToUnit":100,"pivot":{"x":0.5,"y":0.5},"meshType":0}],[0],0,[0],[0],[0]],[[{"name":"zi_Rp","rect":{"x":856,"y":918,"width":50,"height":42},"offset":{"x":0,"y":0},"originalSize":{"width":50,"height":42},"rotated":true,"capInsets":[0,0,0,0],"packable":true,"pixelsToUnit":100,"pivot":{"x":0.5,"y":0.5},"meshType":0}],[0],0,[0],[0],[0]],[[{"name":"title_recharge_rule","rect":{"x":984,"y":3,"width":406,"height":36},"offset":{"x":0,"y":0},"originalSize":{"width":406,"height":36},"rotated":true,"capInsets":[0,0,0,0],"packable":true,"pixelsToUnit":100,"pivot":{"x":0.5,"y":0.5},"meshType":0}],[0],0,[0],[0],[0]],[[{"name":"icon_shop_title1","rect":{"x":865,"y":747,"width":32,"height":32},"offset":{"x":0,"y":0},"originalSize":{"width":32,"height":32},"rotated":false,"capInsets":[0,0,0,0],"packable":true,"pixelsToUnit":100,"pivot":{"x":0.5,"y":0.5},"meshType":0}],[0],0,[0],[0],[0]],[[{"name":"icon_shop_title2","rect":{"x":945,"y":479,"width":33,"height":32},"offset":{"x":0,"y":0},"originalSize":{"width":33,"height":32},"rotated":false,"capInsets":[0,0,0,0],"packable":true,"pixelsToUnit":100,"pivot":{"x":0.5,"y":0.5},"meshType":0}],[0],0,[0],[0],[0]],[[{"name":"icon_shop_green","rect":{"x":995,"y":897,"width":110,"height":19},"offset":{"x":0,"y":0},"originalSize":{"width":110,"height":19},"rotated":true,"capInsets":[0,0,0,0],"packable":true,"pixelsToUnit":100,"pivot":{"x":0.5,"y":0.5},"meshType":0}],[0],0,[0],[0],[0]],[[{"name":"bg_bank_uncheck","rect":{"x":555,"y":732,"width":146,"height":146},"offset":{"x":0,"y":0},"originalSize":{"width":148,"height":148},"rotated":false,"capInsets":[0,0,0,0],"packable":true,"pixelsToUnit":100,"pivot":{"x":0.5,"y":0.5},"meshType":0}],[0],0,[0],[0],[0]],[[{"name":"bar","rect":{"x":3,"y":482,"width":582,"height":110},"offset":{"x":0,"y":0},"originalSize":{"width":582,"height":110},"rotated":false,"capInsets":[0,0,0,0],"packable":true,"pixelsToUnit":100,"pivot":{"x":0.5,"y":0.5},"meshType":0}],[0],0,[0],[0],[0]],[[{"name":"icon_shop_bule","rect":{"x":998,"y":747,"width":110,"height":19},"offset":{"x":0,"y":0},"originalSize":{"width":110,"height":19},"rotated":true,"capInsets":[0,0,0,0],"packable":true,"pixelsToUnit":100,"pivot":{"x":0.5,"y":0.5},"meshType":0}],[0],0,[0],[0],[0]],[[{"name":"img_shop_bg2","rect":{"x":555,"y":884,"width":110,"height":113},"offset":{"x":0,"y":0.5},"originalSize":{"width":112,"height":114},"rotated":false,"capInsets":[15,15,15,19],"packable":true,"pixelsToUnit":100,"pivot":{"x":0.5,"y":0.5},"meshType":0}],[0],0,[0],[0],[0]],[[{"name":"icon_jinbi","rect":{"x":869,"y":479,"width":68,"height":70},"offset":{"x":-0.5,"y":-0.5},"originalSize":{"width":69,"height":71},"rotated":true,"capInsets":[0,0,0,0],"packable":true,"pixelsToUnit":100,"pivot":{"x":0.5,"y":0.5},"meshType":0}],[0],0,[0],[0],[0]],[[{"name":"icon_free","rect":{"x":869,"y":553,"width":188,"height":134},"offset":{"x":0,"y":0},"originalSize":{"width":188,"height":134},"rotated":true,"capInsets":[0,0,0,0],"packable":true,"pixelsToUnit":100,"pivot":{"x":0.5,"y":0.5},"meshType":0}],[0],0,[0],[0],[0]],[[{"name":"word_shop_linkaja1","rect":{"x":707,"y":716,"width":106,"height":34},"offset":{"x":0,"y":0},"originalSize":{"width":106,"height":34},"rotated":true,"capInsets":[0,0,0,0],"packable":true,"pixelsToUnit":100,"pivot":{"x":0.5,"y":0.5},"meshType":0}],[0],0,[0],[0],[0]],[[{"name":"img_rule_recharge_bg","rect":{"x":3,"y":732,"width":546,"height":286},"offset":{"x":0,"y":0},"originalSize":{"width":546,"height":286},"rotated":false,"capInsets":[29,23,45,29],"packable":true,"pixelsToUnit":100,"pivot":{"x":0.5,"y":0.5},"meshType":0}],[0],0,[0],[0],[0]],[[{"name":"btn_copy","rect":{"x":865,"y":785,"width":42,"height":44},"offset":{"x":0,"y":0},"originalSize":{"width":42,"height":44},"rotated":false,"capInsets":[0,0,0,0],"packable":true,"pixelsToUnit":100,"pivot":{"x":0.5,"y":0.5},"meshType":0}],[0],0,[0],[0],[0]],[[{"name":"Time remaining","rect":{"x":747,"y":732,"width":128,"height":112},"offset":{"x":0,"y":0},"originalSize":{"width":128,"height":112},"rotated":true,"capInsets":[0,0,0,0],"packable":true,"pixelsToUnit":100,"pivot":{"x":0.5,"y":0.5},"meshType":0}],[0],0,[0],[0],[0]],[[{"name":"title_dt_chongzhixuanze","rect":{"x":749,"y":479,"width":247,"height":114},"offset":{"x":0,"y":-1},"originalSize":{"width":253,"height":118},"rotated":true,"capInsets":[0,0,0,0],"packable":true,"pixelsToUnit":100,"pivot":{"x":0.5,"y":0.5},"meshType":0}],[0],0,[0],[0],[0]],[[{"name":"bg_dt_xinxi_tishiban_zhong","rect":{"x":3,"y":3,"width":740,"height":473},"offset":{"x":0,"y":0},"originalSize":{"width":740,"height":473},"rotated":false,"capInsets":[0,0,0,0],"packable":true,"pixelsToUnit":100,"pivot":{"x":0.5,"y":0.5},"meshType":0}],[0],0,[0],[0],[0]]]]
