[1,["80V2vOOhxPgaOtHv7EQqTR@6c48a"],0,[["sp.SkeletonData",["_name","_atlasText","textureNames","_skeletonJson","textures"],-1,3]],[[0,0,1,2,3,4,5]],[[0,"buyu_xiao","\r\nbuyu_xiao.png\r\nsize: 845,221\r\nformat: RGBA8888\r\nfilter: Linear,Linear\r\nrepeat: none\r\nbg\r\n  rotate: true\r\n  xy: 273, 7\r\n  size: 212, 201\r\n  orig: 212, 201\r\n  offset: 0, 0\r\n  index: -1\r\nbody\r\n  rotate: true\r\n  xy: 2, 2\r\n  size: 217, 269\r\n  orig: 220, 321\r\n  offset: 2, 51\r\n  index: -1\r\ndi\r\n  rotate: true\r\n  xy: 593, 2\r\n  size: 56, 73\r\n  orig: 61, 77\r\n  offset: 2, 3\r\n  index: -1\r\nhua\r\n  rotate: true\r\n  xy: 476, 7\r\n  size: 212, 115\r\n  orig: 214, 153\r\n  offset: 1, 36\r\n  index: -1\r\njinbi\r\n  rotate: false\r\n  xy: 784, 40\r\n  size: 59, 67\r\n  orig: 65, 69\r\n  offset: 5, 1\r\n  index: -1\r\njio1\r\n  rotate: true\r\n  xy: 703, 6\r\n  size: 90, 79\r\n  orig: 90, 79\r\n  offset: 0, 0\r\n  index: -1\r\njio2\r\n  rotate: false\r\n  xy: 758, 109\r\n  size: 70, 110\r\n  orig: 70, 110\r\n  offset: 0, 0\r\n  index: -1\r\njio3\r\n  rotate: false\r\n  xy: 593, 60\r\n  size: 71, 159\r\n  orig: 71, 159\r\n  offset: 0, 0\r\n  index: -1\r\njio4\r\n  rotate: false\r\n  xy: 666, 98\r\n  size: 90, 121\r\n  orig: 90, 121\r\n  offset: 0, 0\r\n  index: -1\r\npao1\r\n  rotate: false\r\n  xy: 666, 61\r\n  size: 35, 35\r\n  orig: 37, 37\r\n  offset: 1, 1\r\n  index: -1\r\n",["buyu_xiao.png"],{"skeleton":{"hash":"1hz+tFoVLi2VY9PXN8a022qCdGo","spine":"3.8.99","x":-132.68,"y":-51.75,"width":258,"height":337.42,"images":"../img_xiao/","audio":""},"bones":[{"name":"root","x":-0.7},{"name":"bg","parent":"root","x":-24.88,"y":24.57},{"name":"zong","parent":"root","x":0.34,"y":16.88},{"name":"body","parent":"zong","x":-4.6,"y":31.87},{"name":"hua","parent":"root","y":38.72},{"name":"pao1","parent":"root","x":-2.68,"y":209.63},{"name":"jio1","parent":"zong","length":20.17,"rotation":31.09,"x":49.49,"y":149.26},{"name":"bone3","parent":"jio1","length":20.79,"rotation":-57.97,"x":33.09,"y":-6.61},{"name":"bone4","parent":"bone3","length":20.58,"rotation":-50.29,"x":25.8,"y":-23.94},{"name":"bone5","parent":"bone4","length":16.64,"rotation":135.9,"x":21.95,"y":14.02},{"name":"jio2","parent":"zong","length":31.46,"rotation":176.35,"x":13.91,"y":172.06},{"name":"bone6","parent":"jio2","length":25.54,"rotation":66.42,"x":37.11,"y":11.07},{"name":"bone7","parent":"bone6","length":26.75,"rotation":43.18,"x":34.42,"y":7.57},{"name":"bone8","parent":"bone7","length":26.74,"rotation":48.13,"x":40.1,"y":4.17},{"name":"bone9","parent":"bone8","length":14.5,"rotation":101.25,"x":32.18,"y":5.62},{"name":"jio3","parent":"zong","length":20.47,"rotation":-146.31,"x":-84.28,"y":157.36},{"name":"bone10","parent":"jio3","length":20.59,"rotation":47.92,"x":36.78,"y":10},{"name":"bone11","parent":"bone10","length":33.84,"rotation":49.79,"x":33.48,"y":1.9},{"name":"bone12","parent":"bone11","length":23.16,"rotation":-35.61,"x":47.28,"y":-2.94},{"name":"bone13","parent":"bone12","length":19.66,"rotation":-74.9,"x":30.14,"y":-4.06},{"name":"bone14","parent":"bone13","length":17.75,"rotation":-69.71,"x":23.58,"y":-4.71},{"name":"jio4","parent":"zong","length":25.41,"rotation":100.38,"x":-81.45,"y":157.2},{"name":"bone15","parent":"jio4","length":28.08,"rotation":-18.3,"x":37.87,"y":-2.28},{"name":"bone16","parent":"bone15","length":25.56,"rotation":-59.39,"x":37.59,"y":-12.18}],"slots":[{"name":"bg","bone":"bg","attachment":"bg"},{"name":"di","bone":"zong","attachment":"di"},{"name":"jio1","bone":"bone5","attachment":"jio1"},{"name":"jio4","bone":"bone16","attachment":"jio4"},{"name":"body","bone":"body","attachment":"body"},{"name":"jio3","bone":"bone14","attachment":"jio3"},{"name":"jinbi","bone":"zong","attachment":"jinbi"},{"name":"jio2","bone":"bone9","attachment":"jio2"},{"name":"hua","bone":"hua","attachment":"hua"},{"name":"pao1","bone":"pao1","attachment":"pao1"}],"skins":[{"name":"default","attachments":{"bg":{"bg":{"x":20.9,"y":71.59,"width":212,"height":201}},"body":{"body":{"x":-3.72,"y":76.42,"width":220,"height":321}},"di":{"di":{"x":55.18,"y":146.28,"width":61,"height":77}},"hua":{"hua":{"x":-2.98,"y":-13.97,"width":214,"height":153}},"jinbi":{"jinbi":{"x":-87.82,"y":137.28,"width":65,"height":69}},"jio1":{"jio1":{"type":"mesh","hull":16,"width":90,"height":79,"uvs":[0.01521,0.32348,0.15632,0.48102,0.33977,0.58069,0.4075,0.74467,0.47523,0.92472,0.56836,1,0.9155,1,1,0.83148,1,0.47459,0.85905,0.40064,0.81108,0.29454,0.66714,0.03411,0.55425,0,0.14221,0,0,0.10806,0,0.33634],"triangles":[9,8,7,7,5,9,6,5,7,12,10,2,11,10,12,9,2,10,3,2,9,5,4,3,3,9,5,0,14,13,15,14,0,1,13,12,0,13,1,2,1,12],"vertices":[2,6,-11.71,4.69,0.99999,8,-31.6,-50.63,0.00001,3,6,-7.26,-12.53,0.91121,8,-16.64,-41.02,0.08661,7,-16.38,-37.35,0.00217,3,6,2.81,-27.8,0.42713,8,-5.29,-26.67,0.53247,7,1.91,-36.91,0.0404,3,6,1.35,-42.04,0.10406,8,8.69,-23.6,0.89414,7,13.2,-45.71,0.00181,2,6,-0.78,-57.37,0.01268,8,23.91,-20.82,0.98732,3,6,3.33,-66.79,0.00115,8,31.57,-13.97,0.99136,9,-26.38,13.4,0.00749,2,8,38.51,16.49,0.05412,9,-10.17,-13.31,0.94588,1,9,5.16,-12.9,1,3,8,-0.27,33.13,0.03968,7,51.12,-2.57,0.07077,9,29.26,1.73,0.88955,3,8,-8.78,22.06,0.19192,7,37.16,-3.09,0.38984,9,27.67,15.61,0.41824,3,8,-17.91,19.71,0.07498,7,29.52,2.43,0.82841,9,32.59,23.65,0.09661,1,7,8.66,14.93,1,2,6,43.03,1.52,0.03641,7,-1.62,12.74,0.96359,1,6,11.28,20.67,1,1,6,-4.09,19.97,1,1,6,-13.4,4.52,1],"edges":[0,2,2,4,4,6,6,8,8,10,10,12,12,14,14,16,16,18,18,20,20,22,22,24,24,26,26,28,28,30,0,30]}},"jio2":{"jio2":{"type":"mesh","hull":17,"width":70,"height":110,"uvs":[0.12561,0.13084,0.00155,0.2857,0,0.60755,0.13038,0.81403,0.40713,0.99317,0.83655,1,1,0.94763,1,0.80492,0.84132,0.76241,0.73635,0.87475,0.62661,0.76241,0.60275,0.50735,0.72204,0.29784,0.96061,0.10959,0.99401,0.06101,0.82224,0.00332,0.33078,0.00028],"triangles":[5,9,6,6,9,7,9,8,7,4,9,5,4,10,9,4,3,10,10,3,11,3,2,11,2,1,11,11,1,12,12,1,0,0,16,12,12,15,13,12,16,15,13,15,14],"vertices":[2,10,53.29,4.07,0.13792,11,0.06,-17.63,0.86208,1,11,19.18,-17.55,1,2,11,50.71,-1.45,0.03012,12,5.7,-17.72,0.96988,2,12,30.05,-15.19,0.86688,13,-21.12,-5.44,0.13312,1,13,4.91,-14.69,1,2,13,32.28,-2.23,0.67993,14,-7.71,1.43,0.32007,1,14,0.76,-8.18,1,1,14,15.95,-4.2,1,2,13,21.15,21.42,0.0347,14,17.66,7.73,0.9653,3,12,48.13,23.77,0.00424,13,19.95,7.1,0.73522,14,3.84,11.71,0.26054,4,11,45.78,45.35,0.00064,12,34.13,19.77,0.329,13,7.63,14.85,0.67034,14,13.85,22.27,0.00001,4,10,17.32,43.27,0.04154,11,21.6,31.02,0.27258,12,6.7,25.88,0.66953,13,-6.13,39.36,0.01635,3,10,10.45,19.74,0.56595,11,-2.72,27.9,0.3384,12,-13.17,40.24,0.09565,1,10,-4.89,-1.99,1,1,10,-6.89,-7.47,1,1,10,5.52,-13.04,1,2,10,39.87,-11.18,0.90481,11,-19.29,-11.43,0.09519],"edges":[0,2,2,4,4,6,6,8,8,10,10,12,12,14,14,16,16,18,18,20,20,22,22,24,24,26,26,28,28,30,30,32,0,32]}},"jio3":{"jio3":{"type":"mesh","hull":22,"width":71,"height":159,"uvs":[0.50252,0.00876,0.30494,0.1369,0.01328,0.25873,0,0.473,0.08855,0.57803,0.41784,0.68936,0.56367,0.79229,0.50252,0.88262,0.34728,0.89733,0.28142,0.86372,0.2532,0.8259,0.19204,0.84901,0.15911,0.92253,0.32376,0.99185,0.64835,1,0.86474,0.96244,1,0.87002,0.98705,0.69567,0.9259,0.61164,0.74243,0.45619,0.82241,0.1453,0.87415,0],"triangles":[13,8,7,13,12,8,12,9,8,12,11,9,11,10,9,14,13,7,14,7,15,16,15,6,15,7,6,6,17,16,17,6,18,6,5,18,5,19,18,5,4,19,4,3,19,3,2,19,2,1,19,19,1,20,1,0,20,20,0,21],"vertices":[1,15,2.5,-18.53,1,1,15,25.47,-9.36,1,2,15,53.45,-4.72,0.01342,16,0.24,-22.25,0.98658,2,16,34.08,-18.21,0.40743,17,-14.97,-13.44,0.59257,2,16,49.69,-9.55,0.01391,17,1.72,-19.77,0.98609,2,17,30.46,-13.94,0.84595,18,-7.27,-18.73,0.15405,3,17,49.58,-16.99,0.04318,18,10.06,-10.08,0.90683,19,0.58,-20.96,0.04998,3,18,23.91,-15.85,0.19771,19,9.76,-9.09,0.70994,20,-0.69,-14.48,0.09236,3,18,25.12,-27.06,0.00398,19,20.89,-10.84,0.12308,20,4.81,-4.65,0.87294,2,19,23.35,-17.5,0.00007,20,11.91,-4.65,0.99993,1,20,17.75,-7.1,1,1,20,17.85,-1.41,1,1,20,10.59,8.04,1,2,19,27.81,2.61,0.47563,20,-5.4,6.5,0.52437,1,19,6.74,12.04,1,2,18,39.13,8.45,0.34711,19,-9.74,11.94,0.65289,2,18,25.48,19.49,0.95148,19,-23.95,1.64,0.04852,3,16,58.88,56.29,0.00003,17,57.93,15.72,0.13026,18,-2.2,21.37,0.86971,3,16,46.3,50.05,0.01032,17,45.04,21.29,0.52971,18,-15.93,18.4,0.45998,4,15,27.79,50.12,0.04249,16,23.75,33.55,0.31854,17,17.89,27.87,0.6365,18,-41.83,7.94,0.00247,1,15,-4.35,12.14,1,1,15,-20.23,-5.05,1],"edges":[0,2,2,4,4,6,6,8,8,10,10,12,12,14,14,16,16,18,18,20,20,22,22,24,24,26,26,28,28,30,30,32,32,34,34,36,36,38,38,40,40,42,0,42]}},"jio4":{"jio4":{"type":"mesh","hull":13,"width":90,"height":121,"uvs":[0.41342,0,0.21395,0.10705,0,0.31651,0,0.68596,0.0888,0.86342,0.23351,1,0.59333,0.85178,0.51511,0.35142,0.66373,0.15942,0.89448,0.14196,0.99226,0.16814,1,0.06633,0.85146,0],"triangles":[5,4,6,4,3,6,3,7,6,8,1,0,10,9,11,8,12,9,8,0,12,9,12,11,3,2,7,2,1,7,7,1,8],"vertices":[2,22,50.94,-3.92,0.12347,23,-0.31,15.69,0.87653,2,22,35.64,12.07,0.93415,23,-21.87,10.66,0.06585,2,22,7.88,27.65,0.90418,21,54.03,21.49,0.09582,2,22,-36.4,21.48,0.01199,21,10.06,29.54,0.98801,1,21,-12.5,25.55,1,1,21,-31.1,15.71,1,1,21,-19.29,-19.37,1,3,22,10.09,-18.85,0.75839,23,-8.26,-27.07,0.14544,21,41.53,-23.35,0.09617,2,22,34.94,-28.9,0.03233,23,13.04,-10.79,0.96767,1,23,33.02,-16.85,1,1,23,39.91,-23.17,1,1,23,45.31,-12.07,1,1,23,36.07,0.49,1],"edges":[0,2,2,4,4,6,6,8,8,10,10,12,12,14,14,16,16,18,18,20,20,22,22,24,0,24]}},"pao1":{"pao1":{"x":-2.62,"y":-2.32,"width":37,"height":37}}}}],"animations":{"animation":{"slots":{"pao1":{"color":[{"color":"ffffff00","curve":"stepped"},{"time":0.8333,"color":"ffffff00"},{"time":1,"color":"ffffffff"}]}},"bones":{"pao1":{"translate":[{"y":-49.32},{"time":1,"x":-6.71,"y":-30.12},{"time":2,"y":-158.79}],"scale":[{},{"time":1,"x":0.6,"y":0.6},{"time":1.1667,"x":0.8,"y":0.8}]},"bone5":{"rotate":[{},{"time":1,"angle":11.84},{"time":2}]},"bone9":{"rotate":[{},{"time":1,"angle":32.88},{"time":2}]},"bone14":{"rotate":[{},{"time":1,"angle":-6.99},{"time":2}]},"bone16":{"rotate":[{},{"time":1,"angle":-3.4},{"time":2}]},"bone15":{"rotate":[{},{"time":1,"angle":16.82},{"time":2}]},"bone13":{"rotate":[{},{"time":1,"angle":-16.55},{"time":2}]},"bone12":{"rotate":[{},{"time":1,"angle":-37.86},{"time":2}]},"bone11":{"rotate":[{},{"time":1,"angle":-7.55},{"time":2}]},"bone10":{"rotate":[{},{"time":1,"angle":-5.02},{"time":2}]},"bone8":{"rotate":[{},{"time":1,"angle":7.54},{"time":2}]},"bone7":{"rotate":[{},{"time":1,"angle":3.46},{"time":2}]},"bone6":{"rotate":[{},{"time":1,"angle":8.37},{"time":2}]},"bone4":{"rotate":[{},{"time":1,"angle":11.17},{"time":2}]},"bone3":{"rotate":[{},{"time":1,"angle":8.02},{"time":2}]},"zong":{"rotate":[{},{"time":1,"angle":2.36},{"time":2}],"translate":[{"y":-10.83}],"scale":[{"x":0.8,"y":0.8},{"time":1,"x":0.88,"y":0.88},{"time":2,"x":0.8,"y":0.8}]},"hua":{"translate":[{"x":-5.91,"y":-1.97}],"scale":[{"x":0.9,"y":0.9}]}}}}},[0]]],0,0,[0],[-1],[0]]
