[1,["6cp/bGIdlLjZEeqFRKvms0@6c48a"],0,[["sp.SkeletonData",["_name","_atlasText","textureNames","_skeletonJson","textures"],-1,3]],[[0,0,1,2,3,4,5]],[[0,"eff_spine_Higgsdominoo_js","\r\neff_spine_Higgsdominoo_js.png\r\nsize: 512,256\r\nformat: RGBA8888\r\nfilter: Linear,Linear\r\nrepeat: none\r\narmL\r\n  rotate: false\r\n  xy: 101, 19\r\n  size: 36, 83\r\n  orig: 36, 83\r\n  offset: 0, 0\r\n  index: -1\r\narmR\r\n  rotate: false\r\n  xy: 139, 25\r\n  size: 37, 77\r\n  orig: 37, 77\r\n  offset: 0, 0\r\n  index: -1\r\nbiyanL\r\n  rotate: true\r\n  xy: 314, 139\r\n  size: 56, 33\r\n  orig: 56, 33\r\n  offset: 0, 0\r\n  index: -1\r\nbiyanR\r\n  rotate: false\r\n  xy: 349, 160\r\n  size: 33, 35\r\n  orig: 33, 35\r\n  offset: 0, 0\r\n  index: -1\r\nbody\r\n  rotate: false\r\n  xy: 209, 7\r\n  size: 106, 111\r\n  orig: 106, 111\r\n  offset: 0, 0\r\n  index: -1\r\nerhuanL\r\n  rotate: true\r\n  xy: 101, 3\r\n  size: 14, 25\r\n  orig: 14, 25\r\n  offset: 0, 0\r\n  index: -1\r\nerhuanR\r\n  rotate: false\r\n  xy: 128, 4\r\n  size: 11, 13\r\n  orig: 11, 13\r\n  offset: 0, 0\r\n  index: -1\r\nhair\r\n  rotate: true\r\n  xy: 2, 104\r\n  size: 150, 142\r\n  orig: 150, 142\r\n  offset: 0, 0\r\n  index: -1\r\nhairR1\r\n  rotate: false\r\n  xy: 178, 72\r\n  size: 28, 31\r\n  orig: 28, 31\r\n  offset: 0, 0\r\n  index: -1\r\nhairR2\r\n  rotate: false\r\n  xy: 64, 13\r\n  size: 35, 89\r\n  orig: 35, 89\r\n  offset: 0, 0\r\n  index: -1\r\nhair_d\r\n  rotate: false\r\n  xy: 64, 2\r\n  size: 17, 9\r\n  orig: 17, 9\r\n  offset: 0, 0\r\n  index: -1\r\nhand\r\n  rotate: true\r\n  xy: 146, 118\r\n  size: 136, 38\r\n  orig: 136, 38\r\n  offset: 0, 0\r\n  index: -1\r\nhead\r\n  rotate: true\r\n  xy: 186, 120\r\n  size: 134, 126\r\n  orig: 134, 126\r\n  offset: 0, 0\r\n  index: -1\r\nhua\r\n  rotate: false\r\n  xy: 314, 197\r\n  size: 53, 57\r\n  orig: 53, 57\r\n  offset: 0, 0\r\n  index: -1\r\nhuarui\r\n  rotate: true\r\n  xy: 317, 82\r\n  size: 37, 31\r\n  orig: 37, 31\r\n  offset: 0, 0\r\n  index: -1\r\nmeimaoL\r\n  rotate: false\r\n  xy: 171, 105\r\n  size: 36, 11\r\n  orig: 36, 11\r\n  offset: 0, 0\r\n  index: -1\r\nmeimaoR\r\n  rotate: false\r\n  xy: 146, 104\r\n  size: 23, 12\r\n  orig: 23, 12\r\n  offset: 0, 0\r\n  index: -1\r\nxianglian\r\n  rotate: false\r\n  xy: 2, 4\r\n  size: 60, 98\r\n  orig: 60, 98\r\n  offset: 0, 0\r\n  index: -1\r\nyanbaiL\r\n  rotate: false\r\n  xy: 141, 3\r\n  size: 30, 20\r\n  orig: 30, 20\r\n  offset: 0, 0\r\n  index: -1\r\nyanbaiR\r\n  rotate: true\r\n  xy: 178, 48\r\n  size: 22, 25\r\n  orig: 22, 25\r\n  offset: 0, 0\r\n  index: -1\r\nyanqiuL\r\n  rotate: true\r\n  xy: 173, 3\r\n  size: 20, 17\r\n  orig: 20, 17\r\n  offset: 0, 0\r\n  index: -1\r\nyanqiuR\r\n  rotate: false\r\n  xy: 178, 28\r\n  size: 16, 18\r\n  orig: 16, 18\r\n  offset: 0, 0\r\n  index: -1\r\nzuiba\r\n  rotate: false\r\n  xy: 314, 121\r\n  size: 31, 16\r\n  orig: 31, 16\r\n  offset: 0, 0\r\n  index: -1\r\n",["eff_spine_Higgsdominoo_js.png"],{"skeleton":{"hash":"sHhu1uFsfL9P2LCuBcF9C4TDWtk","spine":"3.8.99","x":-91.65,"y":-1.36,"width":186,"height":224,"images":"","audio":""},"bones":[{"name":"root"},{"name":"js","parent":"root","x":-2.78,"y":5.97},{"name":"body","parent":"js","length":48.43,"rotation":90},{"name":"body2","parent":"body","length":48.43,"x":48.43},{"name":"head","parent":"body2","length":85.83,"x":48.3,"y":0.17},{"name":"armL","parent":"body2","length":79.31,"rotation":-170.66,"x":29.78,"y":47.35},{"name":"hand","parent":"js","x":71.41,"y":4.22},{"name":"hand2","parent":"hand","length":79.38,"rotation":-179.55,"x":-26.67,"y":-3.78},{"name":"hand3","parent":"hand","length":9.75,"rotation":123.01,"x":-4.23,"y":16.1},{"name":"armR","parent":"body2","length":70.65,"rotation":-162.19,"x":26.71,"y":-28.61},{"name":"erhuanL","parent":"head","length":21.56,"rotation":176.37,"x":21.74,"y":42.16},{"name":"erhuanR","parent":"head","length":15.43,"rotation":178.23,"x":25.19,"y":-36.13},{"name":"meimaoL","parent":"head","x":60.09,"y":-3.39,"color":"ff0000ff"},{"name":"meimaoR","parent":"head","x":61.29,"y":-20.05,"color":"ff0000ff"},{"name":"yanbaiL","parent":"head","x":43.5,"y":12.44,"color":"ff0000ff"},{"name":"yanbaiR","parent":"head","x":48.59,"y":-29.12,"color":"ff0000ff"},{"name":"bizi","parent":"head","x":32.69,"y":-19.14,"color":"ff0000ff"},{"name":"zuiba","parent":"head","x":16.38,"y":-18.34,"color":"ff0000ff"},{"name":"saiL","parent":"head","x":23.11,"y":15.08,"color":"ff0000ff"},{"name":"saiR","parent":"head","x":31.1,"y":-38.42,"color":"ff0000ff"},{"name":"yanqiuL","parent":"yanbaiL","x":0.81,"y":0.74,"color":"9c9c9cff"},{"name":"yanqiuR","parent":"yanbaiR","x":0.45,"y":2.21},{"name":"meimaoL2","parent":"meimaoL","length":21.29,"rotation":86.03,"x":0.12,"y":1.98},{"name":"meimaoL3","parent":"meimaoL2","length":9.9,"rotation":31.3,"x":21.29},{"name":"meimaoR2","parent":"meimaoR","length":15.43,"rotation":-64.41,"x":0.38,"y":-0.78},{"name":"meimaoR3","parent":"meimaoR2","length":5.65,"rotation":-55.97,"x":15.43},{"name":"hua","parent":"head","x":92.68,"y":54.99},{"name":"huarui","parent":"hua","length":27.93,"rotation":49.47,"x":0.37,"y":0.23},{"name":"hairR1","parent":"head","x":88.42,"y":-21.01},{"name":"hairR2","parent":"head","x":87.58,"y":-22.5},{"name":"head2","parent":"head","length":15.81,"rotation":141.63,"x":55.13,"y":56.88},{"name":"head3","parent":"head2","length":15.81,"x":15.81},{"name":"head4","parent":"head3","length":15.81,"x":15.81},{"name":"hair","parent":"head","x":39.61,"y":62.57},{"name":"hair2","parent":"hair","length":32.56,"rotation":-145.49},{"name":"hair3","parent":"hair2","length":32.56,"x":32.56},{"name":"hair4","parent":"hair3","length":32.56,"x":32.56},{"name":"hair5","parent":"hair4","length":32.56,"x":32.56},{"name":"hair6","parent":"hair5","length":32.56,"x":32.56},{"name":"xianglian","parent":"body2","x":39.77,"y":-1.84,"color":"9c9c9cff"},{"name":"biyanL","parent":"yanbaiL","x":10.82,"y":-2.89,"color":"9c9c9cff"},{"name":"biyanR","parent":"yanbaiR","x":9.87,"y":1.34,"color":"9c9c9cff"},{"name":"zuiba2","parent":"zuiba","x":1.36,"y":18.67,"color":"9c9c9cff"},{"name":"zuiba3","parent":"zuiba","x":4.59,"y":-10.23,"color":"9c9c9cff"}],"slots":[{"name":"hair_d","bone":"head4","attachment":"hair_d"},{"name":"hair","bone":"hair","attachment":"hair"},{"name":"armR","bone":"armR","attachment":"armR"},{"name":"body","bone":"body","attachment":"body"},{"name":"xianglian","bone":"xianglian","attachment":"xianglian"},{"name":"armL","bone":"armL","attachment":"armL"},{"name":"hand","bone":"hand","attachment":"hand"},{"name":"hairR1","bone":"hairR1","attachment":"hairR1"},{"name":"hairR2","bone":"hairR2","attachment":"hairR2"},{"name":"erhuanR","bone":"erhuanR","attachment":"erhuanR"},{"name":"yanbaiR","bone":"yanbaiR","attachment":"yanbaiR"},{"name":"yanbaiL","bone":"yanbaiL","attachment":"yanbaiL"},{"name":"yanqiuR","bone":"yanqiuR","attachment":"yanqiuR"},{"name":"yanqiuL","bone":"yanqiuL","attachment":"yanqiuL"},{"name":"head","bone":"head","attachment":"head"},{"name":"zuiba","bone":"zuiba","attachment":"zuiba"},{"name":"meimaoR","bone":"meimaoR","attachment":"meimaoR"},{"name":"meimaoL","bone":"meimaoL","attachment":"meimaoL"},{"name":"biyanR","bone":"biyanR"},{"name":"biyanL","bone":"biyanL"},{"name":"erhuanL","bone":"erhuanL","attachment":"erhuanL"},{"name":"hua","bone":"hua","attachment":"hua"},{"name":"huarui","bone":"huarui","attachment":"huarui"}],"skins":[{"name":"default","attachments":{"armL":{"armL":{"type":"mesh","hull":13,"width":36,"height":83,"uvs":[0.71221,0.08239,0.85938,0.23687,0.81954,0.27605,1,0.76068,0.99999,0.86327,0.91609,0.94328,0.74262,0.99999,0.50498,0.99999,0.31367,0.84482,0.09006,0.53429,0.00001,0.1427,0.11342,0.00127,0.3966,0],"triangles":[5,6,3,4,5,3,7,8,6,8,3,6,2,8,9,8,2,3,2,12,0,12,2,9,11,12,10,12,9,10,2,0,1],"vertices":[1,5,7.43,18.15,1,1,5,20.94,21.3,1,1,5,23.92,19.35,1,2,5,64.66,19.24,0.63811,7,62.47,-17.59,0.36189,2,5,73.06,17.86,0.3277,7,62.54,-9.08,0.6723,2,5,79.13,13.8,0.0771,7,65.61,-2.46,0.9229,1,7,71.9,2.2,1,1,7,80.45,2.13,1,1,5,67.54,-6.28,1,1,5,40.8,-10.04,1,1,5,8.21,-7.96,1,1,5,-2.71,-2.03,1,1,5,-1.16,8.05,1],"edges":[24,0,0,2,2,4,4,6,6,8,8,10,10,12,12,14,14,16,16,18,18,20,22,24,20,22]}},"armR":{"armR":{"x":35.37,"y":2.31,"rotation":72.19,"width":37,"height":77}},"biyanL":{"biyanL":{"type":"mesh","hull":14,"width":56,"height":33,"uvs":[0.90064,0.25388,0.98609,0.59462,0.87029,0.78066,0.80726,0.86051,0.70918,0.93281,0.60572,0.9622,0.5034,0.95636,0.38404,0.89678,0.28986,0.8092,0.20656,0.72826,0,0.7039,0.13956,0.20647,0.41074,0.00683,0.68058,0.00001,0.32218,0.61866,0.33736,0.50896,0.39896,0.72214,0.42736,0.41215,0.51146,0.82002,0.53985,0.33988,0.61199,0.82881,0.62583,0.32624,0.71119,0.80244,0.72306,0.36578,0.80628,0.75513,0.81439,0.50543],"triangles":[13,19,12,21,13,0,12,17,11,13,21,19,23,21,0,19,17,12,25,23,0,15,11,17,25,0,1,15,10,11,15,9,10,16,15,17,14,15,16,14,9,15,8,9,14,20,19,21,24,25,1,2,24,1,23,25,22,24,22,25,16,8,14,19,18,17,20,18,19,18,16,17,23,20,21,23,22,20,3,24,2,22,24,3,7,8,16,7,16,18,4,20,22,4,22,3,6,7,18,6,18,20,5,6,20,4,5,20],"vertices":[2.24,-15.29,-9.01,-20.07,-15.14,-13.59,-17.78,-10.06,-20.17,-4.57,-21.14,1.23,-20.94,6.96,-18.98,13.64,-16.09,18.92,-13.42,23.58,-12.61,35.15,3.8,27.33,10.39,12.15,10.62,-2.96,-9.8,17.11,-6.18,16.26,-13.21,12.81,-2.98,11.22,-16.44,6.51,-0.6,4.92,-16.73,0.88,-0.15,0.1,-15.86,-4.68,-1.45,-5.34,-14.3,-10,-6.06,-10.46],"edges":[20,18,18,16,16,14,14,12,4,2,24,26,24,22,20,22,8,10,10,12,4,6,6,8,2,0,0,26,16,28,28,30,14,32,32,34,12,36,36,38,10,40,40,42,8,44,44,46,6,48,48,50]}},"biyanR":{"biyanR":{"type":"mesh","hull":14,"width":33,"height":35,"uvs":[0.8912,0.46158,0.81646,0.51408,0.85944,0.56479,0.80996,0.66041,0.73121,0.74712,0.60368,0.80678,0.46213,0.82616,0.32638,0.8192,0.20721,0.79787,0.09381,0.75881,0.00153,0.38398,0.18775,0.12465,0.49296,0,0.82499,0,0.17452,0.70562,0.12907,0.57134,0.28058,0.70705,0.16846,0.44277,0.40785,0.69991,0.24119,0.33848,0.51997,0.66991,0.30634,0.27991,0.62754,0.60705,0.39724,0.23277,0.70027,0.52562,0.49573,0.22277,0.74875,0.4342,0.60936,0.23134,0.72573,0.30978],"triangles":[27,25,12,23,11,12,13,27,12,25,23,12,21,11,23,28,27,13,19,11,21,10,11,19,0,26,28,13,0,28,27,28,26,17,10,19,1,26,0,24,27,26,24,26,1,25,27,24,15,10,17,22,25,24,23,25,22,3,24,1,3,1,2,22,24,3,20,23,22,21,23,20,19,21,20,18,17,19,17,16,15,19,20,18,16,14,15,17,18,16,4,22,3,9,10,15,9,15,14,8,14,16,9,14,8,5,20,22,5,22,4,7,16,18,8,16,7,6,18,20,6,20,5,7,18,6],"vertices":[-7.68,-15.92,-9.52,-13.45,-11.29,-14.87,-14.64,-13.24,-17.68,-10.64,-19.76,-6.43,-20.44,-1.76,-20.2,2.72,-19.45,6.65,-18.08,10.4,-4.97,13.44,4.11,7.3,8.47,-2.78,8.47,-13.73,-16.22,7.73,-11.52,9.23,-16.27,4.23,-7.02,7.93,-16.02,0.03,-3.37,5.53,-14.97,-3.67,-1.32,3.38,-12.77,-7.22,0.33,0.38,-9.92,-9.62,0.68,-2.87,-6.72,-11.22,0.38,-6.62,-2.37,-10.46],"edges":[18,20,24,26,26,0,10,12,12,14,6,8,8,10,4,6,14,16,16,18,20,22,22,24,28,30,32,34,36,38,40,42,44,46,48,50,52,54,4,2,2,52,2,0,0,52,48,6,44,8,40,10,36,12,32,14,28,16]}},"body":{"body":{"type":"mesh","hull":31,"width":106,"height":111,"uvs":[0.6577,0.08016,0.72301,0.07964,0.71473,0.16092,0.78197,0.20855,0.9163,0.2663,0.91231,0.34982,0.88628,0.39933,0.8897,0.4697,0.99999,0.66397,0.99175,0.76094,0.92183,0.84685,0.85633,0.90477,0.76334,0.95004,0.57367,0.95145,0.00006,0.95571,0.00006,0.92749,0.06324,0.90209,0.12578,0.8642,0.14153,0.83688,0.14404,0.79329,0.12712,0.79009,0.13734,0.64175,0.18175,0.46202,0.12199,0.42347,0.071,0.33178,0.08487,0.2618,0.15092,0.19228,0.26414,0.16119,0.27551,0.13385,0.42158,0.11229,0.41581,0,0.31611,0.40827,0.36941,0.34108,0.40672,0.26168,0.60191,0.35895,0.68283,0.37495,0.76877,0.36123,0.82817,0.31122,0.81886,0.26513,0.72462,0.55282,0.71109,0.83724,0.42226,0.15227,0.45711,0.18269,0.59661,0.22267,0.66632,0.22497,0.71299,0.21119,0.32689,0.8776,0.83662,0.54298,0.94863,0.67039,0.95688,0.75922,0.32817,0.21086,0.4668,0.71716],"triangles":[23,24,25,25,26,31,50,26,27,13,14,46,46,16,17,17,18,46,46,14,16,14,15,16,46,51,13,13,40,12,13,51,40,12,40,11,11,40,10,18,19,46,51,46,21,10,49,9,49,40,48,49,10,40,40,39,48,39,47,48,40,51,39,20,21,19,31,51,21,21,46,19,8,9,48,9,49,48,39,51,34,8,48,7,48,47,7,39,36,47,6,37,5,5,37,4,37,38,4,4,38,3,21,22,31,39,34,35,51,31,34,34,31,32,34,32,33,39,35,36,7,36,6,7,47,36,22,23,31,31,23,25,31,26,50,31,50,32,36,37,6,34,44,35,35,45,36,35,44,45,36,38,37,38,45,3,38,36,45,34,33,43,33,42,43,34,43,44,32,50,33,33,41,42,33,50,41,45,44,2,44,0,2,43,42,0,45,2,3,0,44,43,27,28,50,50,28,41,0,42,29,2,0,1,28,29,41,42,41,29,29,30,0],"vertices":[1,3,47.34,-8.84,1,1,3,47.4,-15.77,1,2,3,38.38,-14.89,0.81138,9,-15.31,-9.49,0.18862,2,3,33.09,-22.01,0.51166,9,-8.09,-4.32,0.48834,1,9,2.37,7.27,1,3,3,17.41,-35.83,0.00263,9,11.06,4.03,0.99719,2,65.84,-35.83,0.00018,3,3,11.91,-33.07,0.44175,9,15.45,-0.27,0.46973,2,60.34,-33.07,0.08852,3,3,4.1,-33.43,0.41605,9,23,-2.32,0.2,2,52.53,-33.43,0.38395,2,3,-17.46,-45.13,0.08244,2,30.97,-45.13,0.91756,2,3,-28.23,-44.25,0.03683,2,20.21,-44.25,0.96317,2,3,-37.76,-36.84,0.00883,2,10.67,-36.84,0.99117,2,3,-44.19,-29.9,0.00053,2,4.24,-29.9,0.99947,1,2,-0.78,-20.04,1,1,2,-0.94,0.06,1,1,2,-1.41,60.87,1,1,2,1.72,60.87,1,2,3,-43.9,54.17,0.00035,2,4.54,54.17,0.99965,2,3,-39.69,47.54,0.0085,2,8.74,47.54,0.9915,2,3,-36.66,45.87,0.02107,2,11.78,45.87,0.97893,2,3,-31.82,45.61,0.0505,2,16.62,45.61,0.9495,2,3,-31.46,47.4,0.05696,2,16.97,47.4,0.94304,2,3,-15,46.32,0.19599,2,33.44,46.32,0.80401,3,3,4.95,41.61,0.58768,2,53.39,41.61,0.26222,5,25.43,1.63,0.1501,3,3,9.23,47.94,0.60738,2,57.67,47.94,0.09146,5,20.18,-3.92,0.30116,3,3,19.41,53.35,0.07443,2,67.84,53.35,0.00374,5,9.26,-7.6,0.92183,1,5,1.84,-4.89,1,1,5,-4.64,3.27,1,2,3,38.35,32.88,0.6,5,-6.1,15.67,0.4,2,3,41.38,31.67,0.6,5,-8.9,17.35,0.4,2,3,43.77,16.19,0.9,5,-8.75,33.02,0.1,1,3,56.24,16.8,1,3,3,10.92,27.37,0.83924,2,59.35,27.37,0.03205,5,21.86,16.66,0.12871,3,3,18.38,21.72,0.79508,2,66.81,21.72,0.00363,5,15.41,23.44,0.20129,2,3,27.19,17.76,0.8,5,7.36,28.77,0.2,1,3,16.39,-2.93,1,1,3,14.62,-11.51,1,3,3,16.14,-20.62,0.72957,9,7.62,-10.84,0.22837,2,64.57,-20.62,0.04206,3,3,21.69,-26.91,0.69869,9,4.26,-3.15,0.28922,2,70.13,-26.91,0.01209,2,3,26.81,-25.93,0.70546,9,-0.92,-2.52,0.29454,2,3,-5.13,-15.94,0.2794,2,43.31,-15.94,0.7206,1,2,11.74,-14.5,1,2,3,39.33,16.11,0.9,5,-4.36,32.37,0.1,2,3,35.96,12.42,0.9,5,-0.43,35.47,0.1,1,3,31.52,-2.37,1,1,3,31.27,-9.76,1,2,3,32.79,-14.7,0.91267,9,-10.05,-11.37,0.08733,2,3,-41.18,26.22,0.0041,2,7.26,26.22,0.9959,2,3,-4.03,-27.81,0.33114,2,44.4,-27.81,0.66886,2,3,-18.18,-39.68,0.08507,2,30.26,-39.68,0.91493,2,3,-28.04,-40.56,0.03399,2,20.4,-40.56,0.96601,2,3,32.83,26.09,0.7,5,0.44,21.47,0.3,3,3,-23.37,11.39,0.18234,2,25.07,11.39,0.80522,5,58.28,26.85,0.01243],"edges":[18,16,16,14,14,12,12,10,10,8,8,6,6,4,4,2,2,0,0,60,60,58,58,56,56,54,54,52,52,50,50,48,48,46,46,44,44,42,42,40,40,38,38,36,36,34,28,30,30,32,32,34,18,20,20,22,22,24,44,62,62,64,64,66,66,68,68,70,70,72,72,74,74,76,76,6,70,78,78,80,24,26,26,28,80,26,58,82,82,84,84,86,86,88,88,90,90,4,72,94,94,96,96,98,98,20,54,100,100,66]}},"erhuanL":{"erhuanL":{"x":10.44,"y":-1.89,"rotation":93.63,"width":14,"height":25}},"erhuanR":{"erhuanR":{"x":10.82,"y":-2,"rotation":91.77,"width":11,"height":13}},"hair":{"hair":{"type":"mesh","hull":19,"width":150,"height":142,"uvs":[0.76904,0.21428,0.76336,0.28954,0.83939,0.31992,0.88979,0.40278,0.89934,0.55675,0.96411,0.63559,0.99924,0.70644,1,0.79108,0.97871,0.89935,0.4895,1,0.40483,0.89944,0.26659,0.73459,0.18143,0.61289,0.15775,0.48412,0.08646,0.43652,0.05038,0.35294,0.05305,0.24198,0.00001,0.1499,0.15308,0.00518],"triangles":[4,5,7,7,5,6,7,9,4,8,9,7,3,1,2,4,10,11,4,11,3,9,10,4,11,12,13,1,11,13,3,11,1,13,14,15,15,16,13,1,13,16,16,17,18,16,18,0,1,16,0],"vertices":[1,34,75.41,60.07,1,5,34,83.73,53.31,0.00027,35,51.17,53.31,0.26872,36,18.61,53.31,0.42356,37,-13.95,53.31,0.28082,38,-46.51,53.31,0.02663,4,35,61.19,60.26,0.1601,36,28.63,60.26,0.3717,37,-3.94,60.26,0.39781,38,-36.5,60.26,0.07039,4,35,75.17,59.82,0.10153,36,42.6,59.82,0.30483,37,10.04,59.82,0.46373,38,-22.52,59.82,0.12991,4,35,93.99,48.61,0.02596,36,61.43,48.61,0.12202,37,28.87,48.61,0.45032,38,-3.69,48.61,0.4017,4,35,108.72,50.28,0.0042,36,76.16,50.28,0.0341,37,43.6,50.28,0.28345,38,11.04,50.28,0.67825,4,35,120,48.92,0.00059,36,87.44,48.92,0.0117,37,54.88,48.92,0.18402,38,22.31,48.92,0.80369,3,36,97.4,42.2,0.00228,37,64.84,42.2,0.10162,38,32.28,42.2,0.8961,2,37,75.7,30.86,0.03665,38,43.14,30.86,0.96335,3,36,78.46,-37.7,0.03878,37,45.9,-37.7,0.37144,38,13.34,-37.7,0.58978,3,36,59.5,-40.08,0.15381,37,26.94,-40.08,0.53839,38,-5.62,-40.08,0.3078,4,35,61.02,-43.9,0.06062,36,28.46,-43.9,0.59805,37,-4.1,-43.9,0.32311,38,-36.66,-43.9,0.01822,4,35,39.55,-44.63,0.27955,36,6.99,-44.63,0.62003,37,-25.58,-44.63,0.10039,38,-58.14,-44.63,0.00003,4,34,55.03,-37.2,0.00737,35,22.47,-37.2,0.67092,36,-10.1,-37.2,0.30589,37,-42.66,-37.2,0.01582,4,34,43.4,-42.18,0.06109,35,10.84,-42.18,0.82341,36,-21.72,-42.18,0.11448,37,-54.28,-42.18,0.00102,3,34,30.55,-39.92,0.17852,35,-2.01,-39.92,0.77992,36,-34.57,-39.92,0.04156,3,34,17.8,-30.66,0.5208,35,-14.76,-30.66,0.4764,36,-47.33,-30.66,0.0028,1,34,2.52,-29.81,1,1,34,-1.41,0.76,1],"edges":[34,36,36,0,18,16,18,20,20,8,24,22,22,20,8,6,22,6,24,26,0,2,26,2,0,32,28,26,32,34,14,16,8,10,10,12,12,14,2,4,4,6,28,30,30,32]}},"hairR1":{"hairR1":{"type":"mesh","hull":11,"width":28,"height":31,"uvs":[0.77458,0.22494,0.88194,0.43504,0.979,0.72671,0.95276,0.99999,0.85065,0.99999,0.74447,0.80345,0.5513,0.61416,0.35801,0.60662,0.27783,0.65504,0.00286,0.5151,0.38533,0.00001],"triangles":[7,9,10,6,7,10,0,6,10,1,6,0,8,9,7,5,6,1,2,5,1,4,5,2,3,4,2],"vertices":[8.55,-19.97,2.03,-22.97,-7.01,-25.69,-15.48,-24.96,-15.48,-22.1,-9.39,-19.12,-3.52,-13.72,-3.28,-8.3,-4.79,-6.06,-0.45,1.64,15.52,-9.07],"edges":[18,16,16,14,14,12,12,10,10,8,6,8,6,4,4,2,2,0,0,20,20,18]}},"hairR2":{"hairR2":{"type":"mesh","hull":19,"width":35,"height":89,"uvs":[0.64245,0.10307,0.85188,0.30094,0.98571,0.40453,1,0.55817,0.86642,0.63537,0.67742,0.69998,0.65888,0.77399,0.50373,0.91523,0.15716,0.99382,0.08428,0.97556,0.28431,0.87579,0.44145,0.75635,0.4703,0.58804,0.43373,0.4141,0.4643,0.32556,0.31583,0.17907,0,0.05117,0.18729,0.00001,0.39416,0.00169],"triangles":[15,17,18,16,17,15,0,15,18,14,0,1,14,15,0,1,13,14,12,13,1,4,1,2,4,2,3,5,12,1,4,5,1,11,12,5,6,11,5,7,11,6,10,11,7,8,9,10,8,10,7],"vertices":[-4.82,-21.28,-22.43,-28.61,-31.65,-33.3,-45.32,-33.8,-52.19,-29.12,-57.94,-22.51,-64.53,-21.86,-77.1,-16.43,-84.09,-4.3,-82.47,-1.75,-73.59,-8.75,-62.96,-14.25,-47.98,-15.26,-32.5,-13.98,-24.62,-15.05,-11.58,-9.85,-0.2,1.2,4.35,-5.35,4.21,-12.59],"edges":[32,34,34,36,36,0,0,2,2,4,4,6,6,8,8,10,10,12,12,14,14,16,16,18,18,20,20,22,22,24,24,26,26,28,28,30,30,32]}},"hair_d":{"hair_d":{"x":18.98,"y":16.7,"rotation":128.37,"width":17,"height":9}},"hand":{"hand":{"type":"mesh","hull":19,"width":136,"height":38,"uvs":[0.83849,0.22615,0.9209,0.13789,0.99999,0.16799,1,0.34189,0.95098,0.37783,0.99444,0.49689,0.98041,0.99999,0.82466,0.99621,0.60382,0.95263,0.01125,0.87752,0,0.54694,0.02373,0.29858,0.07992,0.13384,0.2212,0.28947,0.60398,0.54036,0.74149,0.31131,0.72446,0.21868,0.72929,0.00001,0.77854,0.00016],"triangles":[18,16,17,16,18,0,13,10,11,14,9,13,13,9,10,11,12,13,14,8,9,15,16,0,15,0,4,4,0,3,2,0,1,0,2,3,6,7,5,7,14,5,14,4,5,4,14,15,8,14,7],"vertices":[1,6,3.76,17.86,1,1,6,14.96,21.21,1,1,6,25.72,20.07,1,1,6,25.72,13.46,1,1,6,19.05,12.1,1,1,6,24.96,7.57,1,1,6,23.06,-11.55,1,1,6,1.87,-11.4,1,1,6,-28.16,-9.75,1,1,6,-108.75,-6.89,1,2,7,83.53,-10.11,0.752,5,68.8,-2.73,0.248,2,7,80.23,-19.52,0.65,5,60.01,1.99,0.35,2,7,72.54,-25.72,0.5,5,55.07,10.55,0.5,1,7,53.37,-19.66,1,2,6,-28.14,5.92,0.02185,7,1.39,-9.71,0.97815,1,6,-9.44,14.62,1,3,6,-11.75,18.14,0.00247,7,-15.09,-21.8,0.00951,8,5.81,5.19,0.98802,1,8,12.42,0.12,1,1,8,8.76,-5.5,1],"edges":[24,26,26,28,28,30,30,32,32,34,34,36,36,0,0,2,2,4,4,6,6,8,10,12,8,10,12,14,14,16,18,20,16,18,20,22,22,24]}},"head":{"head":{"type":"mesh","hull":40,"width":134,"height":126,"uvs":[0.83338,0.05432,0.91076,0.11706,0.87559,0.19921,0.84496,0.24446,0.92874,0.32493,0.97162,0.43915,0.96797,0.50846,0.98286,0.51165,0.97611,0.53899,0.98467,0.58104,0.97896,0.62034,0.98472,0.71095,0.96674,0.78458,0.8394,0.97828,0.77827,0.99932,0.6983,0.99536,0.55073,0.93014,0.45706,0.87174,0.39785,0.80782,0.33662,0.81539,0.26901,0.79071,0.21553,0.74276,0.18952,0.69938,0.09252,0.8114,0.05916,0.86855,0.0586,0.90242,0.0765,0.94263,0.04078,0.93977,0.00859,0.89727,0.00001,0.84777,0.01832,0.78298,0.00195,0.72128,0.0101,0.63496,0.05025,0.58703,0.06029,0.42785,0.11829,0.31197,0.20126,0.19805,0.31801,0.06895,0.4833,0,0.69887,0.00642,0.18943,0.64482,0.23645,0.59919,0.2857,0.598,0.32786,0.68522,0.33256,0.71514,0.32652,0.74578,0.35629,0.7188,0.36705,0.6718,0.3551,0.5853,0.3967,0.52636,0.44553,0.40152,0.49369,0.33192,0.60953,0.26491,0.74073,0.27598,0.79006,0.62897,0.84413,0.68365,0.84849,0.71563,0.81547,0.74262,0.77939,0.74797,0.72633,0.73805,0.7161,0.70733,0.73162,0.66225,0.77766,0.57868,0.80744,0.55675,0.8511,0.49961,0.91266,0.4758,0.9496,0.59445,0.91677,0.63333,0.85333,0.6377,0.79567,0.6278,0.41815,0.59186,0.45765,0.54484,0.53429,0.5091,0.61624,0.51976,0.67932,0.57807,0.69818,0.64829,0.63038,0.68466,0.5508,0.69532,0.46118,0.65519,0.80677,0.82239,0.84193,0.8118,0.87963,0.78107,0.75518,0.82762,0.70231,0.82396,0.66031,0.81241,0.86498,0.79733,0.51387,0.44476,0.67451,0.45862,0.67225,0.49695,0.51345,0.482,0.43865,0.50402,0.81038,0.44818,0.91699,0.39413,0.92021,0.42567,0.82268,0.47497,0.50204,0.75112,0.55481,0.73431,0.59316,0.78517,0.54341,0.80874,0.91591,0.69881,0.95356,0.65679,0.93345,0.74611,0.80994,0.62202,0.82203,0.56952,0.86183,0.51802,0.90719,0.51264,0.93085,0.5405,0.92712,0.58757,0.90811,0.61657,0.85326,0.6229],"triangles":[95,77,96,97,96,76,98,95,96,98,96,97,17,95,98,84,98,97,91,3,92,94,91,93,65,94,93,88,91,94,86,52,87,88,89,87,88,73,89,91,88,87,83,84,59,15,84,83,85,57,81,85,81,12,79,57,80,82,58,79,83,59,82,13,79,80,82,79,13,73,72,89,71,89,72,73,88,74,70,49,71,75,74,62,78,71,72,70,71,78,47,70,78,76,73,74,76,74,75,77,72,73,77,73,76,78,72,77,76,75,60,96,77,76,95,78,77,59,84,76,97,76,84,62,74,88,54,62,69,61,75,62,54,61,62,54,69,55,60,75,61,56,55,99,60,58,59,55,61,54,57,55,56,55,58,61,61,58,60,58,55,57,57,56,81,80,57,85,59,76,60,79,58,57,82,59,58,86,90,50,89,86,87,89,90,86,71,90,89,31,32,22,23,30,31,22,23,31,24,29,30,23,24,30,28,29,24,25,28,24,27,28,25,27,25,26,40,32,33,101,81,56,99,67,100,99,100,11,101,99,11,101,56,99,63,88,94,63,62,88,64,94,65,6,65,5,105,64,65,105,65,6,104,64,105,8,6,7,106,105,6,106,6,8,63,94,64,63,64,104,103,63,104,106,104,105,66,106,8,66,8,9,107,106,66,106,107,104,107,103,104,107,109,103,63,69,62,109,102,103,69,63,102,107,108,109,103,102,63,66,67,108,66,108,107,100,67,66,68,109,108,68,108,67,102,109,68,69,102,68,55,69,68,99,68,67,55,68,99,5,93,92,5,92,4,91,92,93,65,93,5,2,0,1,2,53,0,52,38,39,39,53,52,0,53,39,53,2,3,51,38,52,37,38,51,36,37,51,92,3,4,50,36,51,35,36,50,86,51,52,50,51,86,91,53,3,87,52,53,87,53,91,50,49,35,35,42,34,50,90,49,49,90,71,35,49,42,34,41,33,48,49,70,49,48,42,42,41,34,10,66,9,40,33,41,10,100,66,47,48,70,43,42,48,47,43,48,43,22,40,100,10,11,46,44,43,47,46,43,43,21,22,41,42,43,41,43,40,44,45,21,44,21,43,45,44,46,22,32,40,12,101,11,20,21,45,46,78,95,78,46,47,18,46,95,45,46,18,19,45,18,20,45,19,17,18,95,84,16,98,17,98,16,81,101,12,13,80,85,13,85,12,15,83,82,16,84,15,14,15,82,13,14,82],"vertices":[1,4,113.09,-22.97,1,1,4,105.19,-33.33,1,1,4,94.84,-28.62,1,1,4,89.14,-24.52,1,1,4,79,-35.74,1,1,25,7.71,0.19,1,1,15,7.28,-11.88,1,1,15,6.88,-13.87,1,1,15,3.44,-12.97,1,1,4,46.73,-43.24,1,1,4,41.78,-42.47,1,2,4,30.36,-43.25,0.5,19,-0.74,-4.82,0.5,1,4,21.08,-40.84,1,1,4,-3.33,-23.77,1,1,4,-5.98,-15.58,1,1,4,-5.48,-4.87,1,1,4,2.74,14.91,1,1,4,10.1,27.46,1,1,4,18.15,35.39,1,1,4,17.2,43.6,1,1,4,20.31,52.66,1,1,4,26.35,59.83,1,1,4,31.82,63.31,1,2,31,25.59,8,0.00154,32,9.78,8,0.99846,1,32,18.2,8.96,1,1,32,21.59,11.55,1,1,32,24.07,16.57,1,1,32,26.76,12.6,1,1,32,25.24,5.89,1,1,32,21.06,1.12,1,1,32,13.14,-2.02,1,2,31,24.22,-8.57,0.06646,32,8.41,-8.57,0.93354,3,31,15.01,-14.46,0.60154,32,-0.8,-14.46,0.38159,30,30.83,-14.46,0.01688,3,31,6.94,-13.99,0.69716,32,-8.87,-13.99,0.07375,30,22.75,-13.99,0.22909,4,4,66.03,80.63,0.62591,31,-9.62,-25.39,0.02932,30,6.19,-25.39,0.33924,23,52.02,-31.78,0.00553,3,4,80.63,72.86,0.68189,31,-25.89,-28.36,0.00057,30,-10.08,-28.36,0.31754,2,4,94.98,61.74,0.86073,30,-28.23,-28.55,0.13927,2,4,111.25,46.09,0.96,30,-50.7,-26.38,0.04,2,4,119.94,23.94,0.98,30,-71.26,-14.4,0.02,1,4,119.13,-4.94,1,1,4,38.69,63.32,1,1,4,44.44,57.02,1,1,4,44.59,50.42,1,1,4,33.6,44.77,1,1,4,29.83,44.14,1,1,4,25.97,44.95,1,1,4,29.37,40.96,1,1,4,35.29,39.52,1,1,4,46.19,41.12,1,1,4,53.62,35.55,1,1,4,69.35,29.01,1,1,4,78.12,22.55,1,1,4,86.56,7.03,1,1,4,85.17,-10.55,1,1,16,7.99,1.97,1,1,16,1.1,-5.27,1,1,16,-2.93,-5.86,1,1,16,-6.33,-1.43,1,1,16,-7,3.41,1,2,4,26.94,-8.62,0.3,16,-5.75,10.52,0.7,2,4,30.81,-7.25,0.3,16,-1.88,11.89,0.7,2,4,36.49,-9.33,0.3,16,3.8,9.81,0.7,1,16,14.33,3.64,1,1,15,1.2,9.63,1,1,15,8.4,3.78,1,1,15,11.4,-4.47,1,1,15,-3.55,-9.42,1,1,15,-8.45,-5.02,1,1,15,-9,3.48,1,1,15,-7.76,11.21,1,1,14,1.86,20.23,1,1,14,7.78,14.94,1,1,14,12.29,4.67,1,1,14,10.94,-6.31,1,1,14,3.6,-14.77,1,1,14,-5.25,-17.29,1,1,14,-9.83,-8.21,1,1,14,-11.18,2.46,1,1,14,-6.12,14.46,1,1,17,-0.06,-1.06,1,2,17,1.28,-5.77,0.7,43,-3.31,4.46,0.3,1,43,0.56,-0.59,1,2,17,-0.72,5.85,0.7,42,-2.08,-12.82,0.3,2,17,-0.26,12.94,0.3,42,-1.62,-5.74,0.7,1,42,-0.16,-0.11,1,2,17,3.1,-8.86,0.3,43,-1.49,1.37,0.7,2,23,-1,-1.98,0.8,22,21.47,-2.21,0.2,1,22,-0.13,-1.96,1,1,22,-0.16,2.88,1,2,23,1.2,2.16,0.8,22,21.2,2.47,0.2,1,23,11.38,0.02,1,1,24,-0.07,2.03,1,2,25,-1.48,1.39,0.8,24,15.75,2,0.2,2,25,0.91,-1.82,0.8,24,14.43,-1.77,0.2,1,24,-0.05,-1.73,1,1,18,2.19,6.35,1,1,18,4.31,-0.72,1,1,18,-2.1,-5.86,1,1,18,-5.07,0.81,1,1,19,0.79,4.4,1,1,19,6.09,-0.65,1,1,19,-5.17,2.05,1,1,15,-7.03,9.3,1,1,15,-0.41,7.68,1,1,15,6.08,2.34,1,1,15,6.76,-3.73,1,1,15,3.25,-6.9,1,1,15,-2.69,-6.4,1,1,15,-6.34,-3.86,1,1,15,-7.14,3.49,1],"edges":[6,8,8,10,10,12,12,14,14,16,16,18,18,20,20,22,22,24,24,26,26,28,28,30,30,32,32,34,34,36,36,38,38,40,40,42,42,44,44,46,46,48,58,60,60,62,62,64,64,66,66,68,68,70,70,72,72,74,74,76,76,78,78,0,0,2,2,4,4,6,54,56,56,58,44,80,80,82,82,84,84,86,86,88,88,90,90,92,92,94,94,96,96,98,98,100,100,102,102,104,104,106,106,6,108,110,110,112,112,114,114,116,116,118,118,120,120,122,108,124,126,128,128,130,130,12,16,132,132,134,134,136,138,126,138,136,140,142,142,144,144,146,146,148,148,150,150,152,152,154,154,156,156,140,158,160,158,164,164,166,166,168,160,170,170,162,172,174,174,176,176,178,180,172,180,178,182,184,184,10,10,186,186,188,188,182,190,192,192,194,194,196,196,190,198,200,198,202,202,22,200,22,204,206,206,208,208,210,210,212,212,214,214,216,216,218,218,204,52,54,48,50,50,52]}},"hua":{"hua":{"type":"mesh","hull":25,"width":53,"height":57,"uvs":[1,0.04252,0.99907,0.09704,0.87134,0.19791,0.97498,0.36528,0.72664,0.52386,0.76245,0.5919,0.71538,0.79598,0.46017,0.77926,0.41755,0.88672,0.29924,1,0.15239,0.89073,0.1257,0.83413,0.07481,0.8712,0.00709,0.83832,0.00001,0.63769,0.06719,0.5464,0.08738,0.4411,0.16526,0.34969,0.13885,0.33484,0.18615,0.21494,0.33201,0.10531,0.4187,0.1094,0.48053,0.04076,0.63536,0.00001,0.78372,0,0.46443,0.42368],"triangles":[0,25,24,25,0,2,17,18,19,22,23,25,22,25,21,2,0,1,24,25,23,20,21,25,19,20,25,17,19,25,25,2,3,16,17,25,4,25,3,15,16,25,25,4,5,14,15,25,14,25,13,6,7,25,5,6,25,25,9,11,11,13,25,12,13,11,25,7,9,9,10,11,7,8,9],"vertices":[22.96,-26.52,19.85,-26.47,14.1,-19.7,4.56,-25.19,-4.48,-12.03,-8.36,-13.93,-19.99,-11.43,-19.04,2.09,-25.16,4.35,-31.62,10.62,-25.39,18.41,-22.16,19.82,-24.28,22.52,-22.4,26.11,-10.97,26.48,-5.76,22.92,0.24,21.85,5.45,17.72,6.3,19.12,13.13,16.62,19.38,8.89,19.15,4.29,23.06,1.02,25.38,-7.19,25.38,-15.05,1.23,1.87],"edges":[18,16,16,14,14,12,12,10,10,8,8,6,6,4,4,2,2,0,0,48,46,48,46,44,40,38,38,36,36,34,34,32,32,30,30,28,26,28,26,24,24,22,22,20,20,18,40,42,42,44,50,8,50,4,48,50,50,46,44,50,50,42,40,50,50,38,34,50,50,32,30,50,50,22,50,14,50,12,50,10,50,6,50,0,50,18,50,26,50,28]}},"huarui":{"huarui":{"x":14.92,"y":-2.2,"rotation":-139.47,"width":37,"height":31}},"meimaoL":{"meimaoL":{"type":"mesh","hull":6,"width":36,"height":11,"uvs":[1,0.04768,0.97974,0.79713,0.33585,0.5804,0.03696,0.99998,0.00001,0.78313,0.31685,0],"triangles":[3,4,2,2,4,5,1,2,0,2,5,0],"vertices":[1,22,-2.58,-4.4,1,1,22,-2.42,3.87,1,2,22,20.87,3.1,0.50137,23,1.25,2.87,0.49863,1,23,12.93,2.03,1,1,23,13.01,-0.7,1,2,22,21.99,-3.22,0.61731,23,-1.08,-3.12,0.38269],"edges":[4,2,2,0,0,10,10,8,6,4,8,6]}},"meimaoR":{"meimaoR":{"type":"mesh","hull":8,"width":23,"height":12,"uvs":[0.99999,0.42382,0.96696,0.69549,0.735,0.47369,0.2289,1,0.02087,0.92833,0.00087,0.45457,0.61243,0.00001,0.7762,0.00001],"triangles":[2,3,5,3,4,5,5,6,2,2,6,7,1,2,0,2,7,0],"vertices":[1,25,6.91,1.17,1,1,25,7.9,-2.03,1,2,25,1.95,-2.43,0.63471,24,14.51,-2.98,0.36529,1,24,1.28,-3.65,1,1,24,-2.66,-0.8,1,1,24,-0.62,4.52,1,2,25,-3.35,1.05,0.04398,24,14.42,3.37,0.95602,2,25,-0.1,2.95,0.78214,24,17.82,1.74,0.21786],"edges":[6,8,6,4,4,2,2,0,0,14,12,14,8,10,12,10]}},"xianglian":{"xianglian":{"type":"mesh","hull":11,"width":60,"height":98,"uvs":[0.83963,0.17748,0.97507,0.41895,0.99772,0.94129,0.87846,0.95215,0.783,0.96085,0.40941,0.52388,0.07567,0.26109,0,0.08354,0.10655,0,0.34485,0,0.5886,0,0.68278,0.44932,0.51154,0.20467],"triangles":[12,9,10,12,10,0,6,7,8,11,12,0,11,0,1,9,6,8,5,12,11,9,12,6,5,6,12,3,11,1,2,3,1,4,11,3,5,11,4],"vertices":[-10.92,-24.66,-34.59,-32.79,-85.78,-34.15,-86.84,-26.99,-87.69,-21.27,-44.87,1.15,-19.12,21.17,-1.72,25.71,6.47,19.32,6.47,5.02,6.47,-9.6,-37.56,-15.25,-13.59,-4.98],"edges":[16,14,12,14,4,2,2,0,0,20,4,6,6,8,6,22,22,24,16,18,18,20,24,18,8,10,10,12]}},"yanbaiL":{"yanbaiL":{"x":-0.07,"y":-0.74,"rotation":-90,"width":30,"height":20}},"yanbaiR":{"yanbaiR":{"x":-2.15,"y":0.83,"rotation":-90,"width":22,"height":25}},"yanqiuL":{"yanqiuL":{"x":-0.87,"y":-0.48,"rotation":-90,"width":20,"height":17}},"yanqiuR":{"yanqiuR":{"x":-0.12,"y":0.24,"rotation":-90,"width":16,"height":18}},"zuiba":{"zuiba":{"type":"mesh","hull":15,"width":31,"height":16,"uvs":[0.98452,0.28348,0.89813,0.61972,0.81209,0.81126,0.642,0.99999,0.4033,0.96597,0.19265,0.6966,0.00387,0.4566,0.00899,0.39057,0.01387,0.32178,0.22983,0.29304,0.42854,0.0475,0.60501,0.04625,0.6534,0.14109,0.72888,0.0025,0.85974,0.01625,0.65558,0.47691,0.77332,0.42879,0.85977,0.37941,0.42655,0.49254,0.21849,0.46941],"triangles":[9,7,8,6,7,19,19,7,9,5,6,19,19,9,18,18,5,19,14,12,13,16,12,17,15,12,16,18,9,10,10,11,12,18,10,12,18,12,15,1,15,16,2,15,1,4,5,18,18,15,2,4,18,2,3,4,2,16,17,1,0,12,14,17,12,0,1,17,0],"vertices":[1,43,-1.56,-0.24,1,2,43,-6.94,2.43,0.7,17,-2.35,-7.79,0.3,2,43,-10.01,5.1,0.3,17,-5.42,-5.13,0.7,1,17,-8.44,0.15,1,2,17,-7.89,7.55,0.6,42,-9.26,-11.13,0.4,2,17,-3.58,14.07,0.3,42,-4.95,-4.6,0.7,1,42,-1.11,1.25,1,1,42,-0.05,1.1,1,1,42,1.05,0.94,1,2,17,2.87,12.92,0.3,42,1.51,-5.75,0.7,2,17,6.8,6.76,0.6,42,5.44,-11.91,0.4,1,17,6.82,1.29,1,1,17,5.3,-0.21,1,2,43,2.93,7.68,0.3,17,7.52,-2.55,0.7,2,43,2.71,3.62,0.7,17,7.3,-6.6,0.3,1,17,-0.07,-0.28,1,2,43,-3.89,6.3,0.3,17,0.7,-3.93,0.7,2,43,-3.1,3.62,0.7,17,1.49,-6.61,0.3,2,17,-0.32,6.82,0.6,42,-1.68,-11.85,0.4,2,17,0.05,13.27,0.3,42,-1.31,-5.4,0.7],"edges":[16,18,20,22,22,24,24,26,26,28,28,0,8,10,10,12,2,4,4,6,12,14,14,16,30,32,32,34,34,0,30,36,36,38,38,14,0,2,6,8,18,20]}}}}],"animations":{"animation":{"slots":{"biyanL":{"color":[{"time":1.3333,"color":"ffffff00"},{"time":1.4,"color":"ffffffff","curve":"stepped"},{"time":1.6667,"color":"ffffffff"},{"time":1.7333,"color":"ffffff00"}],"attachment":[{"time":1.3333,"name":"biyanL"}]},"biyanR":{"color":[{"time":1.3333,"color":"ffffff00"},{"time":1.4,"color":"ffffffff","curve":"stepped"},{"time":1.6667,"color":"ffffffff"},{"time":1.7333,"color":"ffffff00"}],"attachment":[{"time":1.3333,"name":"biyanR"}]}},"bones":{"armL":{"translate":[{},{"time":1.6667,"x":0.97,"y":0.16},{"time":3.3333}]},"head":{"rotate":[{"angle":0.49},{"time":0.6667},{"time":2.3333,"angle":1.23},{"time":3.3333,"angle":0.49}],"translate":[{},{"time":1.6667,"x":0.61,"y":0.01},{"time":3.3333}]},"erhuanR":{"rotate":[{"angle":0.16},{"time":1,"angle":10.87},{"time":2.6667,"angle":-6.98},{"time":3.3333,"angle":0.16}]},"saiR":{"translate":[{},{"time":1.6667,"x":1.2,"y":-0.42},{"time":3.3333}]},"erhuanL":{"rotate":[{"angle":5.55},{"time":1,"angle":-6.56},{"time":2.6667,"angle":13.63},{"time":3.3333,"angle":5.55}]},"body":{"rotate":[{},{"time":1.6667,"angle":0.47},{"time":3.3333}]},"zuiba3":{"translate":[{},{"time":1.6667,"x":1.4,"y":-1.14},{"time":3.3333}]},"saiL":{"translate":[{},{"time":1.6667,"x":1.63,"y":1.65},{"time":3.3333}]},"zuiba2":{"translate":[{},{"time":1.6667,"x":1.4,"y":1.63},{"time":3.3333}]},"body2":{"rotate":[{"angle":0.15},{"time":0.3333},{"time":2,"angle":0.75},{"time":3.3333,"angle":0.15}],"translate":[{},{"time":1.6667,"x":1.17,"y":0.01},{"time":3.3333}]},"hair2":{"rotate":[{"angle":0.35},{"time":1,"angle":-0.26},{"time":2.6667,"angle":0.75},{"time":3.3333,"angle":0.35}]},"hair4":{"rotate":[{"angle":1.92},{"time":1.6667,"angle":-1.45},{"time":3.3333,"angle":1.92}],"translate":[{"x":1.12,"y":1.02},{"time":1.6667,"x":0.19,"y":-1.17},{"time":3.3333,"x":1.12,"y":1.02}]},"hair6":{"rotate":[{"angle":1.33},{"time":0.6667,"angle":4.02},{"time":2.3333,"angle":-2.72},{"time":3.3333,"angle":1.33}],"translate":[{"x":0.26,"y":-0.16},{"time":0.6667,"x":0.48,"y":0.97},{"time":2.3333,"x":-0.06,"y":-1.86},{"time":3.3333,"x":0.26,"y":-0.16}]},"hair3":{"rotate":[{"angle":0.64},{"time":1.3333,"angle":-0.97},{"time":3,"angle":1.04},{"time":3.3333,"angle":0.64}],"translate":[{"x":0.83,"y":0.53},{"time":1.3333,"x":0.19,"y":-0.8},{"time":3,"x":0.99,"y":0.86},{"time":3.3333,"x":0.83,"y":0.53}]},"head4":{"rotate":[{"angle":0.26},{"time":0.6667,"angle":-0.73},{"time":2.3333,"angle":1.75},{"time":3.3333,"angle":0.26}]},"head2":{"rotate":[{"angle":-0.73},{"time":1.6667,"angle":1.75},{"time":3.3333,"angle":-0.73}]},"head3":{"rotate":[{"angle":-0.24},{"time":0.3333,"angle":-0.73},{"time":2,"angle":1.75},{"time":3.3333,"angle":-0.24}]},"hair5":{"rotate":[{"angle":1.67},{"time":0.3333,"angle":2.64},{"time":2,"angle":-2.22},{"time":3.3333,"angle":1.67}],"translate":[{"x":0.91,"y":0.58},{"time":0.3333,"x":1.1,"y":1.05},{"time":2,"x":0.15,"y":-1.27},{"time":3.3333,"x":0.91,"y":0.58}]},"yanqiuR":{"translate":[{"time":1.3333},{"time":1.5333,"x":-1.35},{"time":1.7333}]},"yanqiuL":{"translate":[{"time":1.3333},{"time":1.5333,"x":-1.35},{"time":1.7333}]}},"deform":{"default":{"biyanL":{"biyanL":[{"time":1.3333,"offset":8,"vertices":[13.18816,-0.38899,16.10493,-0.78568,15.95357,-1.62728,11.10426,-1.96826,3.14334,-1.70272,-0.72302,-0.30736,0,0,0,0,0,0,0,0,1.1978,-0.50457,0,0,9.31966,-1.52931,0,0,14.98988,-1.57856,0,0,15.4425,-0.6644,0,0,12.09186,-0.44207,0,0,2.14207,-0.11766]},{"time":1.5,"curve":"stepped"},{"time":1.5667},{"time":1.7333,"offset":8,"vertices":[13.18816,-0.38899,16.10493,-0.78568,15.95357,-1.62728,11.10426,-1.96826,3.14334,-1.70272,-0.72302,-0.30736,0,0,0,0,0,0,0,0,1.1978,-0.50457,0,0,9.31966,-1.52931,0,0,14.98988,-1.57856,0,0,15.4425,-0.6644,0,0,12.09186,-0.44207,0,0,2.14207,-0.11766]}]},"biyanR":{"biyanR":[{"time":1.3333,"vertices":[3.35141,-0.01447,2.92476,1.84117,3.11989,1.99459,9.65204,6.18898,14.17958,8.67582,14.26654,7.71726,12.77486,5.4969,9.84081,3.96618,4.66209,1.74175,0,0,0,0,0,0,0,0,0,0,3.74557,1.2728,0,0,8.57245,3.4492,0,0,11.96574,5.24439,0,0,12.88899,6.64372,0,0,12.31731,7.17857,0,0,9.53079,5.86292,0,0,2.90251,1.19157]},{"time":1.5,"curve":"stepped"},{"time":1.5667},{"time":1.7333,"vertices":[3.35141,-0.01447,2.92476,1.84117,3.11989,1.99459,9.65204,6.18898,14.17958,8.67582,14.26654,7.71726,12.77486,5.4969,9.84081,3.96618,4.66209,1.74175,0,0,0,0,0,0,0,0,0,0,3.74557,1.2728,0,0,8.57245,3.4492,0,0,11.96574,5.24439,0,0,12.88899,6.64372,0,0,12.31731,7.17857,0,0,9.53079,5.86292,0,0,2.90251,1.19157]}]},"body":{"body":[{},{"time":1.6667,"offset":4,"vertices":[0.22852,-0.00123,-0.21674,0.07244,0.44898,-0.00242,-0.42582,0.14233,0.29213,-0.10191,0.44898,-0.00242,-0.42582,0.14233,0.44899,0,0.44898,-0.00242,-0.42582,0.14233,0.44899,0,0.44898,-0.00242,-0.42582,0.14233,0.44899,0,0.44898,-0.00242,0.44899,0,0.44898,-0.00242,0.44899,0,0.44898,-0.00242,0.44899,0,0.44898,-0.00242,0.44899,0,0,0,0,-0.83644,0,0,0,0,-0.27165,0.00146,-0.27166,0,-0.27165,0.00146,-0.27166,0,-0.27165,0.00146,-0.27166,0,-0.27165,0.00146,-0.27166,0,-0.27165,0.00146,-0.27166,0,-0.27165,0.00146,-0.27166,0,-0.61538,0.00332,-0.61539,0,0.60782,-0.09651,-0.27165,0.00146,-0.27166,0,0.26831,-0.0426,0,0,0,0,0,0,0,0,0,0,0,0,0,0,0,0,0,0,-0.27165,0.00146,0.26831,-0.0426,0,0,-1.00076,-0.24586,-0.99943,-0.25125,1.02923,0.09096,-0.54568,-0.84516,-0.54112,-0.84808,0.67286,0.75184,-0.54381,-0.49957,0.61865,0.41052,-0.0045,-0.83642,-0.0045,-0.83642,-0.0045,-0.83642,0.26019,0.79494,0,-0.83644,0.44627,-0.5049,-0.26952,0.6199,0.44899,-0.50249,0.44627,-0.5049,-0.26952,0.6199,-0.00696,-1.29419,0,-1.29421,0,-1.29421,-0.20603,-0.25014,0.24438,0.21562,-0.24624,-0.82488,0.37398,0.77721,-0.135,-0.82273,-0.04888,-0.76062,0.13577,-0.51879,0.02785,0.53692,-0.54246,-0.24833,-0.54112,-0.25125,0.21463,-1.08454,0.22046,-1.08337,0.4413,-1.43018,0.44899,-1.42778,0.44376,-0.97179,0.44899,-0.96938,-0.47549,-0.24869,0.51053,0.17336,-0.86536,-1.36536,-0.85799,-1.37,1.0623,1.21852]},{"time":3.3333}]},"hair":{"hair":[{},{"time":1.6667,"vertices":[-0.8573,1.09531,-0.71286,1.38834,-0.68768,1.40088,-0.63974,1.42297,-0.57385,1.4514,-0.47095,1.48747,-0.99561,1.75914,-0.93567,1.79143,-0.85242,1.83313,-0.72205,1.88774,-1.02927,2.29312,-0.95126,2.32614,-0.84332,2.36807,-0.67545,2.42076,-0.68719,3.02695,-0.58478,3.04823,-0.44397,3.07243,-0.22766,3.09538,-0.85242,3.55602,-0.73215,3.5824,-0.56659,3.61281,-0.3121,3.64302,-0.87836,3.98798,-0.74365,4.01503,-0.55811,4.04553,-0.27332,4.07405,-0.5401,4.4288,-0.33566,4.44943,-0.02313,4.46143,0.06595,4.91026,0.40985,4.89288,-0.14148,-7.23184,-0.47534,-7.21693,-0.98029,-7.16669,-0.3331,-6.27379,-0.62259,-6.25104,-1.05954,-6.19283,-0.42004,-4.68005,-0.57611,-4.66333,-0.79102,-4.6313,-1.11392,-4.5652,-0.49005,-3.5865,-0.60953,-3.5683,-0.7738,-3.53575,-1.02005,-3.47354,-0.09836,-2.71225,-0.14807,-2.71024,-0.23831,-2.70406,-0.36316,-2.68951,-0.34451,-2.12575,-0.38336,-2.11931,-0.45358,-2.10541,-0.55069,-2.08171,-0.23831,-1.49301,-0.26569,-1.48862,-0.31479,-1.47899,0.20096,-0.85669,0.18512,-0.86046,0.15692,-0.86641,0.2464,-0.09093]},{"time":3.3333}]},"xianglian":{"xianglian":[{},{"time":1.6667,"vertices":[0.80642,0,0.80641,0.00001,0.3804,-1.06157,0,-1.06157,-0.12819,-1.06157,-0.1282,-1.06158,-0.22924,-0.75262,0,-0.22885,0.00001,-0.00001,0,-1.06158,0,0.00001,0,-1.06159,0,-1.06158]},{"time":3.3333}]},"zuiba":{"zuiba":[{},{"time":1.6667,"offset":2,"vertices":[0.26797,0.00006,0.26793,0.00034,0.43594,0.00046,0.43587,0.00104,0.43587,0.00104,0.43587,0.00104,0.43594,0.00104,0.26793,0.00034,0.26797,0.00034,0,0,0,0,0,0,-0.37262,0.00009,-0.37262,0.00009,-0.37262,0.00009,-0.37262,0.00009,-0.37262,0.00009,-0.37262,0.00009,-0.37262,0,-0.37262,0.00009,-0.37262,0,-0.37262]},{"time":3.3333}]}}}}}},[0]]],0,0,[0],[-1],[0]]
