[1,["746Q1Mr0pHLaUg20bKfMZD@6c48a"],["_textureSource"],["cc.SpriteFrame"],0,[{"name":"large","rect":{"x":0,"y":0,"width":154,"height":88},"offset":{"x":0,"y":0},"originalSize":{"width":154,"height":88},"rotated":false,"capInsets":[0,0,0,0],"vertices":{"rawPosition":[-77,-44,0,77,-44,0,-77,44,0,77,44,0],"indexes":[0,1,2,2,1,3],"uv":[0,88,154,88,0,0,154,0],"nuv":[0,0,1,0,0,1,1,1],"minPos":{"x":-77,"y":-44,"z":0},"maxPos":{"x":77,"y":44,"z":0}},"packable":true,"pixelsToUnit":100,"pivot":{"x":0.5,"y":0.5},"meshType":0}],[0],0,[0],[0],[0]]
