[1,["dfZGhx+WNC9pzpJWc/hgm6@f9941","dfZGhx+WNC9pzpJWc/hgm6@6c48a"],["spriteFrame","_textureSource"],["cc.SpriteFrame",["cc.BitmapFont",["_name","fontSize","fntConfig"],0]],[[1,0,1,2,4]],[[[[0,"num_shop_num",32,{"commonHeight":32,"fontSize":32,"atlasName":"num_shop_num_0.png","fontDefDictionary":{"48":{"xOffset":-1,"yOffset":-1,"xAdvance":12,"rect":{"x":16,"y":0,"width":14,"height":18}},"49":{"xOffset":-1,"yOffset":-1,"xAdvance":10,"rect":{"x":136,"y":0,"width":12,"height":17}},"50":{"xOffset":-1,"yOffset":-1,"xAdvance":13,"rect":{"x":0,"y":0,"width":15,"height":18}},"51":{"xOffset":-1,"yOffset":-1,"xAdvance":12,"rect":{"x":31,"y":0,"width":14,"height":18}},"52":{"xOffset":-1,"yOffset":-1,"xAdvance":12,"rect":{"x":91,"y":0,"width":14,"height":17}},"53":{"xOffset":-1,"yOffset":-1,"xAdvance":12,"rect":{"x":106,"y":0,"width":14,"height":17}},"54":{"xOffset":-1,"yOffset":-1,"xAdvance":12,"rect":{"x":46,"y":0,"width":14,"height":18}},"55":{"xOffset":-1,"yOffset":-1,"xAdvance":12,"rect":{"x":121,"y":0,"width":14,"height":17}},"56":{"xOffset":-1,"yOffset":-1,"xAdvance":12,"rect":{"x":61,"y":0,"width":14,"height":18}},"57":{"xOffset":-1,"yOffset":-1,"xAdvance":12,"rect":{"x":76,"y":0,"width":14,"height":18}},"58":{"xOffset":-1,"yOffset":2,"xAdvance":6,"rect":{"x":149,"y":0,"width":8,"height":13}}},"kerningDict":{}}]],0,0,[0],[0],[0]],[[{"name":"num_shop_num_0","rect":{"x":1,"y":1,"width":155,"height":16},"offset":{"x":-49.5,"y":55},"originalSize":{"width":256,"height":128},"rotated":false,"capInsets":[0,0,0,0],"vertices":{"rawPosition":[-77.5,-8,0,77.5,-8,0,-77.5,8,0,77.5,8,0],"indexes":[0,1,2,2,1,3],"uv":[1,127,156,127,1,111,156,111],"nuv":[0.00390625,0.8671875,0.609375,0.8671875,0.00390625,0.9921875,0.609375,0.9921875],"minPos":{"x":-77.5,"y":-8,"z":0},"maxPos":{"x":77.5,"y":8,"z":0}},"packable":true,"pixelsToUnit":100,"pivot":{"x":0.5,"y":0.5},"meshType":0}],[0],0,[0],[1],[1]]]]
