[1,["5eXZNmI7xKfa9Ri1al/ZZE@6c48a"],["_textureSource"],["cc.SpriteFrame"],0,[{"name":"zi_spin_PUTAR","rect":{"x":0,"y":0,"width":174,"height":44},"offset":{"x":0,"y":0},"originalSize":{"width":174,"height":44},"rotated":false,"capInsets":[0,0,0,0],"vertices":{"rawPosition":[-87,-22,0,87,-22,0,-87,22,0,87,22,0],"indexes":[0,1,2,2,1,3],"uv":[0,44,174,44,0,0,174,0],"nuv":[0,0,1,0,0,1,1,1],"minPos":{"x":-87,"y":-22,"z":0},"maxPos":{"x":87,"y":22,"z":0}},"packable":true,"pixelsToUnit":100,"pivot":{"x":0.5,"y":0.5},"meshType":0}],[0],0,[0],[0],[0]]
