[1,["a4ZWfHTVtA1YoR4q0PUKwd","fboVeF6wJLD44Eet13FxXn","89gaGlzDhAEZe/WmFZUWU5@f9941","83HL/FaixJHrPC9cTphcGL@f9941","7dZ+hrOy9FCIFoNEi8olCL@f9941","20g1ukYUVPvKWKBRznAKo+@f9941","54TknWPwVPqJqeCR+Y/Czo@f9941","95EkngnxZFbYuFpsqVTaFr@f9941","2f5oHoi2VG8q/etxP7Fe6F@f9941","ac5brZf2tIPLOkXGiSKaQo@f9941","2b3ZSduuJAIo3iz18q+Yzm@f9941","e6Q8noktVD/asyG1k7GxyI@f9941","436foioMlFKbYL+A0VS48z@f9941","04WBlHVDVCxZTK2FezSRcm@6c48a","1dxoWmRNNFkIf90z7BUv5n@6c48a","04WBlHVDVCxZTK2FezSRcm@f9941","778ouirApDNKGe5p0eCaXi@6c48a","1dxoWmRNNFkIf90z7BUv5n@f9941","45IAdEYvZIwogsvkAgwdv7@f9941","b7oS310RFLk4e2QsWWcD+3@f9941","19ZpJHZghIBLJ5+QqgdwK/@f9941","f01OGXWaxP/YL0far+D8E0@f9941","53xfbEHzhKG6axHFMXF9N/","e1NhvUZbZBbawUSF7OTHzH@f9941","d8+PH3rtBHPqkRkNly3g0E@f9941","b4GIZqmVlO/L7+8u4gVaNy@f9941","ffuIqPr2JI9I8dPLYGRDpD@f9941","afxHkx8GZGsJC+n+YfITQo@f9941","778ouirApDNKGe5p0eCaXi@f9941"],["node","_spriteFrame","_atlas","_font","_target","_normalSprite","_textureSource","spriteFrame","_barSprite","_checkMark","_hoverSprite","_pressedSprite","_disabledSprite","root","data","_parent","_handle","_scrollView"],[["cc.Node",["_name","_layer","_active","_components","_prefab","_parent","_children","_lpos"],0,9,4,1,2,5],["cc.Sprite",["_sizeMode","_type","node","__prefab","_spriteFrame","_atlas"],1,1,4,6,6],["cc.Node",["_name","_layer","_active","_parent","_components","_prefab","_children","_lpos"],0,1,12,4,2,5],["cc.Label",["_string","_actualFontSize","_fontSize","_isSystemFontUsed","_spacingX","_overflow","_isBold","node","__prefab","_color","_font"],-4,1,4,5,6],"cc.SpriteFrame",["cc.UITransform",["node","__prefab","_contentSize","_anchorPoint"],3,1,4,5,5],["cc.Layout",["_resizeMode","_layoutType","_spacingX","node","__prefab"],0,1,4],["cc.Toggle",["_isChecked","node","__prefab","_normalColor","_target","_checkMark","_normalSprite"],2,1,4,5,1,1,6],["cc.Button",["_transition","_zoomScale","node","__prefab","_normalColor","_target","_normalSprite","_hoverSprite","_pressedSprite","_disabledSprite"],1,1,4,5,1,6,6,6,6],["cc.BitmapFont",["_name","fontSize","fntConfig"],0],["cc.Prefab",["_name"],2],["cc.CompPrefabInfo",["fileId"],2],["cc.PrefabInfo",["fileId","instance","targetOverrides","nestedPrefabInstanceRoots","root","asset"],-1,1,1],["cc.ProgressBar",["_totalLength","_progress","node","__prefab","_barSprite"],1,1,4,1],["cc.ToggleContainer",["node","__prefab"],3,1,4],["cc.Widget",["_alignFlags","_top","_bottom","_originalHeight","_alignMode","node","__prefab"],-2,1,4],["cc.Mask",["node","__prefab"],3,1,4],["cc.Graphics",["node","__prefab","_fillColor"],3,1,4,5],["cc.ScrollBar",["node","__prefab"],3,1,4],["cc.ScrollView",["bounceDuration","brake","inertia","vertical","node","__prefab","_content","_horizontalScrollBar","_verticalScrollBar"],-1,1,4,1,1,1]],[[11,0,2],[12,0,1,2,3,4,5,5],[5,0,1,2,1],[0,0,5,3,4,7,2],[1,2,3,4,5,1],[5,0,1,2,3,1],[0,0,5,6,3,4,7,2],[0,0,5,3,4,2],[3,0,1,2,7,8,9,4],[3,0,1,2,3,4,7,8,10,6],[0,0,1,5,3,4,3],[1,1,0,2,3,4,5,3],[1,1,0,2,3,3],[3,0,1,2,6,7,8,9,5],[0,0,5,6,3,4,2],[5,0,1,1],[1,0,2,3,4,5,2],[9,0,1,2,4],[0,0,1,5,6,3,4,7,3],[2,0,2,1,3,6,4,5,4],[2,0,1,3,4,5,3],[1,1,0,2,3,4,3],[1,0,2,3,2],[13,0,1,2,3,4,3],[8,0,1,2,3,4,5,6,7,8,9,3],[3,0,1,2,5,7,8,9,5],[10,0,2],[0,0,6,3,4,2],[0,0,2,5,6,3,4,7,3],[0,0,1,6,3,4,7,3],[0,0,1,5,6,3,4,3],[0,0,2,5,3,4,7,3],[2,0,3,6,4,5,7,2],[2,0,1,3,6,4,5,3],[2,0,1,3,4,5,7,3],[6,3,4,1],[6,0,1,2,3,4,4],[1,2,3,1],[14,0,1,1],[7,1,2,3,4,5,6,1],[7,0,1,2,3,4,5,6,2],[15,0,1,2,3,4,5,6,6],[8,0,1,2,3,4,5,6,3],[16,0,1,1],[17,0,1,2,1],[18,0,1,1],[19,0,1,2,3,4,5,6,7,8,5]],[[[{"name":"level_font_0","rect":{"x":0,"y":0,"width":175,"height":21},"offset":{"x":-162.5,"y":239.5},"originalSize":{"width":500,"height":500},"rotated":false,"capInsets":[0,0,0,0],"vertices":{"rawPosition":[-87.5,-10.5,0,87.5,-10.5,0,-87.5,10.5,0,87.5,10.5,0],"indexes":[0,1,2,2,1,3],"uv":[0,500,175,500,0,479,175,479],"nuv":[0,0.958,0.35,0.958,0,1,0.35,1],"minPos":{"x":-87.5,"y":-10.5,"z":0},"maxPos":{"x":87.5,"y":10.5,"z":0}},"packable":true,"pixelsToUnit":100,"pivot":{"x":0.5,"y":0.5},"meshType":0}],[4],0,[0],[6],[13]],[[{"name":"bg_dt_vip","rect":{"x":3,"y":2,"width":1056,"height":590},"offset":{"x":0,"y":0.5},"originalSize":{"width":1062,"height":595},"rotated":false,"capInsets":[0,0,0,0],"vertices":{"rawPosition":[-528,-295,0,528,-295,0,-528,295,0,528,295,0],"indexes":[0,1,2,2,1,3],"uv":[3,593,1059,593,3,3,1059,3],"nuv":[0.002824858757062147,0.005042016806722689,0.9971751412429378,0.005042016806722689,0.002824858757062147,0.9966386554621849,0.9971751412429378,0.9966386554621849],"minPos":{"x":-528,"y":-295,"z":0},"maxPos":{"x":528,"y":295,"z":0}},"packable":true,"pixelsToUnit":100,"pivot":{"x":0.5,"y":0.5},"meshType":0}],[4],0,[0],[6],[14]],[[[17,"level_font",20,{"commonHeight":19,"fontSize":20,"atlasName":"level_font_0.png","fontDefDictionary":{"48":{"xOffset":0,"yOffset":0,"xAdvance":17,"rect":{"x":0,"y":0,"width":17,"height":21}},"49":{"xOffset":0,"yOffset":0,"xAdvance":13,"rect":{"x":162,"y":0,"width":13,"height":21}},"50":{"xOffset":0,"yOffset":0,"xAdvance":17,"rect":{"x":18,"y":0,"width":17,"height":21}},"51":{"xOffset":0,"yOffset":0,"xAdvance":17,"rect":{"x":36,"y":0,"width":17,"height":21}},"52":{"xOffset":0,"yOffset":0,"xAdvance":17,"rect":{"x":54,"y":0,"width":17,"height":21}},"53":{"xOffset":0,"yOffset":0,"xAdvance":17,"rect":{"x":72,"y":0,"width":17,"height":21}},"54":{"xOffset":0,"yOffset":0,"xAdvance":17,"rect":{"x":90,"y":0,"width":17,"height":21}},"55":{"xOffset":0,"yOffset":0,"xAdvance":17,"rect":{"x":108,"y":0,"width":17,"height":21}},"56":{"xOffset":0,"yOffset":0,"xAdvance":17,"rect":{"x":126,"y":0,"width":17,"height":21}},"57":{"xOffset":0,"yOffset":0,"xAdvance":17,"rect":{"x":144,"y":0,"width":17,"height":21}}},"kerningDict":{}}]],0,0,[0],[7],[15]],[[{"name":"vip_num_0","rect":{"x":0,"y":0,"width":155,"height":20},"offset":{"x":-72.5,"y":90},"originalSize":{"width":300,"height":200},"rotated":false,"capInsets":[0,0,0,0],"vertices":{"rawPosition":[-77.5,-10,0,77.5,-10,0,-77.5,10,0,77.5,10,0],"indexes":[0,1,2,2,1,3],"uv":[0,200,155,200,0,180,155,180],"nuv":[0,0.9,0.5166666666666667,0.9,0,1,0.5166666666666667,1],"minPos":{"x":-77.5,"y":-10,"z":0},"maxPos":{"x":77.5,"y":10,"z":0}},"packable":true,"pixelsToUnit":100,"pivot":{"x":0.5,"y":0.5},"meshType":0}],[4],0,[0],[6],[16]],[[[26,"node_vip_main"],[27,"node_vip_main",[-3,-4,-5,-6,-7,-8,-9,-10],[[15,-2,[0,"8ace0EwmNKabiI2l+DTE9X"]]],[1,"c46/YsCPVOJYA4mWEpNYRx",null,null,null,-1,0]],[14,"Layout_vip_level",1,[-13,-14,-15,-16,-17,-18,-19],[[15,-11,[0,"41yR6WYF5ImaLxZ1707/TA"]],[35,-12,[0,"78RyTgla9Ge70DMsdLUZM8"]]],[1,"dbhbcJAP5Gmpflioal9VjF",null,null,null,1,0]],[6,"props_pro_levelbar",2,[-24,-25,-26,-27],[[5,-20,[0,"c0OTkQ9lJL44enVAQvXzb0"],[5,464,36],[0,0,0.5]],[11,1,0,-21,[0,"d8GTeWPUtCe7KTaE0a6dZK"],31,32],[23,464,0,-23,[0,"e5RC79dlZMiKWlBEwtTZs8"],-22]],[1,"1cfUxoYJFMUo2319VN/Osv",null,null,null,1,0],[1,-232,121,0]],[6,"props_spr_vip_levelku",2,[-30,-31,-32,-33],[[2,-28,[0,"75PKogA1dM7JoPUyaY/m6I"],[5,80,80]],[37,-29,[0,"cbmeFCgotLZ5tWtT5LOxWG"]]],[1,"efglnrTlRDh6L/QMQEkt6I",null,null,null,1,0],[1,-367,121,0]],[28,"props_pro_levelbar2",false,2,[-38,-39,-40],[[5,-34,[0,"aeqOr/Vg5H5Knc40p5S+V4"],[5,232,36],[0,0,0.5]],[11,1,0,-35,[0,"5cdOvLV7lIqJZWSC66ToGg"],39,40],[23,232,0.4,-37,[0,"6dV6N2aKBB/ohuX1+xLknx"],-36]],[1,"6bf0bGaxBFlrlRF1i//eQP",null,null,null,1,0],[1,0,121,0]],[29,"props_togglegroup_vip",33554432,[-44,-45],[[5,-41,[0,"ab+DuiK/NGVriULJTHMGlJ"],[5,174,40],[0,0,0.5]],[36,1,1,2,-42,[0,"fbuil0e15DNKgZ+bxy8xBA"]],[38,-43,[0,"acSB3aAYdPSLxj88GyuEx/"]]],[1,"88tFf6KHtMSa7rNGHIvq1l",null,null,null,1,0],[1,-439,0,0]],[18,"props_vip_toggle_item",33554432,6,[-51,-52],[[2,-46,[0,"9dBamg5zxKw5IQyN7l7uga"],[5,86,36]],[16,0,-47,[0,"12BNRfeq1MRKIBrXu5OviZ"],51,52],[39,-50,[0,"99FS1fuv5AFJpVJ9osy0bg"],[4,4292269782],-49,-48,53]],[1,"d59AlC9rpPSZ9i0ldiB1cX",null,null,null,1,0],[1,43,0,0]],[18,"Toggle2",33554432,6,[-58,-59],[[2,-53,[0,"cab3vzvVlEi7qv0jjjwUjf"],[5,86,36]],[16,0,-54,[0,"a0id5C9ZxBRKcOw0cx669x"],54,55],[40,false,-57,[0,"41AdpSs1RFc7CpJLd+SuST"],[4,4292269782],-56,-55,56]],[1,"26lIueZwlGA7H/w/z2ahcC",null,null,null,1,0],[1,131,0,0]],[6,"props_node_remind",2,[-61,-62,-63,-64],[[2,-60,[0,"90ng0TVm5NToETRQn6i1zk"],[5,500,100]]],[1,"18sHyudk5FFqixPxDDtUCH",null,null,null,1,0],[1,-6,163,0]],[6,"props_node_remindtext",2,[-66,-67,-68,-69],[[2,-65,[0,"1d1WLeGapH1bdWlyFiokG3"],[5,500,100]]],[1,"85l4J9M1BN06xLO0L+2bXC",null,null,null,1,0],[1,-6,-58,0]],[32,"props_ScrollView_vip",1,[-73,-74],[[[2,-70,[0,"dbeFVaiEFETZzncdWYVb58"],[5,900,40]],[12,1,0,-71,[0,"4b+VMo/VZPI4hb4ez+fHJg"]],-72],4,4,1],[1,"df9H/HwhFJSJpJXyM1e/59",null,null,null,1,0],[1,0,51,0]],[19,"scrollBar",false,33554432,11,[-79],[[[5,-75,[0,"db4TPMd8hFv7UgQqyVgvm7"],[5,900,4],[0,0.5,1]],[21,1,0,-76,[0,"0aWVHLnUFEg6hGEr75Hsrg"],50],[41,37,20,16,250,1,-77,[0,"10vxxS3VhLp4LI/UFlPEUK"]],-78],4,4,4,1],[1,"df7a8LptpMWYnxH1Rw9VbQ",null,null,null,1,0]],[3,"props_btn_vip_close",1,[[2,-80,[0,"adekPyIXtDo4Ygtba1DXJC"],[5,61,79]],[11,1,0,-81,[0,"9d8WQSgt9PrrtClfYXgQQ/"],2,3],[24,3,0.9,-83,[0,"fc+isBtNpOIIbsdMS0Ppf6"],[4,4292269782],-82,4,5,6,7]],[1,"d8+LtX00xIuI+eNEmXPl3g",null,null,null,1,0],[1,497,238,0]],[3,"props_btn_topup",2,[[2,-84,[0,"a6vWVlQDJKApSn6eKF3jO6"],[5,159,62]],[21,1,0,-85,[0,"64OuCEup1Ltq8TCxLZVoiJ"],17],[24,3,0.9,-87,[0,"c0md8B1FtILp44l7jOW2XP"],[4,4292269782],-86,18,19,20,21]],[1,"99GGq2Zx5JP7eTGDcAeazL",null,null,null,1,0],[1,376,123,0]],[3,"props_btn_aktifkan",1,[[2,-88,[0,"16DzCbq3xNBJffDoHBmzmX"],[5,256,88]],[11,1,0,-89,[0,"3a2IfzZ0FLLbC66CrFB39p"],43,44],[42,3,0.9,-91,[0,"48sQBgET1FDK/DvMzU8DEM"],[4,4292269782],-90,45]],[1,"4ewmXGcZlM6I4OwefVQuxq",null,null,null,1,0],[1,-5,-141,0]],[30,"view",33554432,11,[6],[[2,-92,[0,"b4nfqoeg1N15/2Jv6bKELm"],[5,878,40]],[43,-93,[0,"42Z76PxM1LQ4LLUtKOrxI8"]],[44,-94,[0,"d6TbV4EQVA+bsRSmR291qT"],[4,16777215]]],[1,"43Ovi+UzJLe5qLZ956J8q2",null,null,null,1,0]],[14,"spr_level_0",3,[-97],[[2,-95,[0,"a5FxWnVa1CjZ975ZlAKHb/"],[5,44,44]],[4,-96,[0,"da365i9QlB1ZdSOLTJNrco"],23,24]],[1,"c6r78stvVK7rnP3WwlGttm",null,null,null,1,0]],[6,"spr_level_1",3,[-100],[[2,-98,[0,"6dWgk+6b1IGYCsl2FOO2tZ"],[5,44,44]],[4,-99,[0,"adw0OnpVNJ+aSbYAYbq0qq"],26,27]],[1,"607u4Yb+9KdJ0Pbt/zFzlL",null,null,null,1,0],[1,232,0,0]],[6,"spr_level_2",3,[-103],[[2,-101,[0,"e1M9nCJGNAm4bbdAV5VFMz"],[5,44,44]],[4,-102,[0,"bdGj1G40NCOoN+N2xiJhJj"],29,30]],[1,"64DcU0YZdEU6xVGkh9Tqdb",null,null,null,1,0],[1,464,0,0]],[14,"spr_level_current",5,[-106],[[2,-104,[0,"7byzVR2G1Oc4QC/N+BWSB8"],[5,44,44]],[4,-105,[0,"feruYylTNAMaV/yZ4/kp+c"],34,35]],[1,"ca+6zjBOZEfoXIc93mP1AC",null,null,null,1,0]],[6,"spr_level_next",5,[-109],[[2,-107,[0,"a8rpoog4NA46FbVJoESHaL"],[5,44,44]],[4,-108,[0,"fcZ9/v9FBFoalWJFj8/4b0"],37,38]],[1,"3414L0Se5I7oJARFjFgl8t",null,null,null,1,0],[1,232,0,0]],[6,"props_node_locate",2,[-111,-112],[[15,-110,[0,"44k3/pVtBBeoazVOZqCo9h"]]],[1,"cbRJg4EkZHJrPgMZnVcIK/",null,null,null,1,0],[1,-232,100,0]],[33,"Checkmark",33554432,7,[-115],[[[2,-113,[0,"29PQEP8wBLJKvtEJPYyklK"],[5,96,46]],-114],4,1],[1,"77pL9Ct9tEyYlMaadykqAA",null,null,null,1,0]],[19,"Checkmark",false,33554432,8,[-118],[[[2,-116,[0,"eawI4uiONAIa17dWLa6iUR"],[5,96,46]],-117],4,1],[1,"445YfvqatHKLgVXltl6YZT",null,null,null,1,0]],[7,"props_spr_vip_bg",1,[[2,-119,[0,"69tPUKKw1I2L5WIQ1A+ErC"],[5,1056,590]],[4,-120,[0,"742n0hcqpD3YpsEiEtJDsm"],0,1]],[1,"fc4cpE2llJPKdEl8epWCvi",null,null,null,1,0]],[3,"props_spr_vip_title",1,[[2,-121,[0,"30dUkilNtBuLsgBeQIUyoB"],[5,431,65]],[4,-122,[0,"3bW/w6+ONC4IJCzYc+IyFO"],8,9]],[1,"16NiOgMcFIQ69kzoJn8Och",null,null,null,1,0],[1,0,221,0]],[7,"spr_levelku_bg",4,[[2,-123,[0,"857wPyKm5IGYvDGcwuEHVO"],[5,80,80]],[4,-124,[0,"d6J/IyZMxL0avMwfogto+9"],10,11]],[1,"0eYpzo+CtJE7SEOzPEc63k",null,null,null,1,0]],[3,"props_diamond_icon",4,[[2,-125,[0,"0cUzCctIxNsbaHg+qG6SXH"],[5,69,50]],[16,0,-126,[0,"cczJ49byVPVLFK72OUrr+n"],12,13]],[1,"91squFn0NKu7eaBQRp+kPE",null,null,null,1,0],[1,0,-6,0]],[3,"spr_levelku_text",4,[[2,-127,[0,"4adF9Y8BhPw7dg7NBtg5d8"],[5,94,22]],[4,-128,[0,"46cXTleXxEdZKTm7pjj6IO"],14,15]],[1,"48ZJ/9RuNBKrsLr+WTvmii",null,null,null,1,0],[1,-10,-25,0]],[3,"props_me_vip_level_label",4,[[2,-129,[0,"87DOzPbm5Atp5YmKR7ixn2"],[5,20.4,40]],[9,"0",24,24,false,-2,-130,[0,"5e7air/yZMWYLJHtdJns11"],16]],[1,"35tU5x4otDBbUXev7W0nnb",null,null,null,1,0],[1,53,-25,0]],[3,"label_text1",9,[[2,-131,[0,"adzGQvKcNFc5WeeryJafZg"],[5,176.14,50.4]],[8,"Lanjukan Top up",24,24,-132,[0,"ed67y+96tL7p87EEnrrlYQ"],[4,4283805139]]],[1,"12qV5hNmpFjqEH7S7e6hof",null,null,null,1,0],[1,-175,0,0]],[3,"props_remind_next_level_gold",9,[[2,-133,[0,"64fIQtjoBARqFcuUL8Lvh3"],[5,86.75,50.4]],[25,"500,000",23,24,2,-134,[0,"90pd7rxu5IeaL5ACpIOwhF"],[4,4291689471]]],[1,"4cLC5mY4BEmZ/iVoPYiysg",null,null,null,1,0],[1,-25,0,0]],[3,"label_text3",9,[[2,-135,[0,"f0TOaS0O5JAa2j8B9RTRIO"],[5,185.47,50.4]],[8,"untuk upgrade ke",24,24,-136,[0,"eeovLDDZpEVJoOrZbF7NlS"],[4,4283805139]]],[1,"6dyW1MA+lM0ZJ+ndHfRjJ/",null,null,null,1,0],[1,131,0,0]],[3,"props_remind_vip",9,[[5,-137,[0,"53fFJ0jbdEI4BalztPLMk5"],[5,65.38,50.4],[0,0,0.5]],[8,"VIP10",24,24,-138,[0,"37T8viR89FTYQB9u5V6M0g"],[4,4281401268]]],[1,"33laeK+ZlHaa23SUI6VJt9",null,null,null,1,0],[1,232.207,0,0]],[20,"Bar",33554432,3,[[[5,-139,[0,"c98dghifRI17uWDGVBNOhI"],[5,0,28],[0,0,0.5]],-140],4,1],[1,"661IrDLlFPxbJXEPuaufj1",null,null,null,1,0]],[7,"Label_level_vip",17,[[2,-141,[0,"a8lUXkfMNKGaF7uNVDstlX"],[5,16,40]],[9,"0",20,20,false,1,-142,[0,"63Ro8wzABKs5LEOPXdiWJ1"],22]],[1,"1dksfQM11KFIA4DnoSUQ0e",null,null,null,1,0]],[7,"Label_level_vip",18,[[2,-143,[0,"a0YUuPhR1DppRdwJO5ycbs"],[5,8,40]],[9,"1",20,20,false,1,-144,[0,"848Y7duc9NVq4WNPA+GKIC"],25]],[1,"e9v2kfzRBCCJwgCTlGn09t",null,null,null,1,0]],[7,"Label_level_vip",19,[[2,-145,[0,"6aVZqLxepLEqPZJLNKtKgb"],[5,15,40]],[9,"2",20,20,false,1,-146,[0,"9e6gOTtYRGkrB3BJpvotSa"],28]],[1,"6bec6HG9tCConegJsyPyOc",null,null,null,1,0]],[20,"Bar",33554432,5,[[[5,-147,[0,"c9iBQeHOpHr4SOLIqNmysC"],[5,92.80000000000001,28],[0,0,0.5]],-148],4,1],[1,"47Kt0WdmlM1LhztfavYumg",null,null,null,1,0]],[7,"Label_level_vip",20,[[2,-149,[0,"e40S+jSWpBVqqArmlOyXRU"],[5,8,40]],[9,"1",20,20,false,1,-150,[0,"41dQWILFJFWbIYAwEOh7rn"],33]],[1,"3fKJQ+NydLc5GIXWxFVWAl",null,null,null,1,0]],[7,"Label_level_vip",21,[[2,-151,[0,"339SzHrItER6wmIjuwNnkg"],[5,15,40]],[9,"2",20,20,false,1,-152,[0,"e6KwU4agpF8IdpzQ8Ykj2g"],36]],[1,"83yIv6YidNqK1Af3fwxE1Q",null,null,null,1,0]],[7,"spr_triangle",22,[[2,-153,[0,"7d2QM1ihJG34hclLZ/Xuqo"],[5,20,18]],[4,-154,[0,"66Gx1/oVBBOZhAtZVzZe+1"],41,42]],[1,"586qF9NidFwr205aDYpkA7",null,null,null,1,0]],[3,"label_suffer",22,[[2,-155,[0,"d8vgyf1WBOyIjVs2xGqD+5"],[5,11.12,50.4]],[8,"0",20,20,-156,[0,"86M8gl+N5ExIlj5n/MsyTR"],[4,4281401268]]],[1,"93HuNOK8xCPq2NiMQ3o1Sd",null,null,null,1,0],[1,0,-19,0]],[3,"label_text1",10,[[2,-157,[0,"b1AhC4A6VKprFkYRonPk5G"],[5,176.14,50.4]],[8,"Lanjukan Top up",24,24,-158,[0,"e7Syk7ysNPNZCw3CnMaNjs"],[4,4283805139]]],[1,"31kUUdH2hJJLyTkj8nvbVC",null,null,null,1,0],[1,-175,0,0]],[3,"props_remindtext_next_label_gold",10,[[2,-159,[0,"3eLmWhQedEZ7ckAgO8YqJo"],[5,86.75,50.4]],[25,"500,000",23,24,2,-160,[0,"4489V0B4tNJ4URXBhEtEqD"],[4,4291689471]]],[1,"fftS1ZU8NNtb382lSJcnUz",null,null,null,1,0],[1,-25,0,0]],[3,"label_text3",10,[[2,-161,[0,"d2RM5q5pxG8riQigXlMVqL"],[5,185.47,50.4]],[8,"untuk upgrade ke",24,24,-162,[0,"2aXDiAZhxLm5XBGz0+ExXW"],[4,4283805139]]],[1,"9bn6lN8YBKxJ43SCDcCDva",null,null,null,1,0],[1,131,0,0]],[3,"props_remindtext_vip",10,[[5,-163,[0,"15rmRFfoBIW5LZAkaIX6CC"],[5,65.38,50.4],[0,0,0.5]],[8,"VIP10",24,24,-164,[0,"c67dy7Z3NCBa9t6DEkkYhm"],[4,4281401268]]],[1,"62zr9XA5VPRa3+a6V2LMFa",null,null,null,1,0],[1,233.207,0,0]],[31,"props_spr_shade",false,1,[[2,-165,[0,"d5KS+OuVZKJ5PeEf7pWmi2"],[5,945,256]],[4,-166,[0,"8ebI4I6L9FgJQsiiVgzSjM"],46,47]],[1,"ebfYD9Q51LGIggZC4XVu7K",null,null,null,1,0],[1,0,-138,0]],[3,"props_spr_gaji",1,[[2,-167,[0,"42JW7+UC5DNK2Lb/gifpUA"],[5,649,29]],[4,-168,[0,"134oSXW5RGCJ1n+DbAwI/3"],48,49]],[1,"21htTFAHJLd7OpFmJ+5OuD",null,null,null,1,0],[1,0,8,0]],[34,"bar",33554432,12,[[[5,-169,[0,"76p2M1BFhK25xBr9SL2xcW"],[5,900,4],[0,0,0]],-170],4,1],[1,"26quWqNalLpoWyYxCVYz1Y",null,null,null,1,0],[1,-450,0,0]],[45,12,[0,"069X9FcOJLMoVR3s3+s0uG"]],[10,"label_vip_unchecked",33554432,7,[[2,-171,[0,"30TrF8xLBKFZCSI/lJ6JZ+"],[5,48.92,50.4]],[13,"VIP 1",20,20,true,-172,[0,"48GxZLXLlJcoSKqlKt9TOJ"],[4,4286890738]]],[1,"90aobBQ79A1rJUdarVL1fA",null,null,null,1,0]],[10,"label_vip_checked",33554432,23,[[2,-173,[0,"5b59DfnMFIJq4iDL8eUOO/"],[5,48.92,50.4]],[13,"VIP 1",20,20,true,-174,[0,"2e96MqNE5Ai6P7BPBUo7Gs"],[4,4279400421]]],[1,"4fv2AbTCpGqapmDrM1hh92",null,null,null,1,0]],[10,"label_vip_unchecked",33554432,8,[[2,-175,[0,"30uwLbsvNK9r6VQUIO6Jf9"],[5,48.92,50.4]],[13,"VIP 2",20,20,true,-176,[0,"f3FB9xdORCn6Jw6nXiQthk"],[4,4286890738]]],[1,"3dWCkP421Bh4SvYFBLlU19",null,null,null,1,0]],[10,"label_vip_checked",33554432,24,[[2,-177,[0,"d0vQAMVEJBoKdbu3vXttSt"],[5,48.92,50.4]],[13,"VIP 2",20,20,true,-178,[0,"d9N/3mzdFGsKtrNsrV+4cx"],[4,4280561779]]],[1,"ecjDnZBJlHnL5mn22ztMNw",null,null,null,1,0]],[12,1,0,35,[0,"37DodSNkBPTZ0lJ8hLIG7N"]],[12,1,0,39,[0,"67G8Z0GwdKMYRT/4f43yuh"]],[12,1,0,50,[0,"b3cu/SDbVDQ4DmpDF9kahs"]],[46,0.3,0.75,false,false,11,[0,"5ceU8RmmhGLLH0AclfV9F2"],6,51,51],[22,0,23,[0,"10GeihZLZOeJjVCskynYtx"]],[22,0,24,[0,"43D8pnSzNOOYvS14DzZyhO"]]],0,[0,13,1,0,0,1,0,-1,25,0,-2,13,0,-3,26,0,-4,2,0,-5,15,0,-6,48,0,-7,49,0,-8,11,0,0,2,0,0,2,0,-1,4,0,-2,14,0,-3,9,0,-4,3,0,-5,5,0,-6,22,0,-7,10,0,0,3,0,0,3,0,8,56,0,0,3,0,-1,35,0,-2,17,0,-3,18,0,-4,19,0,0,4,0,0,4,0,-1,27,0,-2,28,0,-3,29,0,-4,30,0,0,5,0,0,5,0,8,57,0,0,5,0,-1,39,0,-2,20,0,-3,21,0,0,6,0,0,6,0,0,6,0,-1,7,0,-2,8,0,0,7,0,0,7,0,9,60,0,4,7,0,0,7,0,-1,52,0,-2,23,0,0,8,0,0,8,0,9,61,0,4,8,0,0,8,0,-1,54,0,-2,24,0,0,9,0,-1,31,0,-2,32,0,-3,33,0,-4,34,0,0,10,0,-1,44,0,-2,45,0,-3,46,0,-4,47,0,0,11,0,0,11,0,-3,59,0,-1,12,0,-2,16,0,0,12,0,0,12,0,0,12,0,-4,51,0,-1,50,0,0,13,0,0,13,0,4,13,0,0,13,0,0,14,0,0,14,0,4,14,0,0,14,0,0,15,0,0,15,0,4,15,0,0,15,0,0,16,0,0,16,0,0,16,0,0,17,0,0,17,0,-1,36,0,0,18,0,0,18,0,-1,37,0,0,19,0,0,19,0,-1,38,0,0,20,0,0,20,0,-1,40,0,0,21,0,0,21,0,-1,41,0,0,22,0,-1,42,0,-2,43,0,0,23,0,-2,60,0,-1,53,0,0,24,0,-2,61,0,-1,55,0,0,25,0,0,25,0,0,26,0,0,26,0,0,27,0,0,27,0,0,28,0,0,28,0,0,29,0,0,29,0,0,30,0,0,30,0,0,31,0,0,31,0,0,32,0,0,32,0,0,33,0,0,33,0,0,34,0,0,34,0,0,35,0,-2,56,0,0,36,0,0,36,0,0,37,0,0,37,0,0,38,0,0,38,0,0,39,0,-2,57,0,0,40,0,0,40,0,0,41,0,0,41,0,0,42,0,0,42,0,0,43,0,0,43,0,0,44,0,0,44,0,0,45,0,0,45,0,0,46,0,0,46,0,0,47,0,0,47,0,0,48,0,0,48,0,0,49,0,0,49,0,0,50,0,-2,58,0,0,52,0,0,52,0,0,53,0,0,53,0,0,54,0,0,54,0,0,55,0,0,55,0,14,1,6,15,16,51,16,58,51,17,59,178],[0,0,0,0,0,0,0,0,0,0,0,0,0,0,0,0,0,0,0,0,0,0,0,0,0,0,0,0,0,0,0,0,0,0,0,0,0,0,0,0,0,0,0,0,0,0,0,0,0,0,0,0,0,0,0,0,0,56,56,57,57,58,60,60,61,61],[1,2,1,2,5,10,11,12,1,2,1,2,1,2,1,2,3,1,5,10,11,12,3,1,2,3,1,2,3,1,2,1,2,3,1,2,3,1,2,1,2,1,2,1,2,5,1,2,1,2,1,1,2,5,1,2,5,1,2,1,2,1,1,2,1,2],[17,0,4,0,4,5,6,7,18,0,19,0,20,0,21,0,22,8,8,5,6,7,1,2,0,1,2,0,1,2,0,9,0,1,2,0,1,2,0,9,0,23,0,10,0,10,24,0,25,0,26,3,0,3,3,0,3,11,0,11,0,27,12,0,12,0]],[[[17,"vip_num",20,{"commonHeight":19,"fontSize":20,"atlasName":"vip_num_0.png","fontDefDictionary":{"32":{"xOffset":-1,"yOffset":18,"xAdvance":5,"rect":{"x":156,"y":0,"width":3,"height":1}},"48":{"xOffset":0,"yOffset":0,"xAdvance":16,"rect":{"x":0,"y":0,"width":16,"height":20}},"49":{"xOffset":-2,"yOffset":0,"xAdvance":10,"rect":{"x":145,"y":0,"width":10,"height":20}},"50":{"xOffset":0,"yOffset":0,"xAdvance":15,"rect":{"x":17,"y":0,"width":15,"height":20}},"51":{"xOffset":0,"yOffset":0,"xAdvance":15,"rect":{"x":33,"y":0,"width":15,"height":20}},"52":{"xOffset":-2,"yOffset":0,"xAdvance":15,"rect":{"x":49,"y":0,"width":15,"height":20}},"53":{"xOffset":0,"yOffset":0,"xAdvance":15,"rect":{"x":65,"y":0,"width":15,"height":20}},"54":{"xOffset":0,"yOffset":0,"xAdvance":15,"rect":{"x":81,"y":0,"width":15,"height":20}},"55":{"xOffset":0,"yOffset":0,"xAdvance":15,"rect":{"x":97,"y":0,"width":15,"height":20}},"56":{"xOffset":0,"yOffset":0,"xAdvance":15,"rect":{"x":113,"y":0,"width":15,"height":20}},"57":{"xOffset":0,"yOffset":0,"xAdvance":15,"rect":{"x":129,"y":0,"width":15,"height":20}}},"kerningDict":{}}]],0,0,[0],[7],[28]]]]
