[1,["fax4l/hkNLsa52EPQhPRH5@6c48a"],0,[["sp.SkeletonData",["_name","_atlasText","textureNames","_skeletonJson","textures"],-1,3]],[[0,0,1,2,3,4,5]],[[0,"rk_gxfc_da","\r\nrk_gxfc_da.png\r\nsize: 512,512\r\nformat: RGBA8888\r\nfilter: Linear,Linear\r\nrepeat: none\r\n0\r\n  rotate: true\r\n  xy: 210, 2\r\n  size: 144, 152\r\n  orig: 144, 152\r\n  offset: 0, 0\r\n  index: -1\r\n1\r\n  rotate: false\r\n  xy: 364, 2\r\n  size: 131, 144\r\n  orig: 131, 144\r\n  offset: 0, 0\r\n  index: -1\r\n7\r\n  rotate: false\r\n  xy: 210, 148\r\n  size: 221, 290\r\n  orig: 221, 290\r\n  offset: 0, 0\r\n  index: -1\r\nbg_gxfc_da\r\n  rotate: false\r\n  xy: 2, 18\r\n  size: 206, 420\r\n  orig: 206, 420\r\n  offset: 0, 0\r\n  index: -1\r\n",["rk_gxfc_da.png"],{"skeleton":{"hash":"V37Q6bsY31gtQIkX0k0MUYHuHYc","spine":"3.8.99","x":-105.98,"y":18,"width":215.71,"height":420,"images":"","audio":""},"bones":[{"name":"root"},{"name":"cs","parent":"root","y":-17.51},{"name":"骨骼","parent":"root","x":8.18,"y":-17.51},{"name":"骨骼2","parent":"root","x":-13.29,"y":-17.51}],"slots":[{"name":"asd","bone":"root","attachment":"bg_gxfc_da"},{"name":"7","bone":"cs","attachment":"7"},{"name":"0","bone":"骨骼","attachment":"0"},{"name":"1","bone":"骨骼2","attachment":"1"}],"skins":[{"name":"default","attachments":{"0":{"0":{"x":-53.38,"y":142.61,"scaleX":0.8442,"scaleY":0.8442,"width":144,"height":152}},"1":{"1":{"x":63.88,"y":143.45,"scaleX":0.9027,"scaleY":0.9027,"width":131,"height":144}},"7":{"7":{"x":0.5,"y":258.75,"scaleX":0.9245,"scaleY":0.9245,"width":221,"height":290}},"asd":{"bg_gxfc_da":{"y":210.49,"width":206,"height":420}}}}],"animations":{"animation":{"bones":{"cs":{"translate":[{},{"time":1,"y":13.77},{"time":2}]},"骨骼":{"rotate":[{},{"time":1,"angle":6.86},{"time":2}]},"骨骼2":{"rotate":[{},{"time":1,"angle":-4.49},{"time":2}]}}}}},[0]]],0,0,[0],[-1],[0]]
