[1,["15yZCkyOdG6ptOgAaEAk93@6c48a"],["_textureSource"],["cc.SpriteFrame"],0,[{"name":"small","rect":{"x":0,"y":0,"width":150,"height":65},"offset":{"x":0,"y":0},"originalSize":{"width":150,"height":65},"rotated":false,"capInsets":[0,0,0,0],"vertices":{"rawPosition":[-75,-32.5,0,75,-32.5,0,-75,32.5,0,75,32.5,0],"indexes":[0,1,2,2,1,3],"uv":[0,65,150,65,0,0,150,0],"nuv":[0,0,1,0,0,1,1,1],"minPos":{"x":-75,"y":-32.5,"z":0},"maxPos":{"x":75,"y":32.5,"z":0}},"packable":true,"pixelsToUnit":100,"pivot":{"x":0.5,"y":0.5},"meshType":0}],[0],0,[0],[0],[0]]
