[1,["1aa1bcd93@6c48a"],["_textureSource"],["cc.SpriteFrame","cc.SpriteAtlas"],0,[[[{"name":"auto_updata","spriteFrames":[]}],[1],0,[],[],[]],[[{"name":"png_update_tipsBg","rect":{"x":3,"y":3,"width":740,"height":500},"offset":{"x":0,"y":-3},"originalSize":{"width":740,"height":506},"rotated":true,"capInsets":[0,0,0,0],"packable":true,"pixelsToUnit":100,"pivot":{"x":0.5,"y":0.5},"meshType":0}],[0],0,[0],[0],[0]],[[{"name":"btn_dt_huang","rect":{"x":3,"y":877,"width":165,"height":61},"offset":{"x":0,"y":0},"originalSize":{"width":165,"height":61},"rotated":false,"capInsets":[0,0,0,0],"packable":true,"pixelsToUnit":100,"pivot":{"x":0.5,"y":0.5},"meshType":0}],[0],0,[0],[0],[0]],[[{"name":"word_tips_title","rect":{"x":433,"y":749,"width":190,"height":29},"offset":{"x":0,"y":0},"originalSize":{"width":190,"height":29},"rotated":true,"capInsets":[0,0,0,0],"packable":true,"pixelsToUnit":100,"pivot":{"x":0.5,"y":0.5},"meshType":0}],[0],0,[0],[0],[0]],[[{"name":"icon_dt_loading_0","rect":{"x":3,"y":749,"width":424,"height":58},"offset":{"x":0,"y":0.5},"originalSize":{"width":424,"height":59},"rotated":false,"capInsets":[0,0,0,0],"packable":true,"pixelsToUnit":100,"pivot":{"x":0.5,"y":0.5},"meshType":0}],[0],0,[0],[0],[0]],[[{"name":"btn_dt_lv","rect":{"x":174,"y":898,"width":165,"height":61},"offset":{"x":0,"y":0},"originalSize":{"width":165,"height":61},"rotated":false,"capInsets":[0,0,0,0],"packable":true,"pixelsToUnit":100,"pivot":{"x":0.5,"y":0.5},"meshType":0}],[0],0,[0],[0],[0]],[[{"name":"icon_dt_loading_2","rect":{"x":3,"y":845,"width":322,"height":26},"offset":{"x":-4,"y":0},"originalSize":{"width":330,"height":26},"rotated":false,"capInsets":[0,0,0,0],"packable":true,"pixelsToUnit":100,"pivot":{"x":0.5,"y":0.5},"meshType":0}],[0],0,[0],[0],[0]],[[{"name":"icon_dt_loading_1","rect":{"x":3,"y":813,"width":330,"height":26},"offset":{"x":0,"y":0},"originalSize":{"width":330,"height":26},"rotated":false,"capInsets":[11,0,11,0],"packable":true,"pixelsToUnit":100,"pivot":{"x":0.5,"y":0.5},"meshType":0}],[0],0,[0],[0],[0]],[[{"name":"word_tips_cancel","rect":{"x":468,"y":749,"width":99,"height":23},"offset":{"x":0,"y":0},"originalSize":{"width":99,"height":23},"rotated":true,"capInsets":[0,0,0,0],"packable":true,"pixelsToUnit":100,"pivot":{"x":0.5,"y":0.5},"meshType":0}],[0],0,[0],[0],[0]],[[{"name":"word_tips_ok","rect":{"x":468,"y":854,"width":36,"height":23},"offset":{"x":0,"y":0},"originalSize":{"width":36,"height":23},"rotated":true,"capInsets":[0,0,0,0],"packable":true,"pixelsToUnit":100,"pivot":{"x":0.5,"y":0.5},"meshType":0}],[0],0,[0],[0],[0]]]]
