[1,["1e5411d86@6c48a"],["_textureSource"],["cc.SpriteFrame","cc.SpriteAtlas"],0,[[[{"name":"btn_hall_vip","rect":{"x":543,"y":171,"width":93,"height":98},"offset":{"x":0,"y":0},"originalSize":{"width":93,"height":98},"rotated":true,"capInsets":[0,0,0,0],"packable":true,"pixelsToUnit":100,"pivot":{"x":0.5,"y":0.5},"meshType":0}],[0],0,[0],[0],[0]],[[{"name":"word_hall_akun","rect":{"x":495,"y":3,"width":150,"height":26},"offset":{"x":0,"y":0},"originalSize":{"width":150,"height":26},"rotated":false,"capInsets":[0,0,0,0],"packable":true,"pixelsToUnit":100,"pivot":{"x":0.5,"y":0.5},"meshType":0}],[0],0,[0],[0],[0]],[[{"name":"sokt_close","rect":{"x":3,"y":15,"width":60,"height":64},"offset":{"x":0,"y":0},"originalSize":{"width":64,"height":64},"rotated":true,"capInsets":[0,0,0,0],"packable":true,"pixelsToUnit":100,"pivot":{"x":0.5,"y":0.5},"meshType":0}],[0],0,[0],[0],[0]],[[{"name":"word_hall_pertama","rect":{"x":97,"y":3,"width":108,"height":24},"offset":{"x":0,"y":0},"originalSize":{"width":108,"height":24},"rotated":false,"capInsets":[0,0,0,0],"packable":true,"pixelsToUnit":100,"pivot":{"x":0.5,"y":0.5},"meshType":0}],[0],0,[0],[0],[0]],[[{"name":"btn_type_other1","rect":{"x":694,"y":3,"width":221,"height":50},"offset":{"x":0,"y":0},"originalSize":{"width":221,"height":50},"rotated":false,"capInsets":[0,0,0,0],"packable":true,"pixelsToUnit":100,"pivot":{"x":0.5,"y":0.5},"meshType":0}],[0],0,[0],[0],[0]],[[{"name":"img_hall_kuang","rect":{"x":590,"y":479,"width":310,"height":284},"offset":{"x":0.5,"y":0.5},"originalSize":{"width":311,"height":285},"rotated":false,"capInsets":[0,0,0,0],"packable":true,"pixelsToUnit":100,"pivot":{"x":0.5,"y":0.5},"meshType":0}],[0],0,[0],[0],[0]],[[{"name":"btn_type_domino1","rect":{"x":73,"y":34,"width":221,"height":50},"offset":{"x":0,"y":0},"originalSize":{"width":221,"height":50},"rotated":false,"capInsets":[0,0,0,0],"packable":true,"pixelsToUnit":100,"pivot":{"x":0.5,"y":0.5},"meshType":0}],[0],0,[0],[0],[0]],[[{"name":"btn_dt_daili_fuzhi","rect":{"x":211,"y":3,"width":25,"height":26},"offset":{"x":0,"y":0},"originalSize":{"width":25,"height":26},"rotated":true,"capInsets":[0,0,0,0],"packable":true,"pixelsToUnit":100,"pivot":{"x":0.5,"y":0.5},"meshType":0}],[0],0,[0],[0],[0]],[[{"name":"zi_Pembaruan","rect":{"x":243,"y":3,"width":141,"height":25},"offset":{"x":0,"y":0},"originalSize":{"width":141,"height":25},"rotated":false,"capInsets":[0,0,0,0],"packable":true,"pixelsToUnit":100,"pivot":{"x":0.5,"y":0.5},"meshType":0}],[0],0,[0],[0],[0]],[[{"name":"btn_hall_head","rect":{"x":647,"y":197,"width":100,"height":100},"offset":{"x":0,"y":0},"originalSize":{"width":100,"height":100},"rotated":false,"capInsets":[0,0,0,0],"packable":true,"pixelsToUnit":100,"pivot":{"x":0.5,"y":0.5},"meshType":0}],[0],0,[0],[0],[0]],[[{"name":"Download","rect":{"x":921,"y":3,"width":98,"height":56},"offset":{"x":0,"y":0},"originalSize":{"width":98,"height":56},"rotated":false,"capInsets":[0,0,0,0],"packable":true,"pixelsToUnit":100,"pivot":{"x":0.5,"y":0.5},"meshType":0}],[0],0,[0],[0],[0]],[[{"name":"bg_rukou_vipbg","rect":{"x":911,"y":149,"width":84,"height":84},"offset":{"x":0,"y":0},"originalSize":{"width":84,"height":84},"rotated":false,"capInsets":[0,0,0,0],"packable":true,"pixelsToUnit":100,"pivot":{"x":0.5,"y":0.5},"meshType":0}],[0],0,[0],[0],[0]],[[{"name":"panel_hall_head","rect":{"x":168,"y":264,"width":321,"height":147},"offset":{"x":0,"y":0.5},"originalSize":{"width":321,"height":148},"rotated":false,"capInsets":[0,0,0,0],"packable":true,"pixelsToUnit":100,"pivot":{"x":0.5,"y":0.5},"meshType":0}],[0],0,[0],[0],[0]],[[{"name":"word_hall_promosi","rect":{"x":390,"y":3,"width":99,"height":25},"offset":{"x":0,"y":0},"originalSize":{"width":99,"height":25},"rotated":false,"capInsets":[0,0,0,0],"packable":true,"pixelsToUnit":100,"pivot":{"x":0.5,"y":0.5},"meshType":0}],[0],0,[0],[0],[0]],[[{"name":"btn_type_all2","rect":{"x":300,"y":35,"width":221,"height":50},"offset":{"x":0,"y":0},"originalSize":{"width":221,"height":50},"rotated":false,"capInsets":[0,0,0,0],"packable":true,"pixelsToUnit":100,"pivot":{"x":0.5,"y":0.5},"meshType":0}],[0],0,[0],[0],[0]],[[{"name":"sokt_retry","rect":{"x":527,"y":35,"width":62,"height":64},"offset":{"x":0,"y":0},"originalSize":{"width":64,"height":64},"rotated":true,"capInsets":[0,0,0,0],"packable":true,"pixelsToUnit":100,"pivot":{"x":0.5,"y":0.5},"meshType":0}],[0],0,[0],[0],[0]],[[{"name":"btn_hall_toko","rect":{"x":3,"y":230,"width":159,"height":120},"offset":{"x":-3,"y":0},"originalSize":{"width":165,"height":120},"rotated":false,"capInsets":[0,0,0,0],"packable":true,"pixelsToUnit":100,"pivot":{"x":0.5,"y":0.5},"meshType":0}],[0],0,[0],[0],[0]],[[{"name":"download_jindu","rect":{"x":3,"y":3,"width":88,"height":6},"offset":{"x":0,"y":0},"originalSize":{"width":88,"height":6},"rotated":false,"capInsets":[0,0,0,0],"packable":true,"pixelsToUnit":100,"pivot":{"x":0.5,"y":0.5},"meshType":0}],[0],0,[0],[0],[0]],[[{"name":"panel_type_bg","rect":{"x":3,"y":417,"width":896,"height":56},"offset":{"x":0,"y":0},"originalSize":{"width":896,"height":56},"rotated":false,"capInsets":[0,0,0,0],"packable":true,"pixelsToUnit":100,"pivot":{"x":0.5,"y":0.5},"meshType":0}],[0],0,[0],[0],[0]],[[{"name":"btn_hall_harian","rect":{"x":448,"y":171,"width":89,"height":87},"offset":{"x":0,"y":0},"originalSize":{"width":89,"height":87},"rotated":false,"capInsets":[0,0,0,0],"packable":true,"pixelsToUnit":100,"pivot":{"x":0.5,"y":0.5},"meshType":0}],[0],0,[0],[0],[0]],[[{"name":"icon_undownLoad","rect":{"x":911,"y":65,"width":78,"height":83},"offset":{"x":0,"y":0},"originalSize":{"width":78,"height":83},"rotated":true,"capInsets":[0,0,0,0],"packable":true,"pixelsToUnit":100,"pivot":{"x":0.5,"y":0.5},"meshType":0}],[0],0,[0],[0],[0]],[[{"name":"auto_hall","spriteFrames":[]}],[1],0,[],[],[]],[[{"name":"img_hall_ad","rect":{"x":298,"y":479,"width":286,"height":270},"offset":{"x":0,"y":0},"originalSize":{"width":286,"height":270},"rotated":false,"capInsets":[0,0,0,0],"packable":true,"pixelsToUnit":100,"pivot":{"x":0.5,"y":0.5},"meshType":0}],[0],0,[0],[0],[0]],[[{"name":"btn_type_slots2","rect":{"x":597,"y":59,"width":221,"height":50},"offset":{"x":0,"y":0},"originalSize":{"width":221,"height":50},"rotated":false,"capInsets":[0,0,0,0],"packable":true,"pixelsToUnit":100,"pivot":{"x":0.5,"y":0.5},"meshType":0}],[0],0,[0],[0],[0]],[[{"name":"btn_type_domino2","rect":{"x":3,"y":90,"width":221,"height":50},"offset":{"x":0,"y":0},"originalSize":{"width":221,"height":50},"rotated":false,"capInsets":[0,0,0,0],"packable":true,"pixelsToUnit":100,"pivot":{"x":0.5,"y":0.5},"meshType":0}],[0],0,[0],[0],[0]],[[{"name":"btn_hall_inbox","rect":{"x":3,"y":146,"width":78,"height":84},"offset":{"x":0,"y":0},"originalSize":{"width":78,"height":84},"rotated":true,"capInsets":[0,0,0,0],"packable":true,"pixelsToUnit":100,"pivot":{"x":0.5,"y":0.5},"meshType":0}],[0],0,[0],[0],[0]],[[{"name":"img_hall_ad2","rect":{"x":3,"y":479,"width":289,"height":269},"offset":{"x":0,"y":0},"originalSize":{"width":289,"height":269},"rotated":false,"capInsets":[0,0,0,0],"packable":true,"pixelsToUnit":100,"pivot":{"x":0.5,"y":0.5},"meshType":0}],[0],0,[0],[0],[0]],[[{"name":"icon_gold","rect":{"x":651,"y":3,"width":37,"height":36},"offset":{"x":0.5,"y":0},"originalSize":{"width":38,"height":40},"rotated":false,"capInsets":[0,0,0,0],"packable":true,"pixelsToUnit":100,"pivot":{"x":0.5,"y":0.5},"meshType":0}],[0],0,[0],[0],[0]],[[{"name":"btn_hall_renwu","rect":{"x":93,"y":146,"width":78,"height":84},"offset":{"x":0,"y":0},"originalSize":{"width":78,"height":84},"rotated":true,"capInsets":[0,0,0,0],"packable":true,"pixelsToUnit":100,"pivot":{"x":0.5,"y":0.5},"meshType":0}],[0],0,[0],[0],[0]],[[{"name":"btn_type_other2","rect":{"x":230,"y":91,"width":221,"height":50},"offset":{"x":0,"y":0},"originalSize":{"width":221,"height":50},"rotated":false,"capInsets":[0,0,0,0],"packable":true,"pixelsToUnit":100,"pivot":{"x":0.5,"y":0.5},"meshType":0}],[0],0,[0],[0],[0]],[[{"name":"download_icon","rect":{"x":824,"y":59,"width":76,"height":81},"offset":{"x":0,"y":0},"originalSize":{"width":78,"height":83},"rotated":true,"capInsets":[0,0,0,0],"packable":true,"pixelsToUnit":100,"pivot":{"x":0.5,"y":0.5},"meshType":0}],[0],0,[0],[0],[0]],[[{"name":"btn_type_all1","rect":{"x":457,"y":115,"width":221,"height":50},"offset":{"x":0,"y":0},"originalSize":{"width":221,"height":50},"rotated":false,"capInsets":[0,0,0,0],"packable":true,"pixelsToUnit":100,"pivot":{"x":0.5,"y":0.5},"meshType":0}],[0],0,[0],[0],[0]],[[{"name":"btn_type_slots1","rect":{"x":684,"y":141,"width":221,"height":50},"offset":{"x":0,"y":0},"originalSize":{"width":221,"height":50},"rotated":false,"capInsets":[0,0,0,0],"packable":true,"pixelsToUnit":100,"pivot":{"x":0.5,"y":0.5},"meshType":0}],[0],0,[0],[0],[0]],[[{"name":"btn_hall_bank","rect":{"x":270,"y":147,"width":79,"height":83},"offset":{"x":0,"y":0},"originalSize":{"width":79,"height":83},"rotated":true,"capInsets":[0,0,0,0],"packable":true,"pixelsToUnit":100,"pivot":{"x":0.5,"y":0.5},"meshType":0}],[0],0,[0],[0],[0]],[[{"name":"btn_hall_service","rect":{"x":359,"y":147,"width":79,"height":83},"offset":{"x":0,"y":0},"originalSize":{"width":79,"height":83},"rotated":true,"capInsets":[0,0,0,0],"packable":true,"pixelsToUnit":100,"pivot":{"x":0.5,"y":0.5},"meshType":0}],[0],0,[0],[0],[0]],[[{"name":"btn_hall_bag","rect":{"x":183,"y":147,"width":78,"height":81},"offset":{"x":-0.5,"y":0},"originalSize":{"width":81,"height":85},"rotated":true,"capInsets":[0,0,0,0],"packable":true,"pixelsToUnit":100,"pivot":{"x":0.5,"y":0.5},"meshType":0}],[0],0,[0],[0],[0]]]]
