[1,["ca+CuHQFNIlZ6CvN6GtH41@6c48a"],["_textureSource"],["cc.SpriteFrame"],0,[{"name":"btn_caozuo_zuidabox","rect":{"x":0,"y":0,"width":82,"height":69},"offset":{"x":0,"y":0},"originalSize":{"width":82,"height":69},"rotated":false,"capInsets":[0,0,0,0],"vertices":{"rawPosition":[-41,-34.5,0,41,-34.5,0,-41,34.5,0,41,34.5,0],"indexes":[0,1,2,2,1,3],"uv":[0,69,82,69,0,0,82,0],"nuv":[0,0,1,0,0,1,1,1],"minPos":{"x":-41,"y":-34.5,"z":0},"maxPos":{"x":41,"y":34.5,"z":0}},"packable":true,"pixelsToUnit":100,"pivot":{"x":0.5,"y":0.5},"meshType":0}],[0],0,[0],[0],[0]]
