[1,["1c5febd15@6c48a"],["_textureSource"],["cc.SpriteFrame","cc.SpriteAtlas"],0,[[[{"name":"auto_updata","spriteFrames":[]}],[1],0,[],[],[]],[[{"name":"png_update_tipsBg","rect":{"x":3,"y":154,"width":696,"height":407},"offset":{"x":0,"y":0},"originalSize":{"width":696,"height":407},"rotated":false,"capInsets":[0,0,0,0],"packable":true,"pixelsToUnit":100,"pivot":{"x":0.5,"y":0.5},"meshType":0}],[0],0,[0],[0],[0]],[[{"name":"btn_dt_huang","rect":{"x":269,"y":33,"width":165,"height":61},"offset":{"x":0,"y":0},"originalSize":{"width":165,"height":61},"rotated":false,"capInsets":[0,0,0,0],"packable":true,"pixelsToUnit":100,"pivot":{"x":0.5,"y":0.5},"meshType":0}],[0],0,[0],[0],[0]],[[{"name":"word_tips_title","rect":{"x":3,"y":33,"width":260,"height":29},"offset":{"x":0,"y":0},"originalSize":{"width":260,"height":29},"rotated":false,"capInsets":[0,0,0,0],"packable":true,"pixelsToUnit":100,"pivot":{"x":0.5,"y":0.5},"meshType":0}],[0],0,[0],[0],[0]],[[{"name":"icon_dt_loading_0","rect":{"x":3,"y":100,"width":796,"height":48},"offset":{"x":0,"y":0},"originalSize":{"width":796,"height":48},"rotated":false,"capInsets":[0,0,0,0],"packable":true,"pixelsToUnit":100,"pivot":{"x":0.5,"y":0.5},"meshType":0}],[0],0,[0],[0],[0]],[[{"name":"btn_dt_lv","rect":{"x":440,"y":33,"width":165,"height":61},"offset":{"x":0,"y":0},"originalSize":{"width":165,"height":61},"rotated":false,"capInsets":[0,0,0,0],"packable":true,"pixelsToUnit":100,"pivot":{"x":0.5,"y":0.5},"meshType":0}],[0],0,[0],[0],[0]],[[{"name":"icon_dt_loading_1","rect":{"x":150,"y":3,"width":772,"height":24},"offset":{"x":0,"y":0},"originalSize":{"width":772,"height":24},"rotated":false,"capInsets":[11,0,11,0],"packable":true,"pixelsToUnit":100,"pivot":{"x":0.5,"y":0.5},"meshType":0}],[0],0,[0],[0],[0]],[[{"name":"word_tips_cancel","rect":{"x":3,"y":3,"width":99,"height":23},"offset":{"x":0,"y":0},"originalSize":{"width":99,"height":23},"rotated":false,"capInsets":[0,0,0,0],"packable":true,"pixelsToUnit":100,"pivot":{"x":0.5,"y":0.5},"meshType":0}],[0],0,[0],[0],[0]],[[{"name":"word_tips_ok","rect":{"x":108,"y":3,"width":36,"height":23},"offset":{"x":0,"y":0},"originalSize":{"width":36,"height":23},"rotated":false,"capInsets":[0,0,0,0],"packable":true,"pixelsToUnit":100,"pivot":{"x":0.5,"y":0.5},"meshType":0}],[0],0,[0],[0],[0]]]]
