[1,["d6Zs79GdhOppelV+XPHLbQ@6c48a"],0,[["sp.SkeletonData",["_name","_atlasText","textureNames","_skeletonJson","textures"],-1,3]],[[0,0,1,2,3,4,5]],[[0,"zhuaji","\r\nzhuaji.png\r\nsize: 2048,256\r\nformat: RGBA8888\r\nfilter: Linear,Linear\r\nrepeat: none\r\nj_0000_4\r\n  rotate: false\r\n  xy: 1171, 2\r\n  size: 165, 152\r\n  orig: 165, 152\r\n  offset: 0, 0\r\n  index: -1\r\nj_0001_1\r\n  rotate: false\r\n  xy: 2, 2\r\n  size: 165, 152\r\n  orig: 165, 152\r\n  offset: 0, 0\r\n  index: -1\r\nj_0002_2\r\n  rotate: false\r\n  xy: 169, 2\r\n  size: 165, 152\r\n  orig: 165, 152\r\n  offset: 0, 0\r\n  index: -1\r\nj_0003_3\r\n  rotate: false\r\n  xy: 336, 2\r\n  size: 165, 152\r\n  orig: 165, 152\r\n  offset: 0, 0\r\n  index: -1\r\nj_0004_shou\r\n  rotate: false\r\n  xy: 503, 2\r\n  size: 165, 152\r\n  orig: 165, 152\r\n  offset: 0, 0\r\n  index: -1\r\nj_0005_mao3\r\n  rotate: false\r\n  xy: 670, 2\r\n  size: 165, 152\r\n  orig: 165, 152\r\n  offset: 0, 0\r\n  index: -1\r\nj_0006_mao2\r\n  rotate: false\r\n  xy: 837, 2\r\n  size: 165, 152\r\n  orig: 165, 152\r\n  offset: 0, 0\r\n  index: -1\r\nj_0007_mao1\r\n  rotate: false\r\n  xy: 1004, 2\r\n  size: 165, 152\r\n  orig: 165, 152\r\n  offset: 0, 0\r\n  index: -1\r\n",["zhuaji.png"],{"skeleton":{"hash":"uGsPZhJzZWRYU1Tfky2oElmGd8w","spine":"3.8.99","x":-82,"y":-76,"width":165,"height":152,"images":"","audio":""},"bones":[{"name":"root"},{"name":"shou","parent":"root","x":-6.37,"y":-34.97},{"name":"j0","parent":"root","x":-15.7,"y":-30.07},{"name":"j","parent":"root","x":-12.47,"y":-15.57},{"name":"mao1","parent":"root","x":21.36,"y":58},{"name":"mao2","parent":"root","x":73.98,"y":-1.61},{"name":"mao3","parent":"root","x":-76.91,"y":-7.52},{"name":"mao4","parent":"root","x":-76.91,"y":-7.52}],"slots":[{"name":"shou","bone":"shou","attachment":"j_0004_shou"},{"name":"j0","bone":"j0","attachment":"j_0000_4"},{"name":"j","bone":"j"},{"name":"j_0007_mao1","bone":"mao1","attachment":"j_0007_mao1"},{"name":"j_0006_mao2","bone":"mao2","attachment":"j_0006_mao2"},{"name":"j_0005_mao3","bone":"mao3","attachment":"j_0005_mao3"},{"name":"j_0005_mao4","bone":"mao4","attachment":"j_0005_mao3"}],"skins":[{"name":"default","attachments":{"j":{"j_0001_1":{"x":12.97,"y":15.57,"width":165,"height":152},"j_0002_2":{"x":12.97,"y":15.57,"width":165,"height":152},"j_0003_3":{"x":12.97,"y":15.57,"width":165,"height":152}},"j0":{"j_0000_4":{"x":16.2,"y":30.07,"width":165,"height":152}},"j_0005_mao3":{"j_0005_mao3":{"x":77.41,"y":7.52,"width":165,"height":152}},"j_0005_mao4":{"j_0005_mao3":{"x":77.41,"y":7.52,"width":165,"height":152}},"j_0006_mao2":{"j_0006_mao2":{"x":-73.48,"y":1.61,"width":165,"height":152}},"j_0007_mao1":{"j_0007_mao1":{"x":-20.86,"y":-58,"width":165,"height":152}},"shou":{"j_0004_shou":{"x":6.87,"y":34.97,"width":165,"height":152}}}}],"animations":{"animation":{"slots":{"j":{"color":[{"color":"ffffff00","curve":"stepped"},{"time":0.1667,"color":"ffffff00"},{"time":0.2,"color":"ffffffff","curve":"stepped"},{"time":1.8,"color":"ffffffff"},{"time":1.9333,"color":"ffffff00"}],"attachment":[{"time":0.2,"name":"j_0003_3"},{"time":0.2667,"name":"j_0002_2"},{"time":0.3333,"name":"j_0001_1"},{"time":0.4,"name":"j_0002_2"},{"time":0.4667,"name":"j_0003_3"},{"time":0.5333,"name":"j_0002_2"},{"time":0.6,"name":"j_0001_1"},{"time":0.7333,"name":"j_0003_3"},{"time":0.8,"name":"j_0002_2"},{"time":0.8667,"name":"j_0001_1"},{"time":1,"name":"j_0003_3"},{"time":1.0667,"name":"j_0002_2"},{"time":1.1333,"name":"j_0001_1"},{"time":1.2667,"name":"j_0003_3"},{"time":1.3333,"name":"j_0002_2"},{"time":1.4,"name":"j_0001_1"},{"time":1.5333,"name":"j_0003_3"},{"time":1.6,"name":"j_0002_2"},{"time":1.6667,"name":"j_0001_1"},{"time":1.8,"name":"j_0003_3"},{"time":1.9333,"name":null}]},"j0":{"color":[{"time":0.1333,"color":"ffffffff"},{"time":0.2,"color":"ffffff00"}]},"j_0005_mao3":{"color":[{"color":"ffffff00","curve":"stepped"},{"time":0.5333,"color":"ffffff00"},{"time":0.5667,"color":"ffffffff"},{"time":1.2667,"color":"ffffffa4"},{"time":1.4,"color":"ffffff00"}]},"j_0005_mao4":{"color":[{"color":"ffffff00","curve":"stepped"},{"time":0.8667,"color":"ffffff00"},{"time":0.9,"color":"ffffffff"},{"time":1.6,"color":"ffffffa4"},{"time":1.7333,"color":"ffffff00"}]},"j_0006_mao2":{"color":[{"color":"ffffff00","curve":"stepped"},{"time":0.5333,"color":"ffffff00"},{"time":0.5667,"color":"ffffffff"},{"time":1.2667,"color":"ffffff8f","curve":"stepped"},{"time":1.3,"color":"ffffff8f"},{"time":1.3667,"color":"ffffff00"}]},"j_0007_mao1":{"color":[{"color":"ffffff00","curve":"stepped"},{"time":0.3333,"color":"ffffff00"},{"time":0.4,"color":"ffffffff","curve":"stepped"},{"time":0.6333,"color":"ffffffff"},{"time":1.2667,"color":"ffffff00"}]},"shou":{"color":[{"color":"ffffff00","curve":"stepped"},{"time":0.1,"color":"ffffff00"},{"time":0.1333,"color":"ffffffff"},{"time":0.2,"color":"ffffff00"}]}},"bones":{"mao3":{"rotate":[{},{"time":0.6667,"angle":-33.42},{"time":1.0667,"angle":13.42},{"time":1.4,"angle":33.08,"curve":0.962,"c2":-0.02,"c3":0.174,"c4":0.99},{"time":1.9333}],"translate":[{"x":12.93,"y":60.86,"curve":"stepped"},{"time":0.6667,"x":12.93,"y":60.86},{"time":1.0667,"x":-18.03,"y":0.89},{"time":1.4,"x":-7.89,"y":-45.97,"curve":0.962,"c2":-0.02,"c3":0.174,"c4":0.99},{"time":1.9333}],"scale":[{},{"time":0.6667,"x":0.7,"y":0.7},{"time":1.4}]},"mao2":{"rotate":[{},{"time":0.5667,"angle":26.78},{"time":0.6333,"angle":11.2},{"time":1.0333,"angle":-30.86},{"time":1.3667,"angle":-59.82,"curve":0.962,"c2":-0.02,"c3":0.174,"c4":0.99},{"time":1.9333}],"translate":[{},{"time":0.5667,"x":-54.53,"y":16.11},{"time":0.6333,"x":-41.05,"y":74.53},{"time":1.0333,"x":13.94,"y":31.8},{"time":1.3667,"x":46.21,"y":-66.01,"curve":0.962,"c2":-0.02,"c3":0.174,"c4":0.99},{"time":1.9333}],"scale":[{},{"time":0.6333,"x":0.7,"y":0.7},{"time":1.3667}]},"mao1":{"rotate":[{"angle":18.97},{"time":0.4,"angle":34.23},{"time":0.8,"angle":-27.62},{"time":1.2667,"angle":-71.18,"curve":0.962,"c2":-0.02,"c3":0.174,"c4":0.99},{"time":1.9333}],"translate":[{"x":-10.8,"y":41.65},{"time":0.3333,"x":-0.61,"y":-26.58},{"time":0.4,"x":-4.86,"y":28.08},{"time":0.8,"x":55.88,"y":-55.08},{"time":1.2667,"x":62.69,"y":-109.45}],"scale":[{},{"time":0.4,"x":0.7,"y":0.7},{"time":1.2667}]},"j":{"translate":[{"time":0.3333},{"time":0.4,"y":55.11},{"time":0.4667,"curve":"stepped"},{"time":0.6},{"time":0.6667,"y":55.11},{"time":0.7333,"curve":"stepped"},{"time":0.8667},{"time":0.9333,"y":55.11},{"time":1,"curve":"stepped"},{"time":1.1333},{"time":1.2,"y":55.11},{"time":1.2667,"curve":"stepped"},{"time":1.4},{"time":1.4667,"y":55.11},{"time":1.5333,"curve":"stepped"},{"time":1.6667},{"time":1.7333,"y":55.11},{"time":1.8}]},"mao4":{"rotate":[{},{"time":1,"angle":-73.1},{"time":1.4,"angle":-0.32},{"time":1.7333,"angle":33.08,"curve":0.962,"c2":-0.02,"c3":0.174,"c4":0.99},{"time":1.9333}],"translate":[{"x":12.93,"y":60.86},{"time":1,"x":56.35,"y":63.54},{"time":1.4,"x":-3.33,"y":0.89},{"time":1.7333,"x":-7.89,"y":-45.97,"curve":0.962,"c2":-0.02,"c3":0.174,"c4":0.99},{"time":1.9333}],"scale":[{},{"time":1,"x":0.7,"y":0.7},{"time":1.7333}]}}}}},[0]]],0,0,[0],[-1],[0]]
