[1,["1cxpG5A59KHJkwt/HMhmeS@6c48a"],["_textureSource"],["cc.SpriteFrame"],0,[{"name":"zi_spin_BERHENTI@2x","rect":{"x":0,"y":0,"width":233,"height":41},"offset":{"x":0,"y":0},"originalSize":{"width":233,"height":41},"rotated":false,"capInsets":[0,0,0,0],"vertices":{"rawPosition":[-116.5,-20.5,0,116.5,-20.5,0,-116.5,20.5,0,116.5,20.5,0],"indexes":[0,1,2,2,1,3],"uv":[0,41,233,41,0,0,233,0],"nuv":[0,0,1,0,0,1,1,1],"minPos":{"x":-116.5,"y":-20.5,"z":0},"maxPos":{"x":116.5,"y":20.5,"z":0}},"packable":true,"pixelsToUnit":100,"pivot":{"x":0.5,"y":0.5},"meshType":0}],[0],0,[0],[0],[0]]
