[1,["1c009b2e1@6c48a"],["_textureSource"],["cc.SpriteFrame","cc.SpriteAtlas"],0,[[[{"name":"icon_dating_jinbi","rect":{"x":329,"y":60,"width":69,"height":71},"offset":{"x":0,"y":0},"originalSize":{"width":69,"height":71},"rotated":true,"capInsets":[0,0,0,0],"packable":true,"pixelsToUnit":100,"pivot":{"x":0.5,"y":0.5},"meshType":0}],[0],0,[0],[0],[0]],[[{"name":"icon_fenxiang","rect":{"x":488,"y":66,"width":89,"height":90},"offset":{"x":-0.5,"y":0.5},"originalSize":{"width":90,"height":91},"rotated":true,"capInsets":[0,0,0,0],"packable":true,"pixelsToUnit":100,"pivot":{"x":0.5,"y":0.5},"meshType":0}],[0],0,[0],[0],[0]],[[{"name":"jindu02","rect":{"x":258,"y":3,"width":323,"height":14},"offset":{"x":-0.5,"y":0.5},"originalSize":{"width":326,"height":19},"rotated":false,"capInsets":[0,0,0,0],"packable":true,"pixelsToUnit":100,"pivot":{"x":0.5,"y":0.5},"meshType":0}],[0],0,[0],[0],[0]],[[{"name":"auto-task","spriteFrames":[]}],[1],0,[],[],[]],[[{"name":"font_Share1","rect":{"x":921,"y":3,"width":92,"height":26},"offset":{"x":0.5,"y":1},"originalSize":{"width":103,"height":34},"rotated":false,"capInsets":[0,0,0,0],"packable":true,"pixelsToUnit":100,"pivot":{"x":0.5,"y":0.5},"meshType":0}],[0],0,[0],[0],[0]],[[{"name":"font_login","rect":{"x":327,"y":23,"width":89,"height":31},"offset":{"x":1,"y":0.5},"originalSize":{"width":103,"height":34},"rotated":false,"capInsets":[0,0,0,0],"packable":true,"pixelsToUnit":100,"pivot":{"x":0.5,"y":0.5},"meshType":0}],[0],0,[0],[0],[0]],[[{"name":"Claim","rect":{"x":727,"y":29,"width":157,"height":58},"offset":{"x":0,"y":0},"originalSize":{"width":157,"height":58},"rotated":false,"capInsets":[0,0,0,0],"packable":true,"pixelsToUnit":100,"pivot":{"x":0.5,"y":0.5},"meshType":0}],[0],0,[0],[0],[0]],[[{"name":"bar","rect":{"x":3,"y":3,"width":249,"height":2},"offset":{"x":0,"y":0},"originalSize":{"width":249,"height":2},"rotated":false,"capInsets":[0,0,0,0],"packable":true,"pixelsToUnit":100,"pivot":{"x":0.5,"y":0.5},"meshType":0}],[0],0,[0],[0],[0]],[[{"name":"font_topup1","rect":{"x":422,"y":23,"width":99,"height":31},"offset":{"x":0,"y":0.5},"originalSize":{"width":103,"height":34},"rotated":false,"capInsets":[0,0,0,0],"packable":true,"pixelsToUnit":100,"pivot":{"x":0.5,"y":0.5},"meshType":0}],[0],0,[0],[0],[0]],[[{"name":"font_game1","rect":{"x":3,"y":11,"width":91,"height":26},"offset":{"x":0,"y":1},"originalSize":{"width":103,"height":34},"rotated":false,"capInsets":[0,0,0,0],"packable":true,"pixelsToUnit":100,"pivot":{"x":0.5,"y":0.5},"meshType":0}],[0],0,[0],[0],[0]],[[{"name":"icon_youxichangshu","rect":{"x":584,"y":66,"width":89,"height":90},"offset":{"x":-0.5,"y":0.5},"originalSize":{"width":90,"height":91},"rotated":true,"capInsets":[0,0,0,0],"packable":true,"pixelsToUnit":100,"pivot":{"x":0.5,"y":0.5},"meshType":0}],[0],0,[0],[0],[0]],[[{"name":"font_topup","rect":{"x":527,"y":29,"width":99,"height":31},"offset":{"x":0,"y":0.5},"originalSize":{"width":103,"height":34},"rotated":false,"capInsets":[0,0,0,0],"packable":true,"pixelsToUnit":100,"pivot":{"x":0.5,"y":0.5},"meshType":0}],[0],0,[0],[0],[0]],[[{"name":"Completed","rect":{"x":3,"y":43,"width":157,"height":58},"offset":{"x":0,"y":0},"originalSize":{"width":157,"height":58},"rotated":false,"capInsets":[0,0,0,0],"packable":true,"pixelsToUnit":100,"pivot":{"x":0.5,"y":0.5},"meshType":0}],[0],0,[0],[0],[0]],[[{"name":"btn_dt_off","rect":{"x":890,"y":35,"width":61,"height":79},"offset":{"x":0,"y":0},"originalSize":{"width":61,"height":79},"rotated":true,"capInsets":[0,0,0,0],"packable":true,"pixelsToUnit":100,"pivot":{"x":0.5,"y":0.5},"meshType":0}],[0],0,[0],[0],[0]],[[{"name":"font_login1","rect":{"x":632,"y":29,"width":89,"height":31},"offset":{"x":1,"y":0.5},"originalSize":{"width":103,"height":34},"rotated":false,"capInsets":[0,0,0,0],"packable":true,"pixelsToUnit":100,"pivot":{"x":0.5,"y":0.5},"meshType":0}],[0],0,[0],[0],[0]],[[{"name":"di1","rect":{"x":194,"y":180,"width":802,"height":120},"offset":{"x":0,"y":-0.5},"originalSize":{"width":802,"height":125},"rotated":false,"capInsets":[0,0,0,0],"packable":true,"pixelsToUnit":100,"pivot":{"x":0.5,"y":0.5},"meshType":0}],[0],0,[0],[0],[0]],[[{"name":"kuang","rect":{"x":406,"y":60,"width":76,"height":76},"offset":{"x":0,"y":0},"originalSize":{"width":76,"height":76},"rotated":false,"capInsets":[0,0,0,0],"packable":true,"pixelsToUnit":100,"pivot":{"x":0.5,"y":0.5},"meshType":0}],[0],0,[0],[0],[0]],[[{"name":"icon_denglu","rect":{"x":3,"y":107,"width":89,"height":89},"offset":{"x":-0.5,"y":0},"originalSize":{"width":90,"height":91},"rotated":false,"capInsets":[0,0,0,0],"packable":true,"pixelsToUnit":100,"pivot":{"x":0.5,"y":0.5},"meshType":0}],[0],0,[0],[0],[0]],[[{"name":"bar1","rect":{"x":680,"y":102,"width":268,"height":72},"offset":{"x":0,"y":0},"originalSize":{"width":268,"height":72},"rotated":false,"capInsets":[0,0,0,0],"packable":true,"pixelsToUnit":100,"pivot":{"x":0.5,"y":0.5},"meshType":0}],[0],0,[0],[0],[0]],[[{"name":"jindu01","rect":{"x":587,"y":3,"width":328,"height":20},"offset":{"x":0,"y":0},"originalSize":{"width":328,"height":20},"rotated":false,"capInsets":[18,0,16,0],"packable":true,"pixelsToUnit":100,"pivot":{"x":0.5,"y":0.5},"meshType":0}],[0],0,[0],[0],[0]],[[{"name":"font_game","rect":{"x":100,"y":11,"width":91,"height":26},"offset":{"x":0,"y":1},"originalSize":{"width":103,"height":34},"rotated":false,"capInsets":[0,0,0,0],"packable":true,"pixelsToUnit":100,"pivot":{"x":0.5,"y":0.5},"meshType":0}],[0],0,[0],[0],[0]],[[{"name":"icon_chongzhi","rect":{"x":98,"y":124,"width":89,"height":90},"offset":{"x":-0.5,"y":0.5},"originalSize":{"width":90,"height":91},"rotated":true,"capInsets":[0,0,0,0],"packable":true,"pixelsToUnit":100,"pivot":{"x":0.5,"y":0.5},"meshType":0}],[0],0,[0],[0],[0]],[[{"name":"font_Share","rect":{"x":229,"y":23,"width":92,"height":26},"offset":{"x":0.5,"y":1},"originalSize":{"width":103,"height":34},"rotated":false,"capInsets":[0,0,0,0],"packable":true,"pixelsToUnit":100,"pivot":{"x":0.5,"y":0.5},"meshType":0}],[0],0,[0],[0],[0]],[[{"name":"Go","rect":{"x":166,"y":60,"width":157,"height":58},"offset":{"x":0,"y":0},"originalSize":{"width":157,"height":58},"rotated":false,"capInsets":[0,0,0,0],"packable":true,"pixelsToUnit":100,"pivot":{"x":0.5,"y":0.5},"meshType":0}],[0],0,[0],[0],[0]],[[{"name":"btn_dt_xinxi_tixianbangzhu","rect":{"x":197,"y":11,"width":26,"height":26},"offset":{"x":0,"y":0},"originalSize":{"width":26,"height":26},"rotated":false,"capInsets":[0,0,0,0],"packable":true,"pixelsToUnit":100,"pivot":{"x":0.5,"y":0.5},"meshType":0}],[0],0,[0],[0],[0]]]]
