[1,["1e15fb8f0@6c48a"],["_textureSource"],["cc.SpriteFrame","cc.SpriteAtlas"],0,[[[{"name":"img_hall_kuang","rect":{"x":3,"y":317,"width":310,"height":284},"offset":{"x":0.5,"y":0.5},"originalSize":{"width":311,"height":285},"rotated":true,"capInsets":[0,0,0,0],"packable":true,"pixelsToUnit":100,"pivot":{"x":0.5,"y":0.5},"meshType":0}],[0],0,[0],[0],[0]],[[{"name":"bg_remind_box","rect":{"x":347,"y":3,"width":692,"height":280},"offset":{"x":0,"y":0},"originalSize":{"width":696,"height":282},"rotated":true,"capInsets":[0,0,0,0],"packable":true,"pixelsToUnit":100,"pivot":{"x":0.5,"y":0.5},"meshType":0}],[0],0,[0],[0],[0]],[[{"name":"btn_type_all2","rect":{"x":3,"y":948,"width":216,"height":52},"offset":{"x":0,"y":0},"originalSize":{"width":216,"height":52},"rotated":false,"capInsets":[0,0,0,0],"packable":true,"pixelsToUnit":100,"pivot":{"x":0.5,"y":0.5},"meshType":0}],[0],0,[0],[0],[0]],[[{"name":"img_hall_ad4","rect":{"x":3,"y":633,"width":309,"height":276},"offset":{"x":0,"y":0},"originalSize":{"width":309,"height":276},"rotated":true,"capInsets":[0,0,0,0],"packable":true,"pixelsToUnit":100,"pivot":{"x":0.5,"y":0.5},"meshType":0}],[0],0,[0],[0],[0]],[[{"name":"img_hall_ad","rect":{"x":345,"y":701,"width":309,"height":276},"offset":{"x":0,"y":0},"originalSize":{"width":309,"height":276},"rotated":false,"capInsets":[0,0,0,0],"packable":true,"pixelsToUnit":100,"pivot":{"x":0.5,"y":0.5},"meshType":0}],[0],0,[0],[0],[0]],[[{"name":"img_hall_ad2","rect":{"x":633,"y":3,"width":309,"height":276},"offset":{"x":0,"y":0},"originalSize":{"width":309,"height":276},"rotated":true,"capInsets":[0,0,0,0],"packable":true,"pixelsToUnit":100,"pivot":{"x":0.5,"y":0.5},"meshType":0}],[0],0,[0],[0],[0]],[[{"name":"auto_hall","spriteFrames":[]}],[1],0,[],[],[]],[[{"name":"btn_type_slots2","rect":{"x":633,"y":318,"width":216,"height":52},"offset":{"x":0,"y":0},"originalSize":{"width":216,"height":52},"rotated":false,"capInsets":[0,0,0,0],"packable":true,"pixelsToUnit":100,"pivot":{"x":0.5,"y":0.5},"meshType":0}],[0],0,[0],[0],[0]],[[{"name":"bg_dating_gonggaoban","rect":{"x":3,"y":3,"width":338,"height":308},"offset":{"x":0.5,"y":3.5},"originalSize":{"width":339,"height":317},"rotated":false,"capInsets":[0,0,0,0],"packable":true,"pixelsToUnit":100,"pivot":{"x":0.5,"y":0.5},"meshType":0}],[0],0,[0],[0],[0]],[[{"name":"btn_type_domino2","rect":{"x":285,"y":633,"width":218,"height":54},"offset":{"x":0,"y":0},"originalSize":{"width":218,"height":54},"rotated":true,"capInsets":[0,0,0,0],"packable":true,"pixelsToUnit":100,"pivot":{"x":0.5,"y":0.5},"meshType":0}],[0],0,[0],[0],[0]],[[{"name":"btn_type_other2","rect":{"x":633,"y":376,"width":216,"height":52},"offset":{"x":0,"y":0},"originalSize":{"width":216,"height":52},"rotated":false,"capInsets":[0,0,0,0],"packable":true,"pixelsToUnit":100,"pivot":{"x":0.5,"y":0.5},"meshType":0}],[0],0,[0],[0],[0]]]]
