[1,["aa/MXbJN5GYYucIGr3iN4a@6c48a"],0,[["sp.SkeletonData",["_name","_atlasText","textureNames","_skeletonJson","textures"],-1,3]],[[0,0,1,2,3,4,5]],[[0,"pdg","\r\npdg.png\r\nsize: 2048,256\r\nformat: RGBA8888\r\nfilter: Linear,Linear\r\nrepeat: none\r\ng_0000_3\r\n  rotate: false\r\n  xy: 1206, 2\r\n  size: 170, 130\r\n  orig: 170, 130\r\n  offset: 0, 0\r\n  index: -1\r\ng_0001_1\r\n  rotate: false\r\n  xy: 2, 2\r\n  size: 170, 130\r\n  orig: 170, 130\r\n  offset: 0, 0\r\n  index: -1\r\ng_0002_2\r\n  rotate: false\r\n  xy: 174, 2\r\n  size: 170, 130\r\n  orig: 170, 130\r\n  offset: 0, 0\r\n  index: -1\r\ng_0003_4\r\n  rotate: false\r\n  xy: 346, 2\r\n  size: 170, 130\r\n  orig: 170, 130\r\n  offset: 0, 0\r\n  index: -1\r\ng_0004_peng1\r\n  rotate: false\r\n  xy: 518, 2\r\n  size: 170, 130\r\n  orig: 170, 130\r\n  offset: 0, 0\r\n  index: -1\r\ng_0005_peng2\r\n  rotate: false\r\n  xy: 690, 2\r\n  size: 170, 130\r\n  orig: 170, 130\r\n  offset: 0, 0\r\n  index: -1\r\ng_0006_hui\r\n  rotate: false\r\n  xy: 862, 2\r\n  size: 170, 130\r\n  orig: 170, 130\r\n  offset: 0, 0\r\n  index: -1\r\ng_0007_xing\r\n  rotate: false\r\n  xy: 1034, 2\r\n  size: 170, 130\r\n  orig: 170, 130\r\n  offset: 0, 0\r\n  index: -1\r\n",["pdg.png"],{"skeleton":{"hash":"hqG8SR8LKatNP0smNv1B/S0Vygk","spine":"3.8.99","x":-146.99,"y":-110.59,"width":298.41,"height":262.31,"images":"./碎图/","audio":""},"bones":[{"name":"root"},{"name":"3","parent":"root","x":68.16,"y":32.88},{"name":"2","parent":"root","rotation":17.72,"x":67.05,"y":-50.51},{"name":"1","parent":"root","x":73.33,"y":-10.29},{"name":"4","parent":"root","x":68.53,"y":-36.86},{"name":"peng1","parent":"root","x":-2.69,"y":-6.23},{"name":"pneg2","parent":"root","x":-66.15,"y":40.26},{"name":"hui","parent":"root","x":-20.03,"y":3.73},{"name":"xing1","parent":"root","x":67.05,"y":51.33},{"name":"xing2","parent":"root","x":26.1,"y":80.85},{"name":"xing3","parent":"root","x":-14.86,"y":86.02},{"name":"xing4","parent":"root","x":-55.45,"y":70.89},{"name":"22","parent":"root","rotation":17.72,"x":67.05,"y":-50.51},{"name":"33","parent":"root","rotation":17.72,"x":67.05,"y":-50.51},{"name":"peng3","parent":"root","x":-2.69,"y":-6.23},{"name":"pneg4","parent":"root","x":-66.15,"y":40.26},{"name":"xing11","parent":"root","x":67.05,"y":51.33},{"name":"xing22","parent":"root","x":26.1,"y":80.85},{"name":"xing33","parent":"root","x":-14.86,"y":86.02},{"name":"xing44","parent":"root","x":-55.45,"y":70.89},{"name":"44","parent":"root","rotation":17.72,"x":67.05,"y":-50.51},{"name":"pneg5","parent":"root","x":-66.15,"y":40.26},{"name":"xing111","parent":"root","x":67.05,"y":51.33},{"name":"xing222","parent":"root","x":26.1,"y":80.85},{"name":"xing333","parent":"root","x":-14.86,"y":86.02},{"name":"xing444","parent":"root","x":-55.45,"y":70.89},{"name":"55","parent":"root","rotation":17.72,"x":67.05,"y":-50.51},{"name":"pneg7","parent":"root","x":-66.15,"y":40.26},{"name":"peng6","parent":"root","x":-2.69,"y":-6.23},{"name":"peng8","parent":"root","x":-2.69,"y":-6.23},{"name":"xing1111","parent":"root","x":67.05,"y":51.33},{"name":"xing2222","parent":"root","x":26.1,"y":80.85},{"name":"xing3333","parent":"root","x":-14.86,"y":86.02},{"name":"xing4444","parent":"root","x":-55.45,"y":70.89},{"name":"66","parent":"root","rotation":17.72,"x":67.05,"y":-50.51},{"name":"pneg9","parent":"root","x":-66.15,"y":40.26},{"name":"peng10","parent":"root","x":-2.69,"y":-6.23},{"name":"xing11111","parent":"root","x":67.05,"y":51.33},{"name":"xing22222","parent":"root","x":26.1,"y":80.85},{"name":"xing33333","parent":"root","x":-14.86,"y":86.02},{"name":"xing44444","parent":"root","x":-55.45,"y":70.89}],"slots":[{"name":"hui","bone":"hui","attachment":"g_0006_hui","blend":"screen"},{"name":"g_0000_3","bone":"3","attachment":"g_0000_3"},{"name":"2","bone":"2","attachment":"g_0002_2"},{"name":"3","bone":"22","attachment":"g_0002_2"},{"name":"6","bone":"44","attachment":"g_0002_2"},{"name":"7","bone":"55","attachment":"g_0002_2"},{"name":"8","bone":"66","attachment":"g_0002_2"},{"name":"1","bone":"1","attachment":"g_0001_1"},{"name":"4","bone":"4","attachment":"g_0003_4"},{"name":"peng1","bone":"peng1","attachment":"g_0004_peng1"},{"name":"peng3","bone":"peng3","attachment":"g_0004_peng1"},{"name":"peng6","bone":"peng6","attachment":"g_0004_peng1"},{"name":"peng8","bone":"peng8","attachment":"g_0004_peng1"},{"name":"peng10","bone":"peng10","attachment":"g_0004_peng1"},{"name":"peng2","bone":"pneg2","attachment":"g_0005_peng2"},{"name":"peng5","bone":"pneg5","attachment":"g_0005_peng2"},{"name":"peng7","bone":"pneg7","attachment":"g_0005_peng2"},{"name":"peng9","bone":"pneg9","attachment":"g_0005_peng2"},{"name":"peng4","bone":"pneg4","attachment":"g_0005_peng2"},{"name":"xing1","bone":"xing1","attachment":"g_0007_xing"},{"name":"xing11","bone":"xing11","attachment":"g_0007_xing"},{"name":"xing111","bone":"xing111","attachment":"g_0007_xing"},{"name":"xing1111","bone":"xing1111","attachment":"g_0007_xing"},{"name":"xing11111","bone":"xing11111","attachment":"g_0007_xing"},{"name":"xing2","bone":"xing2","attachment":"g_0007_xing"},{"name":"xing22","bone":"xing22","attachment":"g_0007_xing"},{"name":"xing222","bone":"xing222","attachment":"g_0007_xing"},{"name":"xing2222","bone":"xing2222","attachment":"g_0007_xing"},{"name":"xing22222","bone":"xing22222","attachment":"g_0007_xing"},{"name":"xing3","bone":"xing3","attachment":"g_0007_xing"},{"name":"xing33","bone":"xing33","attachment":"g_0007_xing"},{"name":"xing333","bone":"xing333","attachment":"g_0007_xing"},{"name":"xing3333","bone":"xing3333","attachment":"g_0007_xing"},{"name":"xing33333","bone":"xing33333","attachment":"g_0007_xing"},{"name":"xing4","bone":"xing4","attachment":"g_0007_xing"},{"name":"xing44","bone":"xing44","attachment":"g_0007_xing"},{"name":"xing444","bone":"xing444","attachment":"g_0007_xing"},{"name":"xing4444","bone":"xing4444","attachment":"g_0007_xing"},{"name":"xing44444","bone":"xing44444","attachment":"g_0007_xing"},{"name":"5","bone":"33","attachment":"g_0002_2"}],"skins":[{"name":"default","attachments":{"1":{"g_0001_1":{"x":-73.33,"y":10.29,"width":170,"height":130}},"2":{"g_0002_2":{"x":-67.05,"y":50.51,"width":170,"height":130}},"3":{"g_0002_2":{"x":-67.05,"y":50.51,"width":170,"height":130}},"4":{"g_0003_4":{"x":-68.53,"y":36.86,"width":170,"height":130}},"5":{"g_0002_2":{"x":-67.05,"y":50.51,"width":170,"height":130}},"6":{"g_0002_2":{"x":-67.05,"y":50.51,"width":170,"height":130}},"7":{"g_0002_2":{"x":-67.05,"y":50.51,"width":170,"height":130}},"8":{"g_0002_2":{"x":-67.05,"y":50.51,"width":170,"height":130}},"g_0000_3":{"g_0000_3":{"x":-68.16,"y":-32.88,"width":170,"height":130}},"hui":{"g_0006_hui":{"x":20.03,"y":-3.73,"width":170,"height":130}},"peng1":{"g_0004_peng1":{"x":2.69,"y":6.23,"width":170,"height":130}},"peng2":{"g_0005_peng2":{"x":4.16,"y":8.08,"width":170,"height":130}},"peng3":{"g_0004_peng1":{"x":2.69,"y":6.23,"width":170,"height":130}},"peng4":{"g_0005_peng2":{"x":4.16,"y":8.08,"width":170,"height":130}},"peng5":{"g_0005_peng2":{"x":4.16,"y":8.08,"width":170,"height":130}},"peng6":{"g_0004_peng1":{"x":2.69,"y":6.23,"width":170,"height":130}},"peng7":{"g_0005_peng2":{"x":4.16,"y":8.08,"width":170,"height":130}},"peng8":{"g_0004_peng1":{"x":2.69,"y":6.23,"width":170,"height":130}},"peng9":{"g_0005_peng2":{"x":4.16,"y":8.08,"width":170,"height":130}},"peng10":{"g_0004_peng1":{"x":2.69,"y":6.23,"width":170,"height":130}},"xing1":{"g_0007_xing":{"x":-0.63,"y":0.7,"width":170,"height":130}},"xing2":{"g_0007_xing":{"x":-0.63,"y":0.7,"width":170,"height":130}},"xing3":{"g_0007_xing":{"x":-0.63,"y":0.7,"width":170,"height":130}},"xing4":{"g_0007_xing":{"x":-0.63,"y":0.7,"width":170,"height":130}},"xing11":{"g_0007_xing":{"x":-0.63,"y":0.7,"width":170,"height":130}},"xing22":{"g_0007_xing":{"x":-0.63,"y":0.7,"width":170,"height":130}},"xing33":{"g_0007_xing":{"x":-0.63,"y":0.7,"width":170,"height":130}},"xing44":{"g_0007_xing":{"x":-0.63,"y":0.7,"width":170,"height":130}},"xing111":{"g_0007_xing":{"x":-0.63,"y":0.7,"width":170,"height":130}},"xing222":{"g_0007_xing":{"x":-0.63,"y":0.7,"width":170,"height":130}},"xing333":{"g_0007_xing":{"x":-0.63,"y":0.7,"width":170,"height":130}},"xing444":{"g_0007_xing":{"x":-0.63,"y":0.7,"width":170,"height":130}},"xing1111":{"g_0007_xing":{"x":-0.63,"y":0.7,"width":170,"height":130}},"xing2222":{"g_0007_xing":{"x":-0.63,"y":0.7,"width":170,"height":130}},"xing3333":{"g_0007_xing":{"x":-0.63,"y":0.7,"width":170,"height":130}},"xing4444":{"g_0007_xing":{"x":-0.63,"y":0.7,"width":170,"height":130}},"xing11111":{"g_0007_xing":{"x":-0.63,"y":0.7,"width":170,"height":130}},"xing22222":{"g_0007_xing":{"x":-0.63,"y":0.7,"width":170,"height":130}},"xing33333":{"g_0007_xing":{"x":-0.63,"y":0.7,"width":170,"height":130}},"xing44444":{"g_0007_xing":{"x":-0.63,"y":0.7,"width":170,"height":130}}}}],"animations":{"animation":{"slots":{"1":{"color":[{"color":"ffffff00"}]},"2":{"color":[{"time":0.1667,"color":"ffffffff"},{"time":0.3333,"color":"ffffff00"},{"time":1.3333,"color":"ffffff00"}]},"3":{"color":[{"time":0.2,"color":"ffffffff"},{"time":0.6667,"color":"ffffff00"}]},"4":{"color":[{"color":"ffffff00"}]},"5":{"color":[{"color":"ffffff00"},{"time":0.2,"color":"ffffffff","curve":"stepped"},{"time":0.3667,"color":"ffffffff"},{"time":0.8333,"color":"ffffff00"}]},"6":{"color":[{"color":"ffffff00"},{"time":0.3667,"color":"ffffffff","curve":"stepped"},{"time":0.5333,"color":"ffffffff"},{"time":1,"color":"ffffff00"},{"time":1.3333,"color":"ffffff00"}]},"7":{"color":[{"color":"ffffff00","curve":"stepped"},{"time":0.4667,"color":"ffffff00"},{"time":0.5667,"color":"ffffffff"},{"time":1,"color":"ffffff00"}]},"8":{"color":[{"color":"ffffff00"},{"time":0.8667,"color":"ffffffff","curve":"stepped"},{"time":0.9333,"color":"ffffffff"},{"time":1,"color":"ffffff00"}]},"g_0000_3":{"color":[{"color":"ffffff00"}]},"hui":{"color":[{"color":"ffffff00"},{"time":0.8333,"color":"ffffffff"},{"time":1.0667,"color":"ffffff00"}]},"peng1":{"color":[{"color":"ffffffff"},{"time":0.2,"color":"ffffff00"},{"time":0.2333,"color":"ffffffff"},{"time":0.4,"color":"ffffff00"}]},"peng2":{"color":[{"color":"ffffffff"},{"time":0.2,"color":"ffffff00"},{"time":0.2333,"color":"ffffffff"},{"time":0.4,"color":"ffffff00"}]},"peng3":{"color":[{"color":"ffffffff"},{"time":0.3667,"color":"ffffff00"},{"time":0.4,"color":"ffffffff"},{"time":0.5667,"color":"ffffff00"}]},"peng4":{"color":[{"color":"ffffffff"},{"time":0.3667,"color":"ffffff00"},{"time":0.4,"color":"ffffffff"},{"time":0.5667,"color":"ffffff00"}]},"peng5":{"color":[{"color":"ffffffff"},{"time":0.5333,"color":"ffffff00"},{"time":0.5667,"color":"ffffffff"},{"time":0.7333,"color":"ffffff00"}]},"peng6":{"color":[{"color":"ffffffff"},{"time":0.3667,"color":"ffffff00"},{"time":0.4,"color":"ffffffff"},{"time":0.5667,"color":"ffffff00"}]},"peng7":{"color":[{"color":"ffffffff"},{"time":0.7333,"color":"ffffff00"},{"time":0.7667,"color":"ffffffff"},{"time":0.9333,"color":"ffffff00"}]},"peng8":{"color":[{"color":"ffffffff"},{"time":0.7333,"color":"ffffff00"},{"time":0.7667,"color":"ffffffff"},{"time":0.9333,"color":"ffffff00"}]},"peng9":{"color":[{"color":"ffffffff"},{"time":0.7,"color":"ffffff00"},{"time":0.7333,"color":"ffffffff"},{"time":0.9,"color":"ffffff00"}]},"peng10":{"color":[{"color":"ffffffff"},{"time":0.7,"color":"ffffff00"},{"time":0.7333,"color":"ffffffff"},{"time":0.9,"color":"ffffff00"}]},"xing1":{"color":[{"color":"ffffff00","curve":"stepped"},{"time":0.2,"color":"ffffff00"},{"time":0.2333,"color":"ffffffff","curve":"stepped"},{"time":0.3333,"color":"ffffffff"},{"time":0.4,"color":"ffffff00"}]},"xing2":{"color":[{"color":"ffffff00","curve":"stepped"},{"time":0.2,"color":"ffffff00"},{"time":0.2333,"color":"ffffffff","curve":"stepped"},{"time":0.3333,"color":"ffffffff"},{"time":0.4,"color":"ffffff00"}]},"xing3":{"color":[{"color":"ffffffff"},{"time":0.2,"color":"ffffff00"},{"time":0.2333,"color":"ffffffff","curve":"stepped"},{"time":0.3333,"color":"ffffffff"},{"time":0.4,"color":"ffffff00"},{"time":1.3333,"color":"ffffff00"}]},"xing4":{"color":[{"color":"ffffff00","curve":"stepped"},{"time":0.2,"color":"ffffff00"},{"time":0.2333,"color":"ffffffff","curve":"stepped"},{"time":0.3333,"color":"ffffffff"},{"time":0.4,"color":"ffffff00"},{"time":1.3333,"color":"ffffff00"}]},"xing11":{"color":[{"color":"ffffff00","curve":"stepped"},{"time":0.3667,"color":"ffffff00"},{"time":0.4,"color":"ffffffff","curve":"stepped"},{"time":0.5,"color":"ffffffff"},{"time":0.5667,"color":"ffffff00"}]},"xing22":{"color":[{"color":"ffffff00","curve":"stepped"},{"time":0.3667,"color":"ffffff00"},{"time":0.4,"color":"ffffffff","curve":"stepped"},{"time":0.5,"color":"ffffffff"},{"time":0.5667,"color":"ffffff00"}]},"xing33":{"color":[{"color":"ffffffff"},{"time":0.3667,"color":"ffffff00"},{"time":0.4,"color":"ffffffff","curve":"stepped"},{"time":0.5,"color":"ffffffff"},{"time":0.5667,"color":"ffffff00"},{"time":1.3333,"color":"ffffff00"}]},"xing44":{"color":[{"color":"ffffff00","curve":"stepped"},{"time":0.3667,"color":"ffffff00"},{"time":0.4,"color":"ffffffff","curve":"stepped"},{"time":0.5,"color":"ffffffff"},{"time":0.5667,"color":"ffffff00"},{"time":1.3333,"color":"ffffff00"}]},"xing111":{"color":[{"color":"ffffff00","curve":"stepped"},{"time":0.5333,"color":"ffffff00"},{"time":0.5667,"color":"ffffffff","curve":"stepped"},{"time":0.6667,"color":"ffffffff"},{"time":0.7333,"color":"ffffff00"}]},"xing222":{"color":[{"color":"ffffff00","curve":"stepped"},{"time":0.5333,"color":"ffffff00"},{"time":0.5667,"color":"ffffffff","curve":"stepped"},{"time":0.6667,"color":"ffffffff"},{"time":0.7333,"color":"ffffff00"}]},"xing333":{"color":[{"color":"ffffffff"},{"time":0.5333,"color":"ffffff00"},{"time":0.5667,"color":"ffffffff","curve":"stepped"},{"time":0.6667,"color":"ffffffff"},{"time":0.7333,"color":"ffffff00"},{"time":1.3333,"color":"ffffff00"}]},"xing444":{"color":[{"color":"ffffff00","curve":"stepped"},{"time":0.5333,"color":"ffffff00"},{"time":0.5667,"color":"ffffffff","curve":"stepped"},{"time":0.6667,"color":"ffffffff"},{"time":0.7333,"color":"ffffff00"},{"time":1.3333,"color":"ffffff00"}]},"xing1111":{"color":[{"color":"ffffff00","curve":"stepped"},{"time":0.7,"color":"ffffff00"},{"time":0.7333,"color":"ffffffff","curve":"stepped"},{"time":0.8333,"color":"ffffffff"},{"time":0.9,"color":"ffffff00"}]},"xing2222":{"color":[{"color":"ffffff00","curve":"stepped"},{"time":0.7,"color":"ffffff00"},{"time":0.7333,"color":"ffffffff","curve":"stepped"},{"time":0.8333,"color":"ffffffff"},{"time":0.9,"color":"ffffff00"}]},"xing3333":{"color":[{"color":"ffffffff"},{"time":0.7,"color":"ffffff00"},{"time":0.7333,"color":"ffffffff","curve":"stepped"},{"time":0.8333,"color":"ffffffff"},{"time":0.9,"color":"ffffff00"},{"time":1.3333,"color":"ffffff00"}]},"xing4444":{"color":[{"color":"ffffff00","curve":"stepped"},{"time":0.7,"color":"ffffff00"},{"time":0.7333,"color":"ffffffff","curve":"stepped"},{"time":0.8333,"color":"ffffffff"},{"time":0.9,"color":"ffffff00"},{"time":1.3333,"color":"ffffff00"}]},"xing11111":{"color":[{"color":"ffffff00","curve":"stepped"},{"time":0.7333,"color":"ffffff00"},{"time":0.7667,"color":"ffffffff","curve":"stepped"},{"time":0.8667,"color":"ffffffff"},{"time":0.9333,"color":"ffffff00"}]},"xing22222":{"color":[{"color":"ffffff00","curve":"stepped"},{"time":0.7,"color":"ffffff00"},{"time":0.7333,"color":"ffffffff","curve":"stepped"},{"time":0.8333,"color":"ffffffff"},{"time":0.9,"color":"ffffff00"}]},"xing33333":{"color":[{"color":"ffffffff"},{"time":0.7,"color":"ffffff00"},{"time":0.7333,"color":"ffffffff","curve":"stepped"},{"time":0.8333,"color":"ffffffff"},{"time":0.9,"color":"ffffff00"},{"time":1.3333,"color":"ffffff00"}]},"xing44444":{"color":[{"color":"ffffff00","curve":"stepped"},{"time":0.7,"color":"ffffff00"},{"time":0.7333,"color":"ffffffff","curve":"stepped"},{"time":0.8333,"color":"ffffffff"},{"time":0.9,"color":"ffffff00"},{"time":1.3333,"color":"ffffff00"}]}},"bones":{"2":{"rotate":[{"angle":-107.72},{"time":0.1667,"angle":-142.42}],"translate":[{"x":-110.46,"y":-27.61},{"time":1.3333,"x":-110.46,"y":-27.62}]},"22":{"rotate":[{"angle":-107.72},{"time":0.1667,"angle":-78.47},{"time":0.2,"angle":-150.2},{"time":1.3333,"angle":-150.2}],"translate":[{"x":-127.82,"y":-9.47},{"time":0.1667,"x":-127.82,"y":-9.47},{"time":1.3333,"x":-127.82,"y":-9.47}]},"33":{"rotate":[{"angle":-107.72},{"time":0.3,"angle":-78.35},{"time":0.3667,"angle":-150.2},{"time":1.3333,"angle":-150.2}],"translate":[{"x":-125.45,"y":-15.78}]},"44":{"rotate":[{"angle":-107.72},{"time":0.4667,"angle":-78.35},{"time":0.5333,"angle":-150.2},{"time":1.3333,"angle":-150.2}],"translate":[{"x":-128.82,"y":-6.51},{"time":0.4667,"x":-128.82,"y":-2.37},{"time":1.3333,"x":-128.82,"y":-6.51}]},"55":{"rotate":[{"angle":-107.72},{"time":0.5667,"angle":-70.47},{"time":0.6333,"angle":-150.2},{"time":1.3333,"angle":-150.2}],"translate":[{"x":-128.82,"y":-6.51}]},"66":{"rotate":[{"angle":-107.72},{"time":0.7333,"angle":-78.35},{"time":0.8,"angle":-150.2},{"time":1.3333,"angle":-150.2}],"translate":[{"x":-128.82,"y":-6.51}]},"xing4":{"translate":[{"x":192.52,"y":-130.97,"curve":"stepped"},{"time":0.2333,"x":192.52,"y":-130.97},{"time":0.4,"x":219.34,"y":-130.97},{"time":1.3333,"x":192.52,"y":-130.97}]},"xing3":{"translate":[{"x":67.85,"y":-39.45,"curve":"stepped"},{"time":0.2333,"x":67.85,"y":-39.45},{"time":0.4,"x":67.85,"y":-15.78},{"time":1.3333,"x":67.85,"y":-39.45}]},"xing2":{"translate":[{"x":78.11,"y":-44.97,"curve":"stepped"},{"time":0.2333,"x":78.11,"y":-44.97},{"time":0.4,"x":90.74,"y":-30.77},{"time":1.3333,"x":78.11,"y":-44.97}]},"xing1":{"translate":[{"x":76.53,"y":-56.81,"curve":"stepped"},{"time":0.2333,"x":76.53,"y":-56.81},{"time":0.4,"x":95.47,"y":-56.81},{"time":1.3333,"x":76.53,"y":-56.81}]},"pneg2":{"rotate":[{"angle":56.32}],"translate":[{"x":87.58,"y":-18.15,"curve":"stepped"},{"time":0.2333,"x":87.58,"y":-18.15},{"time":0.3333,"x":74.95,"y":3.94}]},"peng1":{"translate":[{"x":91.52,"y":-88.37,"curve":"stepped"},{"time":0.2333,"x":91.52,"y":-88.37},{"time":0.3333,"x":111.25,"y":-112.83}]},"hui":{"translate":[{"x":49.07,"y":-30.28}]},"peng3":{"translate":[{"x":91.52,"y":-88.37,"curve":"stepped"},{"time":0.4,"x":91.52,"y":-88.37},{"time":0.5,"x":111.25,"y":-112.83}]},"pneg4":{"rotate":[{"angle":56.32}],"translate":[{"x":87.58,"y":-18.15,"curve":"stepped"},{"time":0.4,"x":87.58,"y":-18.15},{"time":0.5,"x":74.95,"y":3.94}]},"xing11":{"translate":[{"x":76.53,"y":-56.81,"curve":"stepped"},{"time":0.4,"x":76.53,"y":-56.81},{"time":0.5667,"x":95.47,"y":-56.81},{"time":1.3333,"x":76.53,"y":-56.81}]},"xing22":{"translate":[{"x":78.11,"y":-44.97,"curve":"stepped"},{"time":0.4,"x":78.11,"y":-44.97},{"time":0.5667,"x":90.74,"y":-30.77},{"time":1.3333,"x":78.11,"y":-44.97}]},"xing33":{"translate":[{"x":67.85,"y":-39.45,"curve":"stepped"},{"time":0.4,"x":67.85,"y":-39.45},{"time":0.5667,"x":67.85,"y":-15.78},{"time":1.3333,"x":67.85,"y":-39.45}]},"xing44":{"translate":[{"x":192.52,"y":-130.97,"curve":"stepped"},{"time":0.4,"x":192.52,"y":-130.97},{"time":0.5667,"x":219.34,"y":-130.97},{"time":1.3333,"x":192.52,"y":-130.97}]},"pneg5":{"rotate":[{"angle":56.32}],"translate":[{"x":87.58,"y":-18.15,"curve":"stepped"},{"time":0.5667,"x":87.58,"y":-18.15},{"time":0.6667,"x":74.95,"y":3.94}]},"xing111":{"translate":[{"x":76.53,"y":-56.81,"curve":"stepped"},{"time":0.5667,"x":76.53,"y":-56.81},{"time":0.7333,"x":95.47,"y":-56.81},{"time":1.3333,"x":76.53,"y":-56.81}]},"xing222":{"translate":[{"x":78.11,"y":-44.97,"curve":"stepped"},{"time":0.5667,"x":78.11,"y":-44.97},{"time":0.7333,"x":90.74,"y":-30.77},{"time":1.3333,"x":78.11,"y":-44.97}]},"xing333":{"translate":[{"x":67.85,"y":-39.45,"curve":"stepped"},{"time":0.5667,"x":67.85,"y":-39.45},{"time":0.7333,"x":67.85,"y":-15.78},{"time":1.3333,"x":67.85,"y":-39.45}]},"xing444":{"translate":[{"x":192.52,"y":-130.97,"curve":"stepped"},{"time":0.5667,"x":192.52,"y":-130.97},{"time":0.7333,"x":219.34,"y":-130.97},{"time":1.3333,"x":192.52,"y":-130.97}]},"pneg7":{"rotate":[{"angle":56.32}],"translate":[{"x":87.58,"y":-18.15,"curve":"stepped"},{"time":0.7667,"x":87.58,"y":-18.15},{"time":0.8667,"x":74.95,"y":3.94}]},"peng6":{"translate":[{"x":91.52,"y":-88.37,"curve":"stepped"},{"time":0.4,"x":91.52,"y":-88.37},{"time":0.5,"x":111.25,"y":-112.83}]},"peng8":{"translate":[{"x":91.52,"y":-88.37,"curve":"stepped"},{"time":0.7667,"x":91.52,"y":-88.37},{"time":0.8667,"x":111.25,"y":-112.83}]},"xing1111":{"translate":[{"x":76.53,"y":-56.81,"curve":"stepped"},{"time":0.7333,"x":76.53,"y":-56.81},{"time":0.9,"x":95.47,"y":-56.81},{"time":1.3333,"x":76.53,"y":-56.81}]},"xing2222":{"translate":[{"x":78.11,"y":-44.97,"curve":"stepped"},{"time":0.7333,"x":78.11,"y":-44.97},{"time":0.9,"x":90.74,"y":-30.77},{"time":1.3333,"x":78.11,"y":-44.97}]},"xing3333":{"translate":[{"x":67.85,"y":-39.45,"curve":"stepped"},{"time":0.7333,"x":67.85,"y":-39.45},{"time":0.9,"x":67.85,"y":-15.78},{"time":1.3333,"x":67.85,"y":-39.45}]},"xing4444":{"translate":[{"x":192.52,"y":-130.97,"curve":"stepped"},{"time":0.7333,"x":192.52,"y":-130.97},{"time":0.9,"x":219.34,"y":-130.97},{"time":1.3333,"x":192.52,"y":-130.97}]},"pneg9":{"rotate":[{"angle":56.32}],"translate":[{"x":87.58,"y":-18.15,"curve":"stepped"},{"time":0.7333,"x":87.58,"y":-18.15},{"time":0.8333,"x":74.95,"y":3.94}]},"peng10":{"translate":[{"x":91.52,"y":-88.37,"curve":"stepped"},{"time":0.7333,"x":91.52,"y":-88.37},{"time":0.8333,"x":111.25,"y":-112.83}]},"xing11111":{"translate":[{"x":76.53,"y":-56.81,"curve":"stepped"},{"time":0.7667,"x":76.53,"y":-56.81},{"time":0.9333,"x":95.47,"y":-56.81},{"time":1.3333,"x":76.53,"y":-56.81}]},"xing22222":{"translate":[{"x":78.11,"y":-44.97,"curve":"stepped"},{"time":0.7333,"x":78.11,"y":-44.97},{"time":0.9,"x":90.74,"y":-30.77},{"time":1.3333,"x":78.11,"y":-44.97}]},"xing33333":{"translate":[{"x":67.85,"y":-39.45,"curve":"stepped"},{"time":0.7333,"x":67.85,"y":-39.45},{"time":0.9,"x":67.85,"y":-15.78},{"time":1.3333,"x":67.85,"y":-39.45}]},"xing44444":{"translate":[{"x":192.52,"y":-130.97,"curve":"stepped"},{"time":0.7333,"x":192.52,"y":-130.97},{"time":0.9,"x":219.34,"y":-130.97},{"time":1.3333,"x":192.52,"y":-130.97}]}}}}},[0]]],0,0,[0],[-1],[0]]
