[1,["11004ec61@6c48a"],["_textureSource"],["cc.SpriteFrame","cc.SpriteAtlas"],0,[[[{"name":"btn_off","rect":{"x":603,"y":272,"width":62,"height":62},"offset":{"x":0,"y":0},"originalSize":{"width":62,"height":62},"rotated":false,"capInsets":[0,0,0,0],"packable":true,"pixelsToUnit":100,"pivot":{"x":0.5,"y":0.5},"meshType":0}],[0],0,[0],[0],[0]],[[{"name":"Katasandi","rect":{"x":879,"y":284,"width":116,"height":22},"offset":{"x":0,"y":0},"originalSize":{"width":116,"height":22},"rotated":false,"capInsets":[0,0,0,0],"packable":true,"pixelsToUnit":100,"pivot":{"x":0.5,"y":0.5},"meshType":0}],[0],0,[0],[0],[0]],[[{"name":"btn_xinfeng_guanbi","rect":{"x":878,"y":312,"width":34,"height":34},"offset":{"x":0,"y":0},"originalSize":{"width":34,"height":34},"rotated":false,"capInsets":[0,0,0,0],"packable":true,"pixelsToUnit":100,"pivot":{"x":0.5,"y":0.5},"meshType":0}],[0],0,[0],[0],[0]],[[{"name":"NomorHP","rect":{"x":345,"y":181,"width":100,"height":46},"offset":{"x":0,"y":0},"originalSize":{"width":100,"height":46},"rotated":false,"capInsets":[0,0,0,0],"packable":true,"pixelsToUnit":100,"pivot":{"x":0.5,"y":0.5},"meshType":0}],[0],0,[0],[0],[0]],[[{"name":"icon_yincang","rect":{"x":1001,"y":284,"width":38,"height":20},"offset":{"x":0,"y":0},"originalSize":{"width":38,"height":20},"rotated":true,"capInsets":[0,0,0,0],"packable":true,"pixelsToUnit":100,"pivot":{"x":0.5,"y":0.5},"meshType":0}],[0],0,[0],[0],[0]],[[{"name":"newsTicker_bg","rect":{"x":3,"y":3,"width":886,"height":28},"offset":{"x":0,"y":0},"originalSize":{"width":898,"height":28},"rotated":false,"capInsets":[0,0,0,0],"packable":true,"pixelsToUnit":100,"pivot":{"x":0.5,"y":0.5},"meshType":0}],[0],0,[0],[0],[0]],[[{"name":"pro_common_bg","rect":{"x":3,"y":37,"width":446,"height":32},"offset":{"x":0,"y":0},"originalSize":{"width":446,"height":32},"rotated":false,"capInsets":[0,0,0,0],"packable":true,"pixelsToUnit":100,"pivot":{"x":0.5,"y":0.5},"meshType":0}],[0],0,[0],[0],[0]],[[{"name":"btn_hall_head2","rect":{"x":679,"y":227,"width":98,"height":98},"offset":{"x":0,"y":0},"originalSize":{"width":98,"height":98},"rotated":false,"capInsets":[0,0,0,0],"packable":true,"pixelsToUnit":100,"pivot":{"x":0.5,"y":0.5},"meshType":0}],[0],0,[0],[0],[0]],[[{"name":"icon_common_woman","rect":{"x":722,"y":331,"width":26,"height":44},"offset":{"x":0,"y":0},"originalSize":{"width":26,"height":44},"rotated":true,"capInsets":[0,0,0,0],"packable":true,"pixelsToUnit":100,"pivot":{"x":0.5,"y":0.5},"meshType":0}],[0],0,[0],[0],[0]],[[{"name":"btn_dt_huang","rect":{"x":3,"y":181,"width":165,"height":61},"offset":{"x":0,"y":0},"originalSize":{"width":165,"height":61},"rotated":false,"capInsets":[0,0,0,0],"packable":true,"pixelsToUnit":100,"pivot":{"x":0.5,"y":0.5},"meshType":0}],[0],0,[0],[0],[0]],[[{"name":"word_tips_cancel","rect":{"x":345,"y":233,"width":99,"height":23},"offset":{"x":0,"y":0},"originalSize":{"width":99,"height":23},"rotated":false,"capInsets":[0,0,0,0],"packable":true,"pixelsToUnit":100,"pivot":{"x":0.5,"y":0.5},"meshType":0}],[0],0,[0],[0],[0]],[[{"name":"word_tips_ok","rect":{"x":722,"y":363,"width":36,"height":23},"offset":{"x":0,"y":0},"originalSize":{"width":36,"height":23},"rotated":false,"capInsets":[0,0,0,0],"packable":true,"pixelsToUnit":100,"pivot":{"x":0.5,"y":0.5},"meshType":0}],[0],0,[0],[0],[0]],[[{"name":"newsTicker_bg1","rect":{"x":835,"y":332,"width":31,"height":27},"offset":{"x":-0.5,"y":0},"originalSize":{"width":32,"height":29},"rotated":false,"capInsets":[0,0,0,0],"packable":true,"pixelsToUnit":100,"pivot":{"x":0.5,"y":0.5},"meshType":0}],[0],0,[0],[0],[0]],[[{"name":"btn_common_down","rect":{"x":918,"y":312,"width":18,"height":17},"offset":{"x":0,"y":0},"originalSize":{"width":18,"height":17},"rotated":false,"capInsets":[0,0,0,0],"packable":true,"pixelsToUnit":100,"pivot":{"x":0.5,"y":0.5},"meshType":0}],[0],0,[0],[0],[0]],[[{"name":"img_common_di1","rect":{"x":701,"y":175,"width":80,"height":46},"offset":{"x":0,"y":0},"originalSize":{"width":80,"height":46},"rotated":false,"capInsets":[19,17,18,21],"packable":true,"pixelsToUnit":100,"pivot":{"x":0.5,"y":0.5},"meshType":0}],[0],0,[0],[0],[0]],[[{"name":"word_tips_title","rect":{"x":451,"y":163,"width":244,"height":29},"offset":{"x":0,"y":0},"originalSize":{"width":244,"height":29},"rotated":false,"capInsets":[0,0,0,0],"packable":true,"pixelsToUnit":100,"pivot":{"x":0.5,"y":0.5},"meshType":0}],[0],0,[0],[0],[0]],[[{"name":"icon_dating_loading","rect":{"x":805,"y":37,"width":83,"height":73},"offset":{"x":0.5,"y":5.5},"originalSize":{"width":88,"height":88},"rotated":false,"capInsets":[0,0,0,0],"packable":true,"pixelsToUnit":100,"pivot":{"x":0.5,"y":0.5},"meshType":0}],[0],0,[0],[0],[0]],[[{"name":"Konfirmamsi Kata Sandi","rect":{"x":783,"y":245,"width":116,"height":46},"offset":{"x":0,"y":0},"originalSize":{"width":116,"height":46},"rotated":true,"capInsets":[0,0,0,0],"packable":true,"pixelsToUnit":100,"pivot":{"x":0.5,"y":0.5},"meshType":0}],[0],0,[0],[0],[0]],[[{"name":"btn_mengikat","rect":{"x":455,"y":89,"width":246,"height":68},"offset":{"x":0,"y":0},"originalSize":{"width":246,"height":68},"rotated":false,"capInsets":[0,0,0,0],"packable":true,"pixelsToUnit":100,"pivot":{"x":0.5,"y":0.5},"meshType":0}],[0],0,[0],[0],[0]],[[{"name":"icon_dating_loading2","rect":{"x":707,"y":89,"width":80,"height":80},"offset":{"x":0,"y":0},"originalSize":{"width":80,"height":80},"rotated":false,"capInsets":[0,0,0,0],"packable":true,"pixelsToUnit":100,"pivot":{"x":0.5,"y":0.5},"meshType":0}],[0],0,[0],[0],[0]],[[{"name":"bjinbi_big","rect":{"x":603,"y":198,"width":68,"height":70},"offset":{"x":-0.5,"y":-0.5},"originalSize":{"width":69,"height":71},"rotated":true,"capInsets":[0,0,0,0],"packable":true,"pixelsToUnit":100,"pivot":{"x":0.5,"y":0.5},"meshType":0}],[0],0,[0],[0],[0]],[[{"name":"png_common_di3","rect":{"x":895,"y":3,"width":100,"height":122},"offset":{"x":0,"y":0},"originalSize":{"width":100,"height":122},"rotated":true,"capInsets":[11,84,12,13],"packable":true,"pixelsToUnit":100,"pivot":{"x":0.5,"y":0.5},"meshType":0}],[0],0,[0],[0],[0]],[[{"name":"icon_common_man","rect":{"x":835,"y":287,"width":37,"height":39},"offset":{"x":0,"y":0.5},"originalSize":{"width":37,"height":40},"rotated":false,"capInsets":[0,0,0,0],"packable":true,"pixelsToUnit":100,"pivot":{"x":0.5,"y":0.5},"meshType":0}],[0],0,[0],[0],[0]],[[{"name":"btn_hall_add2","rect":{"x":835,"y":245,"width":38,"height":36},"offset":{"x":0.5,"y":0.5},"originalSize":{"width":39,"height":37},"rotated":false,"capInsets":[0,0,0,0],"packable":true,"pixelsToUnit":100,"pivot":{"x":0.5,"y":0.5},"meshType":0}],[0],0,[0],[0],[0]],[[{"name":"Tingkatkan Akun","rect":{"x":455,"y":37,"width":344,"height":46},"offset":{"x":0,"y":0},"originalSize":{"width":344,"height":46},"rotated":false,"capInsets":[0,0,0,0],"packable":true,"pixelsToUnit":100,"pivot":{"x":0.5,"y":0.5},"meshType":0}],[0],0,[0],[0],[0]],[[{"name":"pro_common_in","rect":{"x":3,"y":113,"width":442,"height":28},"offset":{"x":0,"y":0},"originalSize":{"width":442,"height":28},"rotated":false,"capInsets":[11,6,11,9],"packable":true,"pixelsToUnit":100,"pivot":{"x":0.5,"y":0.5},"meshType":0}],[0],0,[0],[0],[0]],[[{"name":"pro_common_bg1","rect":{"x":3,"y":75,"width":446,"height":32},"offset":{"x":0,"y":0},"originalSize":{"width":446,"height":32},"rotated":false,"capInsets":[0,0,0,0],"packable":true,"pixelsToUnit":100,"pivot":{"x":0.5,"y":0.5},"meshType":0}],[0],0,[0],[0],[0]],[[{"name":"panel_commom_bg2","rect":{"x":879,"y":145,"width":134,"height":133},"offset":{"x":0,"y":0},"originalSize":{"width":134,"height":133},"rotated":false,"capInsets":[10,16,12,21],"packable":true,"pixelsToUnit":100,"pivot":{"x":0.5,"y":0.5},"meshType":0}],[0],0,[0],[0],[0]],[[{"name":"auto_tips","spriteFrames":[]}],[1],0,[],[],[]],[[{"name":"btn_hall_add","rect":{"x":671,"y":331,"width":45,"height":41},"offset":{"x":0.5,"y":0.5},"originalSize":{"width":46,"height":44},"rotated":false,"capInsets":[0,0,0,0],"packable":true,"pixelsToUnit":100,"pivot":{"x":0.5,"y":0.5},"meshType":0}],[0],0,[0],[0],[0]],[[{"name":"btn_set_off","rect":{"x":894,"y":109,"width":120,"height":30},"offset":{"x":0,"y":0},"originalSize":{"width":120,"height":30},"rotated":false,"capInsets":[0,0,0,0],"packable":true,"pixelsToUnit":100,"pivot":{"x":0.5,"y":0.5},"meshType":0}],[0],0,[0],[0],[0]],[[{"name":"pro_common_in1","rect":{"x":3,"y":147,"width":442,"height":28},"offset":{"x":0,"y":0},"originalSize":{"width":442,"height":28},"rotated":false,"capInsets":[11,6,11,7],"packable":true,"pixelsToUnit":100,"pivot":{"x":0.5,"y":0.5},"meshType":0}],[0],0,[0],[0],[0]],[[{"name":"bg_tishibox","rect":{"x":451,"y":198,"width":146,"height":116},"offset":{"x":0,"y":0},"originalSize":{"width":146,"height":116},"rotated":false,"capInsets":[46,34,33,31],"packable":true,"pixelsToUnit":100,"pivot":{"x":0.5,"y":0.5},"meshType":0}],[0],0,[0],[0],[0]],[[{"name":"btn_dt_lv","rect":{"x":174,"y":181,"width":165,"height":61},"offset":{"x":0,"y":0},"originalSize":{"width":165,"height":61},"rotated":false,"capInsets":[0,0,0,0],"packable":true,"pixelsToUnit":100,"pivot":{"x":0.5,"y":0.5},"meshType":0}],[0],0,[0],[0],[0]],[[{"name":"btn_dt_off","rect":{"x":787,"y":178,"width":61,"height":79},"offset":{"x":0,"y":0},"originalSize":{"width":61,"height":79},"rotated":true,"capInsets":[0,0,0,0],"packable":true,"pixelsToUnit":100,"pivot":{"x":0.5,"y":0.5},"meshType":0}],[0],0,[0],[0],[0]],[[{"name":"img_common_di","rect":{"x":793,"y":116,"width":80,"height":56},"offset":{"x":0,"y":0},"originalSize":{"width":80,"height":56},"rotated":false,"capInsets":[21,22,20,23],"packable":true,"pixelsToUnit":100,"pivot":{"x":0.5,"y":0.5},"meshType":0}],[0],0,[0],[0],[0]]]]
