{"importBase":"import","nativeBase":"native","name":"main","deps":[],"uuids":["01192a3bc","08029ffdb","083949aa7","0ee37d628","14ad46CnxGH4lm4ZljKy7H","55IsPniUZOG5QRQxVxsnVk","14sgtc9ktINbUhL9zFcLVy","14sgtc9ktINbUhL9zFcLVy@6c48a","14sgtc9ktINbUhL9zFcLVy@f9941","16Kts+7hxMF4K08q6+RaZK@f9941","1c5febd15","1c5febd15@6c48a","24pwTaKGdEbY0aXpIMdeCd","24pwTaKGdEbY0aXpIMdeCd@6c48a","24pwTaKGdEbY0aXpIMdeCd@f9941","27+iiTItxCLqvdI5pTJSkD@f9941","3cDYNR2VRA0a7dNtbd5eN6@f9941","53SsWWTFlAxLz/IGJC+L8L@f9941","63LtX/Pk1IbJXWkotx583T","71Q7Lxw5pP0og4vnns9YM2@f9941","7dj5uJT9FMn6OrOOx83tfK","7dj5uJT9FMn6OrOOx83tfK@6c48a","7dj5uJT9FMn6OrOOx83tfK@f9941","9f2QDdIhtPiY8s+6NCQ8g1","9f2QDdIhtPiY8s+6NCQ8g1@6c48a","9f2QDdIhtPiY8s+6NCQ8g1@f9941","baIUdvKGZPgZxNbjWTFuRI","bcdm2bF8xLJa+TKyGfcOfB@f9941","c8jVnKP05M9aMb9e9GHild@f9941","c903CkBqRP54tXWybAc1Go","f6VUC2zu9Amq9znGMEy1Ws","fcW3dRsYJEwIVr+/aVmE1c@f9941","fdjsU2o1RKF5x0TziDw3jI"],"paths":{"26":["db:/internal/physics/default-physics-material",1],"32":["db:/internal/default_renderpipeline/builtin-forward",0]},"scenes":{"db://assets/AssetBundle/sence/hall.scene":5},"packs":{"01192a3bc":["10","20","23","6","12"],"08029ffdb":["4","8","14","5","18","22","25","29","30"],"083949aa7":["11","21","24","7","13"],"0ee37d628":["4","9","15","16","17","19","27","28","31"]},"versions":{"import":[],"native":[]},"redirect":[],"debug":false,"extensionMap":{},"hasPreloadScript":true,"types":["cc.RenderPipeline","cc.PhysicsMaterial"]}