[1,["7edLIsoI1HzbobSLzatOVe@6c48a"],["_textureSource"],["cc.SpriteFrame"],0,[{"name":"small","rect":{"x":0,"y":0,"width":126,"height":40},"offset":{"x":0,"y":0.5},"originalSize":{"width":126,"height":41},"rotated":false,"capInsets":[0,0,0,0],"vertices":{"rawPosition":[-63,-20,0,63,-20,0,-63,20,0,63,20,0],"indexes":[0,1,2,2,1,3],"uv":[0,41,126,41,0,1,126,1],"nuv":[0,0.024390243902439025,1,0.024390243902439025,0,1,1,1],"minPos":{"x":-63,"y":-20,"z":0},"maxPos":{"x":63,"y":20,"z":0}},"packable":true,"pixelsToUnit":100,"pivot":{"x":0.5,"y":0.5},"meshType":0}],[0],0,[0],[0],[0]]
