[1,["d488/uM9xMFaOKBEo+3ASn@6c48a"],0,[["sp.SkeletonData",["_name","_atlasText","textureNames","_skeletonJson","textures"],-1,3]],[[0,0,1,2,3,4,5]],[[0,"rukou_bdqiuqiu_big","\r\nrukou_bdqiuqiu_big.png\r\nsize: 1024,256\r\nformat: RGBA8888\r\nfilter: Linear,Linear\r\nrepeat: none\r\n10\r\n  rotate: false\r\n  xy: 464, 40\r\n  size: 155, 192\r\n  orig: 155, 192\r\n  offset: 0, 0\r\n  index: -1\r\n4\r\n  rotate: false\r\n  xy: 753, 118\r\n  size: 83, 114\r\n  orig: 83, 114\r\n  offset: 0, 0\r\n  index: -1\r\n5\r\n  rotate: false\r\n  xy: 753, 3\r\n  size: 79, 113\r\n  orig: 79, 113\r\n  offset: 0, 0\r\n  index: -1\r\nbg_barqiu_da\r\n  rotate: true\r\n  xy: 2, 2\r\n  size: 230, 460\r\n  orig: 230, 460\r\n  offset: 0, 0\r\n  index: -1\r\nwss\r\n  rotate: true\r\n  xy: 621, 40\r\n  size: 192, 130\r\n  orig: 192, 130\r\n  offset: 0, 0\r\n  index: -1\r\n",["rukou_bdqiuqiu_big.png"],{"skeleton":{"hash":"xpCXU8PcFmmfnz68e4yKGbKafj4","spine":"3.8.99","x":-117.14,"y":-2,"width":234.28,"height":460,"images":"E:/新版UI/平台/入口新源文件/bandarqiuqiu","audio":""},"bones":[{"name":"root"},{"name":"ss","parent":"root"},{"name":"ss2","parent":"ss","length":122.12,"rotation":99.69,"x":-47.61,"y":240.32},{"name":"ss3","parent":"ss","length":130.73,"rotation":77.68,"x":33.13,"y":193.35},{"name":"ee","parent":"ss","y":-10.28,"scaleX":1.2202,"scaleY":1.2202},{"name":"qweqw","parent":"ee","length":58.79,"rotation":92.86,"x":-5.04,"y":77.37},{"name":"1312","parent":"ee"}],"slots":[{"name":"bg","bone":"root","attachment":"bg_barqiu_da"},{"name":"wss","bone":"qweqw","attachment":"wss"},{"name":"10","bone":"1312","attachment":"10"},{"name":"5","bone":"ss2","attachment":"5"},{"name":"4","bone":"ss3","attachment":"4"}],"skins":[{"name":"default","attachments":{"4":{"4":{"x":79.33,"y":0.28,"scaleX":1.4113,"scaleY":1.4113,"rotation":-80.2,"width":83,"height":114}},"5":{"5":{"x":85.92,"y":-19.2,"scaleX":1.3584,"scaleY":1.3584,"rotation":-101.41,"width":79,"height":113}},"10":{"10":{"x":0.5,"y":211.39,"width":155,"height":192}},"bg":{"bg_barqiu_da":{"y":228,"width":230,"height":460}},"wss":{"wss":{"x":7.51,"y":-5.42,"rotation":-92.86,"width":192,"height":130}}}}],"animations":{"animation":{"slots":{"10":{"color":[{"color":"ffffffff"},{"time":1,"color":"ffffff70"},{"time":2,"color":"ffffffff"}]}},"bones":{"ss2":{"rotate":[{},{"time":1,"angle":11.63},{"time":2}],"translate":[{},{"time":1,"x":10.61,"y":-27.19},{"time":2}]},"ss3":{"rotate":[{},{"time":1,"angle":-7.29},{"time":2}],"translate":[{},{"time":1,"x":-11.86,"y":-33.3},{"time":2}]}}}}},[0]]],0,0,[0],[-1],[0]]
