[1,["1frvRyDr1FDaPlz8mAhE/9@6c48a"],["_textureSource"],["cc.SpriteFrame"],0,[{"name":"rk_zch_da","rect":{"x":2,"y":2,"width":1764,"height":508},"offset":{"x":-140,"y":0},"originalSize":{"width":2048,"height":512},"rotated":false,"capInsets":[0,0,0,0],"vertices":{"rawPosition":[-882,-254,0,882,-254,0,-882,254,0,882,254,0],"indexes":[0,1,2,2,1,3],"uv":[2,510,1766,510,2,2,1766,2],"nuv":[0.0009765625,0.00390625,0.8623046875,0.00390625,0.0009765625,0.99609375,0.8623046875,0.99609375],"minPos":{"x":-882,"y":-254,"z":0},"maxPos":{"x":882,"y":254,"z":0}},"packable":true,"pixelsToUnit":100,"pivot":{"x":0.5,"y":0.5},"meshType":0}],[0],0,[0],[0],[0]]
