[1,["64OZPv68FIw5mg3kRKQL7L@6c48a"],0,[["sp.SkeletonData",["_name","_atlasText","textureNames","_skeletonJson","textures"],-1,3]],[[0,0,1,2,3,4,5]],[[0,"shoujibangding_ruchang","\r\nshoujibangding_ruchang.png\r\nsize: 2048,1024\r\nformat: RGBA8888\r\nfilter: Linear,Linear\r\nrepeat: none\r\n0\r\n  rotate: false\r\n  xy: 280, 115\r\n  size: 482, 353\r\n  orig: 482, 353\r\n  offset: 0, 0\r\n  index: -1\r\n1\r\n  rotate: true\r\n  xy: 438, 548\r\n  size: 474, 203\r\n  orig: 474, 203\r\n  offset: 0, 0\r\n  index: -1\r\n2\r\n  rotate: false\r\n  xy: 968, 709\r\n  size: 114, 116\r\n  orig: 114, 116\r\n  offset: 0, 0\r\n  index: -1\r\n3\r\n  rotate: true\r\n  xy: 643, 549\r\n  size: 473, 189\r\n  orig: 473, 189\r\n  offset: 0, 0\r\n  index: -1\r\n6\r\n  rotate: true\r\n  xy: 2, 470\r\n  size: 552, 434\r\n  orig: 552, 434\r\n  offset: 0, 0\r\n  index: -1\r\n7\r\n  rotate: false\r\n  xy: 2, 34\r\n  size: 276, 434\r\n  orig: 276, 434\r\n  offset: 0, 0\r\n  index: -1\r\n9\r\n  rotate: false\r\n  xy: 764, 198\r\n  size: 241, 349\r\n  orig: 241, 349\r\n  offset: 0, 0\r\n  index: -1\r\nfr_1\r\n  rotate: true\r\n  xy: 834, 827\r\n  size: 195, 143\r\n  orig: 195, 143\r\n  offset: 0, 0\r\n  index: -1\r\nfr_2\r\n  rotate: true\r\n  xy: 764, 2\r\n  size: 194, 148\r\n  orig: 194, 148\r\n  offset: 0, 0\r\n  index: -1\r\nfr_3\r\n  rotate: true\r\n  xy: 914, 2\r\n  size: 194, 139\r\n  orig: 194, 139\r\n  offset: 0, 0\r\n  index: -1\r\nfr_4\r\n  rotate: true\r\n  xy: 834, 631\r\n  size: 194, 132\r\n  orig: 194, 132\r\n  offset: 0, 0\r\n  index: -1\r\n",["shoujibangding_ruchang.png"],{"skeleton":{"hash":"HT3n9p7XF0Hz74t2Z+niHz5jlYc","spine":"3.8.99","x":-372.16,"y":-229.03,"width":748.16,"height":461.28,"images":"./1/","audio":""},"bones":[{"name":"root"},{"name":"fei","parent":"root"},{"name":"huoyan","parent":"fei","scaleX":3.8367,"scaleY":3.2257},{"name":"xinfeng","parent":"root"},{"name":"shang","parent":"xinfeng","y":175.67},{"name":"xia","parent":"xinfeng","y":-172.18},{"name":"zuo","parent":"xinfeng","x":-238.68},{"name":"di","parent":"xinfeng","scaleX":0.8,"scaleY":0.8},{"name":"you","parent":"xinfeng","x":238.6},{"name":"hua","parent":"xinfeng"},{"name":"diyou","parent":"di","x":-188.94,"scaleX":0.8}],"slots":[{"name":"7","bone":"diyou","attachment":"7"},{"name":"9","bone":"di","attachment":"6"},{"name":"10","bone":"zuo","attachment":"9"},{"name":"11","bone":"you","attachment":"9"},{"name":"3","bone":"xia","attachment":"3"},{"name":"1","bone":"shang","attachment":"1"},{"name":"2","bone":"hua","attachment":"2"},{"name":"0","bone":"fei","attachment":"0"},{"name":"qq","bone":"huoyan","attachment":"fr_1"}],"skins":[{"name":"default","attachments":{"0":{"0":{"y":0.5,"width":482,"height":353}},"1":{"1":{"y":-98.01,"width":474,"height":203}},"2":{"2":{"width":114,"height":116}},"3":{"3":{"x":0.5,"y":90.23,"width":473,"height":189}},"7":{"7":{"width":276,"height":434}},"9":{"6":{"x":25.11,"width":552,"height":434}},"10":{"9":{"x":117.63,"y":0.5,"width":241,"height":349}},"11":{"9":{"x":-117.6,"y":0.5,"width":241,"height":349}},"qq":{"fr_1":{"x":0.5,"y":0.5,"width":195,"height":143},"fr_2":{"width":194,"height":148},"fr_3":{"y":0.5,"width":194,"height":139},"fr_4":{"rotation":-20.45,"width":194,"height":132}}}}],"animations":{"animation":{"slots":{"2":{"color":[{"time":1,"color":"ffffffff"},{"time":1.3333,"color":"ffffff00"}]},"qq":{"attachment":[{"time":0.0667,"name":"fr_2"},{"time":0.1333,"name":"fr_3"},{"time":0.2,"name":"fr_4"},{"time":0.2667,"name":"fr_1"},{"time":0.3333,"name":"fr_2"},{"time":0.4,"name":"fr_3"},{"time":0.4667,"name":"fr_4"},{"time":0.5333,"name":"fr_1"},{"time":0.6,"name":"fr_2"},{"time":0.6667,"name":"fr_3"},{"time":0.7333,"name":"fr_4"},{"time":0.8,"name":"fr_1"},{"time":0.8667,"name":"fr_2"},{"time":0.9333,"name":"fr_3"},{"time":1,"name":"fr_4"}]}},"bones":{"fei":{"translate":[{"x":-1924.71,"y":1194.83},{"time":1}],"scale":[{"x":0.6,"y":0.6},{"time":1},{"time":1.0333,"x":0,"y":0}],"shear":[{"y":33.73},{"time":1}]},"huoyan":{"scale":[{"time":1},{"time":1.1,"x":0,"y":0}]},"xinfeng":{"scale":[{"x":0,"y":0,"curve":"stepped"},{"time":0.9,"x":0,"y":0},{"time":1}]},"hua":{"scale":[{"time":1},{"time":1.3333,"x":4,"y":4}]},"shang":{"scale":[{"time":1.1},{"time":1.6667,"y":-0.418},{"time":2,"y":0}]},"xia":{"scale":[{"time":1.1},{"time":1.6667,"y":-0.3},{"time":2,"y":0}]},"you":{"scale":[{"time":1.1},{"time":1.6667,"x":-0.529},{"time":2,"x":0}]},"zuo":{"scale":[{"time":1.1},{"time":1.6667,"x":-0.562},{"time":2,"x":0}]},"di":{"translate":[{"time":2,"x":20.09},{"time":2.1667,"x":-2.23},{"time":2.5,"x":167.4}],"scale":[{"time":2},{"time":2.5,"x":1.25,"y":1.25}]},"diyou":{"translate":[{"time":2,"x":-23.71},{"time":2.1667,"x":19.21},{"time":2.5,"x":-198.8}],"scale":[{"time":2.1667},{"time":2.5,"x":1.25}]}}}}},[0]]],0,0,[0],[-1],[0]]
