[1,["a2jnHtVJZMCYJKhcPjxBcB@6c48a"],0,[["sp.SkeletonData",["_name","_atlasText","textureNames","_skeletonJson","textures"],-1,3]],[[0,0,1,2,3,4,5]],[[0,"skeleton","\r\nskeleton.png\r\nsize: 256,512\r\nformat: RGBA8888\r\nfilter: Linear,Linear\r\nrepeat: none\r\najbg\r\n  rotate: false\r\n  xy: 2, 294\r\n  size: 216, 216\r\n  orig: 216, 216\r\n  offset: 0, 0\r\n  index: -1\r\nbo\r\n  rotate: false\r\n  xy: 89, 96\r\n  size: 60, 33\r\n  orig: 60, 33\r\n  offset: 0, 0\r\n  index: -1\r\nchong\r\n  rotate: true\r\n  xy: 152, 212\r\n  size: 38, 34\r\n  orig: 38, 34\r\n  offset: 0, 0\r\n  index: -1\r\nlian\r\n  rotate: false\r\n  xy: 152, 252\r\n  size: 39, 40\r\n  orig: 39, 40\r\n  offset: 0, 0\r\n  index: -1\r\nshenti\r\n  rotate: false\r\n  xy: 2, 95\r\n  size: 85, 197\r\n  orig: 85, 197\r\n  offset: 0, 0\r\n  index: -1\r\ntou\r\n  rotate: true\r\n  xy: 134, 52\r\n  size: 42, 27\r\n  orig: 42, 27\r\n  offset: 0, 0\r\n  index: -1\r\ntoufa1\r\n  rotate: false\r\n  xy: 89, 206\r\n  size: 61, 86\r\n  orig: 61, 86\r\n  offset: 0, 0\r\n  index: -1\r\nxong\r\n  rotate: false\r\n  xy: 89, 131\r\n  size: 71, 73\r\n  orig: 71, 73\r\n  offset: 0, 0\r\n  index: -1\r\nyoubi\r\n  rotate: true\r\n  xy: 67, 10\r\n  size: 83, 65\r\n  orig: 83, 65\r\n  offset: 0, 0\r\n  index: -1\r\nyoufa\r\n  rotate: true\r\n  xy: 151, 116\r\n  size: 13, 62\r\n  orig: 13, 62\r\n  offset: 0, 0\r\n  index: -1\r\nyouxiong\r\n  rotate: true\r\n  xy: 134, 29\r\n  size: 21, 18\r\n  orig: 21, 18\r\n  offset: 0, 0\r\n  index: -1\r\nyouyan\r\n  rotate: true\r\n  xy: 67, 2\r\n  size: 6, 4\r\n  orig: 6, 4\r\n  offset: 0, 0\r\n  index: -1\r\nzuobi \r\n  rotate: true\r\n  xy: 2, 2\r\n  size: 91, 63\r\n  orig: 91, 63\r\n  offset: 0, 0\r\n  index: -1\r\nzuofa\r\n  rotate: true\r\n  xy: 151, 101\r\n  size: 13, 62\r\n  orig: 13, 62\r\n  offset: 0, 0\r\n  index: -1\r\nzuoxiong\r\n  rotate: true\r\n  xy: 134, 6\r\n  size: 21, 18\r\n  orig: 21, 18\r\n  offset: 0, 0\r\n  index: -1\r\nzuoyan\r\n  rotate: true\r\n  xy: 73, 2\r\n  size: 6, 4\r\n  orig: 6, 4\r\n  offset: 0, 0\r\n  index: -1\r\n",["skeleton.png"],{"skeleton":{"hash":"WRFCgBoCAzBuByvjjkkzqUt8JiA","spine":"3.8.99","x":-117.65,"y":-2.17,"width":227.72,"height":216,"images":"","audio":""},"bones":[{"name":"root"},{"name":"zuobi","parent":"root","length":41.17,"rotation":-110.04,"x":-36.19,"y":140.18},{"name":"youbi","parent":"root","length":46.63,"rotation":-84.4,"x":30.24,"y":141.09},{"name":"zuofa","parent":"root","length":43.6,"rotation":-93.37,"x":-16.73,"y":188.07},{"name":"youfa","parent":"root","length":42.36,"rotation":-85.67,"x":20.39,"y":188.07},{"name":"zuoxiong","parent":"root","length":8.45,"rotation":-94.76,"x":-19.76,"y":88.05},{"name":"youxiong","parent":"root","length":9.25,"rotation":-87.61,"x":18.49,"y":90.34},{"name":"chong","parent":"root"}],"slots":[{"name":"bg","bone":"root","attachment":"ajbg"},{"name":"root","bone":"root","attachment":"root"},{"name":"zuobi","bone":"zuobi","attachment":"zuobi"},{"name":"youbi","bone":"youbi","attachment":"youbi"},{"name":"toufa1","bone":"root","attachment":"toufa1"},{"name":"shenti","bone":"root","attachment":"shenti"},{"name":"xong","bone":"root","attachment":"xong"},{"name":"youyan","bone":"root","attachment":"youyan"},{"name":"zuoyan","bone":"root","attachment":"zuoyan"},{"name":"lian","bone":"root","attachment":"lian"},{"name":"bo","bone":"root","attachment":"bo"},{"name":"tou","bone":"root","attachment":"tou"},{"name":"zuofa","bone":"zuofa","attachment":"zuofa"},{"name":"youfa","bone":"youfa","attachment":"youfa"},{"name":"zuoxiong","bone":"zuoxiong","attachment":"zuoxiong"},{"name":"youxiong","bone":"youxiong","attachment":"youxiong"},{"name":"chong","bone":"chong","attachment":"chong"}],"skins":[{"name":"default","attachments":{"bg":{"ajbg":{"y":105.83,"width":216,"height":216}},"bo":{"bo":{"x":2.18,"y":139.49,"width":60,"height":33}},"chong":{"chong":{"y":124.36,"width":38,"height":34}},"lian":{"lian":{"x":1.86,"y":173.81,"width":39,"height":40}},"root":{"root":{"type":"clipping","end":"root","vertexCount":28,"color":"ce3a3aff","vertices":[-63.88,36.77,-54.03,29.48,-41.43,21.8,-25.67,15.69,-11.09,12.73,-0.45,11.75,9.99,12.34,20.83,14.31,31.07,17.27,41.31,21.21,50.18,26.33,59.83,33.62,68.3,41.1,75,49.38,80.32,56.86,132.76,66.88,146.36,123.19,138.74,159.09,110.72,207.29,25.58,228.27,-50.85,229.46,-105.89,217.19,-155.39,160.95,-146.29,100.76,-137.97,59.18,-105.89,49.68,-76.8,50.88,-71.22,43.83]}},"shenti":{"shenti":{"x":4.16,"y":69.2,"width":85,"height":197}},"tou":{"tou":{"x":1.79,"y":194.5,"width":42,"height":27}},"toufa1":{"toufa1":{"x":2.29,"y":168.27,"width":61,"height":86}},"xong":{"xong":{"x":0.5,"y":111.98,"width":71,"height":73}},"youbi":{"youbi":{"x":38.84,"y":30.42,"rotation":76.07,"width":83,"height":65}},"youfa":{"youfa":{"type":"mesh","hull":11,"width":13,"height":62,"uvs":[0.38794,0,0.46041,0.0004,0.67028,0.1269,0.93583,0.51602,1,0.69233,1,0.92006,0.62238,1,0.15173,1,0,0.97777,0,0.06282,0.1527,0],"triangles":[8,3,4,0,8,9,0,9,10,0,2,8,2,0,1,8,2,3,5,8,4,6,7,8,5,6,8],"vertices":[-1.5,1.61,-1.44,2.55,6.49,5,30.72,7.6,41.68,8.05,55.79,7.55,60.57,2.47,60.35,-3.64,58.91,-5.57,2.21,-3.57,-1.61,-1.45],"edges":[0,20,0,2,2,4,4,6,6,8,8,10,10,12,12,14,14,16,16,18,18,20]}},"youxiong":{"youxiong":{"type":"mesh","hull":14,"width":21,"height":18,"uvs":[0,0.33338,0.14053,0,0.23986,0,0.37146,0.30884,0.45013,0.10956,0.91704,0.10978,1,0.49183,1,0.73918,0.69884,1,0.31967,1,0.28373,0.99979,0.28333,0.66747,0,0.66723,0,0.62783],"triangles":[0,11,13,1,2,3,3,0,1,11,12,13,0,3,11,3,5,6,9,10,11,3,4,5,6,11,3,9,11,8,6,7,11,7,8,11],"vertices":[4.68,-10.22,-1.57,-7.84,-1.77,-5.76,3.51,-2.49,-0.21,-1.18,-1.12,8.58,5.56,10.95,10,11.37,15.26,5.51,16,-2.42,16.07,-3.17,10.11,-3.74,10.66,-9.66,9.95,-9.73],"edges":[0,26,0,2,2,4,4,6,6,8,8,10,10,12,12,14,14,16,16,18,18,20,20,22,22,24,24,26]}},"youyan":{"youyan":{"x":9.34,"y":178.09,"width":6,"height":4}},"zuobi":{"zuobi":{"path":"zuobi ","x":42.13,"y":-17.77,"rotation":120.16,"width":91,"height":63}},"zuofa":{"zuofa":{"type":"mesh","hull":10,"width":13,"height":62,"uvs":[0.84785,0,1,0.04751,1,0.96913,0.84912,1,0.38112,1,0,0.91979,0,0.61053,0.3071,0.1609,0.46334,0.02928,0.614,0],"triangles":[9,0,1,8,9,1,2,5,6,7,8,1,1,6,7,6,1,2,4,5,2,3,4,2],"vertices":[-0.8,0.89,2.02,3.04,59.06,6.46,61.09,4.62,61.45,-1.45,56.79,-6.7,37.65,-7.84,9.58,-5.53,1.31,-3.99,-0.62,-2.15],"edges":[0,18,0,2,2,4,4,6,6,8,8,10,10,12,12,14,14,16,16,18]}},"zuoxiong":{"zuoxiong":{"type":"mesh","hull":11,"width":21,"height":18,"uvs":[0.85838,0,1,0.33182,1,0.668,0.71647,0.66774,0.71554,1,0.30146,1,0,0.73919,0,0.49755,0.08131,0.1101,0.71187,0.11049,0.72835,0],"triangles":[1,3,9,9,10,0,9,0,1,2,3,1,3,6,7,7,8,3,3,8,9,5,6,3,4,5,3],"vertices":[-5.37,10.81,0.58,13.83,6.63,13.88,6.68,7.93,12.66,7.96,12.73,-0.73,8.09,-7.11,3.74,-7.14,-3.24,-5.5,-3.35,7.75,-5.34,8.07],"edges":[0,20,0,2,2,4,4,6,6,8,8,10,10,12,12,14,14,16,16,18,18,20]}},"zuoyan":{"zuoyan":{"x":-6.26,"y":177.97,"width":6,"height":4}}}}],"animations":{"animation":{"bones":{"chong":{"translate":[{"curve":0.25,"c3":0.75},{"time":1,"y":17.46,"curve":0.25,"c3":0.75},{"time":2}]},"youbi":{"rotate":[{},{"time":1,"angle":4.41},{"time":2}]},"zuobi":{"rotate":[{},{"time":1,"angle":-4.71},{"time":2}]},"zuofa":{"rotate":[{"curve":0.25,"c3":0.75},{"time":1,"angle":1.93,"curve":0.25,"c3":0.75},{"time":2}]},"youfa":{"rotate":[{"curve":0.25,"c3":0.75},{"time":1,"angle":1.57,"curve":0.25,"c3":0.75},{"time":2}]}},"deform":{"default":{"youfa":{"youfa":[{"curve":0.25,"c3":0.75},{"time":1,"offset":4,"curve":0.25,"c3":0.75,"vertices":[0.20787,-0.02148,-0.22942,-0.18642,-0.07153,1.2932,-0.70901,3.5004,-1.6451,4.65776,-0.97234,5.01852,-1.96075,3.82982]},{"time":2}]},"zuofa":{"zuofa":[{"curve":0.25,"c3":0.75},{"time":1,"offset":4,"curve":0.25,"c3":0.75,"vertices":[-1.17346,3.78765,-0.40143,3.64257,-0.17688,2.10419,-0.42171,1.97398,0.35007,0.87704]},{"time":2}]}}}}}},[0]]],0,0,[0],[-1],[0]]
