[1,["93HGBDykxGyK30L02r5pEZ@f9941","02OARLuw1Duq0LKDX5ExF0@f9941","57Wjv7qd9H8r+X0PONEzdr@f9941","02OARLuw1Duq0LKDX5ExF0@6c48a","22Lmuh5X1C7Lk6FBsqc5Rl@6c48a","31epkwggNAYqyvw3//Zwyf@6c48a","51a19BeOJNaIDyxPOhfBtI@f9941","deT/wF3cRECL6hB1mg6PtX@f9941","a9U6QmhDRBsJwlHLdYyav+","22Lmuh5X1C7Lk6FBsqc5Rl@f9941","31epkwggNAYqyvw3//Zwyf@f9941","f53XgGsHtBi6YzjqLiznV4","87v/xw9otDQ741Mnp45nNs@f9941","b8J8UMPB9OwZLbbm6CuQRx","db2hVwiDFBcp5Jh+OPOcfh@f9941","7fXK1kjNpCi60PlTd+wjOI@f9941","51a19BeOJNaIDyxPOhfBtI@6c48a","57Wjv7qd9H8r+X0PONEzdr@6c48a","7fXK1kjNpCi60PlTd+wjOI@6c48a","87v/xw9otDQ741Mnp45nNs@6c48a","93HGBDykxGyK30L02r5pEZ@6c48a","9d/GMgG31Cjp0Arz2vSS/x@6c48a","9d/GMgG31Cjp0Arz2vSS/x@f9941","4asT9XdW9HRr6eog6ftjnI@6c48a","db2hVwiDFBcp5Jh+OPOcfh@6c48a","5e/30PhxFOpKYALxcdb56F@6c48a"],["node","_textureSource","_spriteFrame","_normalSprite","_target","_parent","_skeletonData","root","data","_font","spriteFrame"],["cc.SpriteFrame",["cc.Node",["_name","_layer","_components","_prefab","_lpos","_parent","_children","_lscale"],1,9,4,5,1,2,5],["cc.Sprite",["_sizeMode","_type","node","__prefab","_spriteFrame"],1,1,4,6],["cc.Button",["_transition","node","__prefab","_normalSprite","_target"],2,1,4,6,1],["cc.Prefab",["_name"],2],["cc.UITransform",["node","__prefab","_contentSize"],3,1,4,5],["cc.CompPrefabInfo",["fileId"],2],["cc.Widget",["_alignFlags","_originalWidth","node","__prefab"],1,1,4],["cc.PrefabInfo",["fileId","instance","targetOverrides","nestedPrefabInstanceRoots","root","asset"],-1,1,1],["sp.Skeleton",["_preCacheMode","_premultipliedAlpha","defaultSkin","defaultAnimation","node","__prefab","_skeletonData"],-1,1,4,6],["cc.Label",["_string","_actualFontSize","_fontSize","_isSystemFontUsed","_spacingX","node","__prefab","_font"],-2,1,4,6],["cc.BitmapFont",["_name","fontSize","fntConfig"],0],["sp.SkeletonData",["_name","_atlasText","textureNames","_skeletonJson","textures"],-1,3]],[[6,0,2],[5,0,1,2,1],[8,0,1,2,3,4,5,5],[2,0,2,3,4,2],[1,0,1,5,2,3,4,3],[1,0,1,6,2,3,4,3],[1,0,1,5,6,2,3,4,3],[1,0,1,5,6,2,3,4,7,3],[1,0,1,5,2,3,4,7,3],[3,0,1,2,4,3,2],[9,0,1,2,3,4,5,6,5],[12,0,1,2,3,4,5],[4,0,2],[2,1,0,2,3,4,3],[7,0,1,2,3,3],[3,0,1,2,3,2],[10,0,1,2,3,4,5,6,7,6],[11,0,1,2,4]],[[[{"name":"btn_caozuo_zengjiajinbi","rect":{"x":0,"y":0,"width":41,"height":42},"offset":{"x":0,"y":0},"originalSize":{"width":41,"height":42},"rotated":false,"capInsets":[0,0,0,0],"vertices":{"rawPosition":[-20.5,-21,0,20.5,-21,0,-20.5,21,0,20.5,21,0],"indexes":[0,1,2,2,1,3],"uv":[0,42,41,42,0,0,41,0],"nuv":[0,0,1,0,0,1,1,1],"minPos":{"x":-20.5,"y":-21,"z":0},"maxPos":{"x":20.5,"y":21,"z":0}},"packable":true,"pixelsToUnit":100,"pivot":{"x":0.5,"y":0.5},"meshType":0}],[0],0,[0],[1],[3]],[[{"name":"btn_caozuo_jinbi_di","rect":{"x":0,"y":0,"width":267,"height":52},"offset":{"x":0,"y":0},"originalSize":{"width":267,"height":52},"rotated":false,"capInsets":[0,0,0,0],"vertices":{"rawPosition":[-133.5,-26,0,133.5,-26,0,-133.5,26,0,133.5,26,0],"indexes":[0,1,2,2,1,3],"uv":[0,52,267,52,0,0,267,0],"nuv":[0,0,1,0,0,1,1,1],"minPos":{"x":-133.5,"y":-26,"z":0},"maxPos":{"x":133.5,"y":26,"z":0}},"packable":true,"pixelsToUnit":100,"pivot":{"x":0.5,"y":0.5},"meshType":0}],[0],0,[0],[1],[4]],[[{"name":"zi_caozuo_BELI","rect":{"x":0,"y":0,"width":62,"height":24},"offset":{"x":0,"y":0},"originalSize":{"width":62,"height":24},"rotated":false,"capInsets":[0,0,0,0],"vertices":{"rawPosition":[-31,-12,0,31,-12,0,-31,12,0,31,12,0],"indexes":[0,1,2,2,1,3],"uv":[0,24,62,24,0,0,62,0],"nuv":[0,0,1,0,0,1,1,1],"minPos":{"x":-31,"y":-12,"z":0},"maxPos":{"x":31,"y":12,"z":0}},"packable":true,"pixelsToUnit":100,"pivot":{"x":0.5,"y":0.5},"meshType":0}],[0],0,[0],[1],[5]],[[[12,"subGameHeader"],[5,"subGameHeader",33554432,[-5,-6,-7],[[1,-2,[0,"ceUv5h7sBOWrLQzDBNyMfI"],[5,1600,68]],[13,1,0,-3,[0,"74ywN3GxJI6aKFeEPrRoZo"],15],[14,41,49,-4,[0,"a7gUDrxMpKT5u6m0xnKQw7"]]],[2,"d9mP3XOfpIoZ1WT2pR4FN8",null,null,null,-1,0],[1,0,366,0]],[5,"Back_Bg",33554432,[-12],[[1,-8,[0,"17lr76dzJGaLUFWI+Y3cnI"],[5,54,55]],[3,0,-9,[0,"84Fy3pVklP0IOIvfltQegD"],1],[9,3,-11,[0,"41ETQeZgJMaoGx4dVKz02Y"],-10,2]],[2,"e0GTW45KtCZr/rD04cglbJ",null,null,null,1,0],[1,-126,0,0]],[5,"Moeny_Bg",33554432,[-15,-16,-17],[[1,-13,[0,"c1x16KyaVL34QfUKHscAot"],[5,215,45]],[3,0,-14,[0,"a0dTUQojpGqa16CP4FfvUS"],7]],[2,"4ehIR3P2dAXaC6Vz3d4EDP",null,null,null,1,0],[1,42,0,0]],[6,"Up_Right",33554432,1,[-22],[[1,-18,[0,"d5h/DHJGBAdL61Q5VmrYGF"],[5,58,60]],[3,0,-19,[0,"edDRkgdmpGz6p2zC3ggt2u"],13],[9,3,-21,[0,"94AwprHFpC/oqgwIsJg+s4"],-20,14]],[2,"414dJNG/VAXKlxBBdqJa1K",null,null,null,1,0],[1,462,8,0]],[6,"Up_Left",33554432,1,[2,3],[[1,-23,[0,"f8JeOh35JAZILS6VN8B3vS"],[5,350,55]]],[2,"bbmme0ltZJariJUReW7ivk",null,null,null,1,0],[1,-350,6,0]],[4,"Moeny_Top",33554432,3,[[1,-24,[0,"728G58hCxFQpP2AxRQOyNK"],[5,35,36]],[3,0,-25,[0,"f4G1OfWapGs53/pkSNuPgr"],5],[15,3,-26,[0,"25zI/55C9AIatQSNSG0eHL"],6]],[2,"a7HyhP/jlPjbxNp8mygG7o",null,null,null,1,0],[1,88,2,0]],[6,"Up_Middle",33554432,1,[-28,-29],[[1,-27,[0,"cdoyzq6llOGrvfvm8jRdDu"],[5,200,60]]],[2,"189v273T5L2K6gZSTKxfSH",null,null,null,1,0],[1,0,6,0]],[7,"Left_Bg",33554432,7,[-32],[[1,-30,[0,"d2+zi5X8lPW77f5JvNA66L"],[5,140,80]],[10,0,false,"default","animation",-31,[0,"989Q5BMLNBArHSxpkcUkVV"],9]],[2,"748T3gRGJAcq8eVXKk9oKP",null,null,null,1,0],[1,-46,1,0],[1,0.761,0.761,0.761]],[7,"Right_Bg",33554432,7,[-35],[[1,-33,[0,"efQvTpUYxEYKk7P3q5EWwu"],[5,140,80]],[10,0,false,"default","animation",-34,[0,"edEoSY/WdMtIWIax2DOkUs"],11]],[2,"8aIRqjFsFKDbbx9Q2ov15q",null,null,null,1,0],[1,46,1,0],[1,0.756,0.756,0.756]],[4,"Back_Home",33554432,2,[[1,-36,[0,"b8ZXMwdSlBm4CRBCflm4j6"],[5,47,47]],[3,0,-37,[0,"82Ru9VjxpEr63dO92YGwpG"],0]],[2,"4a9uhRWDZMh41/u4CwAimj",null,null,null,1,0],[1,0,2,0]],[4,"Moeny_Rp",33554432,3,[[1,-38,[0,"702FMI1FtGmoTE+Y4A3Smy"],[5,39,42]],[3,0,-39,[0,"b8WaDsQ25KVp9HNYV9AFKe"],3]],[2,"4e5mskhn5ITqc8vW0rLmmD",null,null,null,1,0],[1,-88,0,0]],[4,"Moeny_Label",33554432,3,[[1,-40,[0,"6fpkLraYdEFLa483Y1u/cn"],[5,51.38,40]],[16,"1,000",25,25,false,-2,-41,[0,"e5nJ1x+UNGuaklfBzGifoP"],4]],[2,"dfhNAAhJpECbXGeLIqnjRK",null,null,null,1,0],[1,0,-2,0]],[8,"Left_Label",33554432,8,[[1,-42,[0,"012zXuU99O/6n+iyg9aDYe"],[5,52,20]],[3,0,-43,[0,"503x+R+TdJorJopI92yB9s"],8]],[2,"56KNk1D91BjZL0AHHpHsdq",null,null,null,1,0],[1,2.6281208935611176,1.3140604467805588,0],[1,1.314060446780552,1.314060446780552,1.314060446780552]],[8,"Right_Label",33554432,9,[[1,-44,[0,"5ebjA1xqtNr41JLU0rXHf+"],[5,78,20]],[3,0,-45,[0,"82n5/frStNu4rP2+nTYHQs"],10]],[2,"0d+o7V6OREKJFEGHd6pGVF",null,null,null,1,0],[1,-2.645502645502688,1.322751322751401,0],[1,1.3227513227513228,1.3227513227513228,1.3227513227513228]],[4,"Up_Settings",33554432,4,[[1,-46,[0,"eea9wppxVJZYEm9BsXh+k3"],[5,45,45]],[3,0,-47,[0,"1esxIfl9FMwoQIFOSXYrd/"],12]],[2,"4eqETvT5tLKryo/rUmxqAa",null,null,null,1,0],[1,0,-1,0]]],0,[0,7,1,0,0,1,0,0,1,0,0,1,0,-1,5,0,-2,7,0,-3,4,0,0,2,0,0,2,0,4,2,0,0,2,0,-1,10,0,0,3,0,0,3,0,-1,11,0,-2,12,0,-3,6,0,0,4,0,0,4,0,4,4,0,0,4,0,-1,15,0,0,5,0,0,6,0,0,6,0,0,6,0,0,7,0,-1,8,0,-2,9,0,0,8,0,0,8,0,-1,13,0,0,9,0,0,9,0,-1,14,0,0,10,0,0,10,0,0,11,0,0,11,0,0,12,0,0,12,0,0,13,0,0,13,0,0,14,0,0,14,0,0,15,0,0,15,0,8,1,2,5,5,3,5,5,47],[0,0,0,0,0,0,0,0,0,0,0,0,0,0,0,0],[2,2,3,2,9,2,3,2,2,6,2,6,2,2,3,2],[6,0,0,7,8,1,1,9,10,11,12,13,14,2,2,15]],[[{"name":"btn_caozuo_fanhui","rect":{"x":0,"y":0,"width":55,"height":55},"offset":{"x":0,"y":0},"originalSize":{"width":55,"height":55},"rotated":false,"capInsets":[0,0,0,0],"vertices":{"rawPosition":[-27.5,-27.5,0,27.5,-27.5,0,-27.5,27.5,0,27.5,27.5,0],"indexes":[0,1,2,2,1,3],"uv":[0,55,55,55,0,0,55,0],"nuv":[0,0,1,0,0,1,1,1],"minPos":{"x":-27.5,"y":-27.5,"z":0},"maxPos":{"x":27.5,"y":27.5,"z":0}},"packable":true,"pixelsToUnit":100,"pivot":{"x":0.5,"y":0.5},"meshType":0}],[0],0,[0],[1],[16]],[[{"name":"btn_caozuo_max_di","rect":{"x":0,"y":0,"width":100,"height":87},"offset":{"x":0,"y":0},"originalSize":{"width":100,"height":87},"rotated":false,"capInsets":[0,0,0,0],"vertices":{"rawPosition":[-50,-43.5,0,50,-43.5,0,-50,43.5,0,50,43.5,0],"indexes":[0,1,2,2,1,3],"uv":[0,87,100,87,0,0,100,0],"nuv":[0,0,1,0,0,1,1,1],"minPos":{"x":-50,"y":-43.5,"z":0},"maxPos":{"x":50,"y":43.5,"z":0}},"packable":true,"pixelsToUnit":100,"pivot":{"x":0.5,"y":0.5},"meshType":0}],[0],0,[0],[1],[17]],[[{"name":"bg_slots_caozuo_box2","rect":{"x":0,"y":0,"width":1624,"height":83},"offset":{"x":0,"y":0.5},"originalSize":{"width":1624,"height":84},"rotated":false,"capInsets":[0,0,0,0],"vertices":{"rawPosition":[-812,-41.5,0,812,-41.5,0,-812,41.5,0,812,41.5,0],"indexes":[0,1,2,2,1,3],"uv":[0,84,1624,84,0,1,1624,1],"nuv":[0,0.011904761904761904,1,0.011904761904761904,0,1,1,1],"minPos":{"x":-812,"y":-41.5,"z":0},"maxPos":{"x":812,"y":41.5,"z":0}},"packable":true,"pixelsToUnit":100,"pivot":{"x":0.5,"y":0.5},"meshType":0}],[0],0,[0],[1],[18]],[[{"name":"zi_caozuo_SPECLAL","rect":{"x":0,"y":0,"width":95,"height":23},"offset":{"x":0,"y":0},"originalSize":{"width":95,"height":23},"rotated":false,"capInsets":[0,0,0,0],"vertices":{"rawPosition":[-47.5,-11.5,0,47.5,-11.5,0,-47.5,11.5,0,47.5,11.5,0],"indexes":[0,1,2,2,1,3],"uv":[0,23,95,23,0,0,95,0],"nuv":[0,0,1,0,0,1,1,1],"minPos":{"x":-47.5,"y":-11.5,"z":0},"maxPos":{"x":47.5,"y":11.5,"z":0}},"packable":true,"pixelsToUnit":100,"pivot":{"x":0.5,"y":0.5},"meshType":0}],[0],0,[0],[1],[19]],[[{"name":"btn_caozuo_dingbu_di","rect":{"x":0,"y":0,"width":63,"height":64},"offset":{"x":0,"y":0},"originalSize":{"width":63,"height":64},"rotated":false,"capInsets":[0,0,0,0],"vertices":{"rawPosition":[-31.5,-32,0,31.5,-32,0,-31.5,32,0,31.5,32,0],"indexes":[0,1,2,2,1,3],"uv":[0,64,63,64,0,0,63,0],"nuv":[0,0,1,0,0,1,1,1],"minPos":{"x":-31.5,"y":-32,"z":0},"maxPos":{"x":31.5,"y":32,"z":0}},"packable":true,"pixelsToUnit":100,"pivot":{"x":0.5,"y":0.5},"meshType":0}],[0],0,[0],[1],[20]],[[{"name":"shuzi_xiazhujine_0","rect":{"x":1,"y":1,"width":246,"height":57},"offset":{"x":-4,"y":20.5},"originalSize":{"width":256,"height":100},"rotated":false,"capInsets":[0,0,0,0],"vertices":{"rawPosition":[-123,-28.5,0,123,-28.5,0,-123,28.5,0,123,28.5,0],"indexes":[0,1,2,2,1,3],"uv":[1,99,247,99,1,42,247,42],"nuv":[0.00390625,0.42,0.96484375,0.42,0.00390625,0.99,0.96484375,0.99],"minPos":{"x":-123,"y":-28.5,"z":0},"maxPos":{"x":123,"y":28.5,"z":0}},"packable":true,"pixelsToUnit":100,"pivot":{"x":0.5,"y":0.5},"meshType":0}],[0],0,[0],[1],[21]],[[[17,"shuzi_xiazhujine",32,{"commonHeight":32,"fontSize":32,"atlasName":"shuzi_xiazhujine_0.png","fontDefDictionary":{"43":{"xOffset":-1,"yOffset":-1,"xAdvance":22,"rect":{"x":0,"y":0,"width":24,"height":29}},"44":{"xOffset":-1,"yOffset":-1,"xAdvance":10,"rect":{"x":0,"y":30,"width":12,"height":29}},"45":{"xOffset":-1,"yOffset":-1,"xAdvance":20,"rect":{"x":25,"y":0,"width":22,"height":29}},"48":{"xOffset":-1,"yOffset":-1,"xAdvance":18,"rect":{"x":48,"y":0,"width":20,"height":29}},"49":{"xOffset":-1,"yOffset":-1,"xAdvance":12,"rect":{"x":234,"y":0,"width":14,"height":29}},"50":{"xOffset":-1,"yOffset":-1,"xAdvance":18,"rect":{"x":69,"y":0,"width":20,"height":29}},"51":{"xOffset":-1,"yOffset":-1,"xAdvance":17,"rect":{"x":174,"y":0,"width":19,"height":29}},"52":{"xOffset":-1,"yOffset":-1,"xAdvance":18,"rect":{"x":90,"y":0,"width":20,"height":29}},"53":{"xOffset":-1,"yOffset":-1,"xAdvance":17,"rect":{"x":194,"y":0,"width":19,"height":29}},"54":{"xOffset":-1,"yOffset":-1,"xAdvance":18,"rect":{"x":111,"y":0,"width":20,"height":29}},"55":{"xOffset":-1,"yOffset":-1,"xAdvance":17,"rect":{"x":214,"y":0,"width":19,"height":29}},"56":{"xOffset":-1,"yOffset":-1,"xAdvance":18,"rect":{"x":132,"y":0,"width":20,"height":29}},"57":{"xOffset":-1,"yOffset":-1,"xAdvance":18,"rect":{"x":153,"y":0,"width":20,"height":29}}},"kerningDict":{}}]],0,0,[0],[10],[22]],[[[11,"SPECIAL","\r\nSPECIAL.png\r\nsize: 1024,512\r\nformat: RGBA8888\r\nfilter: Linear,Linear\r\nrepeat: none\r\nSPECIAL_00000\r\n  rotate: false\r\n  xy: 2, 412\r\n  size: 140, 80\r\n  orig: 140, 80\r\n  offset: 0, 0\r\n  index: -1\r\nSPECIAL_00001\r\n  rotate: false\r\n  xy: 2, 330\r\n  size: 140, 80\r\n  orig: 140, 80\r\n  offset: 0, 0\r\n  index: -1\r\nSPECIAL_00002\r\n  rotate: false\r\n  xy: 144, 412\r\n  size: 140, 80\r\n  orig: 140, 80\r\n  offset: 0, 0\r\n  index: -1\r\nSPECIAL_00003\r\n  rotate: false\r\n  xy: 2, 248\r\n  size: 140, 80\r\n  orig: 140, 80\r\n  offset: 0, 0\r\n  index: -1\r\nSPECIAL_00004\r\n  rotate: false\r\n  xy: 144, 330\r\n  size: 140, 80\r\n  orig: 140, 80\r\n  offset: 0, 0\r\n  index: -1\r\nSPECIAL_00005\r\n  rotate: false\r\n  xy: 286, 412\r\n  size: 140, 80\r\n  orig: 140, 80\r\n  offset: 0, 0\r\n  index: -1\r\nSPECIAL_00006\r\n  rotate: false\r\n  xy: 2, 166\r\n  size: 140, 80\r\n  orig: 140, 80\r\n  offset: 0, 0\r\n  index: -1\r\nSPECIAL_00007\r\n  rotate: false\r\n  xy: 144, 248\r\n  size: 140, 80\r\n  orig: 140, 80\r\n  offset: 0, 0\r\n  index: -1\r\nSPECIAL_00008\r\n  rotate: false\r\n  xy: 286, 330\r\n  size: 140, 80\r\n  orig: 140, 80\r\n  offset: 0, 0\r\n  index: -1\r\nSPECIAL_00009\r\n  rotate: false\r\n  xy: 428, 412\r\n  size: 140, 80\r\n  orig: 140, 80\r\n  offset: 0, 0\r\n  index: -1\r\nSPECIAL_00010\r\n  rotate: false\r\n  xy: 2, 84\r\n  size: 140, 80\r\n  orig: 140, 80\r\n  offset: 0, 0\r\n  index: -1\r\nSPECIAL_00011\r\n  rotate: false\r\n  xy: 144, 166\r\n  size: 140, 80\r\n  orig: 140, 80\r\n  offset: 0, 0\r\n  index: -1\r\nSPECIAL_00012\r\n  rotate: false\r\n  xy: 286, 248\r\n  size: 140, 80\r\n  orig: 140, 80\r\n  offset: 0, 0\r\n  index: -1\r\nSPECIAL_00013\r\n  rotate: false\r\n  xy: 428, 330\r\n  size: 140, 80\r\n  orig: 140, 80\r\n  offset: 0, 0\r\n  index: -1\r\nSPECIAL_00014\r\n  rotate: false\r\n  xy: 570, 412\r\n  size: 140, 80\r\n  orig: 140, 80\r\n  offset: 0, 0\r\n  index: -1\r\nSPECIAL_00015\r\n  rotate: false\r\n  xy: 2, 2\r\n  size: 140, 80\r\n  orig: 140, 80\r\n  offset: 0, 0\r\n  index: -1\r\nSPECIAL_00016\r\n  rotate: false\r\n  xy: 144, 84\r\n  size: 140, 80\r\n  orig: 140, 80\r\n  offset: 0, 0\r\n  index: -1\r\nSPECIAL_00017\r\n  rotate: false\r\n  xy: 286, 166\r\n  size: 140, 80\r\n  orig: 140, 80\r\n  offset: 0, 0\r\n  index: -1\r\nSPECIAL_00018\r\n  rotate: false\r\n  xy: 428, 248\r\n  size: 140, 80\r\n  orig: 140, 80\r\n  offset: 0, 0\r\n  index: -1\r\nSPECIAL_00019\r\n  rotate: false\r\n  xy: 570, 330\r\n  size: 140, 80\r\n  orig: 140, 80\r\n  offset: 0, 0\r\n  index: -1\r\nSPECIAL_00020\r\n  rotate: false\r\n  xy: 712, 412\r\n  size: 140, 80\r\n  orig: 140, 80\r\n  offset: 0, 0\r\n  index: -1\r\nSPECIAL_00021\r\n  rotate: false\r\n  xy: 144, 2\r\n  size: 140, 80\r\n  orig: 140, 80\r\n  offset: 0, 0\r\n  index: -1\r\nSPECIAL_00022\r\n  rotate: false\r\n  xy: 286, 84\r\n  size: 140, 80\r\n  orig: 140, 80\r\n  offset: 0, 0\r\n  index: -1\r\nSPECIAL_00023\r\n  rotate: false\r\n  xy: 428, 166\r\n  size: 140, 80\r\n  orig: 140, 80\r\n  offset: 0, 0\r\n  index: -1\r\nSPECIAL按钮\r\n  rotate: false\r\n  xy: 570, 262\r\n  size: 120, 66\r\n  orig: 120, 66\r\n  offset: 0, 0\r\n  index: -1\r\n",["SPECIAL.png"],{"skeleton":{"hash":"ePwi9Wc+0GbhWCT/ilZL81rrJXk","spine":"3.6.53","width":140,"height":80,"images":"H:/PS/新大厅/UI栏"},"bones":[{"name":"root"},{"name":"bone","parent":"root"},{"name":"bone2","parent":"bone","y":18.15},{"name":"bone3","parent":"bone","y":18.15}],"slots":[{"name":"jiangci","bone":"bone2","attachment":"SPECIAL按钮"},{"name":"jiangci2","bone":"bone3","attachment":"SPECIAL_00023"}],"skins":{"default":{"jiangci":{"SPECIAL按钮":{"width":120,"height":66}},"jiangci2":{"SPECIAL_00000":{"width":140,"height":80},"SPECIAL_00001":{"width":140,"height":80},"SPECIAL_00002":{"width":140,"height":80},"SPECIAL_00003":{"width":140,"height":80},"SPECIAL_00004":{"width":140,"height":80},"SPECIAL_00005":{"width":140,"height":80},"SPECIAL_00006":{"width":140,"height":80},"SPECIAL_00007":{"width":140,"height":80},"SPECIAL_00008":{"width":140,"height":80},"SPECIAL_00009":{"width":140,"height":80},"SPECIAL_00010":{"width":140,"height":80},"SPECIAL_00011":{"width":140,"height":80},"SPECIAL_00012":{"width":140,"height":80},"SPECIAL_00013":{"width":140,"height":80},"SPECIAL_00014":{"width":140,"height":80},"SPECIAL_00015":{"width":140,"height":80},"SPECIAL_00016":{"width":140,"height":80},"SPECIAL_00017":{"width":140,"height":80},"SPECIAL_00018":{"width":140,"height":80},"SPECIAL_00019":{"width":140,"height":80},"SPECIAL_00020":{"width":140,"height":80},"SPECIAL_00021":{"width":140,"height":80},"SPECIAL_00022":{"width":140,"height":80},"SPECIAL_00023":{"width":140,"height":80}}}},"animations":{"animation":{"slots":{"jiangci2":{"color":[{"time":0,"color":"ffffffab"}],"attachment":[{"time":0,"name":"SPECIAL_00000"},{"time":0.1333,"name":"SPECIAL_00001"},{"time":0.2667,"name":"SPECIAL_00002"},{"time":0.4,"name":"SPECIAL_00003"},{"time":0.5333,"name":"SPECIAL_00004"},{"time":0.6667,"name":"SPECIAL_00005"},{"time":0.8,"name":"SPECIAL_00006"},{"time":0.9333,"name":"SPECIAL_00007"},{"time":1.0667,"name":"SPECIAL_00008"},{"time":1.2,"name":"SPECIAL_00009"},{"time":1.3333,"name":"SPECIAL_00010"},{"time":1.4667,"name":"SPECIAL_00011"},{"time":1.6,"name":"SPECIAL_00012"},{"time":1.7333,"name":"SPECIAL_00013"},{"time":1.8667,"name":"SPECIAL_00014"},{"time":2,"name":"SPECIAL_00015"},{"time":2.1333,"name":"SPECIAL_00016"},{"time":2.2667,"name":"SPECIAL_00017"},{"time":2.4,"name":"SPECIAL_00018"},{"time":2.5333,"name":"SPECIAL_00019"},{"time":2.6667,"name":"SPECIAL_00020"},{"time":2.8,"name":"SPECIAL_00021"},{"time":2.9333,"name":"SPECIAL_00022"},{"time":3.0667,"name":"SPECIAL_00023"},{"time":3.2,"name":"SPECIAL_00000"}]}},"bones":{"bone3":{"translate":[{"time":0,"x":-3.73,"y":1.77}]},"bone":{"translate":[{"time":0,"x":0,"y":-17.2}]}}}}},[0]]],0,0,[0],[-1],[23]],[[{"name":"btn_caozuo_shezhi","rect":{"x":0,"y":0,"width":55,"height":55},"offset":{"x":0,"y":0},"originalSize":{"width":55,"height":55},"rotated":false,"capInsets":[0,0,0,0],"vertices":{"rawPosition":[-27.5,-27.5,0,27.5,-27.5,0,-27.5,27.5,0,27.5,27.5,0],"indexes":[0,1,2,2,1,3],"uv":[0,55,55,55,0,0,55,0],"nuv":[0,0,1,0,0,1,1,1],"minPos":{"x":-27.5,"y":-27.5,"z":0},"maxPos":{"x":27.5,"y":27.5,"z":0}},"packable":true,"pixelsToUnit":100,"pivot":{"x":0.5,"y":0.5},"meshType":0}],[0],0,[0],[1],[24]],[[[11,"beli","\r\nbeli.png\r\nsize: 1024,512\r\nformat: RGBA8888\r\nfilter: Linear,Linear\r\nrepeat: none\r\nBELI_00000\r\n  rotate: false\r\n  xy: 2, 412\r\n  size: 140, 80\r\n  orig: 140, 80\r\n  offset: 0, 0\r\n  index: -1\r\nBELI_00001\r\n  rotate: false\r\n  xy: 2, 330\r\n  size: 140, 80\r\n  orig: 140, 80\r\n  offset: 0, 0\r\n  index: -1\r\nBELI_00002\r\n  rotate: false\r\n  xy: 144, 412\r\n  size: 140, 80\r\n  orig: 140, 80\r\n  offset: 0, 0\r\n  index: -1\r\nBELI_00003\r\n  rotate: false\r\n  xy: 2, 248\r\n  size: 140, 80\r\n  orig: 140, 80\r\n  offset: 0, 0\r\n  index: -1\r\nBELI_00004\r\n  rotate: false\r\n  xy: 144, 330\r\n  size: 140, 80\r\n  orig: 140, 80\r\n  offset: 0, 0\r\n  index: -1\r\nBELI_00005\r\n  rotate: false\r\n  xy: 286, 412\r\n  size: 140, 80\r\n  orig: 140, 80\r\n  offset: 0, 0\r\n  index: -1\r\nBELI_00006\r\n  rotate: false\r\n  xy: 2, 166\r\n  size: 140, 80\r\n  orig: 140, 80\r\n  offset: 0, 0\r\n  index: -1\r\nBELI_00007\r\n  rotate: false\r\n  xy: 144, 248\r\n  size: 140, 80\r\n  orig: 140, 80\r\n  offset: 0, 0\r\n  index: -1\r\nBELI_00008\r\n  rotate: false\r\n  xy: 286, 330\r\n  size: 140, 80\r\n  orig: 140, 80\r\n  offset: 0, 0\r\n  index: -1\r\nBELI_00009\r\n  rotate: false\r\n  xy: 428, 412\r\n  size: 140, 80\r\n  orig: 140, 80\r\n  offset: 0, 0\r\n  index: -1\r\nBELI_00010\r\n  rotate: false\r\n  xy: 2, 84\r\n  size: 140, 80\r\n  orig: 140, 80\r\n  offset: 0, 0\r\n  index: -1\r\nBELI_00011\r\n  rotate: false\r\n  xy: 144, 166\r\n  size: 140, 80\r\n  orig: 140, 80\r\n  offset: 0, 0\r\n  index: -1\r\nBELI_00012\r\n  rotate: false\r\n  xy: 286, 248\r\n  size: 140, 80\r\n  orig: 140, 80\r\n  offset: 0, 0\r\n  index: -1\r\nBELI_00013\r\n  rotate: false\r\n  xy: 428, 330\r\n  size: 140, 80\r\n  orig: 140, 80\r\n  offset: 0, 0\r\n  index: -1\r\nBELI_00014\r\n  rotate: false\r\n  xy: 570, 412\r\n  size: 140, 80\r\n  orig: 140, 80\r\n  offset: 0, 0\r\n  index: -1\r\nBELI_00015\r\n  rotate: false\r\n  xy: 2, 2\r\n  size: 140, 80\r\n  orig: 140, 80\r\n  offset: 0, 0\r\n  index: -1\r\nBELI_00016\r\n  rotate: false\r\n  xy: 144, 84\r\n  size: 140, 80\r\n  orig: 140, 80\r\n  offset: 0, 0\r\n  index: -1\r\nBELI_00017\r\n  rotate: false\r\n  xy: 286, 166\r\n  size: 140, 80\r\n  orig: 140, 80\r\n  offset: 0, 0\r\n  index: -1\r\nBELI_00018\r\n  rotate: false\r\n  xy: 428, 248\r\n  size: 140, 80\r\n  orig: 140, 80\r\n  offset: 0, 0\r\n  index: -1\r\nBELI_00019\r\n  rotate: false\r\n  xy: 570, 330\r\n  size: 140, 80\r\n  orig: 140, 80\r\n  offset: 0, 0\r\n  index: -1\r\nBELI_00020\r\n  rotate: false\r\n  xy: 712, 412\r\n  size: 140, 80\r\n  orig: 140, 80\r\n  offset: 0, 0\r\n  index: -1\r\nBELI_00021\r\n  rotate: false\r\n  xy: 144, 2\r\n  size: 140, 80\r\n  orig: 140, 80\r\n  offset: 0, 0\r\n  index: -1\r\nBELI_00022\r\n  rotate: false\r\n  xy: 286, 84\r\n  size: 140, 80\r\n  orig: 140, 80\r\n  offset: 0, 0\r\n  index: -1\r\nBELI_00023\r\n  rotate: false\r\n  xy: 428, 166\r\n  size: 140, 80\r\n  orig: 140, 80\r\n  offset: 0, 0\r\n  index: -1\r\nBELI按钮\r\n  rotate: false\r\n  xy: 570, 262\r\n  size: 120, 66\r\n  orig: 120, 66\r\n  offset: 0, 0\r\n  index: -1\r\n",["beli.png"],{"skeleton":{"hash":"q1zYkPi9KGZMCFrOlDKgwV5n3g8","spine":"3.6.53","width":140,"height":80,"images":"H:/PS/新大厅/UI栏"},"bones":[{"name":"root"},{"name":"bone","parent":"root"},{"name":"bone2","parent":"bone","y":18.15},{"name":"bone3","parent":"bone","y":18.15}],"slots":[{"name":"jiangci","bone":"bone2","attachment":"BELI按钮"},{"name":"jiangci2","bone":"bone3","attachment":"BELI_00023"}],"skins":{"default":{"jiangci":{"BELI按钮":{"width":120,"height":66}},"jiangci2":{"BELI_00000":{"width":140,"height":80},"BELI_00001":{"width":140,"height":80},"BELI_00002":{"width":140,"height":80},"BELI_00003":{"width":140,"height":80},"BELI_00004":{"width":140,"height":80},"BELI_00005":{"width":140,"height":80},"BELI_00006":{"width":140,"height":80},"BELI_00007":{"width":140,"height":80},"BELI_00008":{"width":140,"height":80},"BELI_00009":{"width":140,"height":80},"BELI_00010":{"width":140,"height":80},"BELI_00011":{"width":140,"height":80},"BELI_00012":{"width":140,"height":80},"BELI_00013":{"width":140,"height":80},"BELI_00014":{"width":140,"height":80},"BELI_00015":{"width":140,"height":80},"BELI_00016":{"width":140,"height":80},"BELI_00017":{"width":140,"height":80},"BELI_00018":{"width":140,"height":80},"BELI_00019":{"width":140,"height":80},"BELI_00020":{"width":140,"height":80},"BELI_00021":{"width":140,"height":80},"BELI_00022":{"width":140,"height":80},"BELI_00023":{"width":140,"height":80}}}},"animations":{"animation":{"slots":{"jiangci2":{"color":[{"time":0,"color":"ffffff96"}],"attachment":[{"time":0,"name":"BELI_00000"},{"time":0.1333,"name":"BELI_00001"},{"time":0.2667,"name":"BELI_00002"},{"time":0.4,"name":"BELI_00003"},{"time":0.5333,"name":"BELI_00004"},{"time":0.6667,"name":"BELI_00005"},{"time":0.8,"name":"BELI_00006"},{"time":0.9333,"name":"BELI_00007"},{"time":1.0667,"name":"BELI_00008"},{"time":1.2,"name":"BELI_00009"},{"time":1.3333,"name":"BELI_00010"},{"time":1.4667,"name":"BELI_00011"},{"time":1.6,"name":"BELI_00012"},{"time":1.7333,"name":"BELI_00013"},{"time":1.8667,"name":"BELI_00014"},{"time":2,"name":"BELI_00015"},{"time":2.1333,"name":"BELI_00016"},{"time":2.2667,"name":"BELI_00017"},{"time":2.4,"name":"BELI_00018"},{"time":2.5333,"name":"BELI_00019"},{"time":2.6667,"name":"BELI_00020"},{"time":2.8,"name":"BELI_00021"},{"time":2.9333,"name":"BELI_00022"},{"time":3.0667,"name":"BELI_00023"},{"time":3.2,"name":"BELI_00000"}]}},"bones":{"bone3":{"translate":[{"time":0,"x":-1.84,"y":1.77}]},"bone":{"translate":[{"time":0,"x":0,"y":-17.2}]}}}}},[0]]],0,0,[0],[-1],[25]]]]
