[1,["c1M8O0NUpE+KDeitZPuqKr@6c48a"],0,[["sp.SkeletonData",["_name","_atlasText","textureNames","_skeletonJson","textures"],-1,3]],[[0,0,1,2,3,4,5]],[[0,"zhuantou","\r\nzhuantou.png\r\nsize: 256,256\r\nformat: RGBA8888\r\nfilter: Linear,Linear\r\nrepeat: none\r\nz_0000_xing\r\n  rotate: false\r\n  xy: 118, 78\r\n  size: 32, 33\r\n  orig: 32, 33\r\n  offset: 0, 0\r\n  index: -1\r\nz_0001_xing1\r\n  rotate: true\r\n  xy: 94, 113\r\n  size: 52, 51\r\n  orig: 52, 51\r\n  offset: 0, 0\r\n  index: -1\r\nz_0002_peng\r\n  rotate: false\r\n  xy: 94, 73\r\n  size: 22, 38\r\n  orig: 22, 38\r\n  offset: 0, 0\r\n  index: -1\r\nz_0003_4_b\r\n  rotate: false\r\n  xy: 2, 2\r\n  size: 70, 61\r\n  orig: 70, 61\r\n  offset: 0, 0\r\n  index: -1\r\nz_0004_5_b\r\n  rotate: false\r\n  xy: 74, 7\r\n  size: 67, 57\r\n  orig: 67, 57\r\n  offset: 0, 0\r\n  index: -1\r\nz_0005_2\r\n  rotate: false\r\n  xy: 2, 154\r\n  size: 82, 96\r\n  orig: 82, 96\r\n  offset: 0, 0\r\n  index: -1\r\nz_0008_quan1\r\n  rotate: true\r\n  xy: 2, 65\r\n  size: 87, 50\r\n  orig: 87, 50\r\n  offset: 0, 0\r\n  index: -1\r\nz_0009_quan2\r\n  rotate: true\r\n  xy: 86, 167\r\n  size: 83, 37\r\n  orig: 83, 37\r\n  offset: 0, 0\r\n  index: -1\r\nz_0010_quan3\r\n  rotate: true\r\n  xy: 54, 66\r\n  size: 86, 38\r\n  orig: 86, 38\r\n  offset: 0, 0\r\n  index: -1\r\n",["zhuantou.png"],{"skeleton":{"hash":"gKk9xsTLz1zoPI7SEA9SuVgWZHw","spine":"3.8.99","x":-86.02,"y":-48,"width":146.45,"height":151.56,"images":"","audio":""},"bones":[{"name":"root"},{"name":"2","parent":"root","x":12.21,"y":1.14},{"name":"sb","parent":"root","x":3.06,"y":30.13},{"name":"xb","parent":"root","x":18.23,"y":-12.24},{"name":"q1","parent":"root","x":-31.25,"y":70.83},{"name":"x1","parent":"root","x":-17.16,"y":90.91},{"name":"x2","parent":"root","x":-69.47,"y":66.78},{"name":"x3","parent":"root","x":-19.67,"y":49.6},{"name":"dx","parent":"root","x":38.23,"y":78.75},{"name":"peng","parent":"root","x":12.95,"y":73.92}],"slots":[{"name":"z_0008_quan1","bone":"q1","attachment":"z_0010_quan3"},{"name":"2","bone":"2","attachment":"z_0005_2"},{"name":"z_0004_5_b","bone":"sb","attachment":"z_0004_5_b"},{"name":"z_0003_4_b","bone":"xb","attachment":"z_0003_4_b"},{"name":"z_0002_peng","bone":"peng","attachment":"z_0002_peng"},{"name":"z_0001_xing1","bone":"dx","attachment":"z_0001_xing1"},{"name":"z_0000_xing","bone":"x1","attachment":"z_0000_xing"},{"name":"z_0000_xing2","bone":"x2","attachment":"z_0000_xing"},{"name":"z_0000_xing3","bone":"x3","attachment":"z_0000_xing"}],"skins":[{"name":"default","attachments":{"2":{"z_0005_2":{"x":-9.98,"y":-1.14,"width":82,"height":96}},"z_0001_xing1":{"z_0001_xing1":{"x":-3.8,"y":-0.94,"width":52,"height":51}},"z_0002_peng":{"z_0002_peng":{"x":12.81,"y":-5.61,"rotation":-150.86,"width":22,"height":38}},"z_0003_4_b":{"z_0003_4_b":{"x":-8.59,"y":-4.65,"width":70,"height":61}},"z_0004_5_b":{"z_0004_5_b":{"x":-8.29,"y":-10.55,"width":67,"height":57}},"z_0008_quan1":{"z_0008_quan1":{"x":7.99,"y":-1.05,"width":87,"height":50},"z_0009_quan2":{"x":0.5,"y":0.21,"width":83,"height":37},"z_0010_quan3":{"x":0.5,"y":0.21,"width":86,"height":38}},"z_0000_xing":{"z_0000_xing":{"x":0.37,"y":-0.71,"scaleX":0.6,"scaleY":0.6,"rotation":-58.5,"width":32,"height":33}},"z_0000_xing2":{"z_0000_xing":{"x":1.39,"y":1.11,"scaleX":0.8,"scaleY":0.8,"rotation":-58.5,"width":32,"height":33}},"z_0000_xing3":{"z_0000_xing":{"x":0.58,"y":-0.11,"rotation":-58.5,"width":32,"height":33}}}}],"animations":{"animation":{"slots":{"2":{"color":[{"color":"ffffff00"},{"time":0.1333,"color":"ffffffff","curve":"stepped"},{"time":0.3667,"color":"ffffffff"},{"time":0.4,"color":"ffffff00"}]},"z_0001_xing1":{"color":[{"color":"ffffff00","curve":"stepped"},{"time":0.3333,"color":"ffffff00"},{"time":0.3667,"color":"ffffffff"},{"time":0.4667,"color":"ffffff00"}]},"z_0002_peng":{"color":[{"color":"ffffff00","curve":"stepped"},{"time":0.8,"color":"ffffff00"},{"time":0.9333,"color":"ffffffff"},{"time":1.0667,"color":"ffffff00","curve":"stepped"},{"time":1.1333,"color":"ffffff00"},{"time":1.2667,"color":"ffffffff"},{"time":1.4,"color":"ffffff00"}]},"z_0003_4_b":{"color":[{"color":"ffffff00","curve":"stepped"},{"time":0.3667,"color":"ffffff00"},{"time":0.4,"color":"ffffffff"},{"time":0.8,"color":"ffffff00"}]},"z_0004_5_b":{"color":[{"color":"ffffff00"},{"time":0.3667,"color":"ffffff00"},{"time":0.4,"color":"ffffffff","curve":"stepped"},{"time":0.5333,"color":"ffffffff"},{"time":0.8,"color":"ffffff00"}]},"z_0008_quan1":{"color":[{"color":"ffffff00","curve":"stepped"},{"time":0.3333,"color":"ffffff00"},{"time":0.3667,"color":"ffffffff","curve":"stepped"},{"time":1.3333,"color":"ffffffff"},{"time":1.6667,"color":"ffffff00"}],"attachment":[{"name":"z_0008_quan1"},{"time":0.4667,"name":"z_0009_quan2"},{"time":0.5333,"name":"z_0010_quan3"},{"time":0.6,"name":"z_0008_quan1"},{"time":0.6667,"name":"z_0009_quan2"},{"time":0.7333,"name":"z_0010_quan3"},{"time":0.8,"name":"z_0008_quan1"},{"time":0.8667,"name":"z_0009_quan2"},{"time":0.9333,"name":"z_0010_quan3"},{"time":1,"name":"z_0008_quan1"},{"time":1.0667,"name":"z_0009_quan2"},{"time":1.1333,"name":"z_0010_quan3"},{"time":1.2,"name":"z_0008_quan1"},{"time":1.2667,"name":"z_0009_quan2"},{"time":1.3333,"name":"z_0010_quan3"},{"time":1.4,"name":"z_0008_quan1"},{"time":1.4667,"name":"z_0009_quan2"},{"time":1.5333,"name":"z_0010_quan3"},{"time":1.6,"name":"z_0008_quan1"}]},"z_0000_xing":{"color":[{"color":"ffffff00","curve":"stepped"},{"time":0.3333,"color":"ffffff00"},{"time":0.3667,"color":"ffffffff","curve":"stepped"},{"time":1.6,"color":"ffffffff"},{"time":1.6667,"color":"ffffff00"}]},"z_0000_xing2":{"color":[{"color":"ffffff00","curve":"stepped"},{"time":0.4,"color":"ffffff00"},{"time":0.4333,"color":"ffffffff","curve":"stepped"},{"time":1.6,"color":"ffffffff"},{"time":1.6667,"color":"ffffff00"}]},"z_0000_xing3":{"color":[{"color":"ffffff00","curve":"stepped"},{"time":0.3667,"color":"ffffff00"},{"time":0.4,"color":"ffffffff","curve":"stepped"},{"time":1.6,"color":"ffffffff"},{"time":1.6667,"color":"ffffff00"}]}},"bones":{"2":{"rotate":[{},{"time":0.3333,"angle":-50},{"time":0.3667}]},"xb":{"rotate":[{},{"time":0.4667,"angle":21.59},{"time":0.5333,"angle":47.87},{"time":1.6667,"angle":10.78}],"translate":[{"x":-0.22,"y":-0.67,"curve":"stepped"},{"time":0.4667,"x":-0.22,"y":-0.67},{"time":0.8,"x":-0.22,"y":-219.25}]},"x3":{"translate":[{"x":16.95,"y":20.21,"curve":"stepped"},{"time":0.4,"x":16.95,"y":20.21},{"time":0.4667,"x":-11.41,"y":4.89},{"time":0.6,"x":-42.82,"y":19.8},{"time":0.6667,"x":-30.23,"y":30.5},{"time":0.7333,"x":-17.65,"y":41.21},{"time":0.8,"x":24.67,"y":35.68},{"time":0.8667,"x":-8.93,"y":10.06},{"time":0.9333,"x":-40.85,"y":5.35},{"time":1,"x":-34.51,"y":42.27},{"time":1.0667,"x":25.07,"y":45.46},{"time":1.1333,"x":-6.02,"y":3.3},{"time":1.2,"x":-53.81,"y":17.27},{"time":1.2667,"x":-8.72,"y":49.13},{"time":1.3333,"x":23.95,"y":25.55},{"time":1.4,"x":-27.13,"y":3.19},{"time":1.4667,"x":-55.15,"y":26.2},{"time":1.5333,"x":-13.58,"y":42.43},{"time":1.6,"x":25.01,"y":25.74},{"time":1.6667,"x":16.95,"y":20.21}]},"x2":{"translate":[{"x":8.8,"y":-4.24},{"time":0.4667,"x":15.97,"y":16.95},{"time":0.6667,"x":62.84,"y":18.1},{"time":0.7333,"x":67.23,"y":4.59},{"time":0.8,"x":36.57,"y":-9.63},{"time":0.8667,"x":3.23,"y":18},{"time":0.9333,"x":38.61,"y":21.62},{"time":1,"x":80.1,"y":24.66},{"time":1.0667,"x":44.4,"y":-15.43},{"time":1.1333,"x":-5.37,"y":-1.25},{"time":1.2,"x":49.22,"y":37.19},{"time":1.2667,"x":77.92,"y":4.91},{"time":1.3333,"x":22.8,"y":-15.38},{"time":1.4,"x":6.31,"y":26.9},{"time":1.4667,"x":61.69,"y":28.24},{"time":1.5333,"x":64.34,"y":-4.38},{"time":1.6,"x":17.81,"y":-13.94},{"time":1.6667,"x":8.8,"y":-4.24}]},"x1":{"rotate":[{"time":0.4667},{"time":0.6,"angle":180},{"time":1.6667}],"translate":[{"y":5.22,"curve":"stepped"},{"time":0.3667,"y":5.22},{"time":0.4667,"x":17.6,"y":-3.59},{"time":0.6,"x":7.5,"y":-28.46},{"time":0.6667,"x":-13.47,"y":-38.86},{"time":0.7333,"x":-51.49,"y":-34.43},{"time":0.8,"x":-28.17,"y":-2.39},{"time":0.8667,"x":8.47,"y":3.78},{"time":0.9333,"x":10.21,"y":-29.88},{"time":1,"x":-36.53,"y":-36.93},{"time":1.0667,"x":-45.81,"y":-5.77},{"time":1.1333,"x":16.41,"y":7.31},{"time":1.2,"x":0.88,"y":-34.99},{"time":1.2667,"x":-52.98,"y":-37.87},{"time":1.3333,"x":-36.04,"y":-7.37},{"time":1.4,"x":25.42,"y":0.22},{"time":1.4667,"x":-14.91,"y":-30.98},{"time":1.5333,"x":-52.93,"y":-27.94},{"time":1.6,"x":-32.65,"y":0.96},{"time":1.6667,"y":5.22}]},"sb":{"rotate":[{},{"time":0.4667,"angle":-20.78},{"time":0.5333,"angle":-61.01},{"time":1.6667,"angle":-20.78}],"translate":[{"time":0.4667},{"time":0.8,"x":17.06,"y":-164.33}]},"q1":{"rotate":[{"angle":27}]},"peng":{"rotate":[{"angle":-26.38}],"translate":[{"x":14.72,"y":0.41}]},"dx":{"translate":[{"x":-19.52,"y":-29.28,"curve":"stepped"},{"time":0.3667,"x":-19.52,"y":-29.28},{"time":0.4,"x":28.77,"y":29.93}],"scale":[{"x":0.4,"y":0.4},{"time":0.3667,"x":0.8,"y":0.8},{"time":0.4,"x":0.3,"y":0.3},{"time":1.6667}]}}}}},[0]]],0,0,[0],[-1],[0]]
