[1,["85cYpgaXhDR5Tic8zmH5zg@6c48a"],0,[["sp.SkeletonData",["_name","_atlasText","textureNames","_skeletonJson","textures"],-1,3]],[[0,0,1,2,3,4,5]],[[0,"csrukou","\r\ncsrukou.png\r\nsize: 1024,512\r\nformat: RGBA8888\r\nfilter: Linear,Linear\r\nrepeat: none\r\ncs_bg\r\n  rotate: false\r\n  xy: 2, 50\r\n  size: 230, 460\r\n  orig: 230, 460\r\n  offset: 0, 0\r\n  index: -1\r\njb1\r\n  rotate: true\r\n  xy: 722, 51\r\n  size: 85, 52\r\n  orig: 85, 52\r\n  offset: 0, 0\r\n  index: -1\r\njb2\r\n  rotate: true\r\n  xy: 423, 7\r\n  size: 103, 82\r\n  orig: 103, 82\r\n  offset: 0, 0\r\n  index: -1\r\njb3\r\n  rotate: false\r\n  xy: 858, 228\r\n  size: 149, 139\r\n  orig: 149, 139\r\n  offset: 0, 0\r\n  index: -1\r\njb4\r\n  rotate: false\r\n  xy: 831, 369\r\n  size: 163, 141\r\n  orig: 163, 141\r\n  offset: 0, 0\r\n  index: -1\r\njb5\r\n  rotate: true\r\n  xy: 715, 138\r\n  size: 177, 141\r\n  orig: 177, 141\r\n  offset: 0, 0\r\n  index: -1\r\njb6\r\n  rotate: true\r\n  xy: 680, 317\r\n  size: 193, 149\r\n  orig: 193, 149\r\n  offset: 0, 0\r\n  index: -1\r\njb7\r\n  rotate: false\r\n  xy: 500, 118\r\n  size: 213, 158\r\n  orig: 213, 158\r\n  offset: 0, 0\r\n  index: -1\r\njb8\r\n  rotate: true\r\n  xy: 500, 278\r\n  size: 232, 178\r\n  orig: 232, 178\r\n  offset: 0, 0\r\n  index: -1\r\njbdui\r\n  rotate: false\r\n  xy: 234, 4\r\n  size: 187, 106\r\n  orig: 187, 106\r\n  offset: 0, 0\r\n  index: -1\r\nren\r\n  rotate: false\r\n  xy: 234, 112\r\n  size: 264, 398\r\n  orig: 264, 398\r\n  offset: 0, 0\r\n  index: -1\r\nshou\r\n  rotate: false\r\n  xy: 507, 2\r\n  size: 213, 114\r\n  orig: 213, 114\r\n  offset: 0, 0\r\n  index: -1\r\nyou\r\n  rotate: false\r\n  xy: 2, 2\r\n  size: 42, 46\r\n  orig: 42, 46\r\n  offset: 0, 0\r\n  index: -1\r\nyoumm\r\n  rotate: false\r\n  xy: 46, 6\r\n  size: 25, 14\r\n  orig: 25, 14\r\n  offset: 0, 0\r\n  index: -1\r\nzuo\r\n  rotate: true\r\n  xy: 776, 59\r\n  size: 77, 54\r\n  orig: 77, 54\r\n  offset: 0, 0\r\n  index: -1\r\nzuomm\r\n  rotate: true\r\n  xy: 46, 22\r\n  size: 26, 21\r\n  orig: 26, 21\r\n  offset: 0, 0\r\n  index: -1\r\n",["csrukou.png"],{"skeleton":{"hash":"kyhruqA3PCxo76M+x6qnVL7AHYM","spine":"3.8.99","x":-134.96,"y":-2.28,"width":260.51,"height":460,"images":"","audio":""},"bones":[{"name":"root"},{"name":"ren","parent":"root","length":231.41,"rotation":91.04,"x":-0.48,"y":94.93,"color":"9b9b9b00"},{"name":"zuo","parent":"ren","length":21.46,"rotation":57.35,"x":267.07,"y":-14.78},{"name":"you","parent":"ren","length":16.7,"rotation":-49.75,"x":266.46,"y":-30.01},{"name":"zuojb","parent":"ren","length":34.57,"rotation":96.19,"x":272.45,"y":37.03},{"name":"youjb","parent":"ren","length":17.98,"rotation":-80.28,"x":279.97,"y":-54.4},{"name":"shou","parent":"ren","length":41.22,"rotation":-1.04,"x":119.8,"y":-30.86}],"slots":[{"name":"bg","bone":"root","attachment":"cs_bg"},{"name":"root","bone":"root","attachment":"root"},{"name":"you","bone":"youjb","attachment":"you"},{"name":"ren","bone":"ren","attachment":"ren"},{"name":"zuomm","bone":"zuo","attachment":"zuomm"},{"name":"youmm","bone":"you","attachment":"youmm"},{"name":"zuo","bone":"zuojb","attachment":"zuo"},{"name":"jbdui","bone":"root","attachment":"jbdui"},{"name":"shou","bone":"shou","attachment":"shou"},{"name":"jinbi","bone":"root","attachment":"jb8"}],"skins":[{"name":"default","attachments":{"bg":{"cs_bg":{"y":227.72,"width":230,"height":460}},"jbdui":{"jbdui":{"x":-11.78,"y":54.37,"width":187,"height":106}},"jinbi":{"jb1":{"x":39.09,"y":270.12,"width":85,"height":52},"jb2":{"x":37.83,"y":283.28,"width":103,"height":82},"jb3":{"x":31.24,"y":256.33,"width":149,"height":139},"jb4":{"x":36.73,"y":245.35,"width":163,"height":141},"jb5":{"x":30.15,"y":215.71,"width":177,"height":141},"jb6":{"x":29.05,"y":192.65,"width":193,"height":149},"jb7":{"x":26.85,"y":172.39,"width":213,"height":158},"jb8":{"x":18.67,"y":138.35,"width":232,"height":178}},"ren":{"ren":{"x":144.88,"y":3.64,"rotation":-91.32,"width":264,"height":398}},"root":{"root":{"type":"clipping","end":"root","vertexCount":17,"color":"ce3a3aff","vertices":[-101.13,296.24,-102.99,39.91,-102.49,23.38,-97.78,16.21,-90.14,11.53,88.01,11.2,95.01,13.87,101.67,20.86,101.67,104.77,102.21,189.34,118.75,210.63,129.87,254.72,123.31,323.95,119.4,457.31,-40.44,458.25,-111.29,456.01,-134.96,360.34]}},"shou":{"shou":{"type":"mesh","hull":31,"width":213,"height":114,"uvs":[0.85273,0,0.95351,0,0.95317,0.11187,1,0.27598,1,0.47069,0.94893,0.76576,0.89731,0.9131,0.8394,0.91224,0.79864,0.83282,0.78572,0.64711,0.72995,0.66843,0.63168,0.72942,0.45566,0.7279,0.40624,0.6923,0.38047,0.93105,0.34883,1,0.3096,1,0.21476,0.9416,0.06276,0.72847,0.03715,0.66805,0,0.55499,0,0.38381,0.032,0.28071,0.14391,0.17749,0.26164,0.23089,0.27296,0.19401,0.36381,0.1395,0.53515,0.06098,0.62478,0.06086,0.65349,0.05215,0.84963,0.00002],"triangles":[2,0,1,0,2,3,19,20,21,9,29,30,19,22,23,19,21,22,19,23,24,10,29,9,13,26,27,24,25,26,13,24,26,18,19,24,28,29,10,12,13,27,11,27,28,11,12,27,13,18,24,28,10,11,0,4,30,3,4,0,4,8,9,30,4,9,5,8,4,6,7,8,5,6,8,13,17,18,14,17,13,16,17,14,15,16,14],"vertices":[76.55,-63.95,76.47,-85.42,63.72,-85.3,44.97,-95.2,22.77,-95.12,-10.82,-84.11,-27.58,-73.05,-27.44,-60.72,-18.35,-52.07,2.83,-49.4,0.45,-37.51,-6.43,-16.56,-6.11,20.94,-2.01,31.45,-29.21,37.04,-37.04,43.81,-37.01,52.16,-30.28,72.34,-5.86,104.62,1.05,110.05,13.97,117.92,33.48,117.84,45.21,110.98,56.89,87.1,50.7,62.05,54.9,59.62,61.04,40.25,69.85,3.72,69.79,-15.37,70.76,-21.49,76.55,-63.29],"edges":[0,60,0,2,2,4,4,6,6,8,8,10,10,12,12,14,14,16,16,18,18,20,20,22,22,24,24,26,26,28,28,30,30,32,32,34,34,36,36,38,38,40,40,42,42,44,44,46,46,48,48,50,50,52,52,54,54,56,56,58,58,60]}},"you":{"you":{"x":16.07,"y":-3.52,"rotation":-7.25,"width":42,"height":46}},"youmm":{"youmm":{"x":13.51,"y":-3.28,"rotation":-38.16,"width":25,"height":14}},"zuo":{"zuo":{"x":31.95,"y":0.75,"rotation":176.26,"width":77,"height":54}},"zuomm":{"zuomm":{"x":9.88,"y":-0.96,"rotation":-140.68,"width":26,"height":21}}}}],"animations":{"animation":{"slots":{"jinbi":{"attachment":[{"name":null},{"time":0.5,"name":"jb1"},{"time":0.5333,"name":"jb2"},{"time":0.5667,"name":"jb3"},{"time":0.6333,"name":"jb5"},{"time":0.6667,"name":"jb6"},{"time":0.7,"name":"jb7"},{"time":0.7333,"name":"jb8"},{"time":1.5,"name":"jb1"},{"time":1.5333,"name":"jb2"},{"time":1.5667,"name":"jb3"},{"time":1.6333,"name":"jb5"},{"time":1.6667,"name":"jb6"},{"time":1.7,"name":"jb7"},{"time":1.7333,"name":"jb8"},{"time":2.5,"name":"jb1"},{"time":2.5333,"name":"jb2"},{"time":2.5667,"name":"jb3"},{"time":2.6333,"name":"jb5"},{"time":2.6667,"name":"jb6"},{"time":2.7,"name":"jb7"},{"time":2.7333,"name":"jb8"},{"time":3.5,"name":"jb1"},{"time":3.5333,"name":"jb2"},{"time":3.5667,"name":"jb3"},{"time":3.6333,"name":"jb5"},{"time":3.6667,"name":"jb6"},{"time":3.7,"name":"jb7"},{"time":3.7333,"name":"jb8"},{"time":4.5,"name":"jb1"},{"time":4.5333,"name":"jb2"},{"time":4.5667,"name":"jb3"},{"time":4.6333,"name":"jb5"},{"time":4.6667,"name":"jb6"},{"time":4.7,"name":"jb7"},{"time":4.7333,"name":"jb8"}]}},"bones":{"ren":{"translate":[{"x":-116.6,"y":-2.11,"curve":0.25,"c3":0.75},{"time":0.5,"curve":"stepped"},{"time":5.5,"curve":0.25,"c3":0.75},{"time":6,"x":-116.6,"y":-2.11}],"scale":[{"x":0.583,"y":0.583,"curve":0.25,"c3":0.75},{"time":0.5,"curve":"stepped"},{"time":5.5,"curve":0.25,"c3":0.75},{"time":6,"x":0.583,"y":0.583}]},"youjb":{"rotate":[{"curve":0.25,"c3":0.75},{"time":1,"angle":-14.64,"curve":0.25,"c3":0.75},{"time":2,"curve":0.25,"c3":0.75},{"time":3,"angle":-14.64,"curve":0.25,"c3":0.75},{"time":4,"curve":0.25,"c3":0.75},{"time":5,"angle":-14.64,"curve":0.25,"c3":0.75},{"time":6}]},"zuojb":{"rotate":[{"curve":0.25,"c3":0.75},{"time":1,"angle":17.25,"curve":0.25,"c3":0.75},{"time":2,"curve":0.25,"c3":0.75},{"time":3,"angle":17.25,"curve":0.25,"c3":0.75},{"time":4,"curve":0.25,"c3":0.75},{"time":5,"angle":17.25,"curve":0.25,"c3":0.75},{"time":6}]}},"deform":{"default":{"shou":{"shou":[{"time":0.5,"curve":0.25,"c3":0.75},{"time":0.6667,"curve":0.25,"c3":0.75,"vertices":[8.84673,-0.03338,8.84673,-0.03338,8.84673,-0.03338,8.84673,-0.03338,8.84673,-0.03338,8.84673,-0.03338,8.84673,-0.03338,8.84673,-0.03338,8.84673,-0.03338,8.84673,-0.03338,8.84673,-0.03338,8.84673,-0.03338,8.84673,-0.03338,8.84673,-0.03338,8.84673,-0.03338,8.84673,-0.03338,8.84673,-0.03338,8.84673,-0.03338,8.84673,-0.03338,8.84673,-0.03338,8.84673,-0.03338,8.84673,-0.03338,8.84673,-0.03338,8.84673,-0.03338,8.84673,-0.03338,8.84673,-0.03338,8.84673,-0.03338,8.84673,-0.03338,8.84673,-0.03338,8.84673,-0.03338,8.84673,-0.03338]},{"time":1.5,"curve":0.25,"c3":0.75},{"time":1.6667,"curve":0.25,"c3":0.75,"vertices":[8.84673,-0.03338,8.84673,-0.03338,8.84673,-0.03338,8.84673,-0.03338,8.84673,-0.03338,8.84673,-0.03338,8.84673,-0.03338,8.84673,-0.03338,8.84673,-0.03338,8.84673,-0.03338,8.84673,-0.03338,8.84673,-0.03338,8.84673,-0.03338,8.84673,-0.03338,8.84673,-0.03338,8.84673,-0.03338,8.84673,-0.03338,8.84673,-0.03338,8.84673,-0.03338,8.84673,-0.03338,8.84673,-0.03338,8.84673,-0.03338,8.84673,-0.03338,8.84673,-0.03338,8.84673,-0.03338,8.84673,-0.03338,8.84673,-0.03338,8.84673,-0.03338,8.84673,-0.03338,8.84673,-0.03338,8.84673,-0.03338]},{"time":2.5,"curve":0.25,"c3":0.75},{"time":2.6667,"curve":0.25,"c3":0.75,"vertices":[8.84673,-0.03338,8.84673,-0.03338,8.84673,-0.03338,8.84673,-0.03338,8.84673,-0.03338,8.84673,-0.03338,8.84673,-0.03338,8.84673,-0.03338,8.84673,-0.03338,8.84673,-0.03338,8.84673,-0.03338,8.84673,-0.03338,8.84673,-0.03338,8.84673,-0.03338,8.84673,-0.03338,8.84673,-0.03338,8.84673,-0.03338,8.84673,-0.03338,8.84673,-0.03338,8.84673,-0.03338,8.84673,-0.03338,8.84673,-0.03338,8.84673,-0.03338,8.84673,-0.03338,8.84673,-0.03338,8.84673,-0.03338,8.84673,-0.03338,8.84673,-0.03338,8.84673,-0.03338,8.84673,-0.03338,8.84673,-0.03338]},{"time":3.5,"curve":0.25,"c3":0.75},{"time":3.6667,"curve":0.25,"c3":0.75,"vertices":[8.84673,-0.03338,8.84673,-0.03338,8.84673,-0.03338,8.84673,-0.03338,8.84673,-0.03338,8.84673,-0.03338,8.84673,-0.03338,8.84673,-0.03338,8.84673,-0.03338,8.84673,-0.03338,8.84673,-0.03338,8.84673,-0.03338,8.84673,-0.03338,8.84673,-0.03338,8.84673,-0.03338,8.84673,-0.03338,8.84673,-0.03338,8.84673,-0.03338,8.84673,-0.03338,8.84673,-0.03338,8.84673,-0.03338,8.84673,-0.03338,8.84673,-0.03338,8.84673,-0.03338,8.84673,-0.03338,8.84673,-0.03338,8.84673,-0.03338,8.84673,-0.03338,8.84673,-0.03338,8.84673,-0.03338,8.84673,-0.03338]},{"time":4.5,"curve":0.25,"c3":0.75},{"time":4.6667,"vertices":[8.84673,-0.03338,8.84673,-0.03338,8.84673,-0.03338,8.84673,-0.03338,8.84673,-0.03338,8.84673,-0.03338,8.84673,-0.03338,8.84673,-0.03338,8.84673,-0.03338,8.84673,-0.03338,8.84673,-0.03338,8.84673,-0.03338,8.84673,-0.03338,8.84673,-0.03338,8.84673,-0.03338,8.84673,-0.03338,8.84673,-0.03338,8.84673,-0.03338,8.84673,-0.03338,8.84673,-0.03338,8.84673,-0.03338,8.84673,-0.03338,8.84673,-0.03338,8.84673,-0.03338,8.84673,-0.03338,8.84673,-0.03338,8.84673,-0.03338,8.84673,-0.03338,8.84673,-0.03338,8.84673,-0.03338,8.84673,-0.03338]}]}}}}}},[0]]],0,0,[0],[-1],[0]]
