[1,["18939171a@6c48a"],["_textureSource"],["cc.SpriteFrame"],0,[[[{"name":"btn_off","rect":{"x":120,"y":3,"width":62,"height":62},"offset":{"x":0,"y":0},"originalSize":{"width":62,"height":62},"rotated":false,"capInsets":[0,0,0,0],"packable":true,"pixelsToUnit":100,"pivot":{"x":0.5,"y":0.5},"meshType":0}],[0],0,[0],[0],[0]],[[{"name":"icon_sg_lingdang_big@2x","rect":{"x":3,"y":83,"width":377,"height":365},"offset":{"x":0,"y":0},"originalSize":{"width":377,"height":365},"rotated":false,"capInsets":[0,0,0,0],"packable":true,"pixelsToUnit":100,"pivot":{"x":0.5,"y":0.5},"meshType":0}],[0],0,[0],[0],[0]],[[{"name":"zhizhen","rect":{"x":596,"y":3,"width":146,"height":141},"offset":{"x":0,"y":0},"originalSize":{"width":146,"height":141},"rotated":false,"capInsets":[0,0,0,0],"packable":true,"pixelsToUnit":100,"pivot":{"x":0.5,"y":0.5},"meshType":0}],[0],0,[0],[0],[0]],[[{"name":"ren","rect":{"x":386,"y":150,"width":512,"height":379},"offset":{"x":0,"y":0},"originalSize":{"width":512,"height":379},"rotated":false,"capInsets":[0,0,0,0],"packable":true,"pixelsToUnit":100,"pivot":{"x":0.5,"y":0.5},"meshType":0}],[0],0,[0],[0],[0]],[[{"name":"tanchaung","rect":{"x":3,"y":535,"width":662,"height":456},"offset":{"x":0,"y":0},"originalSize":{"width":662,"height":456},"rotated":false,"capInsets":[0,0,0,0],"packable":true,"pixelsToUnit":100,"pivot":{"x":0.5,"y":0.5},"meshType":0}],[0],0,[0],[0],[0]],[[{"name":"icon_fruits777_777","rect":{"x":443,"y":3,"width":147,"height":117},"offset":{"x":0,"y":0},"originalSize":{"width":147,"height":117},"rotated":false,"capInsets":[0,0,0,0],"packable":true,"pixelsToUnit":100,"pivot":{"x":0.5,"y":0.5},"meshType":0}],[0],0,[0],[0],[0]],[[{"name":"bg_bandar_jinbibox_qita","rect":{"x":3,"y":3,"width":111,"height":21},"offset":{"x":0,"y":0},"originalSize":{"width":111,"height":21},"rotated":false,"capInsets":[0,0,0,0],"packable":true,"pixelsToUnit":100,"pivot":{"x":0.5,"y":0.5},"meshType":0}],[0],0,[0],[0],[0]],[[{"name":"anniu","rect":{"x":188,"y":3,"width":249,"height":74},"offset":{"x":0,"y":0},"originalSize":{"width":249,"height":74},"rotated":false,"capInsets":[0,0,0,0],"packable":true,"pixelsToUnit":100,"pivot":{"x":0.5,"y":0.5},"meshType":0}],[0],0,[0],[0],[0]]]]
