[1,["0cxKfdAURDv7yhq9k+L6Tw@f9941","ccWnvOE/1PxLG5WH9jlGaz","76s5u9acJOo73EtAsJftjf","abU+dMzmdMB4tXJuuOxaY4","43JjZEwD9Ga5JVQcEyfjsc@f9941","0aHq2RFGhJe7z/DrkSO1N5@f9941","1eYpbhdgxBVYOKHO9/yiAM@f9941","64+C00exdCHpQ/pUaaCnEC@f9941","4duu7FkblHrYT3C6wu7JZ7","43JjZEwD9Ga5JVQcEyfjsc@6c48a","67HR4fB5xEmLap0OuBh56a@6c48a","53eo99nbBHH6ox10ALAKQl","20g1ukYUVPvKWKBRznAKo+@f9941","54TknWPwVPqJqeCR+Y/Czo@f9941","95EkngnxZFbYuFpsqVTaFr@f9941","2eUiqXJ5tHBK+7SBBkyE3M","44Nxj15BhBa76f2b3UiPP8@f9941"],["node","_spriteFrame","_atlas","_font","_placeholderLabel","_textLabel","_target","_normalSprite","_backgroundImage","spriteFrame","_textureSource","root","data","_skeletonData","_hoverSprite","_pressedSprite","_disabledSprite","_file","_defaultClip"],[["cc.Node",["_name","_layer","_active","_components","_prefab","_parent","_lpos","_children"],0,9,4,1,5,2],["cc.Label",["_string","_actualFontSize","_fontSize","_overflow","_enableWrapText","_isBold","_lineHeight","_isSystemFontUsed","node","__prefab","_color"],-5,1,4,5],["cc.UITransform",["node","__prefab","_contentSize","_anchorPoint"],3,1,4,5,5],["cc.Sprite",["_sizeMode","_type","node","__prefab","_spriteFrame","_atlas"],1,1,4,6,6],["cc.Node",["_name","_layer","_active","_parent","_components","_prefab","_lpos"],0,1,12,4,5],["cc.EditBox",["_inputMode","_maxLength","_inputFlag","node","__prefab","_textLabel","_placeholderLabel","_backgroundImage"],0,1,4,1,1,6],["cc.Button",["_transition","_zoomScale","node","__prefab","_normalColor","_target","_normalSprite","_hoverSprite","_pressedSprite","_disabledSprite"],1,1,4,5,1,6,6,6,6],"cc.SpriteFrame",["cc.ParticleAsset",["_name","_native"],1],["sp.SkeletonData",["_name","_atlasText","textureNames","_skeletonJson","textures"],-1,3],["cc.Prefab",["_name"],2],["cc.CompPrefabInfo",["fileId"],2],["cc.PrefabInfo",["fileId","instance","targetOverrides","nestedPrefabInstanceRoots","root","asset"],-1,1,1],["cc.Animation",["playOnLoad","node","__prefab","_clips","_defaultClip"],2,1,4,3,6],["sp.Skeleton",["loop","_preCacheMode","_premultipliedAlpha","defaultSkin","defaultAnimation","node","__prefab","_skeletonData"],-2,1,4,6],["cc.ParticleSystem2D",["_dstBlendFactor","emissionRate","life","lifeVar","angle","angleVar","startSize","endSize","endSizeVar","startSpin","startSpinVar","endSpin","endSpinVar","speed","speedVar","tangentialAccel","_totalParticles","node","__prefab","posVar","_startColor","_endColor","_file","_spriteFrame"],-14,1,4,5,5,5,6,6]],[[11,0,2],[12,0,1,2,3,4,5,5],[2,0,1,2,3,1],[3,1,0,2,3,4,5,3],[0,0,5,3,4,6,2],[2,0,1,2,1],[0,0,1,5,7,3,4,6,3],[4,0,2,1,3,4,5,6,4],[4,0,1,3,4,5,6,3],[0,0,5,7,3,4,6,2],[2,0,1,1],[5,2,0,1,3,4,5,6,7,4],[6,0,1,2,3,4,5,6,3],[1,0,1,2,3,4,5,8,9,10,7],[1,0,1,2,3,4,7,8,9,10,7],[1,0,1,2,6,3,4,7,8,9,10,8],[8,0,1,3],[9,0,1,2,3,4,5],[10,0,2],[0,0,7,3,4,2],[0,0,2,1,5,3,4,6,4],[0,0,5,3,4,2],[0,0,1,5,3,4,6,3],[3,0,2,3,4,5,2],[3,1,0,2,3,4,3],[13,0,1,2,3,4,2],[5,0,1,3,4,5,6,7,3],[6,0,1,2,3,4,5,6,7,8,9,3],[14,0,1,2,3,4,5,6,7,6],[1,0,1,2,8,9,10,4],[1,0,1,2,6,3,4,5,8,9,10,8],[15,0,1,2,3,4,5,6,7,8,9,10,11,12,13,14,15,16,17,18,19,20,21,22,23,18]],[[[[16,"star",".plist"],-1],0,0,[0],[9],[4]],[[{"name":"stars","rect":{"x":1,"y":1,"width":29,"height":29},"offset":{"x":-0.5,"y":0.5},"originalSize":{"width":32,"height":32},"rotated":false,"capInsets":[0,0,0,0],"vertices":{"rawPosition":[-14.5,-14.5,0,14.5,-14.5,0,-14.5,14.5,0,14.5,14.5,0],"indexes":[0,1,2,2,1,3],"uv":[1,31,30,31,1,2,30,2],"nuv":[0.03125,0.0625,0.9375,0.0625,0.03125,0.96875,0.9375,0.96875],"minPos":{"x":-14.5,"y":-14.5,"z":0},"maxPos":{"x":14.5,"y":14.5,"z":0}},"packable":true,"pixelsToUnit":100,"pivot":{"x":0.5,"y":0.5},"meshType":0}],[7],0,[0],[10],[9]],[[[17,"xinfeng","\r\nxinfeng.png\r\nsize: 1024,512\r\nformat: RGBA8888\r\nfilter: Linear,Linear\r\nrepeat: none\r\nbg_xinfeng\r\n  rotate: true\r\n  xy: 2, 2\r\n  size: 482, 353\r\n  orig: 482, 353\r\n  offset: 0, 0\r\n  index: -1\r\nhalo\r\n  rotate: false\r\n  xy: 357, 242\r\n  size: 231, 242\r\n  orig: 231, 242\r\n  offset: 0, 0\r\n  index: -1\r\nicon_1\r\n  rotate: false\r\n  xy: 357, 128\r\n  size: 112, 112\r\n  orig: 112, 112\r\n  offset: 0, 0\r\n  index: -1\r\n",["xinfeng.png"],{"skeleton":{"hash":"Iqg5P8z6yc+TpwvtFgq0GaQux1s","spine":"3.8.99","x":-241,"y":-176,"width":482,"height":353,"images":"E:/新版UI/平台/大厅new/信封","audio":""},"bones":[{"name":"root"},{"name":"骨骼","parent":"root"},{"name":"骨骼2","parent":"root"}],"slots":[{"name":"bg_xinfeng","bone":"root","attachment":"bg_xinfeng"},{"name":"halo","bone":"骨骼","attachment":"halo"},{"name":"icon_1","bone":"骨骼2","attachment":"icon_1"}],"skins":[{"name":"default","attachments":{"bg_xinfeng":{"bg_xinfeng":{"y":0.5,"width":482,"height":353}},"halo":{"halo":{"x":0.5,"width":231,"height":242}},"icon_1":{"icon_1":{"y":-12.72,"width":112,"height":112}}}}],"animations":{"animation":{"slots":{"bg_xinfeng":{"color":[{"time":1.1667,"color":"ffffffff"},{"time":1.5,"color":"ffffff00"}]},"halo":{"attachment":[{"name":null},{"time":0.5,"name":"halo"}]},"icon_1":{"color":[{"time":0.6,"color":"ffffffff"},{"time":1.5,"color":"ffffff00"}],"attachment":[{"name":null},{"time":0.6,"name":"icon_1"}]}},"bones":{"骨骼":{"rotate":[{"time":0.5},{"time":1,"angle":180},{"time":1.5,"angle":-1.08}],"scale":[{"time":0.5,"x":0,"y":0},{"time":0.6667}]},"骨骼2":{"scale":[{"time":0.6,"x":0,"y":0},{"time":1.5,"x":2.8,"y":2.8}]},"root":{"translate":[{"x":-1049.09,"y":680.27},{"time":0.5}],"scale":[{"time":0.5},{"time":0.6667,"x":1.055,"y":1.055},{"time":0.8333},{"time":1.5,"x":2.755,"y":2.755}]}}}}},[0]]],0,0,[0],[-1],[10]],[[[18,"node_account_upgrade"],[19,"node_account_upgrade",[-3,-4],[[10,-2,[0,"c7szNGUuVEM6/HQyHfBJzT"]]],[1,"c46/YsCPVOJYA4mWEpNYRx",null,null,null,-1,0]],[9,"spr_spr_upgrade_bg",1,[-8,-9,-10,-11,-12,-13,-14,-15],[[5,-5,[0,"0dksv9AtpLxK5nC/KYCan2"],[5,828,434]],[23,0,-6,[0,"102QxzjV9JlJUkRymyktZq"],25,26],[25,true,-7,[0,"24X+wa07RE3JTEKARPvcbw"],[27],28]],[1,"fcImpb0A1C3LjZIgY5ZGGv",null,null,null,1,0],[1,0,-12,0]],[6,"props_intput_sandi",33554432,2,[-21,-22,-23],[[2,-16,[0,"ccxTp2ao1NOqKsTm98fHaC"],[5,336,58],[0,0,0.5]],[3,1,0,-17,[0,"2cPNnuspFDrrgSgdr2f5Df"],14,15],[11,0,6,40,-20,[0,"9eDPH2jllCVbj9U8js3Egl"],-19,-18,16]],[1,"934L+yoolLH5If8vJiEmmc",null,null,null,1,0],[1,32,-4,0]],[6,"props_intput_akun",33554432,2,[-29,-30],[[2,-24,[0,"65Kam0QRRDzoTJ6SiUjQ8Q"],[5,236,58],[0,0,0.5]],[3,1,0,-25,[0,"b32vXRAN9KCLoJALb8KrEs"],6,7],[26,2,15,-28,[0,"afrq+p0rFGQ4+p6NJ9xAau"],-27,-26,8]],[1,"43hx4ejsZOIq0HcCEzjA+w",null,null,null,1,0],[1,132.60000000000002,94,0]],[6,"props_intput_kSandi",33554432,2,[-36,-37],[[2,-31,[0,"48eyOROklPVYKQ+lFqvu57"],[5,336,58],[0,0,0.5]],[3,1,0,-32,[0,"5eBOCMvjVEO5lmS1oq7aW0"],17,18],[11,0,6,40,-35,[0,"f2K3AtYq9OGrJUqj7Pundv"],-34,-33,19]],[1,"7aBiYFpiZKV5Bg9CE78XrZ",null,null,null,1,0],[1,32,-72,0]],[4,"props_btn_spr_upgrade_close",2,[[2,-38,[0,"86nSFxi2BHZrfwb4uMcEpD"],[5,62,62],[0,0.5,1]],[3,1,0,-39,[0,"9fZGkwMTtPpbfHVKX/apeR"],1,2],[12,3,0.9,-41,[0,"49CTLfGStPb6gkaKgGQexo"],[4,4292269782],-40,3]],[1,"f9RPRyNc9BlooXLzhfSz7i",null,null,null,1,0],[1,380,214,0]],[20,"props_btn_see",false,33554432,3,[[5,-42,[0,"19SgASjoFIA5Cnm0Pw1OY2"],[5,38,20]],[24,1,0,-43,[0,"35B5Pz2n5DILeATPQkZBdj"],9],[27,3,0.9,-45,[0,"49zuIKa71LF4hPfNqrJuzQ"],[4,4292269782],-44,10,11,12,13]],[1,"a6ELjHvl9GErnnIfcnDlF4",null,null,null,1,0],[1,298,0,0]],[4,"props_btn_sure",2,[[5,-46,[0,"66+rjCrk5DjZ4E+h7xr2mU"],[5,246,68]],[3,1,0,-47,[0,"d4DzPS7ONJhJNHHKEPwQOM"],20,21],[12,3,0.9,-49,[0,"00Gx5z/JxJ/rJ0LnF4Sz8O"],[4,4292269782],-48,22]],[1,"1dLdBXVzNIpr5q5SLw0o2H",null,null,null,1,0],[1,158,-146,0]],[9,"props_intput_ areaAkun",2,[-52],[[2,-50,[0,"f342cOM8lDs4UtnOuxT8Jh"],[5,80,58],[0,0,0.5]],[3,1,0,-51,[0,"1696WqAu5HL7JgnkL82j2t"],4,5]],[1,"fbqITMJppEk4PnvHutf7u8",null,null,null,1,0],[1,32,94,0]],[21,"xinfeng",1,[[5,-53,[0,"89ThITuvxOBb9l9DeraFue"],[5,482,353]],[28,false,0,false,"default","animation",-54,[0,"c1KYVq2S9F2b13O5QKghUq"],0]],[1,"1frqANrvtCq7fhEw0c6eV9",null,null,null,1,0]],[22,"TEXT_LABEL",33554432,9,[[2,-55,[0,"22vPOPvm1BbKLAe4gq6cvv"],[5,78,58],[0,0,1]],[13,"+62",28,28,1,false,true,-56,[0,"4cL7WGImtDNp8PsDMNUMgI"],[4,4283686399]]],[1,"5dee2yMqpBqIddhwfev8uj",null,null,null,1,0],[1,2,29,0]],[7,"TEXT_LABEL",false,33554432,4,[[[2,-57,[0,"6ayrNaogFD/5oA7S7Do2ao"],[5,234,58],[0,0,1]],-58],4,1],[1,"05LCSBdyxAm4aALeCvCgOl",null,null,null,1,0],[1,2,29,0]],[8,"PLACEHOLDER_LABEL",33554432,4,[[[2,-59,[0,"bbu5nqXdBONIZuJIlGV4AE"],[5,234,58],[0,0,1]],-60],4,1],[1,"d7TriJehhL4ZS9fHbFDiUi",null,null,null,1,0],[1,2,29,0]],[7,"TEXT_LABEL",false,33554432,3,[[[2,-61,[0,"1aAvp8wfpNibxDG0A//QJ8"],[5,334,58],[0,0,1]],-62],4,1],[1,"60szIOAO1E8JjSU2JwVxd7",null,null,null,1,0],[1,2,29,0]],[8,"PLACEHOLDER_LABEL",33554432,3,[[[2,-63,[0,"b1ZL3SgbdBUK8sTH7GhKro"],[5,334,58],[0,0,1]],-64],4,1],[1,"5bSDlHYJ5DK53mDJp9QSvr",null,null,null,1,0],[1,2,29,0]],[7,"TEXT_LABEL",false,33554432,5,[[[2,-65,[0,"55uvXK839K0IdYzGTmdCsA"],[5,334,58],[0,0,1]],-66],4,1],[1,"28Ua9dXmBJrLVNgcfWiMEl",null,null,null,1,0],[1,2,29,0]],[8,"PLACEHOLDER_LABEL",33554432,5,[[[2,-67,[0,"35ELGt0R9CQZVzNyEwHSH3"],[5,334,58],[0,0,1]],-68],4,1],[1,"faCxYhjA9O5IauxQeQjDvR",null,null,null,1,0],[1,2,29,0]],[4,"star",2,[[10,-69,[0,"16TSLMJBdBb7ynjP/2wLar"]],[31,1,4,0.5,0.3,184.93,96.16,0,20,10,2,5,3,8,0,0,0,15,-70,[0,"f7CRmuh5ZOY6oRX9m+5Atq"],[0,310,100],[4,4278255615],[4,4294967295],23,24]],[1,"f6tw/A0eNOR57PU7hVow71",null,null,null,1,0],[1,0,120,0]],[4,"props_label_uid",2,[[2,-71,[0,"1dofTgkXpE3bSiPPzcP5VH"],[5,30.03,50.4],[0,0,0.5]],[29,"000",18,18,-72,[0,"a6BsMKsbVCyJtkDa/vbH+C"],[4,4279879913]]],[1,"369Y+pClJLcrwEPnpwhS5s",null,null,null,1,0],[1,-319.811,-130.027,0]],[13,"",28,28,1,false,true,12,[0,"06YPYilQ9OR4L27t0PKSnW"],[4,4283686399]],[30,"811 1234 5678",28,28,58,1,false,true,13,[0,"f0IzyB0+NHN42Qm/61X7ur"],[4,2023332249]],[14,"",20,30,1,false,false,14,[0,"fdK51tDadPapHhPzLWCDj5"],[4,4283686399]],[15,"",30,30,58,1,false,false,15,[0,"47VI/OlBZAkrIgWQkBpuvM"],[4,4283686399]],[14,"",30,30,1,false,false,16,[0,"60BH9x6fpKTY+CR9MXeX+T"],[4,4283686399]],[15,"",30,30,58,1,false,false,17,[0,"40FGHseS9IkKNAoZ2symDC"],[4,4283686399]]],0,[0,11,1,0,0,1,0,-1,10,0,-2,2,0,0,2,0,0,2,0,0,2,0,-1,6,0,-2,9,0,-3,4,0,-4,3,0,-5,5,0,-6,8,0,-7,18,0,-8,19,0,0,3,0,0,3,0,4,23,0,5,22,0,0,3,0,-1,14,0,-2,15,0,-3,7,0,0,4,0,0,4,0,4,21,0,5,20,0,0,4,0,-1,12,0,-2,13,0,0,5,0,0,5,0,4,25,0,5,24,0,0,5,0,-1,16,0,-2,17,0,0,6,0,0,6,0,6,6,0,0,6,0,0,7,0,0,7,0,6,7,0,0,7,0,0,8,0,0,8,0,6,8,0,0,8,0,0,9,0,0,9,0,-1,11,0,0,10,0,0,10,0,0,11,0,0,11,0,0,12,0,-2,20,0,0,13,0,-2,21,0,0,14,0,-2,22,0,0,15,0,-2,23,0,0,16,0,-2,24,0,0,17,0,-2,25,0,0,18,0,0,18,0,0,19,0,0,19,0,12,1,72],[0,0,0,0,0,0,0,0,0,0,0,0,0,0,0,0,0,0,0,0,0,0,0,0,0,0,0,0,0,22,23,24,25],[13,1,2,7,1,2,1,2,8,1,7,14,15,16,1,2,8,1,2,8,1,2,7,17,1,1,2,-1,18,3,3,3,3],[11,5,3,5,0,1,0,1,0,6,6,12,13,14,0,1,0,0,1,0,7,3,7,15,4,16,3,8,8,2,2,2,2]]]]
