[1,["1eyE2CHQJFHrS2nnz6gk6j@6c48a"],["_textureSource"],["cc.SpriteFrame"],0,[{"name":"small","rect":{"x":0,"y":0,"width":176,"height":71},"offset":{"x":0,"y":0},"originalSize":{"width":176,"height":71},"rotated":false,"capInsets":[0,0,0,0],"vertices":{"rawPosition":[-88,-35.5,0,88,-35.5,0,-88,35.5,0,88,35.5,0],"indexes":[0,1,2,2,1,3],"uv":[0,71,176,71,0,0,176,0],"nuv":[0,0,1,0,0,1,1,1],"minPos":{"x":-88,"y":-35.5,"z":0},"maxPos":{"x":88,"y":35.5,"z":0}},"packable":true,"pixelsToUnit":100,"pivot":{"x":0.5,"y":0.5},"meshType":0}],[0],0,[0],[0],[0]]
