[1,["14ad46CnxGH4lm4ZljKy7H","20g1ukYUVPvKWKBRznAKo+@f9941","7dj5uJT9FMn6OrOOx83tfK@f9941","54TknWPwVPqJqeCR+Y/Czo@f9941","95EkngnxZFbYuFpsqVTaFr@f9941","71Q7Lxw5pP0og4vnns9YM2@f9941","27+iiTItxCLqvdI5pTJSkD@f9941","19c4+MswpJr5YuBOEhorsJ@6c48a","20g1ukYUVPvKWKBRznAKo+@6c48a","24pwTaKGdEbY0aXpIMdeCd@6c48a","54TknWPwVPqJqeCR+Y/Czo@6c48a","9f2QDdIhtPiY8s+6NCQ8g1@f9941","f6VUC2zu9Amq9znGMEy1Ws","24pwTaKGdEbY0aXpIMdeCd@f9941","7dj5uJT9FMn6OrOOx83tfK@6c48a","95EkngnxZFbYuFpsqVTaFr@6c48a","9f2QDdIhtPiY8s+6NCQ8g1@6c48a","19c4+MswpJr5YuBOEhorsJ@f9941","bcdm2bF8xLJa+TKyGfcOfB@f9941","53SsWWTFlAxLz/IGJC+L8L@f9941","16Kts+7hxMF4K08q6+RaZK@f9941","3cDYNR2VRA0a7dNtbd5eN6@f9941","c8jVnKP05M9aMb9e9GHild@f9941","fcW3dRsYJEwIVr+/aVmE1c@f9941","63LtX/Pk1IbJXWkotx583T","86iR7oxj9Cy5ZTU4hR24tW@f9941"],["node","_spriteFrame","targetInfo","_atlas","_textureSource","_target","_normalSprite","root","_parent","_hoverSprite","_pressedSprite","_disabledSprite","_cameraComponent","_barSprite","scene","asset","updateConfirm","logLabel","tipsLabel","versionLabel","updateProgress","data","manifest"],[["cc.Node",["_name","_layer","_active","_objFlags","__editorExtras__","_id","_components","_parent","_children","_prefab","_lpos"],-3,9,1,2,4,5],["cc.Sprite",["_sizeMode","_type","node","_spriteFrame","__prefab","_atlas","_color"],1,1,6,4,6,5],["cc.Label",["_actualFontSize","_fontSize","_string","_overflow","_lineHeight","_enableWrapText","node","__prefab","_color"],-3,1,4,5],"cc.SpriteFrame",["cc.Node",["_name","_layer","_active","_parent","_components","_lpos","_prefab","_children","_lscale"],0,1,12,5,4,2,5],["cc.UITransform",["node","_contentSize","__prefab","_anchorPoint"],3,1,5,4,5],["cc.Widget",["_alignFlags","_originalWidth","_left","_right","_originalHeight","_top","_bottom","node","__prefab"],-4,1,4],["cc.Button",["_transition","_zoomScale","node","_normalColor","_target","_normalSprite","_hoverSprite","_pressedSprite","_disabledSprite","__prefab"],1,1,5,1,6,6,6,6,4],["cc.ProgressBar",["_totalLength","_progress","node","_barSprite","__prefab"],1,1,1,4],"cc.SpriteAtlas",["cc.SceneAsset",["_name"],2],["cc.Node",["_name","_parent","_components","_lpos"],2,1,2,5],["cc.PrefabInfo",["fileId","targetOverrides","nestedPrefabInstanceRoots","root","instance","asset"],0,1,4,6],["cc.PrefabInfo",["root","asset","fileId","instance","targetOverrides","nestedPrefabInstanceRoots"],-1,9,2],["cc.PrefabInfo",["fileId","instance","targetOverrides","nestedPrefabInstanceRoots","root","asset"],-1,1,1],["cc.PrefabInstance",["fileId","prefabRootNode","propertyOverrides"],1,9],["CCPropertyOverrideInfo",["value","propertyPath","targetInfo"],1,1],["CCPropertyOverrideInfo",["propertyPath","targetInfo","value"],2,1,8],["CCPropertyOverrideInfo",["value","propertyPath","targetInfo"],1,4],["CCPropertyOverrideInfo",["propertyPath","targetInfo","value"],2,4,8],["cc.TargetInfo",["localID"],2],["cc.Canvas",["node","_cameraComponent"],3,1,1],["cc.BlockInputEvents",["node"],3,1],["cc.UIOpacity",["node"],3,1],["cc.Scene",["_name","_children","_prefab","_globals"],2,2,4,4],["cc.TargetOverrideInfo",["propertyPath","source","sourceInfo","target","targetInfo"],2,1,4,1,4],["cc.SceneGlobals",["ambient","shadows","_skybox","fog","octree","lightProbeInfo"],3,4,4,4,4,4,4],["cc.AmbientInfo",["_skyColorHDR","_groundAlbedoHDR"],3,5,5],["cc.ShadowsInfo",["_shadowColor","_size"],3,5,5],["cc.SkyboxInfo",[],3],["cc.FogInfo",[],3],["cc.OctreeInfo",[],3],["cc.LightProbeInfo",[],3],["cc.Camera",["_projection","_orthoHeight","_near","_visibility","node","_color"],-1,1,5],["cc.Asset",["_name","_native"],1],["cc.Prefab",["_name"],2],["cc.CompPrefabInfo",["fileId"],2],["e842dSMZBtE9r0/N1h4wTxv",["node","__prefab","updateProgress","versionLabel","tipsLabel","logLabel","updateConfirm","manifest"],3,1,4,1,1,1,1,1,6]],[[36,0,2],[20,0,2],[14,0,1,2,3,4,5,5],[5,0,2,1,1],[5,0,1,1],[18,0,1,2,3],[25,0,1,2,3,4,2],[0,0,1,7,6,9,10,3],[16,0,1,2,3],[17,0,1,2,2],[19,0,1,2,2],[6,0,1,4,7,8,4],[1,2,4,3,5,1],[1,1,0,2,3,3],[1,1,0,2,4,3,5,3],[0,0,2,1,7,8,6,4],[0,0,3,1,7,6,4],[0,0,2,1,7,6,10,4],[0,0,1,7,8,6,9,10,3],[0,0,7,6,9,2],[4,0,3,4,6,5,2],[5,0,1,3,1],[5,0,2,1,3,1],[6,0,1,4,7,4],[1,0,2,6,3,2],[7,0,2,3,4,5,6,7,8,2],[7,0,1,2,9,3,4,5,3],[2,2,0,1,3,5,6,8,6],[2,2,0,1,6,7,4],[10,0,2],[0,3,4,9,3],[0,0,1,5,8,6,10,4],[0,0,1,7,8,6,3],[0,0,1,7,8,6,10,3],[0,0,2,1,7,8,6,10,4],[0,0,1,7,6,3],[0,0,1,7,6,10,3],[0,0,8,6,9,2],[0,0,7,8,6,9,2],[0,0,2,7,8,6,9,3],[0,0,7,6,9,10,2],[4,0,1,3,4,5,3],[4,0,3,7,4,6,5,8,2],[4,0,1,3,4,6,5,3],[4,0,2,3,4,6,5,3],[11,0,1,2,3,2],[12,0,1,2,3,4,5,4],[13,0,1,2,3,4,5,5],[15,0,1,2,3],[5,0,2,1],[21,0,1,1],[6,0,2,3,5,6,7,6],[6,2,3,1,7,8,4],[1,1,0,2,3],[1,0,2,4,3,2],[1,0,2,4,6,3,2],[1,0,2,4,3,5,2],[1,1,0,2,4,3],[22,0,1],[23,0,1],[8,0,1,2,3,3],[8,0,1,2,4,3,3],[2,0,1,6,3],[2,2,0,1,6,4],[2,2,0,1,4,3,6,6],[2,2,0,1,6,7,8,4],[2,2,0,1,4,3,6,7,8,6],[2,2,0,1,3,6,7,5],[24,0,1,2,3,2],[26,0,1,2,3,4,5,1],[27,0,1,1],[28,0,1,1],[29,1],[30,1],[31,1],[32,1],[33,0,1,2,3,4,5,5],[34,0,1,3],[35,0,2],[37,0,1,2,3,4,5,6,7,1]],[[[{"name":"auto_updata","spriteFrames":[]}],[9],0,[],[],[]],[[{"name":"bg_dt_dengluye","rect":{"x":0,"y":0,"width":1625,"height":750},"offset":{"x":0,"y":0},"originalSize":{"width":1625,"height":750},"rotated":false,"capInsets":[0,0,0,0],"vertices":{"rawPosition":[-812.5,-375,0,812.5,-375,0,-812.5,375,0,812.5,375,0],"indexes":[0,1,2,2,1,3],"uv":[0,750,1625,750,0,0,1625,0],"nuv":[0,0,1,0,0,1,1,1],"minPos":{"x":-812.5,"y":-375,"z":0},"maxPos":{"x":812.5,"y":375,"z":0}},"packable":true,"pixelsToUnit":100,"pivot":{"x":0.5,"y":0.5},"meshType":0}],[3],0,[0],[4],[7]],[[{"name":"default_btn_normal","rect":{"x":0,"y":0,"width":40,"height":40},"offset":{"x":0,"y":0},"originalSize":{"width":40,"height":40},"rotated":false,"capInsets":[12,12,12,12],"vertices":{"rawPosition":[-20,-20,0,20,-20,0,-20,20,0,20,20,0],"indexes":[0,1,2,2,1,3],"uv":[0,40,40,40,0,0,40,0],"nuv":[0,0,1,0,0,1,1,1],"minPos":{"x":-20,"y":-20,"z":0},"maxPos":{"x":20,"y":20,"z":0}},"packable":true,"pixelsToUnit":100,"pivot":{"x":0.5,"y":0.5},"meshType":0}],[3],0,[0],[4],[8]],[[{"name":"default_progressbar","rect":{"x":0,"y":0,"width":30,"height":15},"offset":{"x":0,"y":0},"originalSize":{"width":30,"height":15},"rotated":false,"capInsets":[10,4,10,4],"vertices":{"rawPosition":[-15,-7.5,0,15,-7.5,0,-15,7.5,0,15,7.5,0],"indexes":[0,1,2,2,1,3],"uv":[0,15,30,15,0,0,30,0],"nuv":[0,0,1,0,0,1,1,1],"minPos":{"x":-15,"y":-7.5,"z":0},"maxPos":{"x":15,"y":7.5,"z":0}},"packable":true,"pixelsToUnit":100,"pivot":{"x":0.5,"y":0.5},"meshType":0}],[3],0,[0],[4],[9]],[[{"name":"default_btn_pressed","rect":{"x":0,"y":0,"width":40,"height":40},"offset":{"x":0,"y":0},"originalSize":{"width":40,"height":40},"rotated":false,"capInsets":[12,12,12,12],"vertices":{"rawPosition":[-20,-20,0,20,-20,0,-20,20,0,20,20,0],"indexes":[0,1,2,2,1,3],"uv":[0,40,40,40,0,0,40,0],"nuv":[0,0,1,0,0,1,1,1],"minPos":{"x":-20,"y":-20,"z":0},"maxPos":{"x":20,"y":20,"z":0}},"packable":true,"pixelsToUnit":100,"pivot":{"x":0.5,"y":0.5},"meshType":0}],[3],0,[0],[4],[10]],[[[29,"hall"],[30,0,{},[46,"c46/YsCPVOJYA4mWEpNYRx",null,null,-11,[48,"efHSUH3EJGuJQiWVuUvp1c",null,[[8,"hotUpdate",["_name"],-1],[9,["_lpos"],-2,[1,0,0,0]],[9,["_lrot"],-3,[3,0,0,0,1]],[9,["_euler"],-4,[1,0,0,0]],[8,true,["_active"],-5],[5,false,["_active"],[1,["52BXM0BE5JqpV6hEm89eFO"]]],[10,["_contentSize"],[1,["caJbmCLBZNPJbCqN2Cmse5"]],[5,330,26]],[5,1,["_progress"],[1,["8dIRvBe31BCZkMBhH06g6c"]]],[10,["_contentSize"],[1,["fb9RjF1iREVKxzf/D83+Sv"]],[5,1600,800]],[10,["_contentSize"],[1,["c3PjSlypRAGpLPgO69f+wX"]],[5,1600,800]],[5,"--",["_string"],[1,["19DS1YcQpBur2VnzNzVvnk"]]],[10,["_contentSize"],[1,["39m++YYy9FGY3iHL0DphGm"]],[5,13.32,50.4]],[5,true,["_active"],[1,["66FoQevUZCDoJALsAxH3Ei"]]],[5,false,["_isBold"],[1,["81IM39aV9Nqa9/nkXeKDYl"]]],[5,false,["_active"],[1,["7egWZON4RNDLWGvrnoAvI8"]]],[10,["_lpos"],[1,["afaP8aIVpN5L1t1UOq0mF1"]],[1,0,96.50399999999999,0]],[5,false,["_active"],[1,["2f2JJqNoxNr4wm5/jJVAZo"]]],[8,2,["_overflow"],-6],[9,["_contentSize"],-7,[5,460.557,152.79999999999998]],[8,"检测到新版本，是否更新？",["_string"],-8],[9,["_anchorPoint"],-9,[0,0.5,1]],[8,31,["_actualFontSize"],-10],[5,true,["_active"],[1,["7dZu5X1g1DH6Wux58V4rLE"]]]]],12]],[31,"Canvas",33554432,"beI88Z2HpFELqR4T5EMHpg",[-16,-17,-18,-19,-20,1,-21],[[4,-12,[5,1600,800]],[50,-14,-13],[51,45,1.1368683772161603e-13,1.1368683772161603e-13,5.684341886080802e-14,5.684341886080802e-14,-15]],[1,800.0000000000001,400.00000000000006,0]],[15,"SpriteSplash",false,33554432,2,[-24,-25,-26],[[4,-22,[5,600,250]],[24,0,-23,[4,4285352967],10]]],[32,"Button",33554432,3,[-31],[[4,-27,[5,120,40]],[13,1,0,-28,0],[25,3,-30,[4,4292269782],-29,1,2,3,4]]],[33,"Button_run",33554432,3,[-36],[[4,-32,[5,100,40]],[13,1,0,-33,5],[25,2,-35,[4,4292269782],-34,6,7,8,9]],[1,212,0,0]],[15,"modalBg",false,33554432,2,[-41],[[4,-37,[5,1600,800]],[23,45,100,100,-38],[58,-39],[59,-40]]],[34,"ProgressBar",false,33554432,2,[-46],[[4,-42,[5,300,15]],[13,1,0,-43,11],[60,300,0,-45,-44]],[1,0,-259.556,0]],[1,["c46/YsCPVOJYA4mWEpNYRx"]],[35,"SpriteSplash",33554432,6,[[4,-47,[5,1600,800]],[24,0,-48,[4,1828716544],13],[23,45,100,100,-49]]],[16,"Label",512,33554432,4,[[4,-50,[5,100,40]],[27,"加载小游戏",20,20,1,false,-51,[4,4278190080]]]],[16,"Label",512,33554432,5,[[4,-52,[5,100,40]],[27,"运行",20,20,1,false,-53,[4,4278190080]]]],[36,"Label",33554432,3,[[4,-54,[5,42.26,50.4]],[62,20,20,-55]],[1,0,-95.005,0]],[41,"Bar",33554432,7,[[[21,-56,[5,0,15],[0,0,0.5]],-57],4,1],[1,-150,0,0]],[17,"version",false,33554432,2,[[4,-58,[5,64.47,50.4]],[63,"version",20,20,-59]],[1,0,-289.39,0]],[17,"log",false,33554432,2,[[21,-60,[5,1015.4259999999999,25.2],[0,0.5,1]],[64,"log",20,20,20,3,-61]],[1,0,290,0]],[1,["edRZatCEpGKpMpm2oXUpeW"]],[68,"hall",[2],[47,null,null,"5522c3e7-8946-4e1b-9411-431571b27564",null,[[6,["_barSprite"],1,[1,["8dIRvBe31BCZkMBhH06g6c"]],1,[1,["18Z69eBJBFaImoqX3Clso6"]]],[6,["updateProgress"],1,[1,["2d4iCzwUtOuYkDksVMH+Vk"]],1,[1,["8dIRvBe31BCZkMBhH06g6c"]]],[6,["versionLabel"],1,[1,["2d4iCzwUtOuYkDksVMH+Vk"]],1,[1,["19DS1YcQpBur2VnzNzVvnk"]]],[6,["tipsLabel"],1,[1,["2d4iCzwUtOuYkDksVMH+Vk"]],1,[1,["81IM39aV9Nqa9/nkXeKDYl"]]],[6,["logLabel"],1,[1,["2d4iCzwUtOuYkDksVMH+Vk"]],1,[1,["1akiSRa8JDSaw0uF9pi31I"]]],[6,["updateConfirm"],1,[1,["2d4iCzwUtOuYkDksVMH+Vk"]],1,[1,["7egWZON4RNDLWGvrnoAvI8"]]],[6,["updateContent"],1,[1,["2d4iCzwUtOuYkDksVMH+Vk"]],1,[1,["c0BbPiKGxAYb+WIxxEkudj"]]]],[1]],[69,[70,[2,0,0,0,0.520833125],[2,0,0,0,0]],[71,[4,4283190348],[0,512,512]],[72],[73],[74],[75]]],[45,"Camera",2,[-62],[1,0,0,1000]],[76,0,759.0963139120095,0,1108344832,18,[4,4278190080]],[53,1,0,13],[1,["82LrJb2DNPqaU/dEXfT3sT"]]],0,[0,2,8,0,2,8,0,2,8,0,2,8,0,2,8,0,2,16,0,2,21,0,2,16,0,2,21,0,2,16,0,7,1,0,0,2,0,12,19,0,0,2,0,0,2,0,-1,18,0,-2,3,0,-3,7,0,-4,14,0,-5,15,0,-7,6,0,0,3,0,0,3,0,-1,4,0,-2,5,0,-3,12,0,0,4,0,0,4,0,5,4,0,0,4,0,-1,10,0,0,5,0,0,5,0,5,5,0,0,5,0,-1,11,0,0,6,0,0,6,0,0,6,0,0,6,0,-1,9,0,0,7,0,0,7,0,13,20,0,0,7,0,-1,13,0,0,9,0,0,9,0,0,9,0,0,10,0,0,10,0,0,11,0,0,11,0,0,12,0,0,12,0,0,13,0,-2,20,0,0,14,0,0,14,0,0,15,0,0,15,0,-1,19,0,14,17,1,8,2,2,8,17,62],[0,0,0,0,0,0,0,0,0,0,0,0,0,0,20],[1,6,9,10,11,1,6,9,10,11,1,1,15,1,1],[1,1,1,3,4,1,1,1,3,4,2,11,12,2,13]],[[[77,"project",".manifest"],-1],0,0,[],[],[]],[[{"name":"default_sprite_splash","rect":{"x":0,"y":0,"width":2,"height":2},"offset":{"x":0,"y":0},"originalSize":{"width":2,"height":2},"rotated":false,"capInsets":[0,0,0,0],"vertices":{"rawPosition":[-1,-1,0,1,-1,0,-1,1,0,1,1,0],"indexes":[0,1,2,2,1,3],"uv":[0,2,2,2,0,0,2,0],"nuv":[0,0,1,0,0,1,1,1],"minPos":{"x":-1,"y":-1,"z":0},"maxPos":{"x":1,"y":1,"z":0}},"packable":true,"pixelsToUnit":100,"pivot":{"x":0.5,"y":0.5},"meshType":0}],[3],0,[0],[4],[14]],[[{"name":"default_btn_disabled","rect":{"x":0,"y":0,"width":40,"height":40},"offset":{"x":0,"y":0},"originalSize":{"width":40,"height":40},"rotated":false,"capInsets":[12,12,12,12],"vertices":{"rawPosition":[-20,-20,0,20,-20,0,-20,20,0,20,20,0],"indexes":[0,1,2,2,1,3],"uv":[0,40,40,40,0,0,40,0],"nuv":[0,0,1,0,0,1,1,1],"minPos":{"x":-20,"y":-20,"z":0},"maxPos":{"x":20,"y":20,"z":0}},"packable":true,"pixelsToUnit":100,"pivot":{"x":0.5,"y":0.5},"meshType":0}],[3],0,[0],[4],[15]],[[{"name":"default_progressbar_bg","rect":{"x":0,"y":0,"width":60,"height":15},"offset":{"x":0,"y":0},"originalSize":{"width":60,"height":15},"rotated":false,"capInsets":[10,4,10,4],"vertices":{"rawPosition":[-30,-7.5,0,30,-7.5,0,-30,7.5,0,30,7.5,0],"indexes":[0,1,2,2,1,3],"uv":[0,15,60,15,0,0,60,0],"nuv":[0,0,1,0,0,1,1,1],"minPos":{"x":-30,"y":-7.5,"z":0},"maxPos":{"x":30,"y":7.5,"z":0}},"packable":true,"pixelsToUnit":100,"pivot":{"x":0.5,"y":0.5},"meshType":0}],[3],0,[0],[4],[16]],[[[78,"hotUpdate"],[37,"hotUpdate",[-10,-11,-12,-13,-14,-15],[[3,-2,[0,"fb9RjF1iREVKxzf/D83+Sv"],[5,1600,800]],[11,45,100,100,-3,[0,"18j4YNGq5Kj4e/xOLt1xcu"]],[79,-9,[0,"2d4iCzwUtOuYkDksVMH+Vk"],-8,-7,-6,-5,-4,20]],[2,"c46/YsCPVOJYA4mWEpNYRx",null,null,null,-1,0]],[38,"node_updata_tips",1,[-17,-18,-19,-20,-21,-22],[[49,-16,[0,"0eJehLOLhN446P7wzyeZpq"]]],[2,"7egWZON4RNDLWGvrnoAvI8",null,null,null,1,0]],[42,"ProgressBar_updata",1,[-26,-27],[[[3,-23,[0,"08C62xpkVPqZiJDFpyXjCd"],[5,424,59]],[14,1,0,-24,[0,"d0576u6FJCf5dDkt56QDUO"],3,4],-25],4,4,1],[2,"7dZu5X1g1DH6Wux58V4rLE",null,null,null,1,0],[1,0,-243.974,0],[1,-1,1,1]],[18,"btn_updata_cancel",33554432,2,[-32],[[3,-28,[0,"eeGxZj9dZPcY2MtzxOajTo"],[5,165,61]],[14,1,0,-29,[0,"fcTpiBdTJI7pxNUynZYFYK"],11,12],[26,3,0.9,-31,[0,"1fvki+4ZtGG4fL+BSWPuI3"],[4,4292269782],-30,13]],[2,"09fp9vr79MBr2pLQaK3/YC",null,null,null,1,0],[1,-114,-96,0]],[18,"btn_updata_ok",33554432,2,[-37],[[3,-33,[0,"6eyaMDzpBO+KsbmFfVZ4QM"],[5,165,61]],[14,1,0,-34,[0,"8a1ILc1KxMpZYrIP53kMl6"],16,17],[26,3,0.9,-36,[0,"bcOyLfEehK0pRKMGMZJfwB"],[4,4292269782],-35,18]],[2,"b8m5KWnGJKOqjHsjvv2dna",null,null,null,1,0],[1,114,-96,0]],[39,"logPanel",false,1,[-40,-41],[[3,-38,[0,"50j+i+GPxCVaSRO2hpCGok"],[5,1600,800]],[11,45,100,100,-39,[0,"benbhzCt5Ioqt38Q6TrLMH"]]],[2,"52BXM0BE5JqpV6hEm89eFO",null,null,null,1,0]],[19,"spr_updata_bg",1,[[3,-42,[0,"c3PjSlypRAGpLPgO69f+wX"],[5,1600,800]],[54,0,-43,[0,"b2zXy10R1GLq17/eMZbRk2"],0],[11,45,1625,750,-44,[0,"34gVjMOHlALp3O5NKKikRr"]]],[2,"4eizUgSddCiaKCeIujyKDw",null,null,null,1,0]],[19,"SpriteSplash",6,[[3,-45,[0,"a9QuYYgjdEMpQYnWRJ7mAz"],[5,1600,800]],[55,0,-46,[0,"f7VOpGsXFILoGX9CWUTwh4"],[4,2399141900],19],[11,45,100,100,-47,[0,"ded8sYrWBABamr5FHowhUM"]]],[2,"1185VV+khIRYYKKOxQI3I5",null,null,null,1,0]],[20,"logStr",6,[[[3,-48,[0,"bcJeQuTCFO/pTl3iltNzbQ"],[5,1529.538,50.4]],-49,[52,525.4100000000001,525.4100000000001,549.18,-50,[0,"7cW2TsA/NO9Koqmwp9qlJv"]]],4,1,4],[2,"81LvAt9odHq6bzTOm9nN1k",null,null,null,1,0],[1,-5.696000000000026,0,0]],[20,"Label_updata_v",1,[[[3,-51,[0,"94FjOrfTtIVLj8BvMirITf"],[5,262.37,50.4]],-52],4,1],[2,"66FoQevUZCDoJALsAxH3Ei",null,null,null,1,0],[1,0,-190,0]],[7,"Sprite",33554432,3,[[22,-53,[0,"e5lCJL0xNO47XSD7dkDLeT"],[5,330,26],[0,1,0.5]],[12,-54,[0,"a2GyuCgeNB7KkwhNdw41Ve"],1,2]],[2,"efe9NaM0hB452Om6efAzzc",null,null,null,1,0],[1,164,7,0]],[43,"Bar",33554432,3,[[[22,-55,[0,"caJbmCLBZNPJbCqN2Cmse5"],[5,330,26],[0,0,0.5]],-56],4,1],[2,"28hhuMBaNDDpXiou7sCsNV",null,null,null,1,0],[1,-166,7,0]],[7,"spr_updata_tipsBg",33554432,2,[[3,-57,[0,"cf1ZE4VVNCV69n5lFSTPAV"],[5,696,407]],[56,0,-58,[0,"a959nlGvhLqJOTuK7tZaij"],5,6]],[2,"b9FatvQs9JOJRTKYGJGBAz",null,null,null,1,0],[1,0,-1.233,0]],[7,"spr_updata_tipsTitle",33554432,2,[[3,-59,[0,"8dmHi/2slIaJ40yu+PatJe"],[5,190,29]],[12,-60,[0,"efCB9j6adLD7ru5qH8KdxJ"],7,8]],[2,"6bB9nfn8xCorWg9pkZFQcK",null,null,null,1,0],[1,0.06899999999999995,125.74,0]],[7,"Label_updata_tips",33554432,2,[[3,-61,[0,"82LrJb2DNPqaU/dEXfT3sT"],[5,360,50.4]],[65,"检测到新版本，是否更新？",30,30,-62,[0,"edRZatCEpGKpMpm2oXUpeW"],[4,4283817471]]],[2,"afaP8aIVpN5L1t1UOq0mF1",null,null,null,1,0],[1,0,49.179,0]],[40,"Label_updata_content",2,[[3,-63,[0,"ea9rk0cPZF6b7ybbWG2qaH"],[5,400,37.8]],[66,"",24,24,30,3,-64,[0,"c0BbPiKGxAYb+WIxxEkudj"],[4,4281376441]]],[2,"95C+M0rd1ATIsFtRw45kB1",null,null,null,1,0],[1,0,-18.21,0]],[7,"word_tips_cancel",33554432,4,[[3,-65,[0,"ceFpXHS7xJFKre44rUI7cS"],[5,99,23]],[12,-66,[0,"9eYZdgQ/VKeae++sd04Tak"],9,10]],[2,"fbT1TGNllKKJdTF2DQA3zP",null,null,null,1,0],[1,0,2,0]],[7,"word_tips_ok",33554432,5,[[3,-67,[0,"42qaNhOcVDuJFwB6YB7Mtt"],[5,36,23]],[12,-68,[0,"36gLTxxUFJHb3roqVeOR9M"],14,15]],[2,"20WtDllo5OCIbtlTMPL/x/",null,null,null,1,0],[1,0,2,0]],[44,"currVersion",false,1,[[[3,-69,[0,"39m++YYy9FGY3iHL0DphGm"],[5,13.32,50.4]],-70],4,1],[2,"2f2JJqNoxNr4wm5/jJVAZo",null,null,null,1,0],[1,0,-290,0]],[28,"Version checking, please wait",20,20,10,[0,"81IM39aV9Nqa9/nkXeKDYl"]],[57,1,0,12,[0,"18Z69eBJBFaImoqX3Clso6"]],[61,330,1,3,[0,"8dIRvBe31BCZkMBhH06g6c"],21],[28,"--",20,20,19,[0,"19DS1YcQpBur2VnzNzVvnk"]],[67,"ssssssssss",20,20,3,9,[0,"1akiSRa8JDSaw0uF9pi31I"]]],0,[0,7,1,0,0,1,0,0,1,0,16,2,0,17,24,0,18,20,0,19,23,0,20,22,0,0,1,0,-1,7,0,-2,10,0,-3,3,0,-4,2,0,-5,19,0,-6,6,0,0,2,0,-1,13,0,-2,14,0,-3,15,0,-4,16,0,-5,4,0,-6,5,0,0,3,0,0,3,0,-3,22,0,-1,11,0,-2,12,0,0,4,0,0,4,0,5,4,0,0,4,0,-1,17,0,0,5,0,0,5,0,5,5,0,0,5,0,-1,18,0,0,6,0,0,6,0,-1,8,0,-2,9,0,0,7,0,0,7,0,0,7,0,0,8,0,0,8,0,0,8,0,0,9,0,-2,24,0,0,9,0,0,10,0,-2,20,0,0,11,0,0,11,0,0,12,0,-2,21,0,0,13,0,0,13,0,0,14,0,0,14,0,0,15,0,0,15,0,0,16,0,0,16,0,0,17,0,0,17,0,0,18,0,0,18,0,0,19,0,-2,23,0,21,1,70],[0,0,0,0,0,0,0,0,0,0,0,0,0,0,0,0,0,0,0,0,0,21,21],[1,1,3,1,3,1,3,1,3,1,3,1,3,6,1,3,1,3,6,1,22,1,3],[17,18,0,19,0,20,0,21,0,22,0,5,0,5,23,0,6,0,6,2,24,25,0]]]]
