[1,["c3cNUD/89BwJYCSLvB3p1o@6c48a"],0,[["sp.SkeletonData",["_name","_atlasText","textureNames","_skeletonJson","textures"],-1,3]],[[0,0,1,2,3,4,5]],[[0,"rk_longhu_da","\r\nrk_longhu_da.png\r\nsize: 1024,256\r\nformat: RGBA8888\r\nfilter: Linear,Linear\r\nrepeat: none\r\nbg_longhu_chagn\r\n  rotate: true\r\n  xy: 2, 8\r\n  size: 206, 420\r\n  orig: 206, 420\r\n  offset: 0, 0\r\n  index: -1\r\nhu\r\n  rotate: true\r\n  xy: 681, 13\r\n  size: 201, 218\r\n  orig: 201, 218\r\n  offset: 0, 0\r\n  index: -1\r\nlong\r\n  rotate: true\r\n  xy: 424, 2\r\n  size: 212, 255\r\n  orig: 212, 255\r\n  offset: 0, 0\r\n  index: -1\r\n",["rk_longhu_da.png"],{"skeleton":{"hash":"HTrPJVMdkhBIEz/0X+Eudexi+r4","spine":"3.8.99","x":-133,"y":-1.66,"width":252,"height":424,"images":"","audio":""},"bones":[{"name":"root"},{"name":"骨骼","parent":"root","x":18,"y":313.34},{"name":"骨骼2","parent":"root","y":-29.66},{"name":"骨骼3","parent":"root","x":18,"y":220.34},{"name":"骨骼4","parent":"root","y":-29.66}],"slots":[{"name":"bg_longhu_chagn","bone":"root","attachment":"bg_longhu_chagn"},{"name":"hu","bone":"骨骼","attachment":"hu"},{"name":"long","bone":"骨骼2","attachment":"long"},{"name":"hu2","bone":"骨骼3","attachment":"hu"},{"name":"long2","bone":"骨骼4","attachment":"long"}],"skins":[{"name":"default","attachments":{"bg_longhu_chagn":{"bg_longhu_chagn":{"y":211.1,"width":206,"height":420}},"hu":{"hu":{"x":0.5,"width":201,"height":218}},"hu2":{"hu":{"x":0.5,"y":93,"width":201,"height":218}},"long":{"long":{"x":-27,"y":155.5,"width":212,"height":255}},"long2":{"long":{"x":-26,"y":155.5,"width":212,"height":255}}}}],"animations":{"animation":{"slots":{"hu2":{"color":[{"color":"ffffffff"},{"time":1,"color":"ffffff00"}]},"long2":{"color":[{"time":2,"color":"ffffffff"},{"time":3,"color":"ffffff35"}]}},"bones":{"骨骼":{"rotate":[{},{"time":1,"angle":-7.63},{"time":2}],"scale":[{},{"time":1,"x":1.1,"y":1.1},{"time":2}]},"骨骼3":{"scale":[{"time":1,"x":1.1,"y":1.1}]},"骨骼2":{"rotate":[{"time":2},{"time":3,"angle":3},{"time":4}],"scale":[{"time":2},{"time":3,"x":1.1,"y":1.1},{"time":4}]},"骨骼4":{"rotate":[{"time":2},{"time":3,"angle":3},{"time":4}],"scale":[{"time":2},{"time":3,"x":1.2,"y":1.2},{"time":4}]}}}}},[0]]],0,0,[0],[-1],[0]]
