[1,["17e2fbd6f@6c48a"],["_textureSource"],["cc.SpriteFrame"],0,[[[{"name":"btn_aktivitas_1","rect":{"x":3,"y":3,"width":225,"height":84},"offset":{"x":0,"y":0},"originalSize":{"width":225,"height":84},"rotated":true,"capInsets":[0,0,0,0],"packable":true,"pixelsToUnit":100,"pivot":{"x":0.5,"y":0.5},"meshType":0}],[0],0,[0],[0],[0]],[[{"name":"btn_aktivitas_2","rect":{"x":3,"y":234,"width":225,"height":84},"offset":{"x":0,"y":0},"originalSize":{"width":225,"height":84},"rotated":true,"capInsets":[0,0,0,0],"packable":true,"pixelsToUnit":100,"pivot":{"x":0.5,"y":0.5},"meshType":0}],[0],0,[0],[0],[0]],[[{"name":"spr_aktivitas_title","rect":{"x":3,"y":465,"width":210,"height":77},"offset":{"x":-0.5,"y":-0.5},"originalSize":{"width":215,"height":80},"rotated":true,"capInsets":[0,0,0,0],"packable":true,"pixelsToUnit":100,"pivot":{"x":0.5,"y":0.5},"meshType":0}],[0],0,[0],[0],[0]]]]
