[1,["0daLa5XD1KHpOTxNA7fWMs@6c48a"],["_textureSource"],["cc.SpriteFrame"],0,[{"name":"word_vip","rect":{"x":0,"y":0,"width":32,"height":25},"offset":{"x":0,"y":0},"originalSize":{"width":32,"height":25},"rotated":false,"capInsets":[0,0,0,0],"vertices":{"rawPosition":[-16,-12.5,0,16,-12.5,0,-16,12.5,0,16,12.5,0],"indexes":[0,1,2,2,1,3],"uv":[0,25,32,25,0,0,32,0],"nuv":[0,0,1,0,0,1,1,1],"minPos":{"x":-16,"y":-12.5,"z":0},"maxPos":{"x":16,"y":12.5,"z":0}},"packable":true,"pixelsToUnit":100,"pivot":{"x":0.5,"y":0.5},"meshType":0}],[0],0,[0],[0],[0]]
