[1,["1c05a3684@6c48a"],["_textureSource"],["cc.SpriteFrame","cc.SpriteAtlas"],0,[[[{"name":"maintenance_popup_bg","rect":{"x":2,"y":520,"width":740,"height":473},"offset":{"x":0,"y":0},"originalSize":{"width":740,"height":473},"rotated":false,"capInsets":[0,0,0,0],"packable":true,"pixelsToUnit":100,"pivot":{"x":0.5,"y":0.5},"meshType":0}],[0],0,[0],[0],[0]],[[{"name":"btn_login_loginAkun","rect":{"x":746,"y":503,"width":416,"height":80},"offset":{"x":0,"y":0},"originalSize":{"width":418,"height":82},"rotated":true,"capInsets":[0,0,0,0],"packable":true,"pixelsToUnit":100,"pivot":{"x":0.5,"y":0.5},"meshType":0}],[0],0,[0],[0],[0]],[[{"name":"btn_login_login1","rect":{"x":746,"y":923,"width":220,"height":56},"offset":{"x":0,"y":0},"originalSize":{"width":220,"height":56},"rotated":false,"capInsets":[0,0,0,0],"packable":true,"pixelsToUnit":100,"pivot":{"x":0.5,"y":0.5},"meshType":0}],[0],0,[0],[0],[0]],[[{"name":"btn_login_phone","rect":{"x":830,"y":503,"width":416,"height":80},"offset":{"x":0,"y":0},"originalSize":{"width":418,"height":82},"rotated":true,"capInsets":[0,0,0,0],"packable":true,"pixelsToUnit":100,"pivot":{"x":0.5,"y":0.5},"meshType":0}],[0],0,[0],[0],[0]],[[{"name":"btn_login_tamu","rect":{"x":914,"y":503,"width":416,"height":80},"offset":{"x":0,"y":0},"originalSize":{"width":418,"height":82},"rotated":true,"capInsets":[0,0,0,0],"packable":true,"pixelsToUnit":100,"pivot":{"x":0.5,"y":0.5},"meshType":0}],[0],0,[0],[0],[0]],[[{"name":"login_icon","rect":{"x":745,"y":2,"width":497,"height":246},"offset":{"x":0,"y":0.5},"originalSize":{"width":499,"height":247},"rotated":true,"capInsets":[0,0,0,0],"packable":true,"pixelsToUnit":100,"pivot":{"x":0.5,"y":0.5},"meshType":0}],[0],0,[0],[0],[0]],[[{"name":"auto_login","spriteFrames":[]}],[1],0,[],[],[]],[[{"name":"img_prohibit_login","rect":{"x":2,"y":2,"width":739,"height":514},"offset":{"x":0.5,"y":3},"originalSize":{"width":740,"height":520},"rotated":false,"capInsets":[0,0,0,0],"packable":true,"pixelsToUnit":100,"pivot":{"x":0.5,"y":0.5},"meshType":0}],[0],0,[0],[0],[0]]]]
