[1,["1c5dd5b00@6c48a"],["_textureSource"],["cc.SpriteFrame","cc.SpriteAtlas"],0,[[[{"name":"bg_fenxiang_1_2","rect":{"x":3,"y":3,"width":492,"height":489},"offset":{"x":0,"y":0},"originalSize":{"width":492,"height":489},"rotated":false,"capInsets":[0,0,0,0],"packable":true,"pixelsToUnit":100,"pivot":{"x":0.5,"y":0.5},"meshType":0}],[0],0,[0],[0],[0]],[[{"name":"bg_fenxiang_1_1","rect":{"x":3,"y":498,"width":492,"height":489},"offset":{"x":0,"y":0},"originalSize":{"width":492,"height":489},"rotated":true,"capInsets":[0,0,0,0],"packable":true,"pixelsToUnit":100,"pivot":{"x":0.5,"y":0.5},"meshType":0}],[0],0,[0],[0],[0]],[[{"name":"Recharge Rebate for  Direct Affiliates","rect":{"x":965,"y":720,"width":217,"height":47},"offset":{"x":0,"y":0},"originalSize":{"width":217,"height":47},"rotated":true,"capInsets":[0,0,0,0],"packable":true,"pixelsToUnit":100,"pivot":{"x":0.5,"y":0.5},"meshType":0}],[0],0,[0],[0],[0]],[[{"name":"bg_fenxiang_1_3","rect":{"x":813,"y":3,"width":979,"height":88},"offset":{"x":0,"y":0},"originalSize":{"width":979,"height":88},"rotated":true,"capInsets":[0,0,0,0],"packable":true,"pixelsToUnit":100,"pivot":{"x":0.5,"y":0.5},"meshType":0}],[0],0,[0],[0],[0]],[[{"name":"icon_halo","rect":{"x":498,"y":759,"width":248,"height":245},"offset":{"x":0,"y":0},"originalSize":{"width":248,"height":245},"rotated":false,"capInsets":[0,0,0,0],"packable":true,"pixelsToUnit":100,"pivot":{"x":0.5,"y":0.5},"meshType":0}],[0],0,[0],[0],[0]],[[{"name":"zi_receive_1","rect":{"x":907,"y":952,"width":103,"height":27},"offset":{"x":0,"y":0},"originalSize":{"width":103,"height":27},"rotated":false,"capInsets":[0,0,0,0],"packable":true,"pixelsToUnit":100,"pivot":{"x":0.5,"y":0.5},"meshType":0}],[0],0,[0],[0],[0]],[[{"name":"Total number of invitations","rect":{"x":3,"y":996,"width":281,"height":23},"offset":{"x":0,"y":0},"originalSize":{"width":281,"height":23},"rotated":false,"capInsets":[0,0,0,0],"packable":true,"pixelsToUnit":100,"pivot":{"x":0.5,"y":0.5},"meshType":0}],[0],0,[0],[0],[0]],[[{"name":"bg_fenxiang_2","rect":{"x":501,"y":3,"width":306,"height":750},"offset":{"x":0,"y":0},"originalSize":{"width":306,"height":750},"rotated":false,"capInsets":[0,0,0,0],"packable":true,"pixelsToUnit":100,"pivot":{"x":0.5,"y":0.5},"meshType":0}],[0],0,[0],[0],[0]],[[{"name":"auto_refferal","spriteFrames":[]}],[1],0,[],[],[]],[[{"name":"Rewards available","rect":{"x":290,"y":996,"width":195,"height":23},"offset":{"x":0,"y":0},"originalSize":{"width":195,"height":23},"rotated":false,"capInsets":[0,0,0,0],"packable":true,"pixelsToUnit":100,"pivot":{"x":0.5,"y":0.5},"meshType":0}],[0],0,[0],[0],[0]],[[{"name":"title_fenxiang_1","rect":{"x":907,"y":3,"width":711,"height":88},"offset":{"x":0,"y":0},"originalSize":{"width":711,"height":88},"rotated":true,"capInsets":[0,0,0,0],"packable":true,"pixelsToUnit":100,"pivot":{"x":0.5,"y":0.5},"meshType":0}],[0],0,[0],[0],[0]],[[{"name":"btn_zi_2_0","rect":{"x":1001,"y":3,"width":159,"height":20},"offset":{"x":0,"y":0},"originalSize":{"width":159,"height":20},"rotated":true,"capInsets":[0,0,0,0],"packable":true,"pixelsToUnit":100,"pivot":{"x":0.5,"y":0.5},"meshType":0}],[0],0,[0],[0],[0]],[[{"name":"Today’s rebate amount","rect":{"x":752,"y":988,"width":265,"height":29},"offset":{"x":0,"y":0},"originalSize":{"width":265,"height":29},"rotated":false,"capInsets":[0,0,0,0],"packable":true,"pixelsToUnit":100,"pivot":{"x":0.5,"y":0.5},"meshType":0}],[0],0,[0],[0],[0]],[[{"name":"Yesterday’s rebate  amount","rect":{"x":752,"y":759,"width":216,"height":48},"offset":{"x":0,"y":0},"originalSize":{"width":216,"height":48},"rotated":true,"capInsets":[0,0,0,0],"packable":true,"pixelsToUnit":100,"pivot":{"x":0.5,"y":0.5},"meshType":0}],[0],0,[0],[0],[0]],[[{"name":"Number of invitations  today","rect":{"x":907,"y":720,"width":226,"height":52},"offset":{"x":0,"y":0},"originalSize":{"width":226,"height":52},"rotated":true,"capInsets":[0,0,0,0],"packable":true,"pixelsToUnit":100,"pivot":{"x":0.5,"y":0.5},"meshType":0}],[0],0,[0],[0],[0]]]]
