[1,["d9oDWVJjlKPon5zIPQxUPt@6c48a"],0,[["sp.SkeletonData",["_name","_atlasText","textureNames","_skeletonJson","textures"],-1,3]],[[0,0,1,2,3,4,5]],[[0,"qiuqiuda","\r\nqiuqiuda.png\r\nsize: 1024,256\r\nformat: RGBA8888\r\nfilter: Linear,Linear\r\nrepeat: none\r\nchouma\r\n  rotate: false\r\n  xy: 830, 124\r\n  size: 111, 108\r\n  orig: 111, 108\r\n  offset: 0, 0\r\n  index: -1\r\ngp1\r\n  rotate: false\r\n  xy: 830, 2\r\n  size: 88, 120\r\n  orig: 88, 120\r\n  offset: 0, 0\r\n  index: -1\r\ngp2\r\n  rotate: false\r\n  xy: 920, 2\r\n  size: 88, 120\r\n  orig: 88, 120\r\n  offset: 0, 0\r\n  index: -1\r\nqiuqiubg\r\n  rotate: true\r\n  xy: 424, 20\r\n  size: 212, 201\r\n  orig: 212, 201\r\n  offset: 0, 0\r\n  index: -1\r\nqiuqiudabg\r\n  rotate: true\r\n  xy: 2, 26\r\n  size: 206, 420\r\n  orig: 206, 420\r\n  offset: 0, 0\r\n  index: -1\r\nshafa\r\n  rotate: false\r\n  xy: 627, 30\r\n  size: 201, 202\r\n  orig: 201, 202\r\n  offset: 0, 0\r\n  index: -1\r\n",["qiuqiuda.png"],{"skeleton":{"hash":"OCI8si3fn3BUdFOJQ9X+YhyB9ZY","spine":"3.8.99","x":-153.89,"y":0.51,"width":306.97,"height":420,"images":"./qiuqiurukou/","audio":"E:/新版UI/平台/入口新源文件/球球"},"bones":[{"name":"root"},{"name":"bone","parent":"root","length":81.04,"rotation":111.8,"x":-46.01,"y":168.74,"scaleX":1.1718,"scaleY":1.1718},{"name":"bone2","parent":"root","length":83.16,"rotation":70.56,"x":50.67,"y":219.38,"scaleX":1.1666,"scaleY":1.1666},{"name":"bone3","parent":"root","length":60.19,"rotation":90.75,"x":11.78,"y":186.75,"scaleX":1.3921,"scaleY":1.3921},{"name":"骨骼","parent":"root","y":-24.38},{"name":"骨骼2","parent":"骨骼","y":7.5}],"slots":[{"name":"bg","bone":"root","attachment":"qiuqiudabg"},{"name":"sf","bone":"骨骼2","attachment":"sf"},{"name":"ss","bone":"骨骼2","attachment":"shafa"},{"name":"gp1","bone":"bone2","attachment":"gp1"},{"name":"gp2","bone":"bone","attachment":"gp2"},{"name":"chouma","bone":"bone3","attachment":"chouma"}],"skins":[{"name":"default","attachments":{"bg":{"qiuqiubg":{"y":89.54,"width":212,"height":201},"qiuqiudabg":{"y":210.51,"width":206,"height":420}},"chouma":{"chouma":{"x":31.5,"y":3.74,"rotation":-91.18,"width":111,"height":108}},"gp1":{"gp1":{"x":-0.66,"y":-9.09,"rotation":-75.02,"width":88,"height":120}},"gp2":{"gp2":{"x":39.05,"y":-4.7,"rotation":-111.8,"width":88,"height":120}},"sf":{"sf":{"type":"clipping","end":"sf","vertexCount":7,"color":"ce3a3aff","vertices":[-96.34,212.45,-97.25,147.49,-97.4,41.98,98.28,60.52,96.97,215.24,177.75,387.7,-167.2,389.15]}},"ss":{"shafa":{"x":-0.4,"y":221.84,"scaleX":1.5272,"scaleY":1.5272,"width":201,"height":202}}}}],"animations":{"animation":{"bones":{"bone3":{"translate":[{},{"time":1,"x":-0.39,"y":29.75},{"time":1.2333,"x":0.07,"y":-5.54},{"time":2}]},"bone2":{"rotate":[{},{"time":1,"angle":-5.08},{"time":2}]},"bone":{"rotate":[{},{"time":1,"angle":4.58},{"time":2}]}}}}},[0]]],0,0,[0],[-1],[0]]
