[1,["1anVhunSdLTrakBUfQ1dAh@6c48a"],0,[["sp.SkeletonData",["_name","_atlasText","textureNames","_skeletonJson","textures"],-1,3]],[[0,0,1,2,3,4,5]],[[0,"offloading","\r\noffloading.png\r\nsize: 2048,1024\r\nformat: RGBA8888\r\nfilter: Linear,Linear\r\nrepeat: none\r\nbg\r\n  rotate: false\r\n  xy: 2, 149\r\n  size: 1334, 750\r\n  orig: 1334, 750\r\n  offset: 0, 0\r\n  index: -1\r\nclian\r\n  rotate: false\r\n  xy: 1338, 149\r\n  size: 679, 750\r\n  orig: 679, 750\r\n  offset: 0, 0\r\n  index: -1\r\nhalo\r\n  rotate: false\r\n  xy: 274, 18\r\n  size: 170, 129\r\n  orig: 170, 129\r\n  offset: 0, 0\r\n  index: -1\r\njinbi\r\n  rotate: false\r\n  xy: 795, 53\r\n  size: 260, 94\r\n  orig: 260, 94\r\n  offset: 0, 0\r\n  index: -1\r\njinbixiao\r\n  rotate: false\r\n  xy: 1383, 72\r\n  size: 106, 75\r\n  orig: 106, 75\r\n  offset: 0, 0\r\n  index: -1\r\npai\r\n  rotate: false\r\n  xy: 2, 2\r\n  size: 270, 145\r\n  orig: 270, 145\r\n  offset: 0, 0\r\n  index: -1\r\nrummy1\r\n  rotate: false\r\n  xy: 1057, 63\r\n  size: 324, 84\r\n  orig: 324, 84\r\n  offset: 0, 0\r\n  index: -1\r\nrummy2\r\n  rotate: false\r\n  xy: 446, 34\r\n  size: 347, 113\r\n  orig: 347, 113\r\n  offset: 0, 0\r\n  index: -1\r\n",["offloading.png"],{"skeleton":{"hash":"oozRT73cqToSK8ALnttMlmvHcfw","spine":"3.8.99","x":-1464.78,"y":-375,"width":2929.9,"height":750,"images":"./源文件/","audio":""},"bones":[{"name":"root"},{"name":"zuo","parent":"root","x":-1464},{"name":"you","parent":"root","x":1464},{"name":"logo","parent":"root"},{"name":"pai","parent":"logo","x":-19.98,"y":-7.53},{"name":"jinbi","parent":"logo","x":-87.93,"y":-8.57},{"name":"halo","parent":"logo","x":-282.07,"y":-45.68}],"slots":[{"name":"bg","bone":"root","attachment":"bg"},{"name":"clian","bone":"zuo","attachment":"clian"},{"name":"clian2","bone":"you","attachment":"clian"},{"name":"pai","bone":"pai","attachment":"pai"},{"name":"jinbixiao","bone":"jinbi","attachment":"jinbixiao"},{"name":"logobg","bone":"logo","attachment":"jinbi"},{"name":"mignzi","bone":"logo","attachment":"rummy2"},{"name":"logo","bone":"logo","attachment":"logo"},{"name":"mingzishang","bone":"logo","attachment":"rummy1"},{"name":"halo","bone":"halo","attachment":"halo"}],"skins":[{"name":"default","attachments":{"bg":{"bg":{"width":1334,"height":750}},"clian":{"clian":{"x":338.72,"width":679,"height":750}},"clian2":{"clian":{"x":-338.38,"scaleX":-1,"width":679,"height":750}},"halo":{"halo":{"x":11.42,"y":0.5,"width":170,"height":129}},"jinbixiao":{"jinbixiao":{"x":-17.13,"y":15.92,"width":106,"height":75}},"logo":{"logo":{"type":"clipping","end":"logo","vertexCount":83,"color":"ce3a3aff","vertices":[-162.6,-27.34,-165.88,-91.09,-146.15,-87.8,-145.14,-72.62,-140.58,-71.61,-133.25,-87.3,-109.72,-82.74,-120.09,-64.27,-112.25,-54.41,-110.22,-45.81,-108.52,-45.51,-109.14,-58.32,-106.77,-67.92,-102.04,-73,-92.59,-77.55,-81.74,-77.9,-73.52,-75.97,-64.77,-71.25,-60.04,-67.05,-54.62,-58.82,-52.17,-49.2,-49.3,-47.88,-51.25,-85.84,-32.4,-81.94,-31.75,-54.51,-23.82,-75.7,-8.87,-74.27,0.62,-50.61,-0.16,-78.69,18.17,-75.96,20.9,-23.83,24.41,-22.66,21.81,-86.23,40.53,-82.98,41.23,-54.9,49.42,-76.35,64.5,-74.4,73.86,-50.87,73.08,-78.82,91.49,-75.7,94.22,-25.13,96.43,-24.09,114.89,-63.61,115.15,-84.02,136.34,-80.9,136.21,-61.66,157.92,-13.3,136.99,-16.29,126.33,-39.43,116.97,-19.8,96.25,-22.74,94.37,-24.1,94.89,-10.63,72.23,-14.72,58.78,-46.64,46.48,-18.29,24.86,-21.75,21.01,-23.31,21.61,-10.3,-0.98,-14.69,-14.77,-46.52,-25.9,-18.32,-48.05,-22.07,-49.3,-47.13,-52.16,-48.57,-50.36,-6.58,-71.46,-10.08,-73.16,-48.98,-74.41,-52.78,-78.21,-56.78,-80.71,-58.38,-84.81,-57.08,-87.31,-53.88,-88.01,-49.58,-85.71,-12.28,-106.71,-15.78,-108.29,-44.8,-110.07,-45.3,-110.23,-36.3,-112.95,-28.18,-118.58,-24.12,-125.62,-21.97,-133.51,-21.91]}},"logobg":{"jinbi":{"width":260,"height":94}},"mignzi":{"rummy2":{"x":-4.07,"y":-57.17,"width":347,"height":113}},"mingzishang":{"rummy1":{"x":-4,"y":-49.11,"width":324,"height":84}},"pai":{"pai":{"x":42.82,"y":67.31,"width":270,"height":145}}}}],"animations":{"animation":{"slots":{"bg":{"color":[{"color":"ffffff00","curve":0.25,"c3":0.75},{"time":0.1667,"color":"ffffffff"}]},"halo":{"attachment":[{"name":null},{"time":0.6,"name":"halo"}]},"jinbixiao":{"color":[{"time":0.6,"color":"ffffff00"},{"time":0.6667,"color":"ffffffff"}],"attachment":[{"name":null},{"time":0.6,"name":"jinbixiao"}]},"logobg":{"color":[{"time":0.6,"color":"ffffff00"},{"time":0.6667,"color":"ffffffff"}],"attachment":[{"name":null},{"time":0.6,"name":"jinbi"}]},"mignzi":{"color":[{"time":0.6,"color":"ffffff00"},{"time":0.6667,"color":"ffffffff"}],"attachment":[{"name":null},{"time":0.6,"name":"rummy2"}]},"mingzishang":{"color":[{"time":0.6,"color":"ffffff00"},{"time":0.6667,"color":"ffffffff"}],"attachment":[{"name":null},{"time":0.6,"name":"rummy1"}]},"pai":{"color":[{"time":0.6,"color":"ffffff00"},{"time":0.6667,"color":"ffffffff"}],"attachment":[{"name":null},{"time":0.6,"name":"pai"}]}},"bones":{"halo":{"translate":[{"time":0.6},{"time":1.4333,"x":464.29}]},"jinbi":{"rotate":[{"time":0.6,"angle":7.67},{"time":1.0333,"angle":-8.5},{"time":1.4333,"angle":7.67}]},"pai":{"rotate":[{"time":0.6,"angle":-2.5},{"time":1.0333,"angle":5.18},{"time":1.4333,"angle":-2.5}]},"you":{"translate":[{"time":0.1},{"time":0.6667,"x":-797}]},"zuo":{"translate":[{"time":0.1},{"time":0.6667,"x":797}]}}}}},[0]]],0,0,[0],[-1],[0]]
