[1,["72W2ILio5Nv737kUqHy9NN","b1V8y+lxxA8oDo0ZGU90wg@f9941","e4uT78j39M2aEkr5/5HHvT@f9941","7dj5uJT9FMn6OrOOx83tfK@f9941","dbnYVTnjBK9LK4olIriAqE","edGYqCJblNdKbsgzrhqY1b@f9941","b7MFJ8MjNBwqr3fNq1j5dJ@6c48a","f7BkaycN1N6KusU1/pbLX7@f9941","92ZZgJTFZCmrT2YZZYP3rK@f9941","ffuIqPr2JI9I8dPLYGRDpD@f9941","b7MFJ8MjNBwqr3fNq1j5dJ@f9941","14ad46CnxGH4lm4ZljKy7H","54sgwCzVRLFYTLJtn0mySJ@f9941","ecXwhQqTlPgbyfxHU55kVy","afxHkx8GZGsJC+n+YfITQo@f9941","f7BkaycN1N6KusU1/pbLX7@6c48a"],["node","_spriteFrame","_atlas","_target","_normalSprite","_textureSource","_checkMark","_parent","root","data","_scrollView","_defaultClip"],[["cc.Node",["_name","_layer","_active","_objFlags","_components","_prefab","_parent","_lpos","_children"],-1,9,4,1,5,2],["cc.Sprite",["_sizeMode","_type","_enabled","_isTrimmedMode","node","__prefab","_spriteFrame","_atlas","_color"],-1,1,4,6,6,5],["cc.Label",["_actualFontSize","_fontSize","_overflow","_enableWrapText","_string","_lineHeight","node","__prefab","_color"],-3,1,4,5],["cc.Node",["_name","_layer","_active","_parent","_components","_prefab","_children","_lpos"],0,1,12,4,2,5],["cc.UITransform",["node","__prefab","_contentSize","_anchorPoint"],3,1,4,5,5],"cc.SpriteFrame",["cc.Widget",["_alignFlags","_originalHeight","_alignMode","_originalWidth","node","__prefab"],-1,1,4],["cc.Layout",["_resizeMode","_layoutType","_isAlign","_spacingY","node","__prefab"],-1,1,4],["cc.LabelOutline",["node","__prefab","_color"],3,1,4,5],"cc.SpriteAtlas",["cc.Prefab",["_name"],2],["cc.CompPrefabInfo",["fileId"],2],["cc.PrefabInfo",["fileId","instance","targetOverrides","nestedPrefabInstanceRoots","root","asset"],-1,1,1],["cc.Toggle",["_transition","_zoomScale","node","__prefab","_normalColor","_target","_checkMark","_normalSprite"],1,1,4,5,1,1,6],["cc.BlockInputEvents",["_enabled","node","__prefab"],2,1,4],["cc.Mask",["node","__prefab"],3,1,4],["cc.Graphics",["node","__prefab","_fillColor"],3,1,4,5],["cc.ToggleContainer",["node","__prefab"],3,1,4],["cc.Button",["_transition","_zoomScale","node","__prefab","_normalColor","_target","_normalSprite"],1,1,4,5,1,6],["cc.Animation",["playOnLoad","node","__prefab","_clips","_defaultClip"],2,1,4,3,6],["cc.ScrollBar",["_direction","node","__prefab","_handle"],2,1,4,1],["cc.ScrollView",["bounceDuration","brake","elastic","horizontal","node","__prefab","_content","_verticalScrollBar"],-1,1,4,1,1]],[[11,0,2],[12,0,1,2,3,4,5,5],[4,0,1,2,1],[0,0,1,6,4,5,7,3],[4,0,1,2,3,1],[0,0,1,6,4,5,3],[1,0,4,5,2],[8,0,1,2,1],[0,0,2,1,6,8,4,5,7,4],[8,0,1,1],[0,0,3,1,6,4,5,7,4],[3,0,1,3,6,4,5,3],[1,0,4,5,6,7,2],[1,0,4,5,8,6,2],[13,0,1,2,3,4,5,6,7,3],[2,4,0,1,6,7,8,4],[2,4,0,1,6,7,4],[10,0,2],[0,0,1,8,4,5,3],[0,0,2,1,8,4,5,7,4],[0,0,1,8,4,5,7,3],[0,0,1,6,8,4,5,7,3],[0,0,1,6,8,4,5,3],[0,0,2,1,6,4,5,7,4],[0,0,2,1,6,4,5,4],[3,0,1,3,6,4,5,7,3],[3,0,2,1,3,6,4,5,7,4],[3,0,1,3,4,5,7,3],[4,0,1,1],[1,2,1,0,4,5,6,4],[1,1,0,4,5,6,3],[1,1,0,4,5,6,7,3],[1,0,3,4,5,6,7,3],[1,4,5,6,1],[1,4,5,6,7,1],[1,1,0,4,5,3],[6,0,1,2,4,5,4],[6,0,3,1,4,5,4],[14,0,1,2,2],[7,0,1,2,4,5,4],[7,0,1,3,2,4,5,5],[15,0,1,1],[16,0,1,2,1],[17,0,1,1],[18,0,1,2,3,4,5,6,3],[2,0,1,2,3,6,7,8,5],[2,0,1,2,3,6,7,5],[2,0,1,5,2,3,6,7,8,6],[2,4,0,1,5,2,3,6,7,7],[19,0,1,2,3,4,2],[20,0,1,2,3,2],[21,0,1,2,3,4,5,6,7,5]],[[[{"name":"auto_activity","spriteFrames":[]}],[9],0,[],[],[]],[[{"name":"default_panel","rect":{"x":0,"y":0,"width":20,"height":20},"offset":{"x":0,"y":0},"originalSize":{"width":20,"height":20},"rotated":false,"capInsets":[8,8,8,8],"vertices":{"rawPosition":[-10,-10,0,10,-10,0,-10,10,0,10,10,0],"indexes":[0,1,2,2,1,3],"uv":[0,20,20,20,0,0,20,0],"nuv":[0,0,1,0,0,1,1,1],"minPos":{"x":-10,"y":-10,"z":0},"maxPos":{"x":10,"y":10,"z":0}},"packable":true,"pixelsToUnit":100,"pivot":{"x":0.5,"y":0.5},"meshType":0}],[5],0,[0],[5],[6]],[[[17,"node_aktivitas"],[18,"node_aktivitas",33554432,[-3,-4,-5,-6,-7,-8,-9,-10,-11,-12,-13],[[28,-2,[0,"3fyXVUXMRI0r7dVnhRlhvL"]]],[1,"c46/YsCPVOJYA4mWEpNYRx",null,null,null,-1,0]],[8,"props_Toggle_template",false,33554432,1,[-19,-20],[[2,-14,[0,"8cd3JM28dKhbhao501fOHk"],[5,225,84]],[12,0,-15,[0,"5cgCRSlbFKb52NUYfjKezy"],3,4],[14,3,0.9,-18,[0,"66LFCEKttKBoFmr4ETdNhM"],[4,4292269782],-17,-16,5]],[1,"0dbCPkMjxB06aOyou4gqaE",null,null,null,1,0],[1,0,-42,0]],[19,"Toggle_template",false,33554432,[-26,-27],[[2,-21,[0,"9am4V0MTxN4Ygth392uxLf"],[5,225,84]],[12,0,-22,[0,"0aFMUSanRHRrht8SAHkhd7"],7,8],[14,3,0.9,-25,[0,"7aoQ+NqIVDd6C/8vl2eew0"],[4,4292269782],-24,-23,9]],[1,"d44mu6nwpJ0qjqImnC3gV8",null,null,null,1,0],[1,0,-42,0]],[25,"ScrollView",33554432,1,[-31,-32],[[[2,-28,[0,"b1IRPBBpFB87VO78GX7tOL"],[5,240,523.47]],[29,false,1,0,-29,[0,"13xMGaXvdCAr+koTvdkemH"],10],-30],4,4,1],[1,"87sof2MSdKrqE5WR0jL28e",null,null,null,1,0],[1,-433.609,-31.245,0]],[26,"scrollBar",false,33554432,4,[-37],[[[4,-33,[0,"d5GLXSAsVF34nSCeP3HY4X"],[5,12,543.431],[0,1,0.5]],[30,1,0,-34,[0,"c552PkmphF6JcJobwkNEO+"],6],[36,37,250,1,-35,[0,"bf1fVJ4lJGkr4okUaeTkWQ"]],-36],4,4,4,1],[1,"0148fI+OtGB5WN+nAEo/2+",null,null,null,1,0],[1,120,0,0]],[8,"props_loading_img",false,33554432,1,[-40,-41,-42],[[2,-38,[0,"7bFdEPiuZOXY5xS0VUq94d"],[5,840.074,548.7719999999999]],[38,false,-39,[0,"4erQrv13tFI4DADwbeAr8C"]]],[1,"d4TfaDqylAtrBlenSTnVJi",null,null,null,1,0],[1,131.234,-28.896,0]],[20,"content",33554432,[-45],[[4,-43,[0,"2cr8DEjqJDnKuioFmvpTW2"],[5,237.041,-10],[0,0.5,1]],[39,1,2,true,-44,[0,"7a24HBt9hBmrJ0YxbZJz9Z"]]],[1,"e7OorWzshF3J4vaoX5aEVO",null,null,null,1,0],[1,-1.4794999999999998,261.183,0]],[21,"view",33554432,4,[7],[[2,-46,[0,"6czk2Y+F5MF7wUu/0tfJS2"],[5,240,523.662]],[41,-47,[0,"2aPFJSFYxLxZnnJrbRut6a"]],[42,-48,[0,"f1L8ybq+JI/o3aDUqaMo2C"],[4,16777215]]],[1,"49I7dBmqFDZ4ROm1ilY9Rj",null,null,null,1,0],[1,0,-0.41800000000000015,0]],[22,"props_ToggleGroup",33554432,7,[3],[[43,-49,[0,"ef42o2F5lG1Y4qjA0ep2A1"]],[4,-50,[0,"cbehlWqbhDWYW4jYV9IwrS"],[5,229.546,-10],[0,0.5,1]],[40,1,2,10,true,-51,[0,"deCU8HzkBI7op+TlU0PbSd"]]],[1,"c58w9tVaVLf5GWt/g1M24M",null,null,null,1,0]],[3,"props_btn_tips_close",33554432,1,[[4,-52,[0,"176XMKqBpFc4411XUCg8QM"],[5,61,79],[0,0.5,1]],[31,1,0,-53,[0,"40molV6J5IzYnRD6q82Xnf"],11,12],[44,3,0.9,-55,[0,"b2S3/KVvFH3bpF0mxiGarb"],[4,4292269782],-54,13]],[1,"0eU771541A6b2ckpPOeK4k",null,null,null,1,0],[1,583,269.99,0]],[3,"Label_off",33554432,2,[[2,-56,[0,"119QHTO69IM6OKEkjD/7pU"],[5,190,52.4]],[45,24,24,1,false,-57,[0,"d0KlqRq+pFXaNUV+ZEofQi"],[4,4291166173]],[7,-58,[0,"b9v8Y6mndKGo01CnD/NaLY"],[4,4281373016]]],[1,"d3ccQNo91ANqKfaS7HHkve",null,null,null,1,0],[1,1.5605000000000033,6,0]],[11,"Checkmark",33554432,2,[-61],[[[2,-59,[0,"d0FqUbD6ZD640HOjpBfTBa"],[5,225,84]],-60],4,1],[1,"d9GUZijLxCvr25K7NXpipR",null,null,null,1,0]],[3,"Label_in",33554432,12,[[2,-62,[0,"3c3kvVUulBarz1VQKLp/T5"],[5,190,52.4]],[46,24,24,1,false,-63,[0,"18rUTWfq9HFacqMwhHKH28"]],[7,-64,[0,"3bxWMeactEJqT6/L/m4eQQ"],[4,4279325881]]],[1,"94kzHZ3NFPVLjkMZQ8A8J+",null,null,null,1,0],[1,0,6,0]],[3,"Label_off",33554432,3,[[2,-65,[0,"36MkYpJmlJbqDE7/du0j9x"],[5,190,52.4]],[47,24,24,30,1,false,-66,[0,"75LlWM4k5ERJvXxbsTRdkw"],[4,4291166173]],[7,-67,[0,"8fVH3KvTVCSoGBJauFhG8g"],[4,4281373016]]],[1,"b9SdVc1cNPBJvCXkgyUqza",null,null,null,1,0],[1,1.5605000000000033,6,0]],[11,"Checkmark",33554432,3,[-70],[[[2,-68,[0,"3aoaQEPxBN/aJxGNm7m4Ej"],[5,225,84]],-69],4,1],[1,"ef7n1B+phFTpP+yDVg1ewm",null,null,null,1,0]],[3,"Label_in",33554432,15,[[2,-71,[0,"25ZQYo9EtCYIZCapthldDF"],[5,190,52.4]],[48,"labellabel",24,24,30,1,false,-72,[0,"0ex2Og1CdLx5hzIugCIlYU"]],[7,-73,[0,"448sWyyoBNy7V/v9yh/qmT"],[4,4279325881]]],[1,"9bnBgzNmNPFaKXxCARdB3J",null,null,null,1,0],[1,0,6,0]],[8,"props_content",false,33554432,1,[-75,-76],[[2,-74,[0,"06ZSy0oq5OuKdmmDFCSBOE"],[5,841.303,27.072000000000006]]],[1,"73J5twpRJHMpMKLJ/aN0ur",null,null,null,1,0],[1,131.849,-289.746,0]],[3,"props_empty",33554432,1,[[2,-77,[0,"8952kCN9RE35hTvfLPAusU"],[5,75.18,54.4]],[15,"Loading",20,20,-78,[0,"8aNwXW3Y9KVZJc7pcRbpIO"],[4,2521350135]],[9,-79,[0,"f4WMEqgAtM04Ugbx44MPj+"]]],[1,"d8nzSxNZ5E/Ky4Re7D7805",null,null,null,1,0],[1,-431.288,0,0]],[23,"props_empty_content",false,33554432,1,[[2,-80,[0,"cd5YNNBjRIKZ9JWJWIBPMY"],[5,75.18,54.4]],[15,"Loading",20,20,-81,[0,"d18tEUUWxHu79WUBUMG8Er"],[4,2521350135]],[9,-82,[0,"b3c8GyWdZIN6LopONnWC5y"]]],[1,"aa+5hw3JlA7LxVQ3hhwYur",null,null,null,1,0],[1,115.523,0,0]],[24,"loading",false,33554432,6,[[2,-83,[0,"07kVIIWzJOUphAd19bWPjw"],[5,125.76,54.4]],[16,"loading...",30,30,-84,[0,"104IiRV0NJmIUY26p15W/2"]],[9,-85,[0,"23V5IVbfZJ+7gybRz0Eb8E"]]],[1,"ecH+5Ni+lICqKgyMrqjgKJ",null,null,null,1,0]],[5,"SpriteSplash",33554432,6,[[2,-86,[0,"15zfio6H9NjaAIAolBL4YC"],[5,840.074,548.7719999999999]],[13,0,-87,[0,"e53jfZ+RlKgIzJglsBBs5O"],[4,2332033026],15],[37,45,100,100,-88,[0,"feL+RfifpPubY/DZaUFJUw"]]],[1,"83Qy8hPTZF07rG99JNQOHf",null,null,null,1,0]],[5,"animation_loading",33554432,6,[[49,true,-89,[0,"e66pEFOGlG14aH6jnaaP3O"],[16],17],[2,-90,[0,"dar0vA4M5NgqNZTV538SLX"],[5,355,244]],[32,2,false,-91,[0,"0bdrP9IMdDoLCKppyiqvwL"],18,19]],[1,"796uMPA2ZBD4P+bwAbPSM0",null,null,null,1,0]],[3,"spr_aktivitas_bg",33554432,1,[[2,-92,[0,"daNUSp9ixJ7KJNHM8tRFu6"],[5,1232,682]],[33,-93,[0,"b2sBKB2HRN2JQsFlJO94Or"],0]],[1,"9a5w5IuAxD76J54wAWQ3pr",null,null,null,1,0],[1,-3,-8.01,0]],[3,"spr_aktivitas_title",33554432,1,[[2,-94,[0,"42FRTlF2JK57em9GgcPiBK"],[5,210,77]],[34,-95,[0,"c94qMiIRpFRpOvriGGUuWv"],1,2]],[1,"57yOi4VBdKBrnTR1jYQTzh",null,null,null,1,0],[1,-427,283.99,0]],[27,"bar",33554432,5,[[[4,-96,[0,"95wCNEAq1PrLiTxvGF35BB"],[5,10,156.25],[0,0,0]],-97],4,1],[1,"d7CQMTYq9OIrrger/DmQqh",null,null,null,1,0],[1,-11,-31.25,0]],[10,"props_img_content",512,33554432,1,[[2,-98,[0,"5fcBDjY91Bm5vu2nB9FTzn"],[5,840.074,549.6260000000001]],[6,0,-99,[0,"e4IG541xVPf7vGPw1qw92E"]]],[1,"3e4qUXNQtJaJr9thMvosk+",null,null,null,1,0],[1,131.234,-29.323,0]],[10,"props_Node_Container",512,33554432,1,[[2,-100,[0,"33YpYZQt5NbqTeVL9pwDSj"],[5,840.074,549.6260000000001]],[6,0,-101,[0,"9dv8ODhH9Ds5DaKyMmmlQl"]]],[1,"abqbrjG59FuorXsXilTHdF",null,null,null,1,0],[1,131.234,-29.323,0]],[5,"SpriteSplash",33554432,17,[[2,-102,[0,"2ajAlxzsZCE6IT5Xexehvh"],[5,841.303,27.072000000000003]],[13,0,-103,[0,"acycYjw2xBOah5iIpJ+56i"],[4,1778384896],14]],[1,"39Vrikk9ZLjrkOZXt9jPg6",null,null,null,1,0]],[5,"props_Label_content",33554432,17,[[2,-104,[0,"6fZDmHmM1ItrUi8POm2GAP"],[5,6.66,50.4]],[16,"-",20,20,-105,[0,"89d4OilvpEJbUx7VL4eW0t"]]],[1,"ffoT2USdZOjLuj9EVCttYq",null,null,null,1,0]],[6,0,12,[0,"1f6pxxCNZGPYmMfxrBF/h2"]],[35,1,0,25,[0,"c9btioYeRHS7hH6ZWEuAOp"]],[50,1,5,[0,"b3nfN0a7xP/Zc76Hk7c4O7"],31],[51,0.23,0.75,false,false,4,[0,"58EGMBUZJFRLoqak5shZEh"],7,32],[6,0,15,[0,"74JDHzf7ND6aF9cJR4KQdT"]]],0,[0,8,1,0,0,1,0,-1,23,0,-2,24,0,-3,2,0,-4,4,0,-5,10,0,-6,26,0,-7,27,0,-8,17,0,-9,18,0,-10,19,0,-11,6,0,0,2,0,0,2,0,6,30,0,3,2,0,0,2,0,-1,11,0,-2,12,0,0,3,0,0,3,0,6,34,0,3,3,0,0,3,0,-1,14,0,-2,15,0,0,4,0,0,4,0,-3,33,0,-1,5,0,-2,8,0,0,5,0,0,5,0,0,5,0,-4,32,0,-1,25,0,0,6,0,0,6,0,-1,20,0,-2,21,0,-3,22,0,0,7,0,0,7,0,-1,9,0,0,8,0,0,8,0,0,8,0,0,9,0,0,9,0,0,9,0,0,10,0,0,10,0,3,10,0,0,10,0,0,11,0,0,11,0,0,11,0,0,12,0,-2,30,0,-1,13,0,0,13,0,0,13,0,0,13,0,0,14,0,0,14,0,0,14,0,0,15,0,-2,34,0,-1,16,0,0,16,0,0,16,0,0,16,0,0,17,0,-1,28,0,-2,29,0,0,18,0,0,18,0,0,18,0,0,19,0,0,19,0,0,19,0,0,20,0,0,20,0,0,20,0,0,21,0,0,21,0,0,21,0,0,22,0,0,22,0,0,22,0,0,23,0,0,23,0,0,24,0,0,24,0,0,25,0,-2,31,0,0,26,0,0,26,0,0,27,0,0,27,0,0,28,0,0,28,0,0,29,0,0,29,0,9,1,3,7,9,7,7,8,32,10,33,105],[0,0,0,0,0,0,0,0,0,0,0,0,0,0,0,0,0,0,0,0,30,30,31,34,34],[1,1,2,1,2,4,1,1,2,4,1,1,2,4,1,1,-1,11,1,2,1,2,1,1,2],[7,8,0,1,0,1,9,1,0,1,10,2,11,2,3,3,4,4,12,13,5,0,14,5,0]],[[{"name":"panel_common_bg1","rect":{"x":1,"y":0,"width":1232,"height":682},"offset":{"x":0,"y":1},"originalSize":{"width":1234,"height":684},"rotated":false,"capInsets":[0,0,0,0],"vertices":{"rawPosition":[-616,-341,0,616,-341,0,-616,341,0,616,341,0],"indexes":[0,1,2,2,1,3],"uv":[1,684,1233,684,1,2,1233,2],"nuv":[0.0008103727714748784,0.0029239766081871343,0.9991896272285251,0.0029239766081871343,0.0008103727714748784,1,0.9991896272285251,1],"minPos":{"x":-616,"y":-341,"z":0},"maxPos":{"x":616,"y":341,"z":0}},"packable":true,"pixelsToUnit":100,"pivot":{"x":0.5,"y":0.5},"meshType":0}],[5],0,[0],[5],[15]]]]
