[1,["cbLHx0a+9H95FzY4viPXYT@6c48a"],["_textureSource"],["cc.SpriteFrame"],0,[{"name":"bg","rect":{"x":0,"y":0,"width":865,"height":391},"offset":{"x":0,"y":0},"originalSize":{"width":865,"height":391},"rotated":false,"capInsets":[0,0,0,0],"vertices":{"rawPosition":[-432.5,-195.5,0,432.5,-195.5,0,-432.5,195.5,0,432.5,195.5,0],"indexes":[0,1,2,2,1,3],"uv":[0,391,865,391,0,0,865,0],"nuv":[0,0,1,0,0,1,1,1],"minPos":{"x":-432.5,"y":-195.5,"z":0},"maxPos":{"x":432.5,"y":195.5,"z":0}},"packable":true,"pixelsToUnit":100,"pivot":{"x":0.5,"y":0.5},"meshType":0}],[0],0,[0],[0],[0]]
