[1,["557rQFhutIzrd9usT5Mnhj@6c48a"],["_textureSource"],["cc.SpriteFrame"],0,[{"name":"bg_dt_kefu_box","rect":{"x":3,"y":1,"width":1280,"height":749},"offset":{"x":0,"y":-0.5},"originalSize":{"width":1286,"height":750},"rotated":false,"capInsets":[0,0,0,0],"vertices":{"rawPosition":[-640,-374.5,0,640,-374.5,0,-640,374.5,0,640,374.5,0],"indexes":[0,1,2,2,1,3],"uv":[3,749,1283,749,3,0,1283,0],"nuv":[0.0023328149300155523,0,0.9976671850699844,0,0.0023328149300155523,0.9986666666666667,0.9976671850699844,0.9986666666666667],"minPos":{"x":-640,"y":-374.5,"z":0},"maxPos":{"x":640,"y":374.5,"z":0}},"packable":true,"pixelsToUnit":100,"pivot":{"x":0.5,"y":0.5},"meshType":0}],[0],0,[0],[0],[0]]
