[1,["2fAxB4zohOuI5ZsxfKPfY+@6c48a"],["_textureSource"],["cc.SpriteFrame"],0,[{"name":"btn_caozuo_spin_di","rect":{"x":0,"y":0,"width":244,"height":95},"offset":{"x":0,"y":0},"originalSize":{"width":244,"height":95},"rotated":false,"capInsets":[0,0,0,0],"vertices":{"rawPosition":[-122,-47.5,0,122,-47.5,0,-122,47.5,0,122,47.5,0],"indexes":[0,1,2,2,1,3],"uv":[0,95,244,95,0,0,244,0],"nuv":[0,0,1,0,0,1,1,1],"minPos":{"x":-122,"y":-47.5,"z":0},"maxPos":{"x":122,"y":47.5,"z":0}},"packable":true,"pixelsToUnit":100,"pivot":{"x":0.5,"y":0.5},"meshType":0}],[0],0,[0],[0],[0]]
