[1,["e6Eq3XH5tKo4Ru0VztAKH9","78ZFLOB/tK/JA8OsM05PW3@f9941","41u8YMbT5NyqloNLXQ6jzF@f9941","20g1ukYUVPvKWKBRznAKo+@f9941","54TknWPwVPqJqeCR+Y/Czo@f9941","95EkngnxZFbYuFpsqVTaFr@f9941","ffuIqPr2JI9I8dPLYGRDpD@f9941","5b9euLV9VLv7i63O7twx32@f9941","3ax+2iLtFNJpvBYZf7gUPU@f9941","afxHkx8GZGsJC+n+YfITQo@f9941","15rgQA5A5D2pnO540FpPez@6c48a","15rgQA5A5D2pnO540FpPez@f9941","f7WyIuWNVNKbc3GckwvI7A@f9941","a4ul8EeHpANJumpqOkzMLt@f9941","9eZhFqlI5NELi4kkVCQElc@f9941","3646rI1XdANZ51VT2KQ58n@f9941","b6JOLm0FlNz64KdqnzVs7B@f9941"],["node","_spriteFrame","_atlas","_target","_normalSprite","_scrollView","_hoverSprite","_pressedSprite","_disabledSprite","_textureSource","root","_checkMark","data","_parent"],[["cc.Node",["_name","_layer","_active","_components","_prefab","_parent","_lpos","_children"],0,9,4,1,5,2],["cc.Label",["_string","_actualFontSize","_fontSize","_lineHeight","_isBold","_horizontalAlign","_verticalAlign","_overflow","_enableWrapText","node","__prefab","_color"],-6,1,4,5],["cc.Sprite",["_type","_sizeMode","node","__prefab","_spriteFrame","_atlas","_color"],1,1,4,6,6,5],["cc.Node",["_name","_layer","_active","_parent","_components","_prefab","_lpos","_children"],0,1,12,4,5,2],["cc.UITransform",["node","__prefab","_contentSize","_anchorPoint"],3,1,4,5,5],["cc.Button",["_transition","_zoomScale","node","__prefab","_target","_normalSprite","_normalColor","_hoverSprite","_pressedSprite","_disabledSprite"],1,1,4,1,6,5,6,6,6],["cc.Layout",["_resizeMode","_layoutType","_paddingTop","_spacingY","_isAlign","node","__prefab"],-2,1,4],["cc.LabelOutline",["_width","node","__prefab","_color"],2,1,4,5],"cc.SpriteFrame","cc.SpriteAtlas",["cc.Prefab",["_name"],2],["cc.CompPrefabInfo",["fileId"],2],["cc.PrefabInfo",["fileId","instance","targetOverrides","nestedPrefabInstanceRoots","root","asset"],-1,1,1],["cc.Toggle",["node","__prefab","_normalColor","_target","_checkMark","_normalSprite"],3,1,4,5,1,1,6],["cc.Widget",["_alignFlags","_originalHeight","_alignMode","node","__prefab"],0,1,4],["cc.Mask",["node","__prefab"],3,1,4],["cc.Graphics",["node","__prefab","_fillColor"],3,1,4,5],["cc.ToggleContainer",["node","__prefab"],3,1,4],["cc.ScrollBar",["_direction","node","__prefab","_handle"],2,1,4,1],["cc.ScrollView",["bounceDuration","brake","horizontal","node","__prefab","_content","_verticalScrollBar"],0,1,4,1,1]],[[11,0,2],[12,0,1,2,3,4,5,5],[4,0,1,2,1],[4,0,1,2,3,1],[0,0,5,3,4,6,2],[0,0,1,5,3,4,6,3],[2,0,1,2,3,3],[2,2,3,4,5,1],[2,0,1,2,3,4,5,3],[1,0,1,2,3,9,10,11,5],[0,0,1,5,7,3,4,6,3],[3,0,3,7,4,5,6,2],[3,0,2,1,3,7,4,5,6,4],[3,0,1,3,4,5,6,3],[4,0,1,1],[5,0,1,2,3,6,4,5,7,8,9,3],[14,0,1,2,3,4,4],[15,0,1,1],[16,0,1,2,1],[1,0,5,6,1,2,3,7,9,10,11,8],[18,0,1,2,3,2],[19,0,1,2,3,4,5,6,4],[10,0,2],[0,0,7,3,4,2],[0,0,2,1,5,7,3,4,6,4],[0,0,2,5,7,3,4,3],[0,0,1,7,3,4,6,3],[0,0,1,5,7,3,4,3],[0,0,5,7,3,4,6,2],[0,0,2,5,7,3,4,6,3],[0,0,5,3,4,2],[0,0,2,1,5,3,4,6,4],[0,0,2,5,3,4,6,3],[3,0,1,3,4,5,3],[2,0,1,2,3,4,3],[2,0,1,2,3,6,4,3],[13,0,1,2,3,4,5,1],[5,0,1,2,3,4,5,3],[5,0,1,2,3,6,4,5,3],[6,5,6,1],[6,0,1,5,6,3],[6,0,1,2,3,4,5,6,6],[17,0,1,1],[1,0,1,2,3,9,10,5],[1,0,1,2,3,4,9,10,11,6],[1,0,1,2,9,10,11,4],[1,0,1,2,3,8,4,9,10,11,7],[1,0,5,6,1,2,3,7,4,9,10,11,9],[7,0,1,2,2],[7,0,1,2,3,2]],[[[{"name":"img_mail_bg","rect":{"x":3,"y":3,"width":1127,"height":677},"offset":{"x":0,"y":-0.5},"originalSize":{"width":1133,"height":682},"rotated":false,"capInsets":[0,0,0,0],"vertices":{"rawPosition":[-563.5,-338.5,0,563.5,-338.5,0,-563.5,338.5,0,563.5,338.5,0],"indexes":[0,1,2,2,1,3],"uv":[3,679,1130,679,3,2,1130,2],"nuv":[0.00264783759929391,0.002932551319648094,0.9973521624007061,0.002932551319648094,0.00264783759929391,0.9956011730205279,0.9973521624007061,0.9956011730205279],"minPos":{"x":-563.5,"y":-338.5,"z":0},"maxPos":{"x":563.5,"y":338.5,"z":0}},"packable":true,"pixelsToUnit":100,"pivot":{"x":0.5,"y":0.5},"meshType":0}],[8],0,[0],[9],[10]],[[{"name":"auto_mail","spriteFrames":[]}],[9],0,[],[],[]],[[[22,"node_mail"],[23,"node_mail",[-3,-4,-5,-6,-7,-8,-9],[[14,-2,[0,"85dxz+1FNGKrCplmhoQWZ6"]]],[1,"c46/YsCPVOJYA4mWEpNYRx",null,null,null,-1,0]],[24,"props_Toggle_mail_item",false,33554432,1,[-17,-18,-19,-20,-21],[[2,-10,[0,"159ZuuMeJPxIXRrzsdt/wz"],[5,260,89]],[8,1,0,-11,[0,"4bUMJ+cs1OhbEjHRBVDEBh"],14,15],[36,-14,[0,"71T/kmDH1Py6CB06l3LZOH"],[4,4292269782],-13,-12,16],[37,3,1.1,-16,[0,"c7gDOxdcBBipxdlXLMWpqs"],-15,17]],[1,"3cZchy0lhDw61LMDY3JdZd",null,null,null,1,0],[1,-372.4155,168.5,0]],[25,"props_Layout_mail_content",false,1,[-24,-25,-26,-27,-28,-29,-30,-31],[[14,-22,[0,"35XE+7W8VMF65eWNPUYkcm"]],[39,-23,[0,"b9uS+aTxBNJKFrn2w0q5CN"]]],[1,"2esEQ4yGpEV56y180MpZS0",null,null,null,1,0]],[11,"ScrollView_mail_left",1,[-35,-36],[[[2,-32,[0,"1eO6e2dZZPoIA94NgFa4Dz"],[5,270,416]],[6,1,0,-33,[0,"5d7yHPc1ZCnpv79hUX3hCr"]],-34],4,4,1],[1,"07BRSlub5Ck5vMEi1O4UH2",null,null,null,1,0],[1,-372,10,0]],[12,"scrollBar",false,33554432,4,[-41],[[[3,-37,[0,"afF1HIXv9JT6XwHtXFVQLk"],[5,12,416],[0,1,0.5]],[34,1,0,-38,[0,"68SVkbnORL+LS4nNmG5HoZ"],18],[16,37,250,1,-39,[0,"f3SM7J319Pt6ZM/63eZLW/"]],-40],4,4,4,1],[1,"55+z2aDjJNSa408vuW9itd",null,null,null,1,0],[1,135,0,0]],[11,"ScrollView_content",3,[-45,-46],[[[2,-42,[0,"156noikJRHpphlNrSGjk8D"],[5,667.5,262.818]],[6,1,0,-43,[0,"0aY0C0BvhLYZVRtA9o6Umh"]],-44],4,4,1],[1,"29Isl+8PNCIbmQaJCK+NCF",null,null,null,1,0],[1,181.75,-21.591000000000015,0]],[12,"scrollBar",false,33554432,6,[-51],[[[3,-47,[0,"63fnwSIdRP4oexA2eu+0O8"],[5,12,262.818],[0,1,0.5]],[35,1,0,-48,[0,"69d98GTCNMG4Rrsy+NOnH9"],[4,16777215],19],[16,37,250,1,-49,[0,"86TPjBGA1MaqsMTCJcfWgF"]],-50],4,4,4,1],[1,"87f8i/DwZAxq9FtdZzrv0t",null,null,null,1,0],[1,333.75,0,0]],[4,"props_props_btn_close",1,[[3,-52,[0,"f1AZs8LFJDMoi9O+IDWdk6"],[5,98,95],[0,0,0.5]],[8,1,0,-53,[0,"1agIJw+T9IBJeAvHZ0S44C"],2,3],[15,3,0.9,-55,[0,"66ZqnJz+1KZYEtgCUf8RI4"],[4,4292269782],-54,4,5,6,7]],[1,"a8h9tIfHZM0KDUBdGJqLac",null,null,null,1,0],[1,536,186,0]],[26,"content",33554432,[-58],[[3,-56,[0,"06ZNVo6wtBIoDu5vqb9MNC"],[5,270,0],[0,0.5,1]],[40,1,2,-57,[0,"80mmNT6tROq7nc4rmJXvxx"]]],[1,"88zgoRem1JGpwd4jJ2CZLm",null,null,null,1,0],[1,0,208,0]],[27,"view",33554432,4,[9],[[2,-59,[0,"70ci9CdjVMbqiV0NThmvNZ"],[5,270,416]],[17,-60,[0,"63g+e6EsxFuKbN2xlb7hY1"]],[18,-61,[0,"4fxGvidlxJcbjLCsJtdGH0"],[4,16777215]]],[1,"80jflmhtlLRZJ0ZroDl38V",null,null,null,1,0]],[10,"view",33554432,6,[-65],[[2,-62,[0,"dcOG0yEr9Nr553oxo6kTXv"],[5,656.763,250]],[17,-63,[0,"18E6yMmTJEQ57w+wdgOZX1"]],[18,-64,[0,"d0S3Ubek5NPrn1KtNR03WT"],[4,16777215]]],[1,"99HzcpX4FP5K5IqMtTJdbH",null,null,null,1,0],[1,-0.6315000000000026,0,0]],[4,"btn_mail_receive",3,[[2,-66,[0,"a7QRDZ2vhOsae593jWeV4/"],[5,167,62]],[8,1,0,-67,[0,"524eMuji5PUIUk48hzam92"],22,23],[15,3,0.9,-69,[0,"4d17WP3W1Mio8OM8YDCDNb"],[4,4292269782],-68,24,25,26,27]],[1,"d5GJYKk81Hr7lky6d7QJN8",null,null,null,1,0],[1,2324,-184,0]],[4,"props_btn_mail_delete",3,[[2,-70,[0,"dfndCyDGpK1a6+FuZMWoFo"],[5,161,56]],[8,1,0,-71,[0,"e2zTFE889PoIk3t62FHp4S"],28,29],[38,3,0.9,-73,[0,"fbGVYdvKFIy5FAMt/vxyXi"],[4,4292269782],-72,30]],[1,"a6IMCdIedADqaeMxk3N2li",null,null,null,1,0],[1,435,-200,0]],[28,"props_spr_mail_null",1,[-76],[[2,-74,[0,"4cRJbM22hLib5bOIiBIq6l"],[5,150,195]],[7,-75,[0,"ebRkhi+kxH75c7CZ8+5nAz"],8,9]],[1,"12X2Af+kBKy5H2fDbAKzlg",null,null,null,1,0],[1,149.678,21.231,0]],[5,"props_ToggleGroup_mail_left",33554432,9,[[42,-77,[0,"4b42mT1pZD/7wSJg0M9Xf6"]],[2,-78,[0,"7fWzSmb0xBlo5oBpm3uDi0"],[5,262.589,0]],[41,1,2,5,5,true,-79,[0,"e4O1XfigFB3JZM3QewoGDl"]]],[1,"bbHb/nPnREDKKipiXljh7p",null,null,null,1,0],[1,-0.41550000000000153,0,0]],[10,"content",33554432,11,[-81],[[3,-80,[0,"0c672fUqJCspWqwLPpZvGf"],[5,663.884,400],[0,0.5,1]]],[1,"3arw2XGuxC1ZUTVCcdbOU8",null,null,null,1,0],[1,0.7740000000000009,125,0]],[29,"spr_item_1",false,3,[-84],[[2,-82,[0,"a5dQcNOetKZZXoRNgjz9tK"],[5,50,50]],[7,-83,[0,"efSmqHxS9EgqAlSBSTkbHa"],20,21]],[1,"cbCQmJj3lKdqpZh66E+cqC",null,null,null,1,0],[1,-122.06,-184,0]],[4,"Layout_item_num",17,[[2,-85,[0,"beGPvq5FZAS6wajV2QLWNs"],[5,19.8,39.8]],[43,"99",16,16,30,-86,[0,"car4FOpXdPaLLVoIPc1IAJ"]],[48,1,-87,[0,"44a2VkgylOrLKA3GeP6aD/"]]],[1,"26C3aKJMFL7qcrJgbkpnd4",null,null,null,1,0],[1,0,-16,0]],[4,"props_mail_sum",1,[[2,-88,[0,"cdWwC5wT9GfpbFDJSfBdwz"],[5,15.35,39.8]],[44,"0",24,24,30,true,-89,[0,"56Q45KX/5Dqqr11i0ChVhY"],[4,4278190083]],[49,1,-90,[0,"e1S+W3KUtBjrhB64wqAKGv"],[4,4289983735]]],[1,"dbedpJUcNILZ+v29HoNSiS",null,null,null,1,0],[1,-375.865,-237.575,0]],[30,"spr_mail_bg",1,[[2,-91,[0,"58IjwYpvFHdZmzxBtUcPEm"],[5,1127,677]],[7,-92,[0,"cd8WR7nq1BaqPujUXQnQM2"],0,1]],[1,"15xgzdFH5EJptiOuhynlBQ",null,null,null,1,0]],[4,"label_mail_null",14,[[2,-93,[0,"7dEBndnv1D+anmFf6JX71R"],[5,323.51,50.4]],[45,"Maaf, Belum Ada Pesan",30,30,-94,[0,"eayhiIe6dIpos5/d9F2iEs"],[4,4282746544]]],[1,"7asZTfa7hCroZN2iJdBgQF",null,null,null,1,0],[1,16.322000000000003,-131.231,0]],[33,"Checkmark",33554432,2,[[[2,-95,[0,"17UTsjT8hCTqTmk53FPgWE"],[5,260,89]],-96],4,1],[1,"caw86UStZBPrIvAsf82VXQ",null,null,null,1,0]],[5,"label_mail_sender",33554432,2,[[3,-97,[0,"5cffNH8GFHy63pIw9aoEgl"],[5,92.29,37.8],[0,0,0.5]],[9,"Sender:[1]",20,20,30,-98,[0,"caj7QrGoxNm5yssyViNDsM"],[4,4280887655]]],[1,"fe59yuhRRMZqyutgi1gG4a",null,null,null,1,0],[1,-77.16500000000002,16.888000000000034,0]],[5,"label_mail_time",33554432,2,[[3,-99,[0,"88M6En73tOkJ3IOgW9KoCu"],[5,155.12,25.2],[0,0,0.5]],[9,"2012-02-02 18：52",18,18,20,-100,[0,"e0LrG9Y8tOnKskC7TjEC93"],[4,4280887655]]],[1,"dbrcPB24lOW5/P7sfzWl9a",null,null,null,1,0],[1,-77.16500000000002,-13.111999999999966,0]],[5,"spr_mail_new",33554432,2,[[2,-101,[0,"6bo/EBbkZG9Irvrw3K3I16"],[5,70,48]],[7,-102,[0,"89OWmXQvhD84v199lcrweJ"],10,11]],[1,"49adeS4NxA25IrxoPBUynK",null,null,null,1,0],[1,98,24,0]],[31,"spr_mail_accessory",false,33554432,2,[[2,-103,[0,"96kfm46BVIL60yaXHJcKiv"],[5,39,37]],[7,-104,[0,"60bh4a5t1AcpAU3UgTCmeD"],12,13]],[1,"f51yZ6RAZCtbc+p6NaDDo7",null,null,null,1,0],[1,-102,0,0]],[13,"bar",33554432,5,[[[3,-105,[0,"8dd1va4gpOXalcgC/VBk2P"],[5,10,156.25],[0,0,0]],-106],4,1],[1,"45mQcznlJJRo5swwlmuZF6",null,null,null,1,0],[1,-11,-31.25,0]],[4,"label_mail_sender",3,[[3,-107,[0,"b8anCy2VVFZo1Jhkbm7jmc"],[5,98.91,37.8],[0,0,0.5]],[46,"Sender:[1]",20,20,30,false,true,-108,[0,"f8H8zv/zJA9KUyWcjHQ3b+"],[4,4280887655]]],[1,"bdwl+xok1J4aBiu65WgDad",null,null,null,1,0],[1,-126,186,0]],[4,"label_mail_title",3,[[3,-109,[0,"1d5TeVmGFMZ4Y608N7sGTK"],[5,660,26.980999999999995],[0,0,1]],[47,"Mail Title:[1]",0,0,20,20,30,1,true,-110,[0,"07Syr1yrJJyJVutvKmGjoQ"],[4,4280887655]]],[1,"081IDRFjhMyoi1oOSI9ph0",null,null,null,1,0],[1,-152,155.617,0]],[5,"label_mail_time",33554432,3,[[3,-111,[0,"8byynGhspD1oM3m8a+RqjF"],[5,155.12,25.2],[0,0,0.5]],[9,"2012-02-02 18：52",18,18,20,-112,[0,"47YevNw51JJ5HfmDpGleMX"],[4,4280887655]]],[1,"6cvsea4rtCgpByDfoWOkaJ",null,null,null,1,0],[1,334,182,0]],[32,"label_mail_content",false,3,[[3,-113,[0,"a0Me7E0jJKzZUTviDTu9Xn"],[5,660,259],[0,0,1]],[19,"yhjghghjfgvkjhggfjhgvhlvyhjghghjfgvkjhggfjhgvhlvyhjghghjfgvkjhggfjhgvhlvyhjghghjfgvkjhggfjhgvhlvyhjghghjfgvkjhggfjhgvhlv",0,0,18,18,26,1,-114,[0,"68TSAjSlRHvbrqZNZsU0tF"],[4,4280887655]]],[1,"99+w9GNrZKS6dwWPoKEHGV",null,null,null,1,0],[1,-152,106,0]],[13,"bar",33554432,7,[[[3,-115,[0,"36mq/QqrBN35j7Vrw+KM4x"],[5,10,156.25],[0,0,0]],-116],4,1],[1,"a8Ep9/4I5CYbZqDPWfCA1f",null,null,null,1,0],[1,-11,-31.25,0]],[5,"item",33554432,16,[[3,-117,[0,"5b1/F1awJJ56x7T8s2oMRR"],[5,646.554,32.76],[0,0,1]],[19,"-",0,0,18,18,26,3,-118,[0,"a6tTfP4oFDrbwzKkW//wn9"],[4,4280887655]]],[1,"da2c1Uja5GIJhGYTFatmCG",null,null,null,1,0],[1,-318.906,-10.15,0]],[6,1,0,22,[0,"5bbtALLaVBzrm+dBm2awbD"]],[6,1,0,27,[0,"45nW5VvGxBMpEwDy9qb/+v"]],[20,1,5,[0,"9dkJ/Z5lNMGY0Yzl+O5OTH"],35],[21,0.23,0.75,false,4,[0,"faoZzpz8RJUIb5ZoO7SNbR"],9,36],[6,1,0,32,[0,"40Ec9LJAtLEKMCZGdXwJZ1"]],[20,1,7,[0,"aeloIz5BRB+JhfI4dEkljg"],38],[21,0.23,0.75,false,6,[0,"5blocVsLhFFK2EawnaUOll"],16,39]],0,[0,10,1,0,0,1,0,-1,20,0,-2,8,0,-3,14,0,-4,2,0,-5,4,0,-6,3,0,-7,19,0,0,2,0,0,2,0,11,34,0,3,2,0,0,2,0,3,2,0,0,2,0,-1,22,0,-2,23,0,-3,24,0,-4,25,0,-5,26,0,0,3,0,0,3,0,-1,28,0,-2,29,0,-3,30,0,-4,31,0,-5,6,0,-6,17,0,-7,12,0,-8,13,0,0,4,0,0,4,0,-3,37,0,-1,5,0,-2,10,0,0,5,0,0,5,0,0,5,0,-4,36,0,-1,27,0,0,6,0,0,6,0,-3,40,0,-1,7,0,-2,11,0,0,7,0,0,7,0,0,7,0,-4,39,0,-1,32,0,0,8,0,0,8,0,3,8,0,0,8,0,0,9,0,0,9,0,-1,15,0,0,10,0,0,10,0,0,10,0,0,11,0,0,11,0,0,11,0,-1,16,0,0,12,0,0,12,0,3,12,0,0,12,0,0,13,0,0,13,0,3,13,0,0,13,0,0,14,0,0,14,0,-1,21,0,0,15,0,0,15,0,0,15,0,0,16,0,-1,33,0,0,17,0,0,17,0,-1,18,0,0,18,0,0,18,0,0,18,0,0,19,0,0,19,0,0,19,0,0,20,0,0,20,0,0,21,0,0,21,0,0,22,0,-2,34,0,0,23,0,0,23,0,0,24,0,0,24,0,0,25,0,0,25,0,0,26,0,0,26,0,0,27,0,-2,35,0,0,28,0,0,28,0,0,29,0,0,29,0,0,30,0,0,30,0,0,31,0,0,31,0,0,32,0,-2,38,0,0,33,0,0,33,0,12,1,9,13,10,36,5,37,39,5,40,118],[0,0,0,0,0,0,0,0,0,0,0,0,0,0,0,0,0,0,0,0,0,0,0,0,0,0,0,0,0,0,0,34,34,35,38],[1,2,1,2,4,6,7,8,1,2,1,2,1,2,1,2,4,4,1,1,1,2,1,2,4,6,7,8,1,2,4,1,2,1,1],[11,0,2,0,2,3,4,5,12,0,13,0,14,0,1,0,1,1,6,6,15,0,7,0,7,3,4,5,8,0,8,16,0,9,9]]]]
