[1,["a165HP2H9OMIwE3OpMpHXS@6c48a"],["_textureSource"],["cc.SpriteFrame"],0,[{"name":"zi_spinTAHAN","rect":{"x":0,"y":0,"width":171,"height":15},"offset":{"x":0,"y":0},"originalSize":{"width":171,"height":15},"rotated":false,"capInsets":[0,0,0,0],"vertices":{"rawPosition":[-85.5,-7.5,0,85.5,-7.5,0,-85.5,7.5,0,85.5,7.5,0],"indexes":[0,1,2,2,1,3],"uv":[0,15,171,15,0,0,171,0],"nuv":[0,0,1,0,0,1,1,1],"minPos":{"x":-85.5,"y":-7.5,"z":0},"maxPos":{"x":85.5,"y":7.5,"z":0}},"packable":true,"pixelsToUnit":100,"pivot":{"x":0.5,"y":0.5},"meshType":0}],[0],0,[0],[0],[0]]
