[1,["e9cCqxBiFHTJbgylRYzGMP@6c48a"],["_textureSource"],["cc.SpriteFrame"],0,[{"name":"Domino1","rect":{"x":0,"y":0,"width":197,"height":46},"offset":{"x":0,"y":0},"originalSize":{"width":197,"height":46},"rotated":false,"capInsets":[0,0,0,0],"vertices":{"rawPosition":[-98.5,-23,0,98.5,-23,0,-98.5,23,0,98.5,23,0],"indexes":[0,1,2,2,1,3],"uv":[0,46,197,46,0,0,197,0],"nuv":[0,0,1,0,0,1,1,1],"minPos":{"x":-98.5,"y":-23,"z":0},"maxPos":{"x":98.5,"y":23,"z":0}},"packable":true,"pixelsToUnit":100,"pivot":{"x":0.5,"y":0.5},"meshType":0}],[0],0,[0],[0],[0]]
