[1,["56jkLiLg5KG6i497BngHJs@6c48a"],["_textureSource"],["cc.SpriteFrame"],0,[{"name":"small","rect":{"x":0,"y":0,"width":179,"height":70},"offset":{"x":0,"y":0},"originalSize":{"width":179,"height":70},"rotated":false,"capInsets":[0,0,0,0],"vertices":{"rawPosition":[-89.5,-35,0,89.5,-35,0,-89.5,35,0,89.5,35,0],"indexes":[0,1,2,2,1,3],"uv":[0,70,179,70,0,0,179,0],"nuv":[0,0,1,0,0,1,1,1],"minPos":{"x":-89.5,"y":-35,"z":0},"maxPos":{"x":89.5,"y":35,"z":0}},"packable":true,"pixelsToUnit":100,"pivot":{"x":0.5,"y":0.5},"meshType":0}],[0],0,[0],[0],[0]]
