[1,["56qcrcwVxH35iNrLa7mrtb@6c48a"],["_textureSource"],["cc.SpriteFrame"],0,[{"name":"rk_zch_xiao","rect":{"x":2,"y":3,"width":1536,"height":507},"offset":{"x":-254,"y":-0.5},"originalSize":{"width":2048,"height":512},"rotated":false,"capInsets":[0,0,0,0],"vertices":{"rawPosition":[-768,-253.5,0,768,-253.5,0,-768,253.5,0,768,253.5,0],"indexes":[0,1,2,2,1,3],"uv":[2,509,1538,509,2,2,1538,2],"nuv":[0.0009765625,0.00390625,0.7509765625,0.00390625,0.0009765625,0.994140625,0.7509765625,0.994140625],"minPos":{"x":-768,"y":-253.5,"z":0},"maxPos":{"x":768,"y":253.5,"z":0}},"packable":true,"pixelsToUnit":100,"pivot":{"x":0.5,"y":0.5},"meshType":0}],[0],0,[0],[0],[0]]
