[1,["2bZGGzkAJJ3pN0jLTkT8Pi","20g1ukYUVPvKWKBRznAKo+@f9941","54TknWPwVPqJqeCR+Y/Czo@f9941","95EkngnxZFbYuFpsqVTaFr@f9941","5f7lK+qrdAtae6GoFZ8v56@f9941","f6ArgKqi1ONI1/SRoriGjR@f9941","a0YADcYLVNYZ6OuPO129Mv@f9941","ffuIqPr2JI9I8dPLYGRDpD@f9941","bbFhS9/lJMKJbq9+kxCIVD@f9941","01V5TQAhFIwqx1Y2cJotrx@f9941","b5NJU+a6dAyb99N6OucBJG@f9941","b4V5E4De9Kf4FPZYgCW9hr@f9941","b975rrb8dCXpIN177CsCaT@f9941","afxHkx8GZGsJC+n+YfITQo@f9941","0e1gN8kbdMR6jZe9BGD2+q@f9941","68eaC0s35L07rHN0gg+lr/@f9941","abKn/om+5Oe7tfupMy7+RU@f9941","8fSY8qHv1DZ7Fu5+3X1SXs@f9941","57K20kNtdOCYr3iTPlq4wm@f9941","c3/SU3L+FEcIObEzp58e8H@f9941","f5E8UdMqtNVZNAbwlKqS4p@f9941","01V4CgV3pDLZCRDV9hx5dW@6c48a","7dj5uJT9FMn6OrOOx83tfK@f9941","01V4CgV3pDLZCRDV9hx5dW@f9941","7fchkiDHdOsqRtG5K08z1B@f9941","ae3841LS1D4JRaqA0ObnKo@f9941","832zyCEwdMmKvviTxDX9rd@f9941","49e39llXpNdbl47toFhM84@f9941","dcblnditFBe47MTM7+w8Yx@f9941","b7N2okERFK7YGdPTX+KCrc@f9941","8dQeSw005PcLeA29XoWmNg@f9941","05zJxDoMRGFplRaKrBSdfb@f9941"],["node","_spriteFrame","_atlas","_normalSprite","_target","_hoverSprite","_pressedSprite","_disabledSprite","_parent","_checkMark","_barSprite","_scrollView","_textureSource","root","data"],[["cc.Sprite",["_sizeMode","_type","node","__prefab","_spriteFrame","_atlas","_color"],1,1,4,6,6,5],["cc.Node",["_name","_layer","_active","_components","_prefab","_parent","_lpos","_children"],0,9,4,1,5,2],["cc.Node",["_name","_layer","_active","_parent","_components","_prefab","_lpos","_children"],0,1,12,4,5,2],["cc.UITransform",["node","__prefab","_contentSize","_anchorPoint"],3,1,4,5,5],["cc.Layout",["_resizeMode","_spacingY","_layoutType","_isAlign","node","__prefab"],-1,1,4],["cc.Label",["_string","_actualFontSize","_fontSize","_isBold","node","__prefab","_color"],-1,1,4,5],["cc.Widget",["_alignFlags","_originalHeight","_originalWidth","_alignMode","node","__prefab"],-1,1,4],["cc.Toggle",["_transition","_zoomScale","_isChecked","node","__prefab","_normalColor","_checkMark","_normalSprite","_target"],0,1,4,5,1,6,1],"cc.SpriteFrame","cc.SpriteAtlas",["cc.Prefab",["_name"],2],["cc.CompPrefabInfo",["fileId"],2],["cc.PrefabInfo",["fileId","instance","targetOverrides","nestedPrefabInstanceRoots","root","asset"],-1,1,1],["cc.ToggleContainer",["node","__prefab"],3,1,4],["cc.BlockInputEvents",["node","__prefab"],3,1,4],["cc.Button",["_transition","_zoomScale","node","__prefab","_normalColor","_target","_normalSprite","_hoverSprite","_pressedSprite","_disabledSprite"],1,1,4,5,1,6,6,6,6],["cc.Mask",["node","__prefab"],3,1,4],["cc.Graphics",["node","__prefab","_fillColor"],3,1,4,5],["cc.ProgressBar",["_totalLength","_progress","node","__prefab","_barSprite"],1,1,4,1],["cc.LabelOutline",["node","__prefab"],3,1,4],["cc.ScrollBar",["_direction","node","__prefab","_handle"],2,1,4,1],["cc.ScrollView",["bounceDuration","brake","horizontal","node","__prefab","_content","_verticalScrollBar"],0,1,4,1,1]],[[11,0,2],[12,0,1,2,3,4,5,5],[3,0,1,2,1],[1,0,1,5,3,4,6,3],[0,2,3,4,5,1],[1,0,1,5,7,3,4,6,3],[3,0,1,2,3,1],[0,1,0,2,3,4,5,3],[15,0,1,2,3,4,5,6,7,8,9,3],[0,1,0,2,3,3],[2,0,2,1,3,7,4,5,6,4],[1,0,1,7,3,4,6,3],[2,0,1,3,4,5,6,3],[5,0,1,2,3,4,5,6,5],[5,0,1,2,4,5,4],[1,0,2,1,5,3,4,6,4],[6,0,1,3,4,5,4],[4,4,5,1],[4,0,2,1,3,4,5,5],[0,1,0,2,3,4,3],[0,0,2,3,4,5,2],[0,2,3,1],[16,0,1,1],[17,0,1,2,1],[18,0,1,2,3,4,3],[20,0,1,2,3,2],[21,0,1,2,3,4,5,6,4],[1,0,1,5,3,4,3],[3,0,1,1],[0,1,2,3,4,5,2],[7,0,1,2,3,4,5,8,6,7,4],[2,0,1,3,7,4,5,6,3],[6,0,2,1,4,5,4],[10,0,2],[1,0,1,7,3,4,3],[1,0,2,1,5,3,4,4],[4,0,1,4,5,3],[0,0,2,3,6,4,2],[13,0,1,1],[7,0,1,3,4,5,6,7,3],[14,0,1,1],[5,0,1,2,4,5,6,4],[19,0,1,1]],[[[{"name":"bg_dt_xinxi_zuokuangyinying@2x","rect":{"x":0,"y":0,"width":1234,"height":684},"offset":{"x":0,"y":0},"originalSize":{"width":1234,"height":684},"rotated":false,"capInsets":[0,0,0,0],"vertices":{"rawPosition":[-617,-342,0,617,-342,0,-617,342,0,617,342,0],"indexes":[0,1,2,2,1,3],"uv":[0,684,1234,684,0,0,1234,0],"nuv":[0,0,1,0,0,1,1,1],"minPos":{"x":-617,"y":-342,"z":0},"maxPos":{"x":617,"y":342,"z":0}},"packable":true,"pixelsToUnit":100,"pivot":{"x":0.5,"y":0.5},"meshType":0}],[8],0,[0],[12],[21]],[[{"name":"auto-task","spriteFrames":[]}],[9],0,[],[],[]],[[[33,"prafabs_task"],[34,"prafabs_task",33554432,[-4,-5,-6,-7,-8,-9,-10,-11,-12],[[2,-2,[0,"9f8z0ef1lOZZsNIBHrziov"],[5,1334,741]],[32,45,100,100,-3,[0,"fbnr05n5hHHJmhWkMCbxb8"]]],[1,"c46/YsCPVOJYA4mWEpNYRx",null,null,null,-1,0]],[11,"props_right_share",33554432,[-16,-17,-18,-19,-20,-21,-22,-23,-24],[[2,-13,[0,"6e1E+jC09OeqZWWcF1teyK"],[5,802,120]],[17,-14,[0,"8dx2/1RwpNFpGfplAJ1w8F"]],[4,-15,[0,"02KiydIiJMQIiu2+14vWDw"],149,150]],[1,"cfUmO1pPpAO5FhdCqmaA+z",null,null,null,1,0],[1,0,-60,0]],[11,"props_right_topup",33554432,[-28,-29,-30,-31,-32,-33,-34],[[2,-25,[0,"1fa+zCL49K3KL/Up7z3zS1"],[5,802,120]],[17,-26,[0,"a5LmPUP8ZJjr3vnMeFweNt"]],[4,-27,[0,"e6m1Wkq1xMp5aAsBw2mZz7"],62,63]],[1,"85H1V1np9JN5ALAjvIWRM5",null,null,null,1,0],[1,0,-60,0]],[11,"props_right_login",33554432,[-38,-39,-40,-41,-42,-43,-44],[[2,-35,[0,"9dOgpLjB9FpZybptXHfF2A"],[5,802,120]],[17,-36,[0,"8cSnRXlh9PAKEisUdZ8M5E"]],[4,-37,[0,"c56h+BADVK95j0n2euT+Jg"],91,92]],[1,"28m/15XLVKUbpwPPy1lsl0",null,null,null,1,0],[1,0,-60,0]],[11,"props_right_game",33554432,[-48,-49,-50,-51,-52,-53,-54],[[2,-45,[0,"4aDF4+J7lMHJ9PxfJjFKkq"],[5,802,120]],[17,-46,[0,"288/4rEFpIIJLd6MMkHZT6"]],[4,-47,[0,"4fP1JesbNMRKEbvP87lBJn"],120,121]],[1,"a9uUTXps9DrqPVMnpT3WSz",null,null,null,1,0],[1,0,-60,0]],[5,"props_ToggleGroup_task",33554432,1,[-58,-59,-60,-61],[[38,-55,[0,"2dw9qWxqVMk6neVg4GSSuP"]],[6,-56,[0,"37x8932xlEQI18lFyTod9y"],[5,100,266],[0,0.5,1]],[36,1,32,-57,[0,"09Z9524mFDb4kJmjYjW+RQ"]]],[1,"20QRwHHa9MY4gDE7BY5hK6",null,null,null,1,0],[1,-429.961,205.879,0]],[5,"Toggle_login",33554432,6,[-66,-67,-68],[[2,-62,[0,"f0sDgdHIVID5G/qy3gS0h4"],[5,250,80]],[30,3,0.9,false,-65,[0,"237PFbIRRHVYTnWr7zZI6M"],[4,4292269782],-64,-63,22]],[1,"a9OvbvPxBDybZ6XaldUaUl",null,null,null,1,0],[1,0,-89,0]],[5,"Toggle_game",33554432,6,[-73,-74,-75],[[2,-69,[0,"daCMaAHItBrrqTZeTuZgg3"],[5,250,80]],[30,3,0.9,false,-72,[0,"19fnjXuqZDU6T6VVbN+Ka4"],[4,4292269782],-71,-70,29]],[1,"dbgqRoGMFMTq/FNb/7yN++",null,null,null,1,0],[1,0,-169,0]],[5,"Toggle_topUp",33554432,6,[-79,-80,-81],[[2,-76,[0,"e7DL0joOdBca8hJTQ2P9DJ"],[5,250,80]],[39,3,0.9,-78,[0,"67bLr/zq1K6oFjdfZ5AHlC"],[4,4292269782],-77,15]],[1,"939fLGFkRNDYsR+1P4IxCW",null,null,null,1,0],[1,0,-7,0]],[5,"Toggle_share",33554432,6,[-86,-87],[[2,-82,[0,"d9FUV7KDpNnYW728/Zj7Tz"],[5,250,80]],[30,3,0.9,false,-85,[0,"efmU0mCxJLho0aOdpE5phV"],[4,4292269782],-84,-83,34]],[1,"7bsFW2rvBHKYqmLfArI4Lp",null,null,null,1,0],[1,0,-250,0]],[31,"props_ScrollView_topup",33554432,1,[-91,-92],[[[2,-88,[0,"f4YYs35OdAebh2Q8z/y2p5"],[5,240,250]],[9,1,0,-89,[0,"36oMyzkdFGMK/WEm0cPbYm"]],-90],4,4,1],[1,"c8xELlDo9F5bCHLKfg4tOL",null,null,null,1,0],[1,134,44,0]],[10,"scrollBar",false,33554432,11,[-97],[[[6,-93,[0,"20yRR9tZxBdZID5IL53Beu"],[5,12,250],[0,1,0.5]],[19,1,0,-94,[0,"a9okEs1HZGYaJzarKte3KD"],35],[16,37,250,1,-95,[0,"1ej/BN2zFAM71Hd7OgzR8N"]],-96],4,4,4,1],[1,"19tiCmK1RLyL1MWQfkFcTu",null,null,null,1,0],[1,120,0,0]],[10,"props_ScrollView_login",false,33554432,1,[-101,-102],[[[2,-98,[0,"31H1fhxZZJ7pB/6F8FKANG"],[5,240,250]],[9,1,0,-99,[0,"64q3KeB9dCDZmTAto5rTA0"]],-100],4,4,1],[1,"bcrcQ24LpGWLe2QkCMEPCz",null,null,null,1,0],[1,134,44,0]],[10,"scrollBar",false,33554432,13,[-107],[[[6,-103,[0,"5cZJb2sEhIALbNpkMZ4eyz"],[5,12,250],[0,1,0.5]],[19,1,0,-104,[0,"7bE+heQUlJNrOLG42aVzQi"],64],[16,37,250,1,-105,[0,"1eNWlU41RFZbmX7XbDUwnF"]],-106],4,4,4,1],[1,"d2/uvy9chPMoOZO3x/PP7z",null,null,null,1,0],[1,120,0,0]],[10,"props_ScrollView_game",false,33554432,1,[-111,-112],[[[2,-108,[0,"31o746qlZMyr3GZpNiJcWn"],[5,240,250]],[9,1,0,-109,[0,"caW1v0/55LCKE5ynym9iSx"]],-110],4,4,1],[1,"3d779x5mVCRp2QneBaP26o",null,null,null,1,0],[1,134,44,0]],[10,"scrollBar",false,33554432,15,[-117],[[[6,-113,[0,"f4OFFC5b9JY71G9JJK6j02"],[5,12,250],[0,1,0.5]],[19,1,0,-114,[0,"3781MVmbhCjKRUtwZ276Pa"],93],[16,37,250,1,-115,[0,"41yj/P865PmZ3SMbFRuWBe"]],-116],4,4,4,1],[1,"96cDIN7+VC5KqCFDtV1+av",null,null,null,1,0],[1,120,0,0]],[10,"props_ScrollView_share",false,33554432,1,[-121,-122],[[[2,-118,[0,"5e3KMrnwdEh7naoWagXM7a"],[5,240,250]],[9,1,0,-119,[0,"93F41vZ5tKjrrzIk0tert+"]],-120],4,4,1],[1,"1dinPA6FBIBYfbwgth34aT",null,null,null,1,0],[1,134,44,0]],[10,"scrollBar",false,33554432,17,[-127],[[[6,-123,[0,"7651eD3tJFeoHscK/94Lof"],[5,12,250],[0,1,0.5]],[19,1,0,-124,[0,"a4k6uI4stOBq9jh6FctsFz"],122],[16,37,250,1,-125,[0,"27m6ZqfmFOfYGG/N0C5fl/"]],-126],4,4,4,1],[1,"fexkt5pEFBP4JOngihSd4v",null,null,null,1,0],[1,120,0,0]],[35,"bg",false,33554432,1,[[2,-128,[0,"e3CX2uYulEY6Z0ov0veBzA"],[5,1334,750]],[37,0,-129,[0,"2bVs9id6xGqIzd4Z+TSI77"],[4,1677721600],0],[32,45,1334,640,-130,[0,"1fekGaisNBB7NtCM3nt1Y/"]],[40,-131,[0,"39AxLdf6VPUr3yOlYb8sLG"]]],[1,"3aT7UDkF9BN4Ru1uFLmP4n",null,null,null,1,0]],[3,"props_btn_guanbi",33554432,1,[[6,-132,[0,"c4+9HrLM5GR6kwlSWQciNy"],[5,61,79],[0,0.5,1]],[7,1,2,-133,[0,"baZp3vibdNubAgl5ibWOKE"],3,4],[8,3,0.9,-135,[0,"3aAnsfrkZGBLiWkjQbl2Gj"],[4,4292269782],-134,5,6,7,8]],[1,"a67FlDvPdGZ5UObYWs8qjl",null,null,null,1,0],[1,584,280,0]],[11,"content",33554432,[3],[[6,-136,[0,"e5WG7X56FOErT3gWiNs4on"],[5,802,120],[0,0.5,1]],[18,1,2,20,true,-137,[0,"9c5dzuiqFHDJhgyraCIXVj"]]],[1,"93QeBmaDFBTZCoSSgDdsvr",null,null,null,1,0],[1,0,250,0]],[5,"view",33554432,11,[21],[[2,-138,[0,"12vox+H61FPpJd0fbvVwWz"],[5,802,505]],[22,-139,[0,"28X6n7ZOpBobDHEtZ4jYK7"]],[23,-140,[0,"2fufiuYutIcb1UCJWikU1l"],[4,16777215]]],[1,"63IeYC/chNJ4O+EvVM0MnQ",null,null,null,1,0],[1,0,-59,0]],[5,"progressBar_topup",33554432,3,[-145],[[2,-141,[0,"d9HRsnYJtF1KdOyF06tKaY"],[5,327,20]],[7,1,0,-142,[0,"c1XNmX4WxC5KpWm7h4EI5u"],38,39],[24,300,0.6,-144,[0,"66abrzVMxPSILOMv0tTKnz"],-143]],[1,"26+asDpLFBoaWQyVqVFxtO",null,null,null,1,0],[1,-99,-29,0]],[5,"spt_jinbi_bg",33554432,3,[-148,-149],[[2,-146,[0,"15H4nngB1P9Z94MY+SIaiw"],[5,76,76]],[4,-147,[0,"36VALKBAJM1qQ3oBEb0DEx"],42,43]],[1,"b4QwRA8T1L5LzdAMaxcnlx",null,null,null,1,0],[1,152,0,0]],[5,"props_btn",33554432,3,[-151,-152,-153],[[28,-150,[0,"6bM3Azg3xKGaW+dpKxry9u"]]],[1,"9aPU9JsDxCeIDb3Pyh3lnm",null,null,null,1,0],[1,152,0,0]],[3,"btn_huang",33554432,25,[[2,-154,[0,"d3/wx2sWNGs4ewDlwSMWkb"],[5,157,58]],[7,1,2,-155,[0,"48Zik7cfZPsYUzYfX1jq8l"],44,45],[8,3,0.9,-157,[0,"d0IzVFC6dBlLnp0a4dok3w"],[4,4292269782],-156,46,47,48,49]],[1,"117U01sAVJ87QoqApSR3z4",null,null,null,1,0],[1,152,0,0]],[15,"btn_lv",false,33554432,25,[[2,-158,[0,"da4oilKodAQIOfkQiF3I0L"],[5,157,58]],[7,1,2,-159,[0,"c397MsB9RE0I9r4vHe0zdp"],50,51],[8,3,0.9,-161,[0,"61YuhNcJxNHYH4j+JTWeUd"],[4,4292269782],-160,52,53,54,55]],[1,"b32E5OXctCZr6NryL6cIZr",null,null,null,1,0],[1,152,0,0]],[15,"btn_hui",false,33554432,25,[[2,-162,[0,"32Y9bGFXVHKqiVdBCP3pyY"],[5,157,58]],[7,1,2,-163,[0,"dd5mAPoXlBLrYZ+WFwij2x"],56,57],[8,3,0.9,-165,[0,"66jZzKKlZBWZS/aJXbphbL"],[4,4292269782],-164,58,59,60,61]],[1,"d3Xc+V+sRJdKO26gOLMc0H",null,null,null,1,0],[1,152,0,0]],[11,"content",33554432,[4],[[6,-166,[0,"c6vLugpNhJRb9aItbENZcC"],[5,802,120],[0,0.5,1]],[18,1,2,20,true,-167,[0,"b0T41hGmJD2IusPhi8+8mm"]]],[1,"44vuSIrstDEbwEuMNJJNhE",null,null,null,1,0],[1,0,250,0]],[5,"view",33554432,13,[29],[[2,-168,[0,"aduz78xQtJuIn5LoaugAt6"],[5,802,505]],[22,-169,[0,"f2i2UtKYhHcKSjt/5vWBME"]],[23,-170,[0,"14xrFBhaJNM5W8bvmM2NF/"],[4,16777215]]],[1,"95b7wrPxZLxrBHXiFCF6gn",null,null,null,1,0],[1,0,-59,0]],[5,"progressBar_login",33554432,4,[-175],[[2,-171,[0,"bbMfFlqf1MOpnJQS01mc5g"],[5,327,20]],[7,1,0,-172,[0,"8b1826TLhHKaH28xwcYZ/z"],67,68],[24,300,0.6,-174,[0,"8bHnRkADNI/Zwf6t2wKOSj"],-173]],[1,"8cwLdRjwpDbpU0/sXScfET",null,null,null,1,0],[1,-99,-29,0]],[5,"spr_jinbi_bg",33554432,4,[-178,-179],[[2,-176,[0,"d69upeBixJ9r/1UX2BfdBR"],[5,76,76]],[4,-177,[0,"22jXNk4+ZNbbLtJDin6AjO"],71,72]],[1,"45bYhr+SRM34S8aY+aXP1I",null,null,null,1,0],[1,152,0,0]],[5,"props_btn",33554432,4,[-181,-182,-183],[[28,-180,[0,"fcRKkzfR1MB5+6DkvW2Kuy"]]],[1,"5dBsbTiApMVptF3CRIm0Cm",null,null,null,1,0],[1,152,0,0]],[3,"btn_huang",33554432,33,[[2,-184,[0,"949iYS1FxHDrEqkl9pXfCd"],[5,157,58]],[7,1,2,-185,[0,"81LEci1T5IkauNAojgmdVU"],73,74],[8,3,0.9,-187,[0,"4c+x90ChNMuJlUUK8I/sC0"],[4,4292269782],-186,75,76,77,78]],[1,"bf6k6dlDtE0p5bo9mKFKqy",null,null,null,1,0],[1,152,0,0]],[3,"btn_lv",33554432,33,[[2,-188,[0,"5eaXVYF2xIJ7NLu6ZDs6Ci"],[5,157,58]],[7,1,2,-189,[0,"eb9Jzy6SRCgog/+CMEGxFM"],79,80],[8,3,0.9,-191,[0,"9awv4HjFRP6LdmYLaKnNBk"],[4,4292269782],-190,81,82,83,84]],[1,"3er9X3zQJKCZVhwTndP7Gz",null,null,null,1,0],[1,152,0,0]],[3,"btn_hui",33554432,33,[[2,-192,[0,"2elZu76mRH8K36sWvL0bwX"],[5,157,58]],[7,1,2,-193,[0,"79rpZbqzRPeoogGpiJRgAD"],85,86],[8,3,0.9,-195,[0,"aaXN/gyk1A4KfkKr7nW+1z"],[4,4292269782],-194,87,88,89,90]],[1,"beFklLjtRAsJTGesJLnNg2",null,null,null,1,0],[1,152,0,0]],[11,"content",33554432,[5],[[6,-196,[0,"824NYbny5JAYeJWFEf3HOW"],[5,802,120],[0,0.5,1]],[18,1,2,20,true,-197,[0,"8cbJH7KTtFLoAwuTmTNDIV"]]],[1,"86WbND/EtBObL9PQmFS2vm",null,null,null,1,0],[1,0,250,0]],[5,"view",33554432,15,[37],[[2,-198,[0,"3cqiqP/k1CA4mUX3vQk2pW"],[5,802,505]],[22,-199,[0,"51TvqE+KBENo87xK2Py0lV"]],[23,-200,[0,"080sm6tqlK8LOl0flDleNu"],[4,16777215]]],[1,"5fzWx6iNxAtYRef4xEKHrK",null,null,null,1,0],[1,0,-59,0]],[5,"progressBar_game",33554432,5,[-205],[[2,-201,[0,"45PX2Mau1M4pniNxDfo/wd"],[5,327,20]],[7,1,0,-202,[0,"e7OgYEJ5BC5JNzSZNCiQFh"],96,97],[24,300,0.6,-204,[0,"e1l+gXIEZMRZOYVczcfgSL"],-203]],[1,"24Di9vNdJJUo6dyR824BK0",null,null,null,1,0],[1,-99,-29,0]],[5,"spr_jinbi_bg",33554432,5,[-208,-209],[[2,-206,[0,"71Ln34tHtOD4GSqMuDosF7"],[5,76,76]],[4,-207,[0,"037aij7GFHm4srnAbv9Ynx"],100,101]],[1,"e3hhK/SIVDX5CoMYQyzPML",null,null,null,1,0],[1,152,0,0]],[5,"props_btn",33554432,5,[-211,-212,-213],[[28,-210,[0,"08gqkGZpNGUKVOLcR8WIJG"]]],[1,"a9WUVARahCS6naGGZXfu0q",null,null,null,1,0],[1,152,0,0]],[3,"btn_huang",33554432,41,[[2,-214,[0,"44bOyewN5D3pUBmcAtu76D"],[5,157,58]],[7,1,2,-215,[0,"cfOE1KqjdAGZIFVS7Z0Z2P"],102,103],[8,3,0.9,-217,[0,"1fUXNXLslLGIfvZNLBYSHy"],[4,4292269782],-216,104,105,106,107]],[1,"0c/q3xJoBO+JQb35wclQA1",null,null,null,1,0],[1,152,0,0]],[3,"btn_lv",33554432,41,[[2,-218,[0,"05Ythm82JKhZft0ZGmoziW"],[5,157,58]],[7,1,2,-219,[0,"1elkE015xGhqqx9eq32XFm"],108,109],[8,3,0.9,-221,[0,"753mvaJAZIDbzC+3NZsCbb"],[4,4292269782],-220,110,111,112,113]],[1,"05NR6BcupLv7ahBCGWPAUw",null,null,null,1,0],[1,152,0,0]],[3,"btn_hui",33554432,41,[[2,-222,[0,"efFZiyyipNlZew/SkHgP+J"],[5,157,58]],[7,1,2,-223,[0,"99x5TIMg9APrYj8te3gn9b"],114,115],[8,3,0.9,-225,[0,"0d2VNo5f5Hn7bvXv86Dyo8"],[4,4292269782],-224,116,117,118,119]],[1,"d6P/qwJrJAh79bbESMABVn",null,null,null,1,0],[1,152,0,0]],[11,"content",33554432,[2],[[6,-226,[0,"030CmWlF9EM5YRPKytftho"],[5,802,120],[0,0.5,1]],[18,1,2,20,true,-227,[0,"19Lm+0VqZMzYvCJCgi5XS+"]]],[1,"49xs807WhAbrJ07xpIsf1Q",null,null,null,1,0],[1,0,250,0]],[5,"view",33554432,17,[45],[[2,-228,[0,"33R3gXjpVOnaO1z6W8KZ9N"],[5,802,505]],[22,-229,[0,"dbrjMpPblNyrs02fY7yLlG"]],[23,-230,[0,"08qY0e25pDxo5oHJWNHgGK"],[4,16777215]]],[1,"16gZ1tE/JBc4vD5YD9Iujk",null,null,null,1,0],[1,0,-59,0]],[5,"progressBar_share",33554432,2,[-235],[[2,-231,[0,"a54UwO52tHVKBQQ8HXw4Xd"],[5,327,20]],[7,1,0,-232,[0,"09li7akV9KUoN4etXWGt3V"],125,126],[24,300,0.6,-234,[0,"a2n87iZp5Hr6755ooA8vnE"],-233]],[1,"9eLjdIeWBOKopWuJSFcz2S",null,null,null,1,0],[1,-99,-29,0]],[5,"spr_jinbi_bg",33554432,2,[-238,-239],[[2,-236,[0,"84AxMuGqNBTazCzWfWa5iV"],[5,76,76]],[4,-237,[0,"23RGImB2xK0Z38n2HFxPEJ"],129,130]],[1,"79VY2ixPJBsapB89+MhE64",null,null,null,1,0],[1,152,0,0]],[3,"btn_huang",33554432,2,[[2,-240,[0,"dbuEGQXSVHLpJ6fuH0ubsL"],[5,157,58]],[29,1,-241,[0,"70es3Ko3NDKYaoYMfPKTwM"],131,132],[8,3,0.9,-243,[0,"71hKlvZJFMfazNUMTpdoKn"],[4,4292269782],-242,133,134,135,136]],[1,"c6kYwJtpNEC7F+zdXMZDB7",null,null,null,1,0],[1,304,0,0]],[15,"btn_lv",false,33554432,2,[[2,-244,[0,"fa6j0UGk1AoK2ZAScFbYCu"],[5,157,58]],[29,1,-245,[0,"6f4eRdwqBC7oMSaKzYocmD"],137,138],[8,3,0.9,-247,[0,"d1M3oyY8JAJJ+Df3bcPQKJ"],[4,4292269782],-246,139,140,141,142]],[1,"245Bw1C0BDsqVwP8LS672c",null,null,null,1,0],[1,304,0,0]],[15,"btn_hui",false,33554432,2,[[2,-248,[0,"181vZmxpZJF7fKTx5aTXeG"],[5,157,58]],[29,1,-249,[0,"f2uBJbpB1Bqaks2ZTDxS8h"],143,144],[8,3,0.9,-251,[0,"78FcEBo7pKdpHPo1SdEPuu"],[4,4292269782],-250,145,146,147,148]],[1,"f74tf3GLBH+IE80QbbpiZI",null,null,null,1,0],[1,304,0,0]],[31,"Checkmark",33554432,9,[-254],[[[2,-252,[0,"4baSk5zB5AiKinZZOiYAk4"],[5,268,72]],-253],4,1],[1,"bcRdDbZQxB3IwEkq0F/QaT",null,null,null,1,0],[1,0,-11,0]],[10,"Checkmark",false,33554432,7,[-257],[[[2,-255,[0,"d9pzpqnPFBnZBin6zIADLU"],[5,268,72]],-256],4,1],[1,"63+hPctkJLDoNpISG0wtuP",null,null,null,1,0],[1,0,-3,0]],[10,"Checkmark",false,33554432,8,[-260],[[[2,-258,[0,"98+NEGOMdBzJIA5YU3OJU3"],[5,268,72]],-259],4,1],[1,"3202VmGJVIUpZYKZ0r11hk",null,null,null,1,0],[1,0,1,0]],[10,"Checkmark",false,33554432,10,[-263],[[[2,-261,[0,"8bn3IDRyJFcpXMt8s7neVx"],[5,268,72]],-262],4,1],[1,"c1URDMFOhPxqGQ74qzF7s/",null,null,null,1,0],[1,0,6,0]],[3,"props_task_null",33554432,1,[[2,-264,[0,"86iz7sHpJIrZxBDF1OKt1x"],[5,340.24,54.4]],[41,"Sorry,There are no tasks ",30,30,-265,[0,"f4IZWiyGxAMZE+0hztnZJA"],[4,2895231400]],[42,-266,[0,"5f3Q3jAZRJLIaeVM51516F"]]],[1,"d8AcB8LidJ6JAnFy1wODIn",null,null,null,1,0],[1,126,0,0]],[27,"spr_task_bg",33554432,1,[[2,-267,[0,"438xEVuw1NMLN4ax2WqKpx"],[5,1234,684]],[4,-268,[0,"8fk3KWuD9MqJ/RyxEcejVC"],1,2]],[1,"dfnYxCKl9H3603DIZgUBcf",null,null,null,1,0]],[3,"spr_font_topup",33554432,9,[[2,-269,[0,"20oXGSo/tEYZtqCjO/OVHP"],[5,99,31]],[4,-270,[0,"faq4FphadAaIl4cnPftyaj"],9,10]],[1,"ffOCoa2ipHU4vD3AlUnKTb",null,null,null,1,0],[1,0,-11,0]],[27,"spr_topup",33554432,52,[[2,-271,[0,"07xMECAQBIu5m4HN1lJ78x"],[5,99,31]],[4,-272,[0,"2fSOehunhBbLleIrMFmwlq"],11,12]],[1,"e7qHGQIvNPqK67hmrullNl",null,null,null,1,0]],[3,"spr_fengexian",33554432,9,[[2,-273,[0,"413eDE91lD+amoqAui7QAX"],[5,249,2]],[4,-274,[0,"aaNFOVkuJLEITbfnkKFg5Z"],13,14]],[1,"e6msTgrr1BCpITw3F7uviH",null,null,null,1,0],[1,0,-43,0]],[3,"spr_font_login",33554432,7,[[2,-275,[0,"b9+Aim565INqXcF7X2ZyNv"],[5,89,31]],[4,-276,[0,"6fiTNzmO9EgJVWtQ8cCNJd"],16,17]],[1,"d2DctbWzlF/IylI/JH8gS+",null,null,null,1,0],[1,0,-8,0]],[3,"spr_login",33554432,53,[[2,-277,[0,"07cW5o7mFKRLFaTN87535R"],[5,89,31]],[4,-278,[0,"c4qUCowGtNaKQfUI4dEqY5"],18,19]],[1,"bbnEKXrONDLqVCkDwj9WrQ",null,null,null,1,0],[1,-2,-4,0]],[3,"spr_fengexian1",33554432,7,[[2,-279,[0,"dcywTmLXNMJLzdYU8T6fNI"],[5,249,2]],[4,-280,[0,"fcDKyhIqxLMpOr8PEqVWBZ"],20,21]],[1,"e6EniW7NdFG4Z7ydAUdvYx",null,null,null,1,0],[1,0,-39,0]],[3,"spr_font_game",33554432,8,[[2,-281,[0,"f4fZ7yOVJE6LzLMjhaxqh3"],[5,91,26]],[4,-282,[0,"18wNNAmtBFkJX7/std/mDH"],23,24]],[1,"4851z0RyxBILKICvH42fWb",null,null,null,1,0],[1,0,-5,0]],[3,"spr_game",33554432,54,[[2,-283,[0,"bdr1OwKxVOEI6ULTSxL6YU"],[5,91,26]],[4,-284,[0,"25r/HNrJlD6KTS6Iad5mMu"],25,26]],[1,"787xzUhzxKK5ZvHIh+BqZt",null,null,null,1,0],[1,0,-4,0]],[3,"spr_fengexian2",33554432,8,[[2,-285,[0,"8b7pBeHVhAFL0XqHQVj/UM"],[5,249,2]],[4,-286,[0,"b6evR+A3FJ7oXXoUxz8KPW"],27,28]],[1,"546lZtfthDdIqMlkIN0wlM",null,null,null,1,0],[1,0,-39,0]],[27,"spr_font_Share",33554432,10,[[2,-287,[0,"f5GWZt0edAr7b/aJyLqgWw"],[5,92,26]],[4,-288,[0,"d1qHjqAIlCYooU13cKw03R"],30,31]],[1,"65Jd5/MZRMCKN8CHs9fkwC",null,null,null,1,0]],[3,"spr_login",33554432,55,[[2,-289,[0,"05qDl73kRJG62vC1Tb8bOd"],[5,92,26]],[4,-290,[0,"6c2tHenz9Dkp1v64SIkZjB"],32,33]],[1,"ebQOXsOJdBtqlJKqCKJKDU",null,null,null,1,0],[1,0,-4,0]],[12,"bar",33554432,12,[[[6,-291,[0,"c7woQvfglHU5WELTmDgaCB"],[5,10,156.25],[0,0,0]],-292],4,1],[1,"75uBFpAbBKFanlHuWhh4wB",null,null,null,1,0],[1,-11,-31.25,0]],[3,"spr_topup_icon",33554432,3,[[2,-293,[0,"eet/yFQddIZLXbstCnxQIB"],[5,89,90]],[4,-294,[0,"a0JN/CkQdINrHEZZfR/+68"],36,37]],[1,"fcP1m5Q7xHqrdawODa46g+",null,null,null,1,0],[1,-338,2,0]],[3,"Label_font1",33554432,3,[[2,-295,[0,"7b4XQVSuxKxIIg3f8/mhUp"],[5,301.89,50.4]],[13,"Accumulated recharge",28,28,true,-296,[0,"e0dSHbP2pGE4gHDahBXa6p"],[4,4279331794]]],[1,"f7ViaMQBJDRZD8w1puNa9j",null,null,null,1,0],[1,-112,34,0]],[3,"Label_font2",33554432,3,[[2,-297,[0,"13+rK5ojtGMJQhcyq8dqZG"],[5,205.01,50.4]],[13,"Total recharge is 50",22,22,true,-298,[0,"bdmp0Mr6tOrqUNxEhs84AO"],[4,4280429933]]],[1,"2bwkPRbppEvbq7xtt5PLtS",null,null,null,1,0],[1,-162,4,0]],[12,"Bar",33554432,23,[[[6,-299,[0,"69lh2oQ/NOGJCuw3+v31vj"],[5,180,14],[0,0,0.5]],-300],4,1],[1,"7cMcpbl3NHcqPmTKc2qhcj",null,null,null,1,0],[1,-162,1,0]],[3,"props_topup_font",33554432,3,[[2,-301,[0,"ceI+5xkDJOoan2RfOSy8QK"],[5,61.17,50.4]],[14,"50/100",20,20,-302,[0,"50nXVc+TdEKZJ0eWzBgCeU"]]],[1,"ddfIyLWL9DFK3vO5R2u8Hb",null,null,null,1,0],[1,-22,-27,0]],[3,"props_jinbi_shuzi",33554432,24,[[2,-303,[0,"c4mMB9pe9Ns7IdFUKhceLX"],[5,26.7,50.4]],[14,"10",24,24,-304,[0,"a7b7NS0gVHBbxPpt+6Xs3w"]]],[1,"bfZF7tuFlA/7GPD19/Z761",null,null,null,1,0],[1,-2,-26,0]],[3,"spr_jinbi",33554432,24,[[2,-305,[0,"ce1HLy1z1AOq/Jhox4s6PJ"],[5,55,56]],[20,0,-306,[0,"f6GSMX4dRCG7x19N9yvi+h"],40,41]],[1,"d7Tdqk0V9PXLZiGUkph4xm",null,null,null,1,0],[1,-1,9,0]],[12,"bar",33554432,14,[[[6,-307,[0,"61Eg+p5/lFbKKHquM+W97B"],[5,10,156.25],[0,0,0]],-308],4,1],[1,"b8KpWbw0ZAhr9vmE1+9HjY",null,null,null,1,0],[1,-11,-31.25,0]],[3,"spr_login_icon",33554432,4,[[2,-309,[0,"dfG/wlIw1BLrkwtZ7xynxc"],[5,89,89]],[4,-310,[0,"f73+J68UhOw685Vnxh4yHs"],65,66]],[1,"a5tumDYjZCb53YS/1zAwXp",null,null,null,1,0],[1,-338,2,0]],[3,"Label_font1",33554432,4,[[2,-311,[0,"30sd+O7utFvqw20xwUhtHr"],[5,301.89,50.4]],[13,"Accumulated recharge",28,28,true,-312,[0,"d9coylrAJOYr93OysiD1K/"],[4,4279331794]]],[1,"61yv8DYCVDkKWlbI0wxu+x",null,null,null,1,0],[1,-112,34,0]],[3,"Label_font2",33554432,4,[[2,-313,[0,"0duYgQBZNOOqmfHMar3I+B"],[5,205.01,50.4]],[13,"Total recharge is 50",22,22,true,-314,[0,"a0Av1ZuUZBw4l3ZfW3O9Ru"],[4,4280429933]]],[1,"caBuNzuaZEpIo9yvw9gZ0l",null,null,null,1,0],[1,-162,4,0]],[12,"Bar",33554432,31,[[[6,-315,[0,"6cQhVtBzJIz5ugVHN4cGXX"],[5,180,14],[0,0,0.5]],-316],4,1],[1,"c117rAbKtC2LtxkOEyBErE",null,null,null,1,0],[1,-162,1,0]],[3,"props_login_font",33554432,4,[[2,-317,[0,"fdg1rQbxhNlabN7DRLR31u"],[5,61.17,50.4]],[14,"50/100",20,20,-318,[0,"59Dw1VwyJO5oO17aTdRIOU"]]],[1,"99636cJdxC2LNbANiZJ0TT",null,null,null,1,0],[1,-22,-27,0]],[3,"props_jinbi_shuzi",33554432,32,[[2,-319,[0,"cdh2UwobpLIqmi4v6TjGvT"],[5,26.7,50.4]],[14,"10",24,24,-320,[0,"aeZPZyj3NGn4SHzFEQ/EaL"]]],[1,"bfEBIpAPlITr7lX8SqHfFX",null,null,null,1,0],[1,-2,-26,0]],[3,"spr_jinbi",33554432,32,[[2,-321,[0,"484PfVwCZCJoIexsiE4xPS"],[5,55,56]],[20,0,-322,[0,"91+KdpVsNNMq6CifDgFINn"],69,70]],[1,"86iYBWEXJJPK6d2Z1RHvjR",null,null,null,1,0],[1,-1,9,0]],[12,"bar",33554432,16,[[[6,-323,[0,"f0C4+1CBNFS4HQ+CzR5zr6"],[5,10,156.25],[0,0,0]],-324],4,1],[1,"e8wCMaKf9JoZZHjwDPffk5",null,null,null,1,0],[1,-11,-31.25,0]],[3,"spr_game_icon",33554432,5,[[2,-325,[0,"e7vweG7vpC96jmv3hb8nl/"],[5,89,90]],[4,-326,[0,"28QCPvtbBLuJdka1rC6gKI"],94,95]],[1,"5fw5FLVO9OF5ihTpbvMv6b",null,null,null,1,0],[1,-338,2,0]],[3,"Label_font1",33554432,5,[[2,-327,[0,"3cxIVftRlLjYvkMU6KMIbc"],[5,301.89,50.4]],[13,"Accumulated recharge",28,28,true,-328,[0,"f47U8IXl9HQZcxaYt57u2s"],[4,4279331794]]],[1,"4e+PpNFcFGibuA0B3fCijw",null,null,null,1,0],[1,-112,34,0]],[3,"Label_font2",33554432,5,[[2,-329,[0,"feIXLM4qdAO7G6Mpbd41ow"],[5,205.01,50.4]],[13,"Total recharge is 50",22,22,true,-330,[0,"84lQ26Fb1L5aGnzDmmqe3R"],[4,4280429933]]],[1,"ebUu72xrdL5ZzAZdMskBoD",null,null,null,1,0],[1,-162,4,0]],[12,"Bar",33554432,39,[[[6,-331,[0,"b6UWbgyP5DuZBoMXfL5r4B"],[5,180,14],[0,0,0.5]],-332],4,1],[1,"e7fhU+nsRJxYe3KrlPVgCe",null,null,null,1,0],[1,-162,1,0]],[3,"props_game_font",33554432,5,[[2,-333,[0,"9dCI79hBdPB54KOTWlCy+l"],[5,61.17,50.4]],[14,"50/100",20,20,-334,[0,"43hza79oxCea/cdjFKsWJq"]]],[1,"e9GhMStV1LS6wxC5ciu/Ro",null,null,null,1,0],[1,-22,-27,0]],[3,"props_jinbi_shuzi",33554432,40,[[2,-335,[0,"06iNtdsBRALrjTWu3OHyUZ"],[5,26.7,50.4]],[14,"10",24,24,-336,[0,"7bA+T1BtlLxYIbtmEaHF/i"]]],[1,"a0OBgSsO1C8oUzyokSWN4z",null,null,null,1,0],[1,-2,-26,0]],[3,"spr_jinbi",33554432,40,[[2,-337,[0,"d1hoMC1jNEgLREcLTh+Zv2"],[5,55,56]],[20,0,-338,[0,"e5AfnZtspC/qD25OAwoJpK"],98,99]],[1,"f5I55vtYVMO5iHogRXgVp/",null,null,null,1,0],[1,-1,9,0]],[12,"bar",33554432,18,[[[6,-339,[0,"f95ij63p1AqYZwvniTpSze"],[5,10,156.25],[0,0,0]],-340],4,1],[1,"d0s0qu9qdJOpKtzJS2f3dm",null,null,null,1,0],[1,-11,-31.25,0]],[3,"spr_share_icon",33554432,2,[[2,-341,[0,"5cSEP12tFPg7WMH5Hof3Nu"],[5,89,90]],[4,-342,[0,"daO4Z6121J7aaEOqbRIYzM"],123,124]],[1,"cfyN5OB6RHFpQmgQ3+ukvc",null,null,null,1,0],[1,-338,2,0]],[3,"Label_font1",33554432,2,[[2,-343,[0,"5ay3fd5sBEj7I93HteM/Op"],[5,301.89,50.4]],[13,"Accumulated recharge",28,28,true,-344,[0,"74UbSRX0FKKoivp+VfYzZ3"],[4,4279331794]]],[1,"59PqqBqVJIULfwhH1Fxw+M",null,null,null,1,0],[1,-112,34,0]],[3,"Label_font2",33554432,2,[[2,-345,[0,"011nZAuDhBnL1qn7zcm5Se"],[5,205.01,50.4]],[13,"Total recharge is 50",22,22,true,-346,[0,"91YdikhrFDpa9VLji7dbpk"],[4,4280429933]]],[1,"94G8/72n5GlbSt6HJ95bP0",null,null,null,1,0],[1,-162,4,0]],[12,"Bar",33554432,47,[[[6,-347,[0,"98kdZ4x09IoZOdt9ralKV1"],[5,180,14],[0,0,0.5]],-348],4,1],[1,"8ehEgMOzlJPrPe9iCFf7PM",null,null,null,1,0],[1,-162,1,0]],[3,"props_share_font",33554432,2,[[2,-349,[0,"a5Pb+8l8dHrZsQvwB2eIrn"],[5,61.17,50.4]],[14,"50/100",20,20,-350,[0,"daMrb96AxDEZmoiH04fmkK"]]],[1,"98Sej0QUZCZKoxGLQarcQ/",null,null,null,1,0],[1,-22,-27,0]],[3,"props_jinbi_shuzi",33554432,48,[[2,-351,[0,"dcVsFqq6ZAL6ClKF+rytMy"],[5,26.7,50.4]],[14,"10",24,24,-352,[0,"38PCYl5VFKqLhZw6a9n8AO"]]],[1,"c88i8f3SlPTLnyflCLKEF7",null,null,null,1,0],[1,-2,-26,0]],[3,"spr_jinbi",33554432,48,[[2,-353,[0,"bbd2Hk3IFIZLkpe+PrJInJ"],[5,55,56]],[20,0,-354,[0,"39FQmwpFFGhalWp/Uc6nls"],127,128]],[1,"d35ofpWONKlZlsl3N1twfI",null,null,null,1,0],[1,-1,9,0]],[21,52,[0,"78gA4yX6xIiru1u1wNRZKJ"]],[21,53,[0,"22zUOrnVJDV7MqL/aCHp+t"]],[21,54,[0,"30UrOcHshPcqDp4cXrGUqb"]],[21,55,[0,"0fF65PJ39FD7dHkWvX5o/V"]],[9,1,0,69,[0,"d5Lt+70jxOhrQcy493Nlzj"]],[25,1,12,[0,"89CB/tiklCeYsTCdIYJ68U"],105],[26,0.23,0.75,false,11,[0,"24kPL623FHKrDcRuz2h9jP"],21,106],[9,1,0,73,[0,"b9DJ3j4RVO57ZA7uvm0zVh"]],[9,1,0,77,[0,"9d4ydESB1Plb9+n/b55YUL"]],[25,1,14,[0,"bc4XMhPEdDQbBD+cwRArrV"],109],[26,0.23,0.75,false,13,[0,"74oudNLEZGP6ywJsYlENQw"],29,110],[9,1,0,81,[0,"109qNVKKdK6opXwRiWtWpS"]],[9,1,0,85,[0,"23OrjNTV9FO5JEMEhENBmQ"]],[25,1,16,[0,"ee3i4f5LxIS5NEkwbfXD7D"],113],[26,0.23,0.75,false,15,[0,"cfb+xt9LJF3avSeRnbxIa7"],37,114],[9,1,0,89,[0,"4aATCAGrJPTqz+SM6usB9Y"]],[9,1,0,93,[0,"54XMm8pXtEZ4KOxRJ3zaTB"]],[25,1,18,[0,"afZjTJjHNFQZ02Z4VG+7HG"],117],[26,0.23,0.75,false,17,[0,"f2+WkLTY5OybdVL60gTl8B"],45,118],[9,1,0,97,[0,"d0jpUU4INHSIMv0Bqe0g7o"]]],0,[0,13,1,0,0,1,0,0,1,0,-1,19,0,-2,57,0,-3,20,0,-4,6,0,-5,11,0,-6,13,0,-7,15,0,-8,17,0,-9,56,0,0,2,0,0,2,0,0,2,0,-1,94,0,-2,95,0,-3,96,0,-4,47,0,-5,98,0,-6,48,0,-7,49,0,-8,50,0,-9,51,0,0,3,0,0,3,0,0,3,0,-1,70,0,-2,71,0,-3,72,0,-4,23,0,-5,74,0,-6,24,0,-7,25,0,0,4,0,0,4,0,0,4,0,-1,78,0,-2,79,0,-3,80,0,-4,31,0,-5,82,0,-6,32,0,-7,33,0,0,5,0,0,5,0,0,5,0,-1,86,0,-2,87,0,-3,88,0,-4,39,0,-5,90,0,-6,40,0,-7,41,0,0,6,0,0,6,0,0,6,0,-1,9,0,-2,7,0,-3,8,0,-4,10,0,0,7,0,9,102,0,4,7,0,0,7,0,-1,61,0,-2,53,0,-3,63,0,0,8,0,9,103,0,4,8,0,0,8,0,-1,64,0,-2,54,0,-3,66,0,0,9,0,9,101,0,0,9,0,-1,58,0,-2,52,0,-3,60,0,0,10,0,9,104,0,4,10,0,0,10,0,-1,67,0,-2,55,0,0,11,0,0,11,0,-3,107,0,-1,12,0,-2,22,0,0,12,0,0,12,0,0,12,0,-4,106,0,-1,69,0,0,13,0,0,13,0,-3,111,0,-1,14,0,-2,30,0,0,14,0,0,14,0,0,14,0,-4,110,0,-1,77,0,0,15,0,0,15,0,-3,115,0,-1,16,0,-2,38,0,0,16,0,0,16,0,0,16,0,-4,114,0,-1,85,0,0,17,0,0,17,0,-3,119,0,-1,18,0,-2,46,0,0,18,0,0,18,0,0,18,0,-4,118,0,-1,93,0,0,19,0,0,19,0,0,19,0,0,19,0,0,20,0,0,20,0,4,20,0,0,20,0,0,21,0,0,21,0,0,22,0,0,22,0,0,22,0,0,23,0,0,23,0,10,108,0,0,23,0,-1,73,0,0,24,0,0,24,0,-1,75,0,-2,76,0,0,25,0,-1,26,0,-2,27,0,-3,28,0,0,26,0,0,26,0,4,26,0,0,26,0,0,27,0,0,27,0,4,27,0,0,27,0,0,28,0,0,28,0,4,28,0,0,28,0,0,29,0,0,29,0,0,30,0,0,30,0,0,30,0,0,31,0,0,31,0,10,112,0,0,31,0,-1,81,0,0,32,0,0,32,0,-1,83,0,-2,84,0,0,33,0,-1,34,0,-2,35,0,-3,36,0,0,34,0,0,34,0,4,34,0,0,34,0,0,35,0,0,35,0,4,35,0,0,35,0,0,36,0,0,36,0,4,36,0,0,36,0,0,37,0,0,37,0,0,38,0,0,38,0,0,38,0,0,39,0,0,39,0,10,116,0,0,39,0,-1,89,0,0,40,0,0,40,0,-1,91,0,-2,92,0,0,41,0,-1,42,0,-2,43,0,-3,44,0,0,42,0,0,42,0,4,42,0,0,42,0,0,43,0,0,43,0,4,43,0,0,43,0,0,44,0,0,44,0,4,44,0,0,44,0,0,45,0,0,45,0,0,46,0,0,46,0,0,46,0,0,47,0,0,47,0,10,120,0,0,47,0,-1,97,0,0,48,0,0,48,0,-1,99,0,-2,100,0,0,49,0,0,49,0,4,49,0,0,49,0,0,50,0,0,50,0,4,50,0,0,50,0,0,51,0,0,51,0,4,51,0,0,51,0,0,52,0,-2,101,0,-1,59,0,0,53,0,-2,102,0,-1,62,0,0,54,0,-2,103,0,-1,65,0,0,55,0,-2,104,0,-1,68,0,0,56,0,0,56,0,0,56,0,0,57,0,0,57,0,0,58,0,0,58,0,0,59,0,0,59,0,0,60,0,0,60,0,0,61,0,0,61,0,0,62,0,0,62,0,0,63,0,0,63,0,0,64,0,0,64,0,0,65,0,0,65,0,0,66,0,0,66,0,0,67,0,0,67,0,0,68,0,0,68,0,0,69,0,-2,105,0,0,70,0,0,70,0,0,71,0,0,71,0,0,72,0,0,72,0,0,73,0,-2,108,0,0,74,0,0,74,0,0,75,0,0,75,0,0,76,0,0,76,0,0,77,0,-2,109,0,0,78,0,0,78,0,0,79,0,0,79,0,0,80,0,0,80,0,0,81,0,-2,112,0,0,82,0,0,82,0,0,83,0,0,83,0,0,84,0,0,84,0,0,85,0,-2,113,0,0,86,0,0,86,0,0,87,0,0,87,0,0,88,0,0,88,0,0,89,0,-2,116,0,0,90,0,0,90,0,0,91,0,0,91,0,0,92,0,0,92,0,0,93,0,-2,117,0,0,94,0,0,94,0,0,95,0,0,95,0,0,96,0,0,96,0,0,97,0,-2,120,0,0,98,0,0,98,0,0,99,0,0,99,0,0,100,0,0,100,0,14,1,2,8,45,3,8,21,4,8,29,5,8,37,21,8,22,29,8,30,37,8,38,45,8,46,106,11,107,110,11,111,114,11,115,118,11,119,354],[0,0,0,0,0,0,0,0,0,0,0,0,0,0,0,0,0,0,0,0,0,0,0,0,0,0,0,0,0,0,0,0,0,0,0,0,0,0,0,0,0,0,0,0,0,0,0,0,0,0,0,0,0,0,0,0,0,0,0,0,0,0,0,0,0,0,0,0,0,0,0,0,0,0,0,0,0,0,0,0,0,0,0,0,0,0,0,0,0,0,0,0,0,0,0,0,0,0,0,0,0,0,0,0,0,0,0,0,0,0,0,0,0,0,0,0,0,0,0,0,0,0,0,0,0,0,0,0,0,0,0,0,0,0,0,0,0,0,0,0,0,0,0,0,0,0,0,0,0,0,0,101,101,102,102,103,103,104,104,105,108,109,112,113,116,117,120],[1,1,2,1,2,3,5,6,7,1,2,1,2,1,2,3,1,2,1,2,1,2,3,1,2,1,2,1,2,3,1,2,1,2,3,1,1,2,1,2,1,2,1,2,1,2,3,5,6,7,1,2,3,5,6,7,1,2,3,5,6,7,1,2,1,1,2,1,2,1,2,1,2,1,2,3,5,6,7,1,2,3,5,6,7,1,2,3,5,6,7,1,2,1,1,2,1,2,1,2,1,2,1,2,3,5,6,7,1,2,3,5,6,7,1,2,3,5,6,7,1,2,1,1,2,1,2,1,2,1,2,1,2,3,5,6,7,1,2,3,5,6,7,1,2,3,5,6,7,1,2,1,2,1,2,1,2,1,2,1,1,1,1,1,1,1,1],[22,23,0,16,0,16,1,2,3,17,0,24,0,15,0,17,18,0,25,0,15,0,18,19,0,26,0,15,0,19,20,0,27,0,20,7,28,0,8,0,9,0,10,0,4,0,4,1,2,3,5,0,5,1,2,3,6,0,6,1,2,3,11,0,7,29,0,8,0,9,0,10,0,4,0,4,1,2,3,5,0,5,1,2,3,6,0,6,1,2,3,11,0,7,30,0,8,0,9,0,10,0,4,0,4,1,2,3,5,0,5,1,2,3,6,0,6,1,2,3,11,0,7,31,0,8,0,9,0,10,0,4,0,4,1,2,3,5,0,5,1,2,3,6,0,6,1,2,3,11,0,12,0,12,0,12,0,12,0,13,14,13,14,13,14,13,14]]]]
