[1,["1fa2f0917@6c48a"],["_textureSource"],["cc.SpriteFrame","cc.SpriteAtlas"],0,[[[{"name":"turntable_bg_di","rect":{"x":3,"y":3,"width":703,"height":341},"offset":{"x":114.5,"y":-98.5},"originalSize":{"width":932,"height":546},"rotated":true,"capInsets":[0,0,0,0],"packable":true,"pixelsToUnit":100,"pivot":{"x":0.5,"y":0.5},"meshType":0}],[0],0,[0],[0],[0]],[[{"name":"zhuanpandiquan","rect":{"x":3,"y":712,"width":298,"height":297},"offset":{"x":0,"y":0},"originalSize":{"width":298,"height":297},"rotated":false,"capInsets":[0,0,0,0],"packable":true,"pixelsToUnit":100,"pivot":{"x":0.5,"y":0.5},"meshType":0}],[0],0,[0],[0],[0]],[[{"name":"auto_activity","spriteFrames":[]}],[1],0,[],[],[]],[[{"name":"zhuanpandilan2","rect":{"x":350,"y":3,"width":421,"height":511},"offset":{"x":0,"y":-0.5},"originalSize":{"width":421,"height":512},"rotated":false,"capInsets":[0,0,0,0],"packable":true,"pixelsToUnit":100,"pivot":{"x":0.5,"y":0.5},"meshType":0}],[0],0,[0],[0],[0]],[[{"name":"zhuanpandi_BIG","rect":{"x":350,"y":520,"width":351,"height":350},"offset":{"x":0,"y":0},"originalSize":{"width":351,"height":350},"rotated":true,"capInsets":[0,0,0,0],"packable":true,"pixelsToUnit":100,"pivot":{"x":0.5,"y":0.5},"meshType":0}],[0],0,[0],[0],[0]]]]
