[1,["13a9dc837@6c48a"],["_textureSource"],["cc.SpriteFrame","cc.SpriteAtlas"],0,[[[{"name":"auto_bank","spriteFrames":[]}],[1],0,[],[],[]],[[{"name":"word_bank_title","rect":{"x":3,"y":837,"width":129,"height":74},"offset":{"x":-0.5,"y":-0.5},"originalSize":{"width":134,"height":77},"rotated":true,"capInsets":[0,0,0,0],"packable":true,"pixelsToUnit":100,"pivot":{"x":0.5,"y":0.5},"meshType":0}],[0],0,[0],[0],[0]],[[{"name":"word_bank_password","rect":{"x":3,"y":769,"width":216,"height":62},"offset":{"x":0,"y":0},"originalSize":{"width":216,"height":62},"rotated":false,"capInsets":[0,0,0,0],"packable":true,"pixelsToUnit":100,"pivot":{"x":0.5,"y":0.5},"meshType":0}],[0],0,[0],[0],[0]],[[{"name":"word_bank_sandi","rect":{"x":150,"y":383,"width":277,"height":34},"offset":{"x":0,"y":0},"originalSize":{"width":277,"height":34},"rotated":true,"capInsets":[0,0,0,0],"packable":true,"pixelsToUnit":100,"pivot":{"x":0.5,"y":0.5},"meshType":0}],[0],0,[0],[0],[0]],[[{"name":"word_bank_history","rect":{"x":127,"y":837,"width":115,"height":32},"offset":{"x":0,"y":0},"originalSize":{"width":115,"height":32},"rotated":true,"capInsets":[0,0,0,0],"packable":true,"pixelsToUnit":100,"pivot":{"x":0.5,"y":0.5},"meshType":0}],[0],0,[0],[0],[0]],[[{"name":"word_bank_saldo","rect":{"x":69,"y":3,"width":420,"height":34},"offset":{"x":0,"y":0},"originalSize":{"width":420,"height":34},"rotated":true,"capInsets":[0,0,0,0],"packable":true,"pixelsToUnit":100,"pivot":{"x":0.5,"y":0.5},"meshType":0}],[0],0,[0],[0],[0]],[[{"name":"word_bank_setor","rect":{"x":83,"y":837,"width":108,"height":27},"offset":{"x":0,"y":0},"originalSize":{"width":108,"height":27},"rotated":true,"capInsets":[0,0,0,0],"packable":true,"pixelsToUnit":100,"pivot":{"x":0.5,"y":0.5},"meshType":0}],[0],0,[0],[0],[0]],[[{"name":"word_bank_meng","rect":{"x":3,"y":972,"width":118,"height":47},"offset":{"x":0,"y":0},"originalSize":{"width":118,"height":47},"rotated":false,"capInsets":[0,0,0,0],"packable":true,"pixelsToUnit":100,"pivot":{"x":0.5,"y":0.5},"meshType":0}],[0],0,[0],[0],[0]],[[{"name":"word_bank_login","rect":{"x":143,"y":3,"width":374,"height":28},"offset":{"x":0,"y":0},"originalSize":{"width":374,"height":28},"rotated":true,"capInsets":[0,0,0,0],"packable":true,"pixelsToUnit":100,"pivot":{"x":0.5,"y":0.5},"meshType":0}],[0],0,[0],[0],[0]],[[{"name":"btn_bank_off","rect":{"x":165,"y":893,"width":50,"height":52},"offset":{"x":0,"y":0},"originalSize":{"width":50,"height":52},"rotated":true,"capInsets":[0,0,0,0],"packable":true,"pixelsToUnit":100,"pivot":{"x":0.5,"y":0.5},"meshType":0}],[0],0,[0],[0],[0]],[[{"name":"btn_jilu","rect":{"x":165,"y":837,"width":50,"height":53},"offset":{"x":0,"y":0},"originalSize":{"width":50,"height":53},"rotated":true,"capInsets":[0,0,0,0],"packable":true,"pixelsToUnit":100,"pivot":{"x":0.5,"y":0.5},"meshType":0}],[0],0,[0],[0],[0]],[[{"name":"panel_input_bg1","rect":{"x":3,"y":3,"width":377,"height":60},"offset":{"x":0,"y":0},"originalSize":{"width":377,"height":60},"rotated":true,"capInsets":[0,0,0,0],"packable":true,"pixelsToUnit":100,"pivot":{"x":0.5,"y":0.5},"meshType":0}],[0],0,[0],[0],[0]],[[{"name":"btn_bank_in","rect":{"x":127,"y":958,"width":53,"height":53},"offset":{"x":0,"y":0.5},"originalSize":{"width":55,"height":54},"rotated":false,"capInsets":[0,0,0,0],"packable":true,"pixelsToUnit":100,"pivot":{"x":0.5,"y":0.5},"meshType":0}],[0],0,[0],[0],[0]],[[{"name":"icon_bank_gold","rect":{"x":150,"y":666,"width":35,"height":37},"offset":{"x":0,"y":0},"originalSize":{"width":35,"height":37},"rotated":true,"capInsets":[0,0,0,0],"packable":true,"pixelsToUnit":100,"pivot":{"x":0.5,"y":0.5},"meshType":0}],[0],0,[0],[0],[0]],[[{"name":"word_bank_mengoper","rect":{"x":111,"y":408,"width":323,"height":33},"offset":{"x":0,"y":0},"originalSize":{"width":323,"height":33},"rotated":true,"capInsets":[0,0,0,0],"packable":true,"pixelsToUnit":100,"pivot":{"x":0.5,"y":0.5},"meshType":0}],[0],0,[0],[0],[0]],[[{"name":"word_bank_tettap","rect":{"x":69,"y":429,"width":318,"height":36},"offset":{"x":0,"y":0},"originalSize":{"width":318,"height":36},"rotated":true,"capInsets":[0,0,0,0],"packable":true,"pixelsToUnit":100,"pivot":{"x":0.5,"y":0.5},"meshType":0}],[0],0,[0],[0],[0]],[[{"name":"word_bank_sandiMasuk","rect":{"x":177,"y":3,"width":274,"height":34},"offset":{"x":0,"y":0},"originalSize":{"width":274,"height":34},"rotated":true,"capInsets":[0,0,0,0],"packable":true,"pixelsToUnit":100,"pivot":{"x":0.5,"y":0.5},"meshType":0}],[0],0,[0],[0],[0]],[[{"name":"panel_input_bg","rect":{"x":3,"y":386,"width":377,"height":60},"offset":{"x":0,"y":0},"originalSize":{"width":377,"height":60},"rotated":true,"capInsets":[0,0,0,0],"packable":true,"pixelsToUnit":100,"pivot":{"x":0.5,"y":0.5},"meshType":0}],[0],0,[0],[0],[0]],[[{"name":"word_bank_akun","rect":{"x":109,"y":3,"width":399,"height":28},"offset":{"x":0,"y":0},"originalSize":{"width":399,"height":28},"rotated":true,"capInsets":[0,0,0,0],"packable":true,"pixelsToUnit":100,"pivot":{"x":0.5,"y":0.5},"meshType":0}],[0],0,[0],[0],[0]]]]
