[1,["1df2e526c@6c48a"],["_textureSource"],["cc.SpriteFrame","cc.SpriteAtlas"],0,[[[{"name":"word_shop_coin","rect":{"x":609,"y":696,"width":71,"height":25},"offset":{"x":0,"y":0},"originalSize":{"width":71,"height":25},"rotated":true,"capInsets":[0,0,0,0],"packable":true,"pixelsToUnit":100,"pivot":{"x":0.5,"y":0.5},"meshType":0}],[0],0,[0],[0],[0]],[[{"name":"img_shop_line","rect":{"x":950,"y":116,"width":210,"height":2},"offset":{"x":0,"y":0},"originalSize":{"width":210,"height":2},"rotated":true,"capInsets":[0,0,0,0],"packable":true,"pixelsToUnit":100,"pivot":{"x":0.5,"y":0.5},"meshType":0}],[0],0,[0],[0],[0]],[[{"name":"icon_dt_huanying","rect":{"x":3,"y":93,"width":405,"height":631},"offset":{"x":0,"y":0},"originalSize":{"width":405,"height":631},"rotated":true,"capInsets":[0,0,0,0],"packable":true,"pixelsToUnit":100,"pivot":{"x":0.5,"y":0.5},"meshType":0}],[0],0,[0],[0],[0]],[[{"name":"img_tas_icon","rect":{"x":909,"y":900,"width":106,"height":86},"offset":{"x":0,"y":0},"originalSize":{"width":106,"height":86},"rotated":false,"capInsets":[0,0,0,0],"packable":true,"pixelsToUnit":100,"pivot":{"x":0.5,"y":0.5},"meshType":0}],[0],0,[0],[0],[0]],[[{"name":"word_shop_ovo1","rect":{"x":576,"y":568,"width":68,"height":28},"offset":{"x":0,"y":0.5},"originalSize":{"width":68,"height":29},"rotated":true,"capInsets":[0,0,0,0],"packable":true,"pixelsToUnit":100,"pivot":{"x":0.5,"y":0.5},"meshType":0}],[0],0,[0],[0],[0]],[[{"name":"word_shop_shopee1","rect":{"x":909,"y":860,"width":108,"height":34},"offset":{"x":0,"y":0},"originalSize":{"width":108,"height":34},"rotated":false,"capInsets":[0,0,0,0],"packable":true,"pixelsToUnit":100,"pivot":{"x":0.5,"y":0.5},"meshType":0}],[0],0,[0],[0],[0]],[[{"name":"icon_shop_title3","rect":{"x":808,"y":962,"width":34,"height":35},"offset":{"x":0,"y":0},"originalSize":{"width":34,"height":35},"rotated":false,"capInsets":[0,0,0,0],"packable":true,"pixelsToUnit":100,"pivot":{"x":0.5,"y":0.5},"meshType":0}],[0],0,[0],[0],[0]],[[{"name":"word_shop_va1","rect":{"x":576,"y":504,"width":45,"height":28},"offset":{"x":0.5,"y":0},"originalSize":{"width":46,"height":28},"rotated":false,"capInsets":[0,0,0,0],"packable":true,"pixelsToUnit":100,"pivot":{"x":0.5,"y":0.5},"meshType":0}],[0],0,[0],[0],[0]],[[{"name":"word_shop_coin1","rect":{"x":767,"y":919,"width":83,"height":37},"offset":{"x":0,"y":0},"originalSize":{"width":85,"height":39},"rotated":false,"capInsets":[0,0,0,0],"packable":true,"pixelsToUnit":100,"pivot":{"x":0.5,"y":0.5},"meshType":0}],[0],0,[0],[0],[0]],[[{"name":"panel_shop_bg","rect":{"x":640,"y":443,"width":229,"height":470},"offset":{"x":0,"y":0},"originalSize":{"width":229,"height":470},"rotated":false,"capInsets":[0,0,0,0],"packable":true,"pixelsToUnit":100,"pivot":{"x":0.5,"y":0.5},"meshType":0}],[0],0,[0],[0],[0]],[[{"name":"input_shop_bg","rect":{"x":640,"y":313,"width":245,"height":41},"offset":{"x":0,"y":0},"originalSize":{"width":245,"height":41},"rotated":false,"capInsets":[30,13,20,12],"packable":true,"pixelsToUnit":100,"pivot":{"x":0.5,"y":0.5},"meshType":0}],[0],0,[0],[0],[0]],[[{"name":"img_shop_title3","rect":{"x":3,"y":605,"width":567,"height":94},"offset":{"x":0,"y":0},"originalSize":{"width":567,"height":94},"rotated":false,"capInsets":[0,0,0,0],"packable":true,"pixelsToUnit":100,"pivot":{"x":0.5,"y":0.5},"meshType":0}],[0],0,[0],[0],[0]],[[{"name":"img_shop_bg1","rect":{"x":958,"y":303,"width":46,"height":46},"offset":{"x":0,"y":0},"originalSize":{"width":46,"height":46},"rotated":false,"capInsets":[0,0,0,0],"packable":true,"pixelsToUnit":100,"pivot":{"x":0.5,"y":0.5},"meshType":0}],[0],0,[0],[0],[0]],[[{"name":"icon_shop_red","rect":{"x":909,"y":785,"width":110,"height":19},"offset":{"x":0,"y":0},"originalSize":{"width":110,"height":19},"rotated":false,"capInsets":[0,0,0,0],"packable":true,"pixelsToUnit":100,"pivot":{"x":0.5,"y":0.5},"meshType":0}],[0],0,[0],[0],[0]],[[{"name":"choose_shop_in","rect":{"x":610,"y":919,"width":151,"height":84},"offset":{"x":0,"y":0.5},"originalSize":{"width":151,"height":85},"rotated":false,"capInsets":[15,15,15,15],"packable":true,"pixelsToUnit":100,"pivot":{"x":0.5,"y":0.5},"meshType":0}],[0],0,[0],[0],[0]],[[{"name":"btn_shop_tolong","rect":{"x":909,"y":618,"width":111,"height":42},"offset":{"x":0,"y":0},"originalSize":{"width":111,"height":42},"rotated":false,"capInsets":[24,16,25,18],"packable":true,"pixelsToUnit":100,"pivot":{"x":0.5,"y":0.5},"meshType":0}],[0],0,[0],[0],[0]],[[{"name":"auto_shop","spriteFrames":[]}],[1],0,[],[],[]],[[{"name":"icon_shop_title6","rect":{"x":610,"y":655,"width":35,"height":24},"offset":{"x":0,"y":0},"originalSize":{"width":35,"height":24},"rotated":true,"capInsets":[0,0,0,0],"packable":true,"pixelsToUnit":100,"pivot":{"x":0.5,"y":0.5},"meshType":0}],[0],0,[0],[0],[0]],[[{"name":"img_shop_title1","rect":{"x":3,"y":919,"width":567,"height":95},"offset":{"x":0,"y":0},"originalSize":{"width":567,"height":95},"rotated":false,"capInsets":[0,0,0,0],"packable":true,"pixelsToUnit":100,"pivot":{"x":0.5,"y":0.5},"meshType":0}],[0],0,[0],[0],[0]],[[{"name":"img_shop_titleBg","rect":{"x":3,"y":3,"width":636,"height":84},"offset":{"x":0,"y":0},"originalSize":{"width":636,"height":84},"rotated":false,"capInsets":[0,0,0,0],"packable":true,"pixelsToUnit":100,"pivot":{"x":0.5,"y":0.5},"meshType":0}],[0],0,[0],[0],[0]],[[{"name":"img_shop_title2","rect":{"x":3,"y":705,"width":567,"height":94},"offset":{"x":0.5,"y":0},"originalSize":{"width":568,"height":94},"rotated":false,"capInsets":[0,0,0,0],"packable":true,"pixelsToUnit":100,"pivot":{"x":0.5,"y":0.5},"meshType":0}],[0],0,[0],[0],[0]],[[{"name":"word_shop_tolong","rect":{"x":909,"y":992,"width":78,"height":29},"offset":{"x":0,"y":0},"originalSize":{"width":78,"height":29},"rotated":false,"capInsets":[0,0,0,0],"packable":true,"pixelsToUnit":100,"pivot":{"x":0.5,"y":0.5},"meshType":0}],[0],0,[0],[0],[0]],[[{"name":"word_shop_va","rect":{"x":576,"y":538,"width":43,"height":24},"offset":{"x":0,"y":0},"originalSize":{"width":43,"height":24},"rotated":false,"capInsets":[0,0,0,0],"packable":true,"pixelsToUnit":100,"pivot":{"x":0.5,"y":0.5},"meshType":0}],[0],0,[0],[0],[0]],[[{"name":"num_shop_num_0","rect":{"x":875,"y":596,"width":146,"height":16},"offset":{"x":-182,"y":119},"originalSize":{"width":512,"height":256},"rotated":false,"capInsets":[0,0,0,0],"packable":true,"pixelsToUnit":100,"pivot":{"x":0.5,"y":0.5},"meshType":0}],[0],0,[0],[0],[0]],[[{"name":"icon_shop_title5","rect":{"x":609,"y":773,"width":33,"height":23},"offset":{"x":0,"y":0},"originalSize":{"width":33,"height":23},"rotated":true,"capInsets":[0,0,0,0],"packable":true,"pixelsToUnit":100,"pivot":{"x":0.5,"y":0.5},"meshType":0}],[0],0,[0],[0],[0]],[[{"name":"img_tas_cutdown","rect":{"x":891,"y":355,"width":118,"height":41},"offset":{"x":0,"y":0},"originalSize":{"width":118,"height":41},"rotated":false,"capInsets":[0,0,0,0],"packable":true,"pixelsToUnit":100,"pivot":{"x":0.5,"y":0.5},"meshType":0}],[0],0,[0],[0],[0]],[[{"name":"btn_gift","rect":{"x":640,"y":116,"width":304,"height":87},"offset":{"x":0,"y":0},"originalSize":{"width":304,"height":87},"rotated":false,"capInsets":[0,0,0,0],"packable":true,"pixelsToUnit":100,"pivot":{"x":0.5,"y":0.5},"meshType":0}],[0],0,[0],[0],[0]],[[{"name":"img_shop_title4","rect":{"x":3,"y":504,"width":567,"height":95},"offset":{"x":0,"y":0},"originalSize":{"width":567,"height":95},"rotated":false,"capInsets":[0,0,0,0],"packable":true,"pixelsToUnit":100,"pivot":{"x":0.5,"y":0.5},"meshType":0}],[0],0,[0],[0],[0]],[[{"name":"word_shop_dana","rect":{"x":610,"y":568,"width":81,"height":24},"offset":{"x":0,"y":0},"originalSize":{"width":81,"height":24},"rotated":true,"capInsets":[0,0,0,0],"packable":true,"pixelsToUnit":100,"pivot":{"x":0.5,"y":0.5},"meshType":0}],[0],0,[0],[0],[0]],[[{"name":"icon_shop_title4","rect":{"x":912,"y":273,"width":32,"height":32},"offset":{"x":0,"y":0},"originalSize":{"width":32,"height":32},"rotated":false,"capInsets":[0,0,0,0],"packable":true,"pixelsToUnit":100,"pivot":{"x":0.5,"y":0.5},"meshType":0}],[0],0,[0],[0],[0]],[[{"name":"zi_Rp","rect":{"x":958,"y":255,"width":50,"height":42},"offset":{"x":0,"y":0},"originalSize":{"width":50,"height":42},"rotated":false,"capInsets":[0,0,0,0],"packable":true,"pixelsToUnit":100,"pivot":{"x":0.5,"y":0.5},"meshType":0}],[0],0,[0],[0],[0]],[[{"name":"pro_shop_bg","rect":{"x":875,"y":618,"width":392,"height":28},"offset":{"x":0,"y":0},"originalSize":{"width":392,"height":28},"rotated":true,"capInsets":[0,0,0,0],"packable":true,"pixelsToUnit":100,"pivot":{"x":0.5,"y":0.5},"meshType":0}],[0],0,[0],[0],[0]],[[{"name":"icon_shop_title1","rect":{"x":912,"y":311,"width":32,"height":32},"offset":{"x":0,"y":0},"originalSize":{"width":32,"height":32},"rotated":false,"capInsets":[0,0,0,0],"packable":true,"pixelsToUnit":100,"pivot":{"x":0.5,"y":0.5},"meshType":0}],[0],0,[0],[0],[0]],[[{"name":"icon_shop_title2","rect":{"x":912,"y":234,"width":33,"height":32},"offset":{"x":0,"y":0},"originalSize":{"width":33,"height":32},"rotated":true,"capInsets":[0,0,0,0],"packable":true,"pixelsToUnit":100,"pivot":{"x":0.5,"y":0.5},"meshType":0}],[0],0,[0],[0],[0]],[[{"name":"icon_shop_green","rect":{"x":909,"y":810,"width":110,"height":19},"offset":{"x":0,"y":0},"originalSize":{"width":110,"height":19},"rotated":false,"capInsets":[0,0,0,0],"packable":true,"pixelsToUnit":100,"pivot":{"x":0.5,"y":0.5},"meshType":0}],[0],0,[0],[0],[0]],[[{"name":"btn_shop_leftIn","rect":{"x":640,"y":360,"width":231,"height":77},"offset":{"x":0,"y":0},"originalSize":{"width":231,"height":77},"rotated":false,"capInsets":[0,0,0,0],"packable":true,"pixelsToUnit":100,"pivot":{"x":0.5,"y":0.5},"meshType":0}],[0],0,[0],[0],[0]],[[{"name":"icon_shop_bule","rect":{"x":909,"y":835,"width":110,"height":19},"offset":{"x":0,"y":0},"originalSize":{"width":110,"height":19},"rotated":false,"capInsets":[0,0,0,0],"packable":true,"pixelsToUnit":100,"pivot":{"x":0.5,"y":0.5},"meshType":0}],[0],0,[0],[0],[0]],[[{"name":"img_shop_bg2","rect":{"x":909,"y":666,"width":110,"height":113},"offset":{"x":0,"y":0.5},"originalSize":{"width":112,"height":114},"rotated":false,"capInsets":[15,15,15,19],"packable":true,"pixelsToUnit":100,"pivot":{"x":0.5,"y":0.5},"meshType":0}],[0],0,[0],[0],[0]],[[{"name":"btn_shop_null","rect":{"x":767,"y":962,"width":35,"height":38},"offset":{"x":0,"y":0},"originalSize":{"width":35,"height":38},"rotated":false,"capInsets":[0,0,0,0],"packable":true,"pixelsToUnit":100,"pivot":{"x":0.5,"y":0.5},"meshType":0}],[0],0,[0],[0],[0]],[[{"name":"icon_free","rect":{"x":877,"y":402,"width":188,"height":134},"offset":{"x":0,"y":0},"originalSize":{"width":188,"height":134},"rotated":true,"capInsets":[0,0,0,0],"packable":true,"pixelsToUnit":100,"pivot":{"x":0.5,"y":0.5},"meshType":0}],[0],0,[0],[0],[0]],[[{"name":"word_shop_dana1","rect":{"x":576,"y":919,"width":85,"height":28},"offset":{"x":0,"y":0},"originalSize":{"width":85,"height":28},"rotated":true,"capInsets":[0,0,0,0],"packable":true,"pixelsToUnit":100,"pivot":{"x":0.5,"y":0.5},"meshType":0}],[0],0,[0],[0],[0]],[[{"name":"img_shop_title6","rect":{"x":3,"y":805,"width":567,"height":94},"offset":{"x":0,"y":0},"originalSize":{"width":567,"height":94},"rotated":false,"capInsets":[0,0,0,0],"packable":true,"pixelsToUnit":100,"pivot":{"x":0.5,"y":0.5},"meshType":0}],[0],0,[0],[0],[0]],[[{"name":"btn_title_of","rect":{"x":960,"y":3,"width":246,"height":56},"offset":{"x":0,"y":0},"originalSize":{"width":246,"height":56},"rotated":true,"capInsets":[0,0,0,0],"packable":true,"pixelsToUnit":100,"pivot":{"x":0.5,"y":0.5},"meshType":0}],[0],0,[0],[0],[0]],[[{"name":"word_shop_pergi","rect":{"x":576,"y":642,"width":190,"height":27},"offset":{"x":0,"y":0},"originalSize":{"width":190,"height":27},"rotated":true,"capInsets":[0,0,0,0],"packable":true,"pixelsToUnit":100,"pivot":{"x":0.5,"y":0.5},"meshType":0}],[0],0,[0],[0],[0]],[[{"name":"shanchuxian","rect":{"x":640,"y":209,"width":286,"height":19},"offset":{"x":0,"y":0},"originalSize":{"width":288,"height":19},"rotated":false,"capInsets":[0,0,0,0],"packable":true,"pixelsToUnit":100,"pivot":{"x":0.5,"y":0.5},"meshType":0}],[0],0,[0],[0],[0]],[[{"name":"word_shop_qris1","rect":{"x":576,"y":838,"width":75,"height":33},"offset":{"x":0,"y":0},"originalSize":{"width":75,"height":33},"rotated":true,"capInsets":[0,0,0,0],"packable":true,"pixelsToUnit":100,"pivot":{"x":0.5,"y":0.5},"meshType":0}],[0],0,[0],[0],[0]],[[{"name":"title_dt_chongzhixuanze","rect":{"x":645,"y":3,"width":309,"height":107},"offset":{"x":1,"y":1},"originalSize":{"width":313,"height":111},"rotated":false,"capInsets":[0,0,0,0],"packable":true,"pixelsToUnit":100,"pivot":{"x":0.5,"y":0.5},"meshType":0}],[0],0,[0],[0],[0]],[[{"name":"btn_title_in","rect":{"x":640,"y":234,"width":266,"height":73},"offset":{"x":0,"y":0},"originalSize":{"width":266,"height":73},"rotated":false,"capInsets":[0,0,0,0],"packable":true,"pixelsToUnit":100,"pivot":{"x":0.5,"y":0.5},"meshType":0}],[0],0,[0],[0],[0]]]]
