{"version":1,"document":[{"__type__":"cc.AnimationClip","_name":"animation_loading","_objFlags":0,"__editorExtras__":{"embeddedPlayerGroups":[{"key":"1688646414668","name":"animation-clip","type":"animation-clip"}]},"_native":"","sample":60,"speed":2,"wrapMode":2,"enableTrsBlending":false,"_duration":2.0166666666666666,"_hash":500763545,"_tracks":[{"__id__":1}],"_exoticAnimation":null,"_events":[{"frame":0,"func":"","params":[]}],"_embeddedPlayers":[]},{"__type__":"cc.animation.ObjectTrack","_binding":{"__type__":"cc.animation.TrackBinding","path":{"__id__":2},"proxy":null},"_channel":{"__id__":4}},{"__type__":"cc.animation.TrackPath","_paths":[{"__id__":3},"spriteFrame"]},{"__type__":"cc.animation.ComponentPath","component":"cc.Sprite"},{"__type__":"cc.animation.Channel","_curve":{"__id__":5}},{"__type__":"cc.ObjectCurve","_times":[0,0.13333333333333333,0.26666666666666666,0.4,0.5333333333333333,0.6666666666666666,0.8,0.9333333333333333,1.0666666666666667,1.2,1.3333333333333333,1.4666666666666666,1.6,1.7333333333333334,1.8666666666666667,2],"_values":[{"__uuid__":"54sgwCzVRLFYTLJtn0mySJ@f9941","__expectedType__":"cc.Asset"},{"__uuid__":"332UqbiZFESp4MjyJQkbGA@f9941","__expectedType__":"cc.Asset"},{"__uuid__":"1fD7YwvclCoLaCD+nu5R0A@f9941","__expectedType__":"cc.Asset"},{"__uuid__":"a39gwZOchBk7dfHk+8dB2p@f9941","__expectedType__":"cc.Asset"},{"__uuid__":"476dKrH61CAJnO6WuO0nJA@f9941","__expectedType__":"cc.Asset"},{"__uuid__":"62n8UBKLFNf4jG1gDr6WW/@f9941","__expectedType__":"cc.Asset"},{"__uuid__":"79tze+QttP8Jwizs0mvxf7@f9941","__expectedType__":"cc.Asset"},{"__uuid__":"5bSbJwUbRH3YWteoWs8Hwk@f9941","__expectedType__":"cc.Asset"},{"__uuid__":"7f63bv+/NBrI2gKrpy5EV8@f9941","__expectedType__":"cc.Asset"},{"__uuid__":"ecs5TeeapKvp9F9u3GBa2V@f9941","__expectedType__":"cc.Asset"},{"__uuid__":"ddcLjeb7lAbK79IOSMIcny@f9941","__expectedType__":"cc.Asset"},{"__uuid__":"42LLaaMmRK3qV3C2AIWjwz@f9941","__expectedType__":"cc.Asset"},{"__uuid__":"beJIRv5LZKJJJ413Ih/JK9@f9941","__expectedType__":"cc.Asset"},{"__uuid__":"7anaVqazhJsastaPUDQIvJ@f9941","__expectedType__":"cc.Asset"},{"__uuid__":"b5NZhXUPtJuKL7eNzv/WyE@f9941","__expectedType__":"cc.Asset"},{"__uuid__":"16Q7zNs/REGJuj7EIjkQLD@f9941","__expectedType__":"cc.Asset"}]}],"chunks":[]}
