[1,["abU+dMzmdMB4tXJuuOxaY4","0cxKfdAURDv7yhq9k+L6Tw@f9941","ccWnvOE/1PxLG5WH9jlGaz","43JjZEwD9Ga5JVQcEyfjsc@f9941","0aHq2RFGhJe7z/DrkSO1N5@f9941","1eYpbhdgxBVYOKHO9/yiAM@f9941","64+C00exdCHpQ/pUaaCnEC@f9941","4duu7FkblHrYT3C6wu7JZ7","43JjZEwD9Ga5JVQcEyfjsc@6c48a","d3SXtVqQhDR5EBi8TzZOLb","96NI+9kEZCdYLLHXKAHrL+@f9941","759V6gJatDJ7NcUDP3qLgc@f9941","7aXV6Y2NhHxaxxq0Wf6sCo@f9941","17eLWQBfhEh7xfyQVkrHyx@f9941","0fckUBP7NEz4iDkp5Bai7F@f9941","5fkup/H81IJab4PlSYraOh@f9941","20g1ukYUVPvKWKBRznAKo+@f9941","54TknWPwVPqJqeCR+Y/Czo@f9941","95EkngnxZFbYuFpsqVTaFr@f9941","2eUiqXJ5tHBK+7SBBkyE3M","f8lCshLVZL0YmX0Fqkdjvd","64OZPv68FIw5mg3kRKQL7L@6c48a","51oTsLjmZOlqk9/b+Owy5R@6c48a"],["node","_spriteFrame","_atlas","_placeholderLabel","_textLabel","_target","_normalSprite","_backgroundImage","_skeletonData","spriteFrame","_textureSource","root","data","_hoverSprite","_pressedSprite","_disabledSprite","_file","_defaultClip"],[["cc.Node",["_name","_layer","_active","_components","_prefab","_parent","_lpos","_children","_lscale"],0,9,4,1,5,2,5],["cc.Label",["_string","_actualFontSize","_fontSize","_overflow","_enableWrapText","_isBold","_lineHeight","node","__prefab","_color"],-4,1,4,5],["cc.Sprite",["_sizeMode","_type","node","__prefab","_spriteFrame","_atlas"],1,1,4,6,6],["cc.UITransform",["node","__prefab","_contentSize","_anchorPoint"],3,1,4,5,5],["cc.Node",["_name","_layer","_active","_parent","_components","_prefab","_lpos"],0,1,12,4,5],["cc.EditBox",["_inputMode","_maxLength","_inputFlag","node","__prefab","_textLabel","_placeholderLabel","_backgroundImage"],0,1,4,1,1,6],["cc.Button",["_transition","_zoomScale","node","__prefab","_normalColor","_target","_normalSprite","_hoverSprite","_pressedSprite","_disabledSprite"],1,1,4,5,1,6,6,6,6],["sp.Skeleton",["_preCacheMode","_premultipliedAlpha","defaultSkin","defaultAnimation","loop","node","__prefab","_skeletonData"],-2,1,4,6],"cc.SpriteFrame",["cc.ParticleAsset",["_name","_native"],1],["cc.Prefab",["_name"],2],["cc.CompPrefabInfo",["fileId"],2],["cc.PrefabInfo",["fileId","instance","targetOverrides","nestedPrefabInstanceRoots","root","asset"],-1,1,1],["cc.Animation",["playOnLoad","node","__prefab","_clips","_defaultClip"],2,1,4,3,6],["cc.ParticleSystem2D",["_dstBlendFactor","emissionRate","life","lifeVar","angle","angleVar","startSize","endSize","endSizeVar","startSpin","startSpinVar","endSpin","endSpinVar","speed","speedVar","tangentialAccel","_totalParticles","node","__prefab","posVar","_startColor","_endColor","_file","_spriteFrame"],-14,1,4,5,5,5,6,6],["sp.SkeletonData",["_name","_atlasText","textureNames","_skeletonJson","textures"],-1,3]],[[11,0,2],[12,0,1,2,3,4,5,5],[3,0,1,2,3,1],[3,0,1,2,1],[0,0,5,3,4,6,2],[2,1,0,2,3,4,5,3],[2,2,3,4,5,1],[0,0,1,5,7,3,4,6,3],[4,0,2,1,3,4,5,6,4],[4,0,1,3,4,5,6,3],[0,0,5,3,4,6,8,2],[3,0,1,1],[5,2,0,1,3,4,5,6,7,4],[6,0,1,2,3,4,5,6,3],[1,0,1,2,3,4,5,7,8,9,7],[1,0,1,2,5,7,8,9,5],[1,0,1,2,3,4,7,8,9,6],[1,0,1,2,6,3,4,7,8,9,7],[15,0,1,2,3,4,5],[9,0,1,3],[10,0,2],[0,0,7,3,4,2],[0,0,5,7,3,4,2],[0,0,2,1,5,3,4,6,4],[0,0,5,7,3,4,6,2],[0,0,1,5,3,4,6,3],[2,0,2,3,2],[2,1,0,2,3,4,3],[13,0,1,2,3,4,2],[5,0,1,3,4,5,6,7,3],[6,0,1,2,3,4,5,6,7,8,9,3],[7,4,0,1,2,3,5,6,7,6],[7,0,1,2,3,5,6,7,5],[1,0,1,2,6,3,4,5,7,8,9,8],[14,0,1,2,3,4,5,6,7,8,9,10,11,12,13,14,15,16,17,18,19,20,21,22,23,18]],[[[[19,"star",".plist"],-1],0,0,[0],[9],[3]],[[{"name":"stars","rect":{"x":1,"y":1,"width":29,"height":29},"offset":{"x":-0.5,"y":0.5},"originalSize":{"width":32,"height":32},"rotated":false,"capInsets":[0,0,0,0],"vertices":{"rawPosition":[-14.5,-14.5,0,14.5,-14.5,0,-14.5,14.5,0,14.5,14.5,0],"indexes":[0,1,2,2,1,3],"uv":[1,31,30,31,1,2,30,2],"nuv":[0.03125,0.0625,0.9375,0.0625,0.03125,0.96875,0.9375,0.96875],"minPos":{"x":-14.5,"y":-14.5,"z":0},"maxPos":{"x":14.5,"y":14.5,"z":0}},"packable":true,"pixelsToUnit":100,"pivot":{"x":0.5,"y":0.5},"meshType":0}],[8],0,[0],[10],[8]],[[[20,"node_account_upgrade"],[21,"node_account_upgrade",[-3,-4],[[11,-2,[0,"c7szNGUuVEM6/HQyHfBJzT"]]],[1,"c46/YsCPVOJYA4mWEpNYRx",null,null,null,-1,0]],[22,"spr_spr_upgrade_bg",1,[-8,-9,-10,-11,-12,-13,-14,-15,-16,-17,-18,-19,-20,-21,-22,-23],[[3,-5,[0,"0dksv9AtpLxK5nC/KYCan2"],[5,828,434]],[26,0,-6,[0,"102QxzjV9JlJUkRymyktZq"]],[28,true,-7,[0,"24X+wa07RE3JTEKARPvcbw"],[38],39]],[1,"fcImpb0A1C3LjZIgY5ZGGv",null,null,null,1,0]],[7,"props_intput_sandi",33554432,2,[-29,-30,-31],[[2,-24,[0,"ccxTp2ao1NOqKsTm98fHaC"],[5,336,58],[0,0,0.5]],[5,1,0,-25,[0,"2cPNnuspFDrrgSgdr2f5Df"],26,27],[12,0,6,40,-28,[0,"9eDPH2jllCVbj9U8js3Egl"],-27,-26,28]],[1,"934L+yoolLH5If8vJiEmmc",null,null,null,1,0],[1,97,29,0]],[7,"props_intput_akun",33554432,2,[-37,-38],[[2,-32,[0,"65Kam0QRRDzoTJ6SiUjQ8Q"],[5,236,58],[0,0,0.5]],[5,1,0,-33,[0,"b32vXRAN9KCLoJALb8KrEs"],18,19],[29,2,15,-36,[0,"afrq+p0rFGQ4+p6NJ9xAau"],-35,-34,20]],[1,"43hx4ejsZOIq0HcCEzjA+w",null,null,null,1,0],[1,197.60000000000002,127,0]],[7,"props_intput_kSandi",33554432,2,[-44,-45],[[2,-39,[0,"48eyOROklPVYKQ+lFqvu57"],[5,336,58],[0,0,0.5]],[5,1,0,-40,[0,"5eBOCMvjVEO5lmS1oq7aW0"],29,30],[12,0,6,40,-43,[0,"f2K3AtYq9OGrJUqj7Pundv"],-42,-41,31]],[1,"7aBiYFpiZKV5Bg9CE78XrZ",null,null,null,1,0],[1,97,-40,0]],[4,"props_btn_spr_upgrade_close",2,[[2,-46,[0,"86nSFxi2BHZrfwb4uMcEpD"],[5,62,62],[0,0.5,1]],[5,1,0,-47,[0,"9fZGkwMTtPpbfHVKX/apeR"],1,2],[13,3,0.9,-49,[0,"49CTLfGStPb6gkaKgGQexo"],[4,4292269782],-48,3]],[1,"f9RPRyNc9BlooXLzhfSz7i",null,null,null,1,0],[1,444,245,0]],[23,"props_btn_see",false,33554432,3,[[3,-50,[0,"19SgASjoFIA5Cnm0Pw1OY2"],[5,38,20]],[27,1,0,-51,[0,"35B5Pz2n5DILeATPQkZBdj"],21],[30,3,0.9,-53,[0,"49zuIKa71LF4hPfNqrJuzQ"],[4,4292269782],-52,22,23,24,25]],[1,"a6ELjHvl9GErnnIfcnDlF4",null,null,null,1,0],[1,298,0,0]],[4,"props_btn_sure",2,[[3,-54,[0,"66+rjCrk5DjZ4E+h7xr2mU"],[5,246,68]],[5,1,0,-55,[0,"d4DzPS7ONJhJNHHKEPwQOM"],32,33],[13,3,0.9,-57,[0,"00Gx5z/JxJ/rJ0LnF4Sz8O"],[4,4292269782],-56,34]],[1,"1dLdBXVzNIpr5q5SLw0o2H",null,null,null,1,0],[1,223,-120,0]],[24,"props_intput_ areaAkun",2,[-60],[[2,-58,[0,"f342cOM8lDs4UtnOuxT8Jh"],[5,80,58],[0,0,0.5]],[5,1,0,-59,[0,"1696WqAu5HL7JgnkL82j2t"],16,17]],[1,"fbqITMJppEk4PnvHutf7u8",null,null,null,1,0],[1,97,127,0]],[10,"xinfeng",1,[[3,-61,[0,"89ThITuvxOBb9l9DeraFue"],[5,748.16,461.28]],[31,false,0,false,"default","animation",-62,[0,"c1KYVq2S9F2b13O5QKghUq"],0]],[1,"1frqANrvtCq7fhEw0c6eV9",null,null,null,1,0],[1,-64,0,0],[1,1.16,1.16,1]],[10,"spr_title",2,[[3,-63,[0,"37LDVfx/BCaq/Oe8h+2QRt"],[5,338,46]],[6,-64,[0,"cbiHbM0Z1Eyp1ci6SiLfGl"],4,5]],[1,"b7eTyy8aRLIINwjRna4DAz",null,null,null,1,0],[1,-250,197,0],[1,1.2,1.2,1]],[4,"spr_gold",2,[[3,-65,[0,"2cCXHr39tN+KyJNrm/cuZX"],[5,68,70]],[6,-66,[0,"b3GzZ0XPBHPJC2WrzDy5dE"],6,7]],[1,"ce+CKmWqRKkaCqPOk93DiD",null,null,null,1,0],[1,61,197,0]],[4,"spr_line",2,[[3,-67,[0,"a5SQirjqJF8afIiCe3dSVI"],[5,4,261]],[6,-68,[0,"3eYQ0Ow5ZNE4LW2/uBZExC"],8,9]],[1,"10ApYQMzJAnIwr52IhJTCP",null,null,null,1,0],[1,-76,13,0]],[4,"spr_iphone",2,[[3,-69,[0,"f7jgpdgnxOHqPCyNxj7c/H"],[5,126,21]],[6,-70,[0,"127Xj1odxEJb8O/boUJ6/l"],10,11]],[1,"25DqMiH8JJ+IC3+cX4BT6B",null,null,null,1,0],[1,5,127,0]],[4,"spr_password",2,[[3,-71,[0,"38G4bm6k5C24pATSbXBpn+"],[5,129,22]],[6,-72,[0,"e2q3k7zc5BNrlMuMHbw5/x"],12,13]],[1,"953gCSqSdFH5ouxP7YDHCk",null,null,null,1,0],[1,5,29,0]],[4,"spr_confirm_possword",2,[[3,-73,[0,"cfyIvKPe5E5brMnvVq/WGq"],[5,152,46]],[6,-74,[0,"2d4xa25DFHGKdxxsSollhX"],14,15]],[1,"e5zzp1/DtFN7LtI+uYbsRG",null,null,null,1,0],[1,5,-40,0]],[25,"TEXT_LABEL",33554432,9,[[2,-75,[0,"22vPOPvm1BbKLAe4gq6cvv"],[5,78,58],[0,0,1]],[14,"+62",28,28,1,false,true,-76,[0,"4cL7WGImtDNp8PsDMNUMgI"],[4,4283686399]]],[1,"5dee2yMqpBqIddhwfev8uj",null,null,null,1,0],[1,2,29,0]],[8,"TEXT_LABEL",false,33554432,4,[[[2,-77,[0,"6ayrNaogFD/5oA7S7Do2ao"],[5,234,58],[0,0,1]],-78],4,1],[1,"05LCSBdyxAm4aALeCvCgOl",null,null,null,1,0],[1,2,29,0]],[9,"PLACEHOLDER_LABEL",33554432,4,[[[2,-79,[0,"bbu5nqXdBONIZuJIlGV4AE"],[5,234,58],[0,0,1]],-80],4,1],[1,"d7TriJehhL4ZS9fHbFDiUi",null,null,null,1,0],[1,2,29,0]],[8,"TEXT_LABEL",false,33554432,3,[[[2,-81,[0,"1aAvp8wfpNibxDG0A//QJ8"],[5,334,58],[0,0,1]],-82],4,1],[1,"60szIOAO1E8JjSU2JwVxd7",null,null,null,1,0],[1,2,29,0]],[9,"PLACEHOLDER_LABEL",33554432,3,[[[2,-83,[0,"b1ZL3SgbdBUK8sTH7GhKro"],[5,334,58],[0,0,1]],-84],4,1],[1,"5bSDlHYJ5DK53mDJp9QSvr",null,null,null,1,0],[1,2,29,0]],[8,"TEXT_LABEL",false,33554432,5,[[[2,-85,[0,"55uvXK839K0IdYzGTmdCsA"],[5,334,58],[0,0,1]],-86],4,1],[1,"28Ua9dXmBJrLVNgcfWiMEl",null,null,null,1,0],[1,2,29,0]],[9,"PLACEHOLDER_LABEL",33554432,5,[[[2,-87,[0,"35ELGt0R9CQZVzNyEwHSH3"],[5,334,58],[0,0,1]],-88],4,1],[1,"faCxYhjA9O5IauxQeQjDvR",null,null,null,1,0],[1,2,29,0]],[4,"star",2,[[11,-89,[0,"16TSLMJBdBb7ynjP/2wLar"]],[34,1,4,0.5,0.3,184.93,96.16,0,20,10,2,5,3,8,0,0,0,15,-90,[0,"f7CRmuh5ZOY6oRX9m+5Atq"],[0,310,100],[4,4278255615],[4,4294967295],35,36]],[1,"f6tw/A0eNOR57PU7hVow71",null,null,null,1,0],[1,0,120,0]],[4,"props_label_uid",2,[[2,-91,[0,"1dofTgkXpE3bSiPPzcP5VH"],[5,150.16,50.4],[0,0,0.5]],[15,"800726472",30,30,true,-92,[0,"a6BsMKsbVCyJtkDa/vbH+C"],[4,4283686399]]],[1,"369Y+pClJLcrwEPnpwhS5s",null,null,null,1,0],[1,-332,-150,0]],[4,"bangdingshouji_icon",2,[[3,-93,[0,"06y2Jo8nREi5xx7HdoYwaR"],[5,711,642]],[32,0,false,"default","animation",-94,[0,"63V3DV/LFPZL1//2K5cvR6"],37]],[1,"25TDnFs0pB1ZzzaLoRhKna",null,null,null,1,0],[1,-278,-6,0]],[4,"label_uid",2,[[3,-95,[0,"0bgG962OxHWZQJqFkx58ev"],[5,39.99,50.4]],[15,"ID:",30,30,true,-96,[0,"e2V9fG+8BF9qri3Fr6jnkf"],[4,4283686399]]],[1,"35EbAu9aVIUIQrQPnERyyg",null,null,null,1,0],[1,-358,-150,0]],[14,"",28,28,1,false,true,18,[0,"06YPYilQ9OR4L27t0PKSnW"],[4,4283686399]],[33,"811 1234 5678",28,28,58,1,false,true,19,[0,"f0IzyB0+NHN42Qm/61X7ur"],[4,2023332249]],[16,"",30,30,1,false,20,[0,"fdK51tDadPapHhPzLWCDj5"],[4,4283686399]],[17,"",30,30,58,1,false,21,[0,"47VI/OlBZAkrIgWQkBpuvM"],[4,4283686399]],[16,"",30,30,1,false,22,[0,"60BH9x6fpKTY+CR9MXeX+T"],[4,4283686399]],[17,"",30,30,58,1,false,23,[0,"40FGHseS9IkKNAoZ2symDC"],[4,4283686399]]],0,[0,11,1,0,0,1,0,-1,10,0,-2,2,0,0,2,0,0,2,0,0,2,0,-1,6,0,-2,11,0,-3,12,0,-4,13,0,-5,14,0,-6,15,0,-7,16,0,-8,9,0,-9,4,0,-10,3,0,-11,5,0,-12,8,0,-13,24,0,-14,25,0,-15,26,0,-16,27,0,0,3,0,0,3,0,3,31,0,4,30,0,0,3,0,-1,20,0,-2,21,0,-3,7,0,0,4,0,0,4,0,3,29,0,4,28,0,0,4,0,-1,18,0,-2,19,0,0,5,0,0,5,0,3,33,0,4,32,0,0,5,0,-1,22,0,-2,23,0,0,6,0,0,6,0,5,6,0,0,6,0,0,7,0,0,7,0,5,7,0,0,7,0,0,8,0,0,8,0,5,8,0,0,8,0,0,9,0,0,9,0,-1,17,0,0,10,0,0,10,0,0,11,0,0,11,0,0,12,0,0,12,0,0,13,0,0,13,0,0,14,0,0,14,0,0,15,0,0,15,0,0,16,0,0,16,0,0,17,0,0,17,0,0,18,0,-2,28,0,0,19,0,-2,29,0,0,20,0,-2,30,0,0,21,0,-2,31,0,0,22,0,-2,32,0,0,23,0,-2,33,0,0,24,0,0,24,0,0,25,0,0,25,0,0,26,0,0,26,0,0,27,0,0,27,0,12,1,96],[0,0,0,0,0,0,0,0,0,0,0,0,0,0,0,0,0,0,0,0,0,0,0,0,0,0,0,0,0,0,0,0,0,0,0,0,0,0,0,0],[8,1,2,6,1,2,1,2,1,2,1,2,1,2,1,2,1,2,1,2,7,1,6,13,14,15,1,2,7,1,2,7,1,2,6,16,1,8,-1,17],[9,4,0,4,10,0,11,0,12,0,13,0,14,0,15,0,1,2,1,2,1,5,5,16,17,18,1,2,1,1,2,1,6,0,6,19,3,20,7,7]],[[[18,"shoujibangding_ruchang","\r\nshoujibangding_ruchang.png\r\nsize: 2048,1024\r\nformat: RGBA8888\r\nfilter: Linear,Linear\r\nrepeat: none\r\n0\r\n  rotate: false\r\n  xy: 280, 115\r\n  size: 482, 353\r\n  orig: 482, 353\r\n  offset: 0, 0\r\n  index: -1\r\n1\r\n  rotate: true\r\n  xy: 438, 548\r\n  size: 474, 203\r\n  orig: 474, 203\r\n  offset: 0, 0\r\n  index: -1\r\n2\r\n  rotate: false\r\n  xy: 968, 709\r\n  size: 114, 116\r\n  orig: 114, 116\r\n  offset: 0, 0\r\n  index: -1\r\n3\r\n  rotate: true\r\n  xy: 643, 549\r\n  size: 473, 189\r\n  orig: 473, 189\r\n  offset: 0, 0\r\n  index: -1\r\n6\r\n  rotate: true\r\n  xy: 2, 470\r\n  size: 552, 434\r\n  orig: 552, 434\r\n  offset: 0, 0\r\n  index: -1\r\n7\r\n  rotate: false\r\n  xy: 2, 34\r\n  size: 276, 434\r\n  orig: 276, 434\r\n  offset: 0, 0\r\n  index: -1\r\n9\r\n  rotate: false\r\n  xy: 764, 198\r\n  size: 241, 349\r\n  orig: 241, 349\r\n  offset: 0, 0\r\n  index: -1\r\nfr_1\r\n  rotate: true\r\n  xy: 834, 827\r\n  size: 195, 143\r\n  orig: 195, 143\r\n  offset: 0, 0\r\n  index: -1\r\nfr_2\r\n  rotate: true\r\n  xy: 764, 2\r\n  size: 194, 148\r\n  orig: 194, 148\r\n  offset: 0, 0\r\n  index: -1\r\nfr_3\r\n  rotate: true\r\n  xy: 914, 2\r\n  size: 194, 139\r\n  orig: 194, 139\r\n  offset: 0, 0\r\n  index: -1\r\nfr_4\r\n  rotate: true\r\n  xy: 834, 631\r\n  size: 194, 132\r\n  orig: 194, 132\r\n  offset: 0, 0\r\n  index: -1\r\n",["shoujibangding_ruchang.png"],{"skeleton":{"hash":"HT3n9p7XF0Hz74t2Z+niHz5jlYc","spine":"3.8.99","x":-372.16,"y":-229.03,"width":748.16,"height":461.28,"images":"./1/","audio":""},"bones":[{"name":"root"},{"name":"fei","parent":"root"},{"name":"huoyan","parent":"fei","scaleX":3.8367,"scaleY":3.2257},{"name":"xinfeng","parent":"root"},{"name":"shang","parent":"xinfeng","y":175.67},{"name":"xia","parent":"xinfeng","y":-172.18},{"name":"zuo","parent":"xinfeng","x":-238.68},{"name":"di","parent":"xinfeng","scaleX":0.8,"scaleY":0.8},{"name":"you","parent":"xinfeng","x":238.6},{"name":"hua","parent":"xinfeng"},{"name":"diyou","parent":"di","x":-188.94,"scaleX":0.8}],"slots":[{"name":"7","bone":"diyou","attachment":"7"},{"name":"9","bone":"di","attachment":"6"},{"name":"10","bone":"zuo","attachment":"9"},{"name":"11","bone":"you","attachment":"9"},{"name":"3","bone":"xia","attachment":"3"},{"name":"1","bone":"shang","attachment":"1"},{"name":"2","bone":"hua","attachment":"2"},{"name":"0","bone":"fei","attachment":"0"},{"name":"qq","bone":"huoyan","attachment":"fr_1"}],"skins":[{"name":"default","attachments":{"0":{"0":{"y":0.5,"width":482,"height":353}},"1":{"1":{"y":-98.01,"width":474,"height":203}},"2":{"2":{"width":114,"height":116}},"3":{"3":{"x":0.5,"y":90.23,"width":473,"height":189}},"7":{"7":{"width":276,"height":434}},"9":{"6":{"x":25.11,"width":552,"height":434}},"10":{"9":{"x":117.63,"y":0.5,"width":241,"height":349}},"11":{"9":{"x":-117.6,"y":0.5,"width":241,"height":349}},"qq":{"fr_1":{"x":0.5,"y":0.5,"width":195,"height":143},"fr_2":{"width":194,"height":148},"fr_3":{"y":0.5,"width":194,"height":139},"fr_4":{"rotation":-20.45,"width":194,"height":132}}}}],"animations":{"animation":{"slots":{"2":{"color":[{"time":1,"color":"ffffffff"},{"time":1.3333,"color":"ffffff00"}]},"qq":{"attachment":[{"time":0.0667,"name":"fr_2"},{"time":0.1333,"name":"fr_3"},{"time":0.2,"name":"fr_4"},{"time":0.2667,"name":"fr_1"},{"time":0.3333,"name":"fr_2"},{"time":0.4,"name":"fr_3"},{"time":0.4667,"name":"fr_4"},{"time":0.5333,"name":"fr_1"},{"time":0.6,"name":"fr_2"},{"time":0.6667,"name":"fr_3"},{"time":0.7333,"name":"fr_4"},{"time":0.8,"name":"fr_1"},{"time":0.8667,"name":"fr_2"},{"time":0.9333,"name":"fr_3"},{"time":1,"name":"fr_4"}]}},"bones":{"fei":{"translate":[{"x":-1924.71,"y":1194.83},{"time":1}],"scale":[{"x":0.6,"y":0.6},{"time":1},{"time":1.0333,"x":0,"y":0}],"shear":[{"y":33.73},{"time":1}]},"huoyan":{"scale":[{"time":1},{"time":1.1,"x":0,"y":0}]},"xinfeng":{"scale":[{"x":0,"y":0,"curve":"stepped"},{"time":0.9,"x":0,"y":0},{"time":1}]},"hua":{"scale":[{"time":1},{"time":1.3333,"x":4,"y":4}]},"shang":{"scale":[{"time":1.1},{"time":1.6667,"y":-0.418},{"time":2,"y":0}]},"xia":{"scale":[{"time":1.1},{"time":1.6667,"y":-0.3},{"time":2,"y":0}]},"you":{"scale":[{"time":1.1},{"time":1.6667,"x":-0.529},{"time":2,"x":0}]},"zuo":{"scale":[{"time":1.1},{"time":1.6667,"x":-0.562},{"time":2,"x":0}]},"di":{"translate":[{"time":2,"x":20.09},{"time":2.1667,"x":-2.23},{"time":2.5,"x":167.4}],"scale":[{"time":2},{"time":2.5,"x":1.25,"y":1.25}]},"diyou":{"translate":[{"time":2,"x":-23.71},{"time":2.1667,"x":19.21},{"time":2.5,"x":-198.8}],"scale":[{"time":2.1667},{"time":2.5,"x":1.25}]}}}}},[0]]],0,0,[0],[-1],[21]],[[[18,"bangdingshouji_icon","\r\nbangdingshouji_icon.png\r\nsize: 2048,512\r\nformat: RGBA8888\r\nfilter: Linear,Linear\r\nrepeat: none\r\n1wq\r\n  rotate: true\r\n  xy: 1082, 253\r\n  size: 225, 185\r\n  orig: 225, 185\r\n  offset: 0, 0\r\n  index: -1\r\nhalo/1\r\n  rotate: true\r\n  xy: 2, 2\r\n  size: 237, 214\r\n  orig: 237, 214\r\n  offset: 0, 0\r\n  index: -1\r\nhalo/10\r\n  rotate: true\r\n  xy: 866, 2\r\n  size: 237, 214\r\n  orig: 237, 214\r\n  offset: 0, 0\r\n  index: -1\r\nhalo/2\r\n  rotate: true\r\n  xy: 218, 241\r\n  size: 237, 214\r\n  orig: 237, 214\r\n  offset: 0, 0\r\n  index: -1\r\nhalo/3\r\n  rotate: true\r\n  xy: 218, 2\r\n  size: 237, 214\r\n  orig: 237, 214\r\n  offset: 0, 0\r\n  index: -1\r\nhalo/4\r\n  rotate: true\r\n  xy: 434, 241\r\n  size: 237, 214\r\n  orig: 237, 214\r\n  offset: 0, 0\r\n  index: -1\r\nhalo/5\r\n  rotate: true\r\n  xy: 434, 2\r\n  size: 237, 214\r\n  orig: 237, 214\r\n  offset: 0, 0\r\n  index: -1\r\nhalo/6\r\n  rotate: true\r\n  xy: 650, 241\r\n  size: 237, 214\r\n  orig: 237, 214\r\n  offset: 0, 0\r\n  index: -1\r\nhalo/7\r\n  rotate: true\r\n  xy: 650, 2\r\n  size: 237, 214\r\n  orig: 237, 214\r\n  offset: 0, 0\r\n  index: -1\r\nhalo/8\r\n  rotate: true\r\n  xy: 866, 241\r\n  size: 237, 214\r\n  orig: 237, 214\r\n  offset: 0, 0\r\n  index: -1\r\nhalo/9\r\n  rotate: true\r\n  xy: 2, 241\r\n  size: 237, 214\r\n  orig: 237, 214\r\n  offset: 0, 0\r\n  index: -1\r\n",["bangdingshouji_icon.png"],{"skeleton":{"hash":"Wr0BA46qvUpQhiXCpXTBrnA20YI","spine":"3.8.99","x":-354,"y":-321,"width":711,"height":642,"images":"E:/新版UI/平台/大厅new/动画/源文件/手机绑定优化/1","audio":""},"bones":[{"name":"root"},{"name":"111","parent":"root"},{"name":"halo","parent":"111","scaleX":3,"scaleY":3}],"slots":[{"name":"qq","bone":"halo","attachment":"halo/4","blend":"screen"},{"name":"1wq","bone":"111","attachment":"1wq"}],"skins":[{"name":"default","attachments":{"1wq":{"1wq":{"x":0.5,"y":0.5,"width":225,"height":185}},"qq":{"halo/1":{"x":0.5,"width":237,"height":214},"halo/2":{"x":0.5,"width":237,"height":214},"halo/3":{"x":0.5,"width":237,"height":214},"halo/4":{"x":0.5,"width":237,"height":214},"halo/5":{"x":0.5,"width":237,"height":214},"halo/6":{"x":0.5,"width":237,"height":214},"halo/7":{"x":0.5,"width":237,"height":214},"halo/8":{"x":0.5,"width":237,"height":214},"halo/9":{"x":0.5,"width":237,"height":214},"halo/10":{"x":0.5,"width":237,"height":214}}}}],"animations":{"animation":{"slots":{"qq":{"attachment":[{"name":"halo/1"},{"time":0.1,"name":"halo/2"},{"time":0.2,"name":"halo/3"},{"time":0.3,"name":"halo/4"},{"time":0.4,"name":"halo/5"},{"time":0.5,"name":"halo/6"},{"time":0.6,"name":"halo/7"},{"time":0.7,"name":"halo/8"},{"time":0.8,"name":"halo/9"},{"time":0.9,"name":"halo/10"}]}}}}},[0]]],0,0,[0],[-1],[22]]]]
