[1,["14ab8ee17@6c48a"],["_textureSource"],["cc.SpriteFrame","cc.SpriteAtlas"],0,[[[{"name":"word_hall_akun","rect":{"x":49,"y":816,"width":150,"height":26},"offset":{"x":0,"y":0},"originalSize":{"width":150,"height":26},"rotated":true,"capInsets":[0,0,0,0],"packable":true,"pixelsToUnit":100,"pivot":{"x":0.5,"y":0.5},"meshType":0}],[0],0,[0],[0],[0]],[[{"name":"word_hall_hadiah","rect":{"x":262,"y":723,"width":88,"height":27},"offset":{"x":0,"y":0},"originalSize":{"width":92,"height":31},"rotated":true,"capInsets":[0,0,0,0],"packable":true,"pixelsToUnit":100,"pivot":{"x":0.5,"y":0.5},"meshType":0}],[0],0,[0],[0],[0]],[[{"name":"btn_type_domino1","rect":{"x":3,"y":816,"width":160,"height":40},"offset":{"x":0,"y":0},"originalSize":{"width":162,"height":42},"rotated":true,"capInsets":[0,0,0,0],"packable":true,"pixelsToUnit":100,"pivot":{"x":0.5,"y":0.5},"meshType":0}],[0],0,[0],[0],[0]],[[{"name":"bg_dt_box_xiao","rect":{"x":3,"y":3,"width":696,"height":432},"offset":{"x":0,"y":0},"originalSize":{"width":696,"height":432},"rotated":false,"capInsets":[0,0,0,0],"packable":true,"pixelsToUnit":100,"pivot":{"x":0.5,"y":0.5},"meshType":0}],[0],0,[0],[0],[0]],[[{"name":"zi_Pembaruan","rect":{"x":190,"y":723,"width":141,"height":25},"offset":{"x":0,"y":0},"originalSize":{"width":141,"height":25},"rotated":true,"capInsets":[0,0,0,0],"packable":true,"pixelsToUnit":100,"pivot":{"x":0.5,"y":0.5},"meshType":0}],[0],0,[0],[0],[0]],[[{"name":"bg_remind_box","rect":{"x":705,"y":3,"width":692,"height":280},"offset":{"x":0,"y":0},"originalSize":{"width":696,"height":282},"rotated":true,"capInsets":[0,0,0,0],"packable":true,"pixelsToUnit":100,"pivot":{"x":0.5,"y":0.5},"meshType":0}],[0],0,[0],[0],[0]],[[{"name":"word_remind_retry","rect":{"x":156,"y":723,"width":142,"height":28},"offset":{"x":0,"y":0},"originalSize":{"width":142,"height":28},"rotated":true,"capInsets":[0,0,0,0],"packable":true,"pixelsToUnit":100,"pivot":{"x":0.5,"y":0.5},"meshType":0}],[0],0,[0],[0],[0]],[[{"name":"img_hall_ad","rect":{"x":3,"y":441,"width":309,"height":276},"offset":{"x":0,"y":0},"originalSize":{"width":309,"height":276},"rotated":false,"capInsets":[0,0,0,0],"packable":true,"pixelsToUnit":100,"pivot":{"x":0.5,"y":0.5},"meshType":0}],[0],0,[0],[0],[0]],[[{"name":"btn_hall_harian","rect":{"x":3,"y":723,"width":89,"height":87},"offset":{"x":0,"y":0},"originalSize":{"width":89,"height":87},"rotated":false,"capInsets":[0,0,0,0],"packable":true,"pixelsToUnit":100,"pivot":{"x":0.5,"y":0.5},"meshType":0}],[0],0,[0],[0],[0]],[[{"name":"icon_undownLoad","rect":{"x":600,"y":531,"width":78,"height":83},"offset":{"x":0,"y":0},"originalSize":{"width":78,"height":83},"rotated":false,"capInsets":[0,0,0,0],"packable":true,"pixelsToUnit":100,"pivot":{"x":0.5,"y":0.5},"meshType":0}],[0],0,[0],[0],[0]],[[{"name":"img_hall_ad2","rect":{"x":318,"y":441,"width":309,"height":276},"offset":{"x":0,"y":0},"originalSize":{"width":309,"height":276},"rotated":true,"capInsets":[0,0,0,0],"packable":true,"pixelsToUnit":100,"pivot":{"x":0.5,"y":0.5},"meshType":0}],[0],0,[0],[0],[0]],[[{"name":"auto_hall","spriteFrames":[]}],[1],0,[],[],[]],[[{"name":"word_hall_harian","rect":{"x":600,"y":620,"width":83,"height":25},"offset":{"x":0,"y":0},"originalSize":{"width":83,"height":25},"rotated":false,"capInsets":[0,0,0,0],"packable":true,"pixelsToUnit":100,"pivot":{"x":0.5,"y":0.5},"meshType":0}],[0],0,[0],[0],[0]],[[{"name":"btn_hall_inbox","rect":{"x":600,"y":701,"width":78,"height":84},"offset":{"x":0,"y":0},"originalSize":{"width":78,"height":84},"rotated":true,"capInsets":[0,0,0,0],"packable":true,"pixelsToUnit":100,"pivot":{"x":0.5,"y":0.5},"meshType":0}],[0],0,[0],[0],[0]],[[{"name":"btn_hall_renwu","rect":{"x":600,"y":441,"width":78,"height":84},"offset":{"x":0,"y":0},"originalSize":{"width":78,"height":84},"rotated":false,"capInsets":[0,0,0,0],"packable":true,"pixelsToUnit":100,"pivot":{"x":0.5,"y":0.5},"meshType":0}],[0],0,[0],[0],[0]],[[{"name":"btn_type_other2","rect":{"x":98,"y":723,"width":216,"height":52},"offset":{"x":0,"y":0},"originalSize":{"width":216,"height":52},"rotated":true,"capInsets":[0,0,0,0],"packable":true,"pixelsToUnit":100,"pivot":{"x":0.5,"y":0.5},"meshType":0}],[0],0,[0],[0],[0]],[[{"name":"download_icon","rect":{"x":382,"y":756,"width":76,"height":81},"offset":{"x":0,"y":0},"originalSize":{"width":78,"height":83},"rotated":false,"capInsets":[0,0,0,0],"packable":true,"pixelsToUnit":100,"pivot":{"x":0.5,"y":0.5},"meshType":0}],[0],0,[0],[0],[0]],[[{"name":"btn_type_slots1","rect":{"x":221,"y":723,"width":140,"height":35},"offset":{"x":-0.5,"y":0.5},"originalSize":{"width":141,"height":36},"rotated":true,"capInsets":[0,0,0,0],"packable":true,"pixelsToUnit":100,"pivot":{"x":0.5,"y":0.5},"meshType":0}],[0],0,[0],[0],[0]],[[{"name":"btn_hall_bag","rect":{"x":295,"y":756,"width":78,"height":81},"offset":{"x":-0.5,"y":0},"originalSize":{"width":81,"height":85},"rotated":true,"capInsets":[0,0,0,0],"packable":true,"pixelsToUnit":100,"pivot":{"x":0.5,"y":0.5},"meshType":0}],[0],0,[0],[0],[0]]]]
